bus,scenario,t,demand_mw
1,S1,1,25.56919049459944
1,S1,2,24.87294385004199
1,S1,3,24.037601406467466
1,S1,4,24.429378665705205
1,S1,5,23.466877842612025
1,S1,6,26.26294940445894
1,S1,7,31.180863440023
1,S1,8,36.21751466612028
1,S1,9,41.00232704576452
1,S1,10,42.21701322068627
1,S1,11,43.862003654495524
1,S1,12,42.702413703752434
1,S1,13,42.19184510589209
1,S1,14,42.379655096097075
1,S1,15,43.428947925499635
1,S1,16,48.566823048593434
1,S1,17,49.4456249130319
1,S1,18,56.17422084128174
1,S1,19,55.45507778584602
1,S1,20,53.95218317067628
1,S1,21,47.16092704246267
1,S1,22,40.151288579087854
1,S1,23,32.88867075475444
1,S1,24,28.847690582142892
1,S2,1,22.053709563130024
1,S2,2,20.53128752851456
1,S2,3,19.587276839235937
1,S2,4,19.600632056429237
1,S2,5,19.372999435142926
1,S2,6,20.47724403191689
1,S2,7,24.04790902138347
1,S2,8,28.6747409040956
1,S2,9,30.909506394682197
1,S2,10,33.12122759806343
1,S2,11,35.21941574104293
1,S2,12,33.59490785445212
1,S2,13,32.836211776725136
1,S2,14,31.681919364829813
1,S2,15,36.04359251898907
1,S2,16,37.49585336384063
1,S2,17,40.41311248515877
1,S2,18,42.66948600249784
1,S2,19,44.502301978435334
1,S2,20,41.40235469511566
1,S2,21,35.250943988570775
1,S2,22,31.246128001627937
1,S2,23,27.484604201637865
1,S2,24,23.654288043557116
1,S3,1,24.344640985355316
1,S3,2,23.744433857214553
1,S3,3,21.477259653016034
1,S3,4,21.44244331292885
1,S3,5,23.356280248634555
1,S3,6,24.707979387920496
1,S3,7,28.347473716019845
1,S3,8,31.445811811740565
1,S3,9,35.54288944751823
1,S3,10,37.085881091760854
1,S3,11,37.52789259958676
1,S3,12,38.90198633108134
1,S3,13,39.188209776131146
1,S3,14,36.98411551327586
1,S3,15,41.37274636321923
1,S3,16,43.88502279873783
1,S3,17,47.07660373144228
1,S3,18,48.55903734860934
1,S3,19,53.06275160259881
1,S3,20,48.55432277756693
1,S3,21,42.26148667675884
1,S3,22,36.04611821347677
1,S3,23,32.381018165479695
1,S3,24,28.438788613438536
1,S4,1,18.91457542649664
1,S4,2,17.719228194040866
1,S4,3,17.29522049883057
1,S4,4,16.381522923196584
1,S4,5,17.829179742327558
1,S4,6,19.13597840433081
1,S4,7,21.81938420773069
1,S4,8,26.4905161980954
1,S4,9,28.053944759434092
1,S4,10,29.149452172358227
1,S4,11,29.667389851713274
1,S4,12,28.082381594928975
1,S4,13,29.60780950308219
1,S4,14,30.05092294061273
1,S4,15,31.451619462604704
1,S4,16,34.09090783388317
1,S4,17,36.40435918677058
1,S4,18,40.19407054408911
1,S4,19,38.53236975704497
1,S4,20,36.996469748023046
1,S4,21,32.835257131298484
1,S4,22,28.85060182539011
1,S4,23,24.73018794088021
1,S4,24,21.075668486266956
1,S5,1,24.20618557387726
1,S5,2,22.479430143827
1,S5,3,20.622896077007724
1,S5,4,21.492924237416727
1,S5,5,20.52440274909726
1,S5,6,24.081543285683146
1,S5,7,27.78039045947372
1,S5,8,31.559910352082603
1,S5,9,34.72413990834657
1,S5,10,38.47462923431395
1,S5,11,39.267327058116166
1,S5,12,37.63507100552444
1,S5,13,35.93872166870148
1,S5,14,35.16228182857885
1,S5,15,38.10384420579399
1,S5,16,42.00949262543318
1,S5,17,43.201564486115274
1,S5,18,48.82270388771435
1,S5,19,48.33619430798409
1,S5,20,45.53596037107809
1,S5,21,38.54662802415009
1,S5,22,32.78832407698383
1,S5,23,29.875363713114755
1,S5,24,27.003626866198676
1,S6,1,19.10501417403523
1,S6,2,19.19789864894861
1,S6,3,17.552845405954333
1,S6,4,17.899484898338002
1,S6,5,18.79007553909858
1,S6,6,21.182273825533077
1,S6,7,23.54179794093337
1,S6,8,27.37611130400829
1,S6,9,28.871921409226932
1,S6,10,30.924214953581316
1,S6,11,32.42229858224318
1,S6,12,32.031215916463836
1,S6,13,32.25789772599048
1,S6,14,31.48685139949059
1,S6,15,34.17869952854641
1,S6,16,34.698831752446964
1,S6,17,37.517122060521906
1,S6,18,41.19620310301274
1,S6,19,43.717440443473905
1,S6,20,40.704342986324036
1,S6,21,34.74401226323293
1,S6,22,28.353421737061947
1,S6,23,25.83078133771819
1,S6,24,23.152350381665364
1,S7,1,22.779213625038828
1,S7,2,21.582246408658143
1,S7,3,19.619539665018934
1,S7,4,19.4775534088323
1,S7,5,20.99219057054685
1,S7,6,22.55372688065183
1,S7,7,24.94393879613075
1,S7,8,28.553355900536136
1,S7,9,31.91833966942114
1,S7,10,36.37115881559011
1,S7,11,34.125153932510315
1,S7,12,34.125982593720586
1,S7,13,33.79606804971125
1,S7,14,35.95717033664033
1,S7,15,35.39509309340442
1,S7,16,40.056927321458325
1,S7,17,42.135145342107016
1,S7,18,44.48372907247064
1,S7,19,45.63843119068058
1,S7,20,41.93779389877665
1,S7,21,40.317921630150195
1,S7,22,33.105167366550916
1,S7,23,29.08581290190871
1,S7,24,23.799079993023852
1,S8,1,19.531430228852845
1,S8,2,18.114500807950023
1,S8,3,17.318745044343608
1,S8,4,17.462196798362694
1,S8,5,18.241054550863804
1,S8,6,18.954902668535983
1,S8,7,22.408980029099048
1,S8,8,25.60593288945379
1,S8,9,30.472122309210135
1,S8,10,29.410618046673164
1,S8,11,31.581388553899853
1,S8,12,31.53122329304998
1,S8,13,30.037595222822592
1,S8,14,31.5966343126498
1,S8,15,31.679810412413836
1,S8,16,35.95633006291949
1,S8,17,39.154224619538276
1,S8,18,38.44878229469181
1,S8,19,40.995191172911326
1,S8,20,39.452340487861576
1,S8,21,34.013115912953
1,S8,22,30.246085772050662
1,S8,23,23.994580384695663
1,S8,24,22.441129561270536
1,S9,1,27.384539711622153
1,S9,2,25.709446674292142
1,S9,3,24.794734493090427
1,S9,4,23.528059646309302
1,S9,5,24.959573111651963
1,S9,6,27.697067140240513
1,S9,7,31.39454845253981
1,S9,8,37.505405615204886
1,S9,9,42.697776654188786
1,S9,10,43.39800953171373
1,S9,11,44.51574989004667
1,S9,12,42.565515629976915
1,S9,13,42.79665382401114
1,S9,14,42.104123867903155
1,S9,15,47.824011692181216
1,S9,16,51.503329678226194
1,S9,17,55.28632363322079
1,S9,18,58.691255692727175
1,S9,19,56.49818365717443
1,S9,20,56.95705119512234
1,S9,21,50.0589939850497
1,S9,22,41.68575507597874
1,S9,23,34.95681980830512
1,S9,24,31.68844292862633
1,S10,1,21.091492696768885
1,S10,2,19.389317228158916
1,S10,3,19.255996926586775
1,S10,4,17.810718051042226
1,S10,5,18.092675221067143
1,S10,6,20.836343352224436
1,S10,7,23.83741033805141
1,S10,8,27.716564396288724
1,S10,9,29.375753674976078
1,S10,10,32.90819227259736
1,S10,11,33.05317246558535
1,S10,12,32.100608506232625
1,S10,13,30.65387027674491
1,S10,14,31.551045337566872
1,S10,15,33.391813090564845
1,S10,16,37.01931166251938
1,S10,17,37.871705494998054
1,S10,18,40.75822351371962
1,S10,19,44.67440304883437
1,S10,20,38.78288390441637
1,S10,21,36.154471516471986
1,S10,22,31.023740748728574
1,S10,23,26.544510690643868
1,S10,24,21.966833258723717
1,S11,1,21.99072897841026
1,S11,2,20.32125256203664
1,S11,3,19.169859099376502
1,S11,4,19.907119527766497
1,S11,5,19.540617837903323
1,S11,6,21.64950716136545
1,S11,7,24.60680830148489
1,S11,8,28.12566059785311
1,S11,9,32.27478455833026
1,S11,10,35.679020945290326
1,S11,11,35.982539527125546
1,S11,12,33.67274880772666
1,S11,13,31.984121951195267
1,S11,14,32.928462878889924
1,S11,15,34.676949682164874
1,S11,16,37.73672497238671
1,S11,17,42.79689906136506
1,S11,18,44.80715761858044
1,S11,19,47.50253943964818
1,S11,20,42.0769614671293
1,S11,21,38.87240187424809
1,S11,22,32.557858715681185
1,S11,23,28.08857465535974
1,S11,24,24.437455155319945
1,S12,1,32.005824734843095
1,S12,2,28.19274082280337
1,S12,3,26.942085413514064
1,S12,4,27.1337840269022
1,S12,5,29.57816849238269
1,S12,6,32.377478566623004
1,S12,7,36.3184967319581
1,S12,8,43.09883220132635
1,S12,9,46.888090031422095
1,S12,10,50.584941199153505
1,S12,11,48.96958125829426
1,S12,12,50.180838033386046
1,S12,13,46.85520819233794
1,S12,14,49.670928267952696
1,S12,15,51.17398778250021
1,S12,16,52.81946430317863
1,S12,17,60.58334079276601
1,S12,18,61.565674030761194
1,S12,19,67.32490184146246
1,S12,20,62.224637717372126
1,S12,21,51.460650525170024
1,S12,22,46.777942443686115
1,S12,23,38.41148445000974
1,S12,24,35.544955541049305
2,S1,1,1.0660143135616562
2,S1,2,0.9774106138604279
2,S1,3,0.9646451874930349
2,S1,4,0.9625631726382429
2,S1,5,0.9381233911698563
2,S1,6,1.0914936588986346
2,S1,7,1.1856988323770439
2,S1,8,1.3843794398271443
2,S1,9,1.569067564177339
2,S1,10,1.7027320930970928
2,S1,11,1.738835425092492
2,S1,12,1.5825375623626683
2,S1,13,1.656515154073392
2,S1,14,1.65375000783185
2,S1,15,1.760009761681346
2,S1,16,1.867628013969664
2,S1,17,2.038357732302962
2,S1,18,2.113464265833271
2,S1,19,2.142386509900852
2,S1,20,2.0978019562761365
2,S1,21,1.879007886294125
2,S1,22,1.643655146957893
2,S1,23,1.377460831865245
2,S1,24,1.1692053531235893
2,S2,1,0.8197936037756717
2,S2,2,0.7584688367346669
2,S2,3,0.7228780300569334
2,S2,4,0.7288657261358842
2,S2,5,0.7709776073303027
2,S2,6,0.8337711182982774
2,S2,7,0.9578515562618447
2,S2,8,1.1891655779056391
2,S2,9,1.2723831748334697
2,S2,10,1.3734553885013663
2,S2,11,1.3626415136972512
2,S2,12,1.3345461788107893
2,S2,13,1.3612685942779157
2,S2,14,1.3302166971507998
2,S2,15,1.3765823638808357
2,S2,16,1.5383071271705477
2,S2,17,1.6679529448830228
2,S2,18,1.6900176711124226
2,S2,19,1.7899158395484533
2,S2,20,1.572864856975499
2,S2,21,1.5338899024152381
2,S2,22,1.243350100817005
2,S2,23,1.1211623627497065
2,S2,24,0.9520220789442275
2,S3,1,1.008313432880823
2,S3,2,0.9491890438260426
2,S3,3,0.9145964671073645
2,S3,4,0.8545019547613226
2,S3,5,0.9372020448120015
2,S3,6,1.0333660260034658
2,S3,7,1.099798853057387
2,S3,8,1.3617442415462186
2,S3,9,1.4368008369077065
2,S3,10,1.4920983284957625
2,S3,11,1.5473674222301033
2,S3,12,1.5432541548420342
2,S3,13,1.5140528237575257
2,S3,14,1.5341010023389998
2,S3,15,1.6793709268380457
2,S3,16,1.7719820415586607
2,S3,17,1.824596263117611
2,S3,18,2.0187563744878703
2,S3,19,1.9696838283991969
2,S3,20,1.9901686281040296
2,S3,21,1.7713901200748052
2,S3,22,1.4892252295213697
2,S3,23,1.2814329345371063
2,S3,24,1.1048543628056133
2,S4,1,0.7741328938246496
2,S4,2,0.7131980143348305
2,S4,3,0.6509179569573673
2,S4,4,0.6585439818848297
2,S4,5,0.7072538470424121
2,S4,6,0.7363897280632862
2,S4,7,0.8941165311576188
2,S4,8,1.0695508633390205
2,S4,9,1.0735610755293086
2,S4,10,1.1549037288236077
2,S4,11,1.255071058993451
2,S4,12,1.1860887279774073
2,S4,13,1.1727248066231215
2,S4,14,1.2426667651315433
2,S4,15,1.2462290960029667
2,S4,16,1.4212229848266444
2,S4,17,1.4577512662985388
2,S4,18,1.5624171225388812
2,S4,19,1.5227007293284547
2,S4,20,1.480887940301113
2,S4,21,1.255515900039192
2,S4,22,1.141707435712788
2,S4,23,0.9421544318383701
2,S4,24,0.8168554057529148
2,S5,1,0.8862674033421815
2,S5,2,0.8769780017547437
2,S5,3,0.8630569623683872
2,S5,4,0.7961439350885003
2,S5,5,0.8362558225476241
2,S5,6,0.9477134986803503
2,S5,7,1.0632600390000044
2,S5,8,1.3179307527342583
2,S5,9,1.349897301823527
2,S5,10,1.5044415715260284
2,S5,11,1.4246485674110259
2,S5,12,1.4685925744701878
2,S5,13,1.4353397119373836
2,S5,14,1.4568212755505818
2,S5,15,1.6066972396059396
2,S5,16,1.7453904029940652
2,S5,17,1.8838852075431158
2,S5,18,1.9971627869434883
2,S5,19,1.883484200385616
2,S5,20,1.830689965633209
2,S5,21,1.5661545006404458
2,S5,22,1.383677415246015
2,S5,23,1.1437566331880122
2,S5,24,1.0737413256636068
2,S6,1,0.7973480109827518
2,S6,2,0.7732647100312714
2,S6,3,0.729419545809057
2,S6,4,0.671093437718079
2,S6,5,0.7227666477804265
2,S6,6,0.7983165774393944
2,S6,7,0.8983264056264789
2,S6,8,1.0413635207092038
2,S6,9,1.2073703686202288
2,S6,10,1.2114380342927813
2,S6,11,1.3464040863569355
2,S6,12,1.243673796657325
2,S6,13,1.2788574555929615
2,S6,14,1.2869568365962853
2,S6,15,1.319619049880598
2,S6,16,1.455034989284622
2,S6,17,1.5636799471560598
2,S6,18,1.6060109785951928
2,S6,19,1.7377160447217692
2,S6,20,1.5072416443646055
2,S6,21,1.389477173994558
2,S6,22,1.2202159875136354
2,S6,23,1.0330734987507462
2,S6,24,0.8821383494852216
2,S7,1,0.8921631164845121
2,S7,2,0.7929981317109772
2,S7,3,0.821304008666518
2,S7,4,0.7523982665984323
2,S7,5,0.8128541380650648
2,S7,6,0.8819873383037041
2,S7,7,1.0533166117912687
2,S7,8,1.165678514404153
2,S7,9,1.3037030987433336
2,S7,10,1.3991410046944137
2,S7,11,1.4027887588724637
2,S7,12,1.4403392472585506
2,S7,13,1.4003891655881027
2,S7,14,1.4482171690939125
2,S7,15,1.4694887332807722
2,S7,16,1.5463590562134288
2,S7,17,1.7646167625727218
2,S7,18,1.7613299366032082
2,S7,19,1.8899263558855743
2,S7,20,1.7143325633586972
2,S7,21,1.5851974442777181
2,S7,22,1.3008027052392246
2,S7,23,1.1613523358053246
2,S7,24,0.9728383339708373
2,S8,1,0.7515567602551063
2,S8,2,0.7459370601063606
2,S8,3,0.7141549763175894
2,S8,4,0.6648532260791482
2,S8,5,0.699052485350251
2,S8,6,0.817568126316276
2,S8,7,0.8877512354808527
2,S8,8,1.0906745038634817
2,S8,9,1.1612064855854942
2,S8,10,1.1868351325625504
2,S8,11,1.2715144493487227
2,S8,12,1.1855555740493016
2,S8,13,1.2622837397317228
2,S8,14,1.2380151071128318
2,S8,15,1.2566092661809438
2,S8,16,1.3772106306017644
2,S8,17,1.5003822930979025
2,S8,18,1.5788442662550715
2,S8,19,1.554191638929324
2,S8,20,1.56497044323375
2,S8,21,1.3796415072194468
2,S8,22,1.1362897224187958
2,S8,23,1.0096839268802755
2,S8,24,0.9029905143734989
2,S9,1,1.1509453237261589
2,S9,2,1.070361582550518
2,S9,3,1.0439766254730694
2,S9,4,0.9973680718480531
2,S9,5,1.0213131406732125
2,S9,6,1.091010702647078
2,S9,7,1.2651356268995995
2,S9,8,1.4727383574737423
2,S9,9,1.7287979977339096
2,S9,10,1.787057611935996
2,S9,11,1.6962004244735778
2,S9,12,1.740188382101065
2,S9,13,1.669728225867336
2,S9,14,1.7188184147613708
2,S9,15,1.8816177117927277
2,S9,16,1.9804656690141693
2,S9,17,2.199740642846996
2,S9,18,2.2595959318541983
2,S9,19,2.4087844346433274
2,S9,20,2.140783343472082
2,S9,21,1.8370933224798132
2,S9,22,1.59485589122558
2,S9,23,1.3555427055344917
2,S9,24,1.2739193960508899
2,S10,1,0.795017901168261
2,S10,2,0.7246277334569076
2,S10,3,0.7137128001388735
2,S10,4,0.7188662319846532
2,S10,5,0.731521973605033
2,S10,6,0.8377379793038555
2,S10,7,0.9053219534305186
2,S10,8,1.1238493969431387
2,S10,9,1.2255263494752666
2,S10,10,1.2235483524437403
2,S10,11,1.2595712117501878
2,S10,12,1.2516285181675628
2,S10,13,1.224790500804004
2,S10,14,1.2817028660895835
2,S10,15,1.3796441649082223
2,S10,16,1.4217732829569178
2,S10,17,1.5451717111632384
2,S10,18,1.6783467908575522
2,S10,19,1.742600408105006
2,S10,20,1.6304488616672697
2,S10,21,1.4260550447996971
2,S10,22,1.1603106435135768
2,S10,23,1.013237984500436
2,S10,24,0.8984447240774757
2,S11,1,0.8396379666625633
2,S11,2,0.8299906856368877
2,S11,3,0.8212788177188363
2,S11,4,0.8066052922712783
2,S11,5,0.829724651636385
2,S11,6,0.8948145131597907
2,S11,7,0.9907695416660359
2,S11,8,1.156619731323701
2,S11,9,1.3142484499549327
2,S11,10,1.3367743052988807
2,S11,11,1.4518539149173426
2,S11,12,1.4022898690490173
2,S11,13,1.2801452069922228
2,S11,14,1.3689290751112397
2,S11,15,1.3846512143809786
2,S11,16,1.6144391409374774
2,S11,17,1.6366153462521238
2,S11,18,1.8210714506723644
2,S11,19,1.762980795873979
2,S11,20,1.667266845358095
2,S11,21,1.5618087171710513
2,S11,22,1.273529326274985
2,S11,23,1.0735105352675147
2,S11,24,0.9217900892880505
2,S12,1,1.2151483543999086
2,S12,2,1.0970314073331293
2,S12,3,1.132016998525803
2,S12,4,1.1051781687497908
2,S12,5,1.1477219575746904
2,S12,6,1.2789739180958932
2,S12,7,1.3951571117896853
2,S12,8,1.6582467897449507
2,S12,9,1.7638449855386265
2,S12,10,1.9398609938705158
2,S12,11,1.9819829892469107
2,S12,12,1.8846683337359176
2,S12,13,1.863879104823259
2,S12,14,1.9069102764706594
2,S12,15,1.9910726398093632
2,S12,16,2.3231245183438896
2,S12,17,2.4593141504363936
2,S12,18,2.4296948909241927
2,S12,19,2.508463604196123
2,S12,20,2.520562147402608
2,S12,21,2.2150982861503308
2,S12,22,1.8230785532196945
2,S12,23,1.5439551621306549
2,S12,24,1.3107940811442946
3,S1,1,20.032089738426773
3,S1,2,18.0083917322875
3,S1,3,17.833006121186553
3,S1,4,17.067829070259066
3,S1,5,18.232018796474247
3,S1,6,20.18851377222146
3,S1,7,23.042913477625852
3,S1,8,27.629736355179837
3,S1,9,29.041496055388432
3,S1,10,32.49192109562442
3,S1,11,31.923832710896995
3,S1,12,31.184070295392946
3,S1,13,31.72688455817289
3,S1,14,30.775376390295772
3,S1,15,34.891334568242364
3,S1,16,35.40897378765509
3,S1,17,38.794344121773456
3,S1,18,40.74828638904383
3,S1,19,40.10250115628532
3,S1,20,39.191651575488734
3,S1,21,36.17310700119021
3,S1,22,30.076076065856387
3,S1,23,24.317625602055397
3,S1,24,22.74923750098852
3,S2,1,15.933451031252908
3,S2,2,14.030990397465828
3,S2,3,14.405193796261761
3,S2,4,13.268296799287858
3,S2,5,14.839630226509316
3,S2,6,16.643129242451117
3,S2,7,17.632579502572504
3,S2,8,20.759590730824463
3,S2,9,23.625659849883093
3,S2,10,24.44043475141175
3,S2,11,25.193866081558166
3,S2,12,23.773620532271142
3,S2,13,23.205648524099757
3,S2,14,24.016383794197548
3,S2,15,25.40326531388759
3,S2,16,28.738356266545466
3,S2,17,30.33115926170813
3,S2,18,32.281478472949225
3,S2,19,31.34329117935409
3,S2,20,30.00691978146044
3,S2,21,26.95486744248051
3,S2,22,23.377269316367226
3,S2,23,19.919835955660123
3,S2,24,17.889802535809824
3,S3,1,17.53748580111604
3,S3,2,16.694028733777333
3,S3,3,16.758732761105996
3,S3,4,15.372554804787042
3,S3,5,15.876936312402265
3,S3,6,17.708938025650173
3,S3,7,21.27523892960649
3,S3,8,25.11305979220057
3,S3,9,28.100220427399147
3,S3,10,28.013996741425522
3,S3,11,30.049180345282203
3,S3,12,27.46266591138186
3,S3,13,27.256936093211433
3,S3,14,29.61959378246433
3,S3,15,30.23374133224677
3,S3,16,32.593183944170065
3,S3,17,36.32742799219161
3,S3,18,35.9817931471535
3,S3,19,37.03736010586059
3,S3,20,37.4147696874484
3,S3,21,30.73172225614084
3,S3,22,26.03278656711591
3,S3,23,24.282996793631803
3,S3,24,20.057171616946068
3,S4,1,13.92807988191207
3,S4,2,13.598026079774167
3,S4,3,12.93753800420467
3,S4,4,13.034460567001284
3,S4,5,13.070887417892493
3,S4,6,14.177398841944877
3,S4,7,17.029876849363248
3,S4,8,19.21912172235283
3,S4,9,20.19436558136306
3,S4,10,23.066417917489964
3,S4,11,23.179740854282606
3,S4,12,21.11583900817187
3,S4,13,20.81766364494068
3,S4,14,22.662353853262346
3,S4,15,23.831776727232082
3,S4,16,24.48820844021175
3,S4,17,26.275549290466117
3,S4,18,29.15666274144417
3,S4,19,28.515731752012318
3,S4,20,28.85638445992063
3,S4,21,25.630655452850746
3,S4,22,19.8496290387534
3,S4,23,18.72680937616918
3,S4,24,15.852092469877094
3,S5,1,18.055714225688178
3,S5,2,16.689347500253472
3,S5,3,15.327169589111634
3,S5,4,15.173610956891748
3,S5,5,15.158376678211477
3,S5,6,17.655155288786005
3,S5,7,20.91369612831497
3,S5,8,24.290624892017085
3,S5,9,25.976946973973785
3,S5,10,26.413734185612014
3,S5,11,28.78558995437126
3,S5,12,27.28812125095878
3,S5,13,28.107579954940242
3,S5,14,27.285434247615726
3,S5,15,29.39957107991658
3,S5,16,31.612518674989907
3,S5,17,35.0037912491026
3,S5,18,36.11975159016612
3,S5,19,35.72320395311023
3,S5,20,33.2812701376205
3,S5,21,30.752276009538743
3,S5,22,25.627687751648054
3,S5,23,21.752217734683935
3,S5,24,19.92500289443102
3,S6,1,14.89929303184004
3,S6,2,13.944880138685415
3,S6,3,12.88413434044182
3,S6,4,12.888471751240656
3,S6,5,13.030752792801177
3,S6,6,15.237477323300515
3,S6,7,16.516886124292384
3,S6,8,20.985829067571355
3,S6,9,22.435836589005493
3,S6,10,23.22358972905482
3,S6,11,24.31893288295337
3,S6,12,23.42546180267209
3,S6,13,22.912398421084372
3,S6,14,23.440636744639882
3,S6,15,23.737357134763517
3,S6,16,27.915635464317877
3,S6,17,27.71243722664974
3,S6,18,29.240203876217592
3,S6,19,29.889490164709787
3,S6,20,29.345365177131914
3,S6,21,25.253472624874234
3,S6,22,23.093214100043593
3,S6,23,19.407877017423296
3,S6,24,15.830129784774266
3,S7,1,16.681192491785744
3,S7,2,14.859980988339498
3,S7,3,15.60668888725198
3,S7,4,15.241862997007885
3,S7,5,15.510942311847908
3,S7,6,16.455384919759915
3,S7,7,19.120160856517803
3,S7,8,21.97456648390246
3,S7,9,25.75172466313995
3,S7,10,26.598033182535914
3,S7,11,26.367366691280523
3,S7,12,25.87098653187171
3,S7,13,26.45914511396694
3,S7,14,25.88916376804551
3,S7,15,27.66834808228273
3,S7,16,30.1150674768214
3,S7,17,31.763837289584377
3,S7,18,34.7338371683669
3,S7,19,34.92966093587669
3,S7,20,32.787222533308885
3,S7,21,28.714919753827935
3,S7,22,23.31782704812407
3,S7,23,21.97776973513154
3,S7,24,18.16533362217864
3,S8,1,13.854194756264144
3,S8,2,13.546783775300314
3,S8,3,12.65291480476912
3,S8,4,12.556840588511067
3,S8,5,13.387935459616644
3,S8,6,14.42208226850172
3,S8,7,16.759808464956503
3,S8,8,20.150733804046776
3,S8,9,20.764412356594704
3,S8,10,23.203593114647603
3,S8,11,23.484460504163316
3,S8,12,23.764720703601384
3,S8,13,21.649938083828125
3,S8,14,22.666746651224525
3,S8,15,23.684773587151557
3,S8,16,25.13702249560333
3,S8,17,27.197130361385188
3,S8,18,29.48412888101017
3,S8,19,29.283780650855107
3,S8,20,27.466258822673286
3,S8,21,26.55273771516352
3,S8,22,21.34891383774357
3,S8,23,17.600580785538995
3,S8,24,15.681335882754318
3,S9,1,20.15118322410425
3,S9,2,19.889415716191785
3,S9,3,18.68960943494632
3,S9,4,19.065307214728243
3,S9,5,18.18806790536957
3,S9,6,20.2768501665513
3,S9,7,24.95663353819047
3,S9,8,27.17820363790469
3,S9,9,32.02092963698603
3,S9,10,33.61497354720694
3,S9,11,33.49954731251264
3,S9,12,33.58300474244992
3,S9,13,32.11916128035324
3,S9,14,31.11091498649551
3,S9,15,36.21608631659502
3,S9,16,39.07245434351565
3,S9,17,40.72489570988648
3,S9,18,43.722176493107085
3,S9,19,43.346635135310684
3,S9,20,42.37889778655126
3,S9,21,37.59841462462732
3,S9,22,31.86028905118096
3,S9,23,27.530000553105303
3,S9,24,23.317046166360267
3,S10,1,15.907373778835812
3,S10,2,13.567919855013338
3,S10,3,13.160539020602101
3,S10,4,13.681267984395085
3,S10,5,13.658167919994677
3,S10,6,14.676266078769492
3,S10,7,17.84982699360691
3,S10,8,19.64307304818533
3,S10,9,23.755712589914033
3,S10,10,22.983449857749616
3,S10,11,24.994694603251958
3,S10,12,23.878412525766787
3,S10,13,23.634419955414618
3,S10,14,24.052938829172113
3,S10,15,25.585512168200168
3,S10,16,27.43027159004254
3,S10,17,28.089814104268626
3,S10,18,30.65818038704799
3,S10,19,31.970878851178654
3,S10,20,29.78600523570333
3,S10,21,25.781155733586516
3,S10,22,21.449653793733294
3,S10,23,19.136312207007993
3,S10,24,16.212763233771817
3,S11,1,16.465557288576026
3,S11,2,14.651789409362777
3,S11,3,14.231938284063293
3,S11,4,14.440457679728814
3,S11,5,14.884740890047182
3,S11,6,16.17570543049207
3,S11,7,18.377214908127566
3,S11,8,22.24519004291318
3,S11,9,23.470194069017886
3,S11,10,24.536353187859536
3,S11,11,25.694615997136246
3,S11,12,25.945353778181538
3,S11,13,24.130515968735065
3,S11,14,26.70507866961933
3,S11,15,28.129443625938073
3,S11,16,30.048524004705737
3,S11,17,32.33205245972238
3,S11,18,33.06318896200623
3,S11,19,34.587564144301105
3,S11,20,32.43767892955696
3,S11,21,27.688348079222585
3,S11,22,24.000794110884932
3,S11,23,19.826636676190958
3,S11,24,17.111872580857945
3,S12,1,22.61109821251149
3,S12,2,22.407501936798713
3,S12,3,20.66783952604767
3,S12,4,20.137587986782986
3,S12,5,21.1815366757095
3,S12,6,23.28455764393646
3,S12,7,26.195376829971476
3,S12,8,31.760099814122775
3,S12,9,34.6434761618765
3,S12,10,36.71955928731078
3,S12,11,35.94699483716238
3,S12,12,35.36718212133925
3,S12,13,34.533088315253735
3,S12,14,35.46589621393095
3,S12,15,39.06434742464018
3,S12,16,42.08868550772824
3,S12,17,44.59127922441309
3,S12,18,45.975616174499294
3,S12,19,48.1383884418574
3,S12,20,47.16292738374042
3,S12,21,39.23959587157161
3,S12,22,34.76334746562569
3,S12,23,29.787544223106043
3,S12,24,25.6997797355611
4,S1,1,0.0
4,S1,2,0.0
4,S1,3,0.0
4,S1,4,0.0
4,S1,5,0.0
4,S1,6,0.0
4,S1,7,0.0
4,S1,8,0.0
4,S1,9,0.0
4,S1,10,0.0
4,S1,11,0.0
4,S1,12,0.0
4,S1,13,0.0
4,S1,14,0.0
4,S1,15,0.0
4,S1,16,0.0
4,S1,17,0.0
4,S1,18,0.0
4,S1,19,0.0
4,S1,20,0.0
4,S1,21,0.0
4,S1,22,0.0
4,S1,23,0.0
4,S1,24,0.0
4,S2,1,0.0
4,S2,2,0.0
4,S2,3,0.0
4,S2,4,0.0
4,S2,5,0.0
4,S2,6,0.0
4,S2,7,0.0
4,S2,8,0.0
4,S2,9,0.0
4,S2,10,0.0
4,S2,11,0.0
4,S2,12,0.0
4,S2,13,0.0
4,S2,14,0.0
4,S2,15,0.0
4,S2,16,0.0
4,S2,17,0.0
4,S2,18,0.0
4,S2,19,0.0
4,S2,20,0.0
4,S2,21,0.0
4,S2,22,0.0
4,S2,23,0.0
4,S2,24,0.0
4,S3,1,0.0
4,S3,2,0.0
4,S3,3,0.0
4,S3,4,0.0
4,S3,5,0.0
4,S3,6,0.0
4,S3,7,0.0
4,S3,8,0.0
4,S3,9,0.0
4,S3,10,0.0
4,S3,11,0.0
4,S3,12,0.0
4,S3,13,0.0
4,S3,14,0.0
4,S3,15,0.0
4,S3,16,0.0
4,S3,17,0.0
4,S3,18,0.0
4,S3,19,0.0
4,S3,20,0.0
4,S3,21,0.0
4,S3,22,0.0
4,S3,23,0.0
4,S3,24,0.0
4,S4,1,0.0
4,S4,2,0.0
4,S4,3,0.0
4,S4,4,0.0
4,S4,5,0.0
4,S4,6,0.0
4,S4,7,0.0
4,S4,8,0.0
4,S4,9,0.0
4,S4,10,0.0
4,S4,11,0.0
4,S4,12,0.0
4,S4,13,0.0
4,S4,14,0.0
4,S4,15,0.0
4,S4,16,0.0
4,S4,17,0.0
4,S4,18,0.0
4,S4,19,0.0
4,S4,20,0.0
4,S4,21,0.0
4,S4,22,0.0
4,S4,23,0.0
4,S4,24,0.0
4,S5,1,0.0
4,S5,2,0.0
4,S5,3,0.0
4,S5,4,0.0
4,S5,5,0.0
4,S5,6,0.0
4,S5,7,0.0
4,S5,8,0.0
4,S5,9,0.0
4,S5,10,0.0
4,S5,11,0.0
4,S5,12,0.0
4,S5,13,0.0
4,S5,14,0.0
4,S5,15,0.0
4,S5,16,0.0
4,S5,17,0.0
4,S5,18,0.0
4,S5,19,0.0
4,S5,20,0.0
4,S5,21,0.0
4,S5,22,0.0
4,S5,23,0.0
4,S5,24,0.0
4,S6,1,0.0
4,S6,2,0.0
4,S6,3,0.0
4,S6,4,0.0
4,S6,5,0.0
4,S6,6,0.0
4,S6,7,0.0
4,S6,8,0.0
4,S6,9,0.0
4,S6,10,0.0
4,S6,11,0.0
4,S6,12,0.0
4,S6,13,0.0
4,S6,14,0.0
4,S6,15,0.0
4,S6,16,0.0
4,S6,17,0.0
4,S6,18,0.0
4,S6,19,0.0
4,S6,20,0.0
4,S6,21,0.0
4,S6,22,0.0
4,S6,23,0.0
4,S6,24,0.0
4,S7,1,0.0
4,S7,2,0.0
4,S7,3,0.0
4,S7,4,0.0
4,S7,5,0.0
4,S7,6,0.0
4,S7,7,0.0
4,S7,8,0.0
4,S7,9,0.0
4,S7,10,0.0
4,S7,11,0.0
4,S7,12,0.0
4,S7,13,0.0
4,S7,14,0.0
4,S7,15,0.0
4,S7,16,0.0
4,S7,17,0.0
4,S7,18,0.0
4,S7,19,0.0
4,S7,20,0.0
4,S7,21,0.0
4,S7,22,0.0
4,S7,23,0.0
4,S7,24,0.0
4,S8,1,0.0
4,S8,2,0.0
4,S8,3,0.0
4,S8,4,0.0
4,S8,5,0.0
4,S8,6,0.0
4,S8,7,0.0
4,S8,8,0.0
4,S8,9,0.0
4,S8,10,0.0
4,S8,11,0.0
4,S8,12,0.0
4,S8,13,0.0
4,S8,14,0.0
4,S8,15,0.0
4,S8,16,0.0
4,S8,17,0.0
4,S8,18,0.0
4,S8,19,0.0
4,S8,20,0.0
4,S8,21,0.0
4,S8,22,0.0
4,S8,23,0.0
4,S8,24,0.0
4,S9,1,0.0
4,S9,2,0.0
4,S9,3,0.0
4,S9,4,0.0
4,S9,5,0.0
4,S9,6,0.0
4,S9,7,0.0
4,S9,8,0.0
4,S9,9,0.0
4,S9,10,0.0
4,S9,11,0.0
4,S9,12,0.0
4,S9,13,0.0
4,S9,14,0.0
4,S9,15,0.0
4,S9,16,0.0
4,S9,17,0.0
4,S9,18,0.0
4,S9,19,0.0
4,S9,20,0.0
4,S9,21,0.0
4,S9,22,0.0
4,S9,23,0.0
4,S9,24,0.0
4,S10,1,0.0
4,S10,2,0.0
4,S10,3,0.0
4,S10,4,0.0
4,S10,5,0.0
4,S10,6,0.0
4,S10,7,0.0
4,S10,8,0.0
4,S10,9,0.0
4,S10,10,0.0
4,S10,11,0.0
4,S10,12,0.0
4,S10,13,0.0
4,S10,14,0.0
4,S10,15,0.0
4,S10,16,0.0
4,S10,17,0.0
4,S10,18,0.0
4,S10,19,0.0
4,S10,20,0.0
4,S10,21,0.0
4,S10,22,0.0
4,S10,23,0.0
4,S10,24,0.0
4,S11,1,0.0
4,S11,2,0.0
4,S11,3,0.0
4,S11,4,0.0
4,S11,5,0.0
4,S11,6,0.0
4,S11,7,0.0
4,S11,8,0.0
4,S11,9,0.0
4,S11,10,0.0
4,S11,11,0.0
4,S11,12,0.0
4,S11,13,0.0
4,S11,14,0.0
4,S11,15,0.0
4,S11,16,0.0
4,S11,17,0.0
4,S11,18,0.0
4,S11,19,0.0
4,S11,20,0.0
4,S11,21,0.0
4,S11,22,0.0
4,S11,23,0.0
4,S11,24,0.0
4,S12,1,0.0
4,S12,2,0.0
4,S12,3,0.0
4,S12,4,0.0
4,S12,5,0.0
4,S12,6,0.0
4,S12,7,0.0
4,S12,8,0.0
4,S12,9,0.0
4,S12,10,0.0
4,S12,11,0.0
4,S12,12,0.0
4,S12,13,0.0
4,S12,14,0.0
4,S12,15,0.0
4,S12,16,0.0
4,S12,17,0.0
4,S12,18,0.0
4,S12,19,0.0
4,S12,20,0.0
4,S12,21,0.0
4,S12,22,0.0
4,S12,23,0.0
4,S12,24,0.0
5,S1,1,4.417408994116322
5,S1,2,4.2887324040977495
5,S1,3,3.9791165350890183
5,S1,4,4.036133575812137
5,S1,5,4.049170966471208
5,S1,6,4.9052780441486705
5,S1,7,5.270916082596071
5,S1,8,6.338226264493867
5,S1,9,6.745755046935219
5,S1,10,7.066550561313594
5,S1,11,7.300785742825619
5,S1,12,6.903750282442634
5,S1,13,7.150405512466693
5,S1,14,6.988293447787571
5,S1,15,7.749712789474536
5,S1,16,8.4673184055574
5,S1,17,8.871165398243077
5,S1,18,9.279101105047882
5,S1,19,9.91906616646033
5,S1,20,8.723663430980006
5,S1,21,7.732191693448788
5,S1,22,6.8615065160635
5,S1,23,5.968628243082027
5,S1,24,5.063222297510404
5,S2,1,3.6737098562619757
5,S2,2,3.3968078666499544
5,S2,3,3.1876318342804186
5,S2,4,3.3145263729544294
5,S2,5,3.49464736366033
5,S2,6,3.6906747426716726
5,S2,7,4.4021998770815935
5,S2,8,4.980865846550084
5,S2,9,5.529807690772917
5,S2,10,5.633572069332016
5,S2,11,6.156426117018768
5,S2,12,5.717018844833291
5,S2,13,5.914488797321628
5,S2,14,5.667051411228176
5,S2,15,6.37464265641874
5,S2,16,6.722432784498382
5,S2,17,7.029887150939787
5,S2,18,7.7742214681120485
5,S2,19,7.954286262347581
5,S2,20,6.916384563409047
5,S2,21,6.31455204707839
5,S2,22,5.614197429679134
5,S2,23,4.84842560888289
5,S2,24,4.139438719497224
5,S3,1,4.093470256031443
5,S3,2,3.796129354958386
5,S3,3,3.986705228549917
5,S3,4,3.8610815655808346
5,S3,5,3.71063503561149
5,S3,6,4.2059317881006075
5,S3,7,4.798177012355846
5,S3,8,5.982210755120574
5,S3,9,6.45281138699117
5,S3,10,6.887093130794204
5,S3,11,7.090783149558862
5,S3,12,6.459227431669464
5,S3,13,6.4866051990331774
5,S3,14,6.915748004699861
5,S3,15,7.182165825508526
5,S3,16,7.950188385142409
5,S3,17,7.762478812863516
5,S3,18,9.055828797831753
5,S3,19,8.577984302119924
5,S3,20,8.40194794543277
5,S3,21,7.21177416950673
5,S3,22,6.10245876813737
5,S3,23,5.63005017803242
5,S3,24,4.851483603054144
5,S4,1,3.317967072111947
5,S4,2,3.0604993933578157
5,S4,3,2.9770200863810268
5,S4,4,2.758287663641875
5,S4,5,3.0980032708870753
5,S4,6,3.3359886105737986
5,S4,7,3.780961904622842
5,S4,8,4.49626873221432
5,S4,9,4.980346901881401
5,S4,10,4.924840726032828
5,S4,11,5.334810361233898
5,S4,12,5.288278080499537
5,S4,13,4.894744399857666
5,S4,14,5.375695919343843
5,S4,15,5.4955672797408885
5,S4,16,5.900616960400902
5,S4,17,6.494140568693024
5,S4,18,6.699227823827793
5,S4,19,7.0117624934008695
5,S4,20,6.499064550641889
5,S4,21,5.89542733661894
5,S4,22,4.9738089185738446
5,S4,23,4.1240932647448565
5,S4,24,3.783353901039446
5,S5,1,3.8448078103834784
5,S5,2,3.8023755275531266
5,S5,3,3.6254568656947885
5,S5,4,3.701823359615865
5,S5,5,3.690444703607646
5,S5,6,3.9346234021714688
5,S5,7,4.868355379455135
5,S5,8,5.650698150146687
5,S5,9,6.3136843122413175
5,S5,10,6.212092070328382
5,S5,11,6.325066261079631
5,S5,12,6.124360750585929
5,S5,13,6.050033540675131
5,S5,14,6.671431266633169
5,S5,15,6.724719443411667
5,S5,16,7.405462612551376
5,S5,17,7.495275679854759
5,S5,18,8.442642610862094
5,S5,19,8.462748593250387
5,S5,20,7.8022504214777655
5,S5,21,6.936806710453202
5,S5,22,6.153314924367556
5,S5,23,5.201793423789261
5,S5,24,4.620334164311869
5,S6,1,3.5194070397355874
5,S6,2,3.163374782489239
5,S6,3,3.056223507933707
5,S6,4,3.0393069125702183
5,S6,5,3.147232347293715
5,S6,6,3.483251316120835
5,S6,7,3.9794187158188246
5,S6,8,4.482284666137868
5,S6,9,5.110784322673674
5,S6,10,5.381254006227365
5,S6,11,5.406005051841019
5,S6,12,5.421121136660956
5,S6,13,5.393635812411638
5,S6,14,5.5992380146501874
5,S6,15,6.051896422753082
5,S6,16,6.08380495782886
5,S6,17,6.5554461891011595
5,S6,18,7.218307812878564
5,S6,19,7.401370227454022
5,S6,20,6.997339357146646
5,S6,21,6.221877882856375
5,S6,22,5.032684412192991
5,S6,23,4.215238575728828
5,S6,24,3.7222353853058294
5,S7,1,3.744397532677195
5,S7,2,3.435131493327652
5,S7,3,3.350121606502319
5,S7,4,3.4759607385079248
5,S7,5,3.427455625792507
5,S7,6,3.8206782262553047
5,S7,7,4.409883514466752
5,S7,8,5.37100665125543
5,S7,9,5.487180602551088
5,S7,10,5.922291234168894
5,S7,11,6.467937204582881
5,S7,12,6.228565971816342
5,S7,13,5.81094417960323
5,S7,14,5.811796777427466
5,S7,15,6.138353727841948
5,S7,16,7.155740940787519
5,S7,17,7.6255089282993165
5,S7,18,7.723489615874852
5,S7,19,8.28636071640443
5,S7,20,7.739754980953433
5,S7,21,6.937028732231358
5,S7,22,5.694485385814985
5,S7,23,5.003953567153247
5,S7,24,4.231543554131844
5,S8,1,3.245036187039545
5,S8,2,3.2143546864546964
5,S8,3,2.930851128999329
5,S8,4,2.8593575801402107
5,S8,5,3.2146856105422486
5,S8,6,3.3410718242753163
5,S8,7,3.8491183255912116
5,S8,8,4.605572904745669
5,S8,9,4.967700424525572
5,S8,10,5.185880245093869
5,S8,11,5.5029721193590255
5,S8,12,5.156355381003401
5,S8,13,5.317004812285456
5,S8,14,5.55086293132349
5,S8,15,5.695700090662545
5,S8,16,5.955921001834198
5,S8,17,6.516674983143643
5,S8,18,6.882122662467192
5,S8,19,7.085703632096792
5,S8,20,6.7825182668486095
5,S8,21,6.018146868548652
5,S8,22,5.139135788904227
5,S8,23,4.138754832364209
5,S8,24,3.8683178268620564
5,S9,1,4.742624035447962
5,S9,2,4.3388043078630565
5,S9,3,4.528424095293531
5,S9,4,4.300887869582865
5,S9,5,4.362898617019346
5,S9,6,4.897485432353826
5,S9,7,5.2905316420928195
5,S9,8,6.530333432637681
5,S9,9,6.8780912849186935
5,S9,10,7.864694906442161
5,S9,11,8.099583671934239
5,S9,12,7.153996615335725
5,S9,13,7.280978902429408
5,S9,14,7.294503151912118
5,S9,15,7.652666676346814
5,S9,16,8.267577994957087
5,S9,17,8.826891637413423
5,S9,18,10.250789576420583
5,S9,19,9.990472030003435
5,S9,20,9.005299020593052
5,S9,21,8.557232407882795
5,S9,22,7.177316985620511
5,S9,23,6.1010890553649135
5,S9,24,5.583579324968149
5,S10,1,3.3640158544761074
5,S10,2,3.2836285567826904
5,S10,3,3.0896339789753036
5,S10,4,3.0696130707023244
5,S10,5,3.3996400159961606
5,S10,6,3.5754703765033633
5,S10,7,4.17488619750046
5,S10,8,4.870962134605297
5,S10,9,5.07648731889332
5,S10,10,5.530100881965858
5,S10,11,5.80797588980095
5,S10,12,5.7126037065335975
5,S10,13,5.678044387175085
5,S10,14,5.466062106266329
5,S10,15,5.760885996348372
5,S10,16,6.105493123552124
5,S10,17,6.4879454741677
5,S10,18,6.883331021968254
5,S10,19,7.403288519917649
5,S10,20,7.25016915984305
5,S10,21,5.866652117209235
5,S10,22,5.131291386971728
5,S10,23,4.552017550044897
5,S10,24,3.7299517270000866
5,S11,1,3.5714542837483796
5,S11,2,3.3971582654316808
5,S11,3,3.2902564105598344
5,S11,4,3.3135701869060146
5,S11,5,3.3108833030351037
5,S11,6,3.790871217447487
5,S11,7,4.1874614527986855
5,S11,8,5.297520581465856
5,S11,9,5.453717723807926
5,S11,10,5.99233948459205
5,S11,11,6.310046191272162
5,S11,12,5.631527492843517
5,S11,13,6.106620955040323
5,S11,14,5.88967099260137
5,S11,15,6.013058749362262
5,S11,16,6.924972834993426
5,S11,17,7.476268498414414
5,S11,18,7.907575089384634
5,S11,19,8.162244797634228
5,S11,20,7.35464406528593
5,S11,21,6.230007112172473
5,S11,22,5.484767153346638
5,S11,23,4.786188547305088
5,S11,24,4.2737260822420176
5,S12,1,5.357937254489129
5,S12,2,5.029374712795906
5,S12,3,4.656691274378811
5,S12,4,4.877260780031086
5,S12,5,4.673299981910805
5,S12,6,5.6024266605563815
5,S12,7,5.97884159211228
5,S12,8,7.191987445055953
5,S12,9,8.24026155039836
5,S12,10,8.809406431230734
5,S12,11,8.72727169396359
5,S12,12,7.980416702942169
5,S12,13,8.1603639182258
5,S12,14,8.286958224743064
5,S12,15,9.24581454418947
5,S12,16,9.24769925616827
5,S12,17,10.369552446043228
5,S12,18,11.293331724088134
5,S12,19,11.250519893933477
5,S12,20,10.888482311168023
5,S12,21,9.703894297056367
5,S12,22,8.218932791646731
5,S12,23,6.881628312123291
5,S12,24,5.8955946791479485
6,S1,1,35.67065281571751
6,S1,2,33.094571545300965
6,S1,3,34.06277378885591
6,S1,4,30.729212585170863
6,S1,5,32.975462829751244
6,S1,6,38.55160326866284
6,S1,7,43.42337089694312
6,S1,8,47.12767751477164
6,S1,9,54.3625043272905
6,S1,10,58.93519680705685
6,S1,11,58.57045315713373
6,S1,12,59.4742837430395
6,S1,13,57.88515380223921
6,S1,14,57.76323846989016
6,S1,15,58.953852883462496
6,S1,16,65.79936995811201
6,S1,17,67.28809995372887
6,S1,18,72.5135563181137
6,S1,19,75.66262191911522
6,S1,20,74.78409623731397
6,S1,21,64.30069840053035
6,S1,22,54.762288627635144
6,S1,23,44.62102440419814
6,S1,24,39.39449845599925
6,S2,1,29.598182414447763
6,S2,2,27.514070502612075
6,S2,3,25.677227781966394
6,S2,4,26.239840640673517
6,S2,5,26.426527396082424
6,S2,6,28.196522539230145
6,S2,7,31.741085742079523
6,S2,8,39.497399224681544
6,S2,9,43.525110803272355
6,S2,10,47.540512399095384
6,S2,11,44.038455883808176
6,S2,12,45.931400156442834
6,S2,13,45.3881341463687
6,S2,14,43.69877209310272
6,S2,15,49.19887471144505
6,S2,16,50.04625417646391
6,S2,17,53.623302238764325
6,S2,18,60.23295705970225
6,S2,19,57.979255153988454
6,S2,20,54.564337843777366
6,S2,21,48.60545594986163
6,S2,22,42.44109209317236
6,S2,23,38.312211407921914
6,S2,24,32.84362753773454
6,S3,1,33.8341084899393
6,S3,2,31.37528235619062
6,S3,3,30.609407546983544
6,S3,4,28.132037494424537
6,S3,5,29.204019319167077
6,S3,6,35.44774217807198
6,S3,7,37.12029341237248
6,S3,8,47.20395879440362
6,S3,9,50.27893169500968
6,S3,10,52.80819891931102
6,S3,11,50.9712628483924
6,S3,12,50.01996947255341
6,S3,13,49.49574855226535
6,S3,14,54.673610958267325
6,S3,15,53.25295156540785
6,S3,16,57.653615083534646
6,S3,17,62.58061840154369
6,S3,18,68.91404120433425
6,S3,19,68.5752255930559
6,S3,20,63.2771097642011
6,S3,21,58.4089860825853
6,S3,22,51.22107645397845
6,S3,23,42.07131356150629
6,S3,24,38.62680996068327
6,S4,1,26.926680265990566
6,S4,2,23.948368894884062
6,S4,3,24.213462454058767
6,S4,4,23.469197308315184
6,S4,5,24.585247105870394
6,S4,6,25.81801190588414
6,S4,7,28.423746982464333
6,S4,8,34.82559228913644
6,S4,9,36.955329497762385
6,S4,10,42.02622324556307
6,S4,11,41.00952342459814
6,S4,12,38.599796650031934
6,S4,13,38.140701407475746
6,S4,14,40.69986459677041
6,S4,15,42.40294142793443
6,S4,16,44.34472065789317
6,S4,17,47.417699311669566
6,S4,18,50.83901992116599
6,S4,19,52.2919797707997
6,S4,20,50.04063599303729
6,S4,21,45.896200193962194
6,S4,22,38.40373649320654
6,S4,23,33.04726021395038
6,S4,24,28.101062799558257
6,S5,1,30.95599291783733
6,S5,2,28.562184996852636
6,S5,3,28.061869546989865
6,S5,4,27.841586301657117
6,S5,5,28.629703492432238
6,S5,6,31.649997838178145
6,S5,7,35.23279597715731
6,S5,8,44.556904237747496
6,S5,9,48.74621540746458
6,S5,10,48.22371298641037
6,S5,11,52.335348506480486
6,S5,12,52.00749653305886
6,S5,13,46.91358135336184
6,S5,14,48.597213441636995
6,S5,15,55.23075872605456
6,S5,16,57.20600414123322
6,S5,17,58.75395604297115
6,S5,18,66.3821210925757
6,S5,19,69.00282614830188
6,S5,20,62.25142585612043
6,S5,21,57.78517344763342
6,S5,22,45.29360550431447
6,S5,23,41.473871428167236
6,S5,24,36.56616311965104
6,S6,1,26.44203991482369
6,S6,2,25.76215881558074
6,S6,3,23.50566729532453
6,S6,4,23.7275842349263
6,S6,5,24.661353085020068
6,S6,6,27.885330922234154
6,S6,7,31.74792424572613
6,S6,8,36.48762130452917
6,S6,9,40.96363721579188
6,S6,10,44.14113017427896
6,S6,11,43.079695656118275
6,S6,12,41.33196069995754
6,S6,13,41.61804250074511
6,S6,14,41.002060945575614
6,S6,15,47.509046750505796
6,S6,16,51.23595804671632
6,S6,17,50.74799427079363
6,S6,18,54.85617067663955
6,S6,19,55.04431598757344
6,S6,20,52.71614963485185
6,S6,21,45.737949205648675
6,S6,22,39.807189148315544
6,S6,23,35.39492013717237
6,S6,24,28.996937559495844
6,S7,1,30.302403849911467
6,S7,2,27.23240724684145
6,S7,3,27.69714982850277
6,S7,4,27.656497015686313
6,S7,5,28.624989590155536
6,S7,6,32.184677295126434
6,S7,7,34.33786077768689
6,S7,8,41.200633705430285
6,S7,9,46.94526659187787
6,S7,10,45.99455664182075
6,S7,11,47.32732382801568
6,S7,12,47.30141824495647
6,S7,13,47.88149068580646
6,S7,14,45.672538423331766
6,S7,15,49.28604781929714
6,S7,16,56.20116359978727
6,S7,17,59.82093369100038
6,S7,18,64.37659522781797
6,S7,19,60.997295702587834
6,S7,20,57.50651079893084
6,S7,21,51.12377660111102
6,S7,22,46.21143712238076
6,S7,23,38.57397762325153
6,S7,24,34.17050223047635
6,S8,1,26.256048972214177
6,S8,2,24.839134435387848
6,S8,3,24.968434384442528
6,S8,4,24.263934774395597
6,S8,5,24.35007095760859
6,S8,6,26.72853807285526
6,S8,7,30.218009497766225
6,S8,8,34.256108370174424
6,S8,9,39.09463750395885
6,S8,10,40.6353939096775
6,S8,11,44.34457219444075
6,S8,12,41.66894800649553
6,S8,13,40.4384788975698
6,S8,14,42.769647205873106
6,S8,15,43.500406251292254
6,S8,16,49.24921617130276
6,S8,17,51.090525961347794
6,S8,18,56.27095965346345
6,S8,19,53.34149783403507
6,S8,20,53.3794943145085
6,S8,21,46.83206257174007
6,S8,22,41.01367086591732
6,S8,23,34.30390158399404
6,S8,24,29.553871955387226
6,S9,1,36.833350868592554
6,S9,2,35.79059914350488
6,S9,3,33.7763161320618
6,S9,4,31.9525668549066
6,S9,5,35.85886097372099
6,S9,6,39.98043423278593
6,S9,7,43.703437573316286
6,S9,8,49.743649132543666
6,S9,9,55.093970440526434
6,S9,10,61.02069312446244
6,S9,11,61.88492622644911
6,S9,12,58.13097387683937
6,S9,13,57.20494963387587
6,S9,14,59.049865469637744
6,S9,15,66.17654902627672
6,S9,16,64.87089346411781
6,S9,17,72.44480758633745
6,S9,18,76.08822990374814
6,S9,19,77.30912021949739
6,S9,20,72.21791999808737
6,S9,21,63.8207363363919
6,S9,22,55.83531534959824
6,S9,23,49.49526263747729
6,S9,24,42.74834590538369
6,S10,1,26.863620288630575
6,S10,2,26.110822979374554
6,S10,3,25.060762750665937
6,S10,4,23.689079696240054
6,S10,5,25.86519668976976
6,S10,6,29.42994970682065
6,S10,7,31.953533810790102
6,S10,8,36.726940848775996
6,S10,9,41.265980172458235
6,S10,10,44.355754958761665
6,S10,11,46.19690926983655
6,S10,12,41.49875284196093
6,S10,13,41.92820388552299
6,S10,14,42.5139233973339
6,S10,15,45.74535144131034
6,S10,16,50.3988489716983
6,S10,17,55.50503366083699
6,S10,18,59.30494368793168
6,S10,19,60.17121488086447
6,S10,20,54.07626266649087
6,S10,21,49.26945965092577
6,S10,22,39.19179702080631
6,S10,23,34.83970245806228
6,S10,24,30.93927270472504
6,S11,1,30.914735964599487
6,S11,2,27.28792424605695
6,S11,3,26.49434209534227
6,S11,4,25.74025392557885
6,S11,5,26.01242208036406
6,S11,6,30.2669364982143
6,S11,7,33.25938770721615
6,S11,8,40.75368114254571
6,S11,9,46.13407204045362
6,S11,10,47.13060385385158
6,S11,11,46.17440187282019
6,S11,12,44.83442139929809
6,S11,13,46.20576780085845
6,S11,14,46.943860718272056
6,S11,15,49.36502787590742
6,S11,16,53.86892250571179
6,S11,17,55.85249454276019
6,S11,18,63.13431449894218
6,S11,19,63.4224085668155
6,S11,20,58.23675879953006
6,S11,21,49.56656305817218
6,S11,22,41.84365984415929
6,S11,23,37.97826699449495
6,S11,24,33.26903119571122
6,S12,1,41.86515072852802
6,S12,2,39.82725167458474
6,S12,3,36.035151752825634
6,S12,4,38.09415858749164
6,S12,5,39.69158665040663
6,S12,6,41.12523915003346
6,S12,7,46.24831179056784
6,S12,8,56.68342676254257
6,S12,9,65.57648615509596
6,S12,10,67.02550567830212
6,S12,11,69.57413915555438
6,S12,12,68.50784495640966
6,S12,13,62.52217632296016
6,S12,14,66.95469111026568
6,S12,15,68.54953103127731
6,S12,16,73.25653420763639
6,S12,17,81.01703485664251
6,S12,18,82.70007547953954
6,S12,19,89.55655629777796
6,S12,20,84.31173409533096
6,S12,21,75.19636851850376
6,S12,22,60.73552294035775
6,S12,23,52.09948180628013
6,S12,24,44.55537195258748
7,S1,1,0.0
7,S1,2,0.0
7,S1,3,0.0
7,S1,4,0.0
7,S1,5,0.0
7,S1,6,0.0
7,S1,7,0.0
7,S1,8,0.0
7,S1,9,0.0
7,S1,10,0.0
7,S1,11,0.0
7,S1,12,0.0
7,S1,13,0.0
7,S1,14,0.0
7,S1,15,0.0
7,S1,16,0.0
7,S1,17,0.0
7,S1,18,0.0
7,S1,19,0.0
7,S1,20,0.0
7,S1,21,0.0
7,S1,22,0.0
7,S1,23,0.0
7,S1,24,0.0
7,S2,1,0.0
7,S2,2,0.0
7,S2,3,0.0
7,S2,4,0.0
7,S2,5,0.0
7,S2,6,0.0
7,S2,7,0.0
7,S2,8,0.0
7,S2,9,0.0
7,S2,10,0.0
7,S2,11,0.0
7,S2,12,0.0
7,S2,13,0.0
7,S2,14,0.0
7,S2,15,0.0
7,S2,16,0.0
7,S2,17,0.0
7,S2,18,0.0
7,S2,19,0.0
7,S2,20,0.0
7,S2,21,0.0
7,S2,22,0.0
7,S2,23,0.0
7,S2,24,0.0
7,S3,1,0.0
7,S3,2,0.0
7,S3,3,0.0
7,S3,4,0.0
7,S3,5,0.0
7,S3,6,0.0
7,S3,7,0.0
7,S3,8,0.0
7,S3,9,0.0
7,S3,10,0.0
7,S3,11,0.0
7,S3,12,0.0
7,S3,13,0.0
7,S3,14,0.0
7,S3,15,0.0
7,S3,16,0.0
7,S3,17,0.0
7,S3,18,0.0
7,S3,19,0.0
7,S3,20,0.0
7,S3,21,0.0
7,S3,22,0.0
7,S3,23,0.0
7,S3,24,0.0
7,S4,1,0.0
7,S4,2,0.0
7,S4,3,0.0
7,S4,4,0.0
7,S4,5,0.0
7,S4,6,0.0
7,S4,7,0.0
7,S4,8,0.0
7,S4,9,0.0
7,S4,10,0.0
7,S4,11,0.0
7,S4,12,0.0
7,S4,13,0.0
7,S4,14,0.0
7,S4,15,0.0
7,S4,16,0.0
7,S4,17,0.0
7,S4,18,0.0
7,S4,19,0.0
7,S4,20,0.0
7,S4,21,0.0
7,S4,22,0.0
7,S4,23,0.0
7,S4,24,0.0
7,S5,1,0.0
7,S5,2,0.0
7,S5,3,0.0
7,S5,4,0.0
7,S5,5,0.0
7,S5,6,0.0
7,S5,7,0.0
7,S5,8,0.0
7,S5,9,0.0
7,S5,10,0.0
7,S5,11,0.0
7,S5,12,0.0
7,S5,13,0.0
7,S5,14,0.0
7,S5,15,0.0
7,S5,16,0.0
7,S5,17,0.0
7,S5,18,0.0
7,S5,19,0.0
7,S5,20,0.0
7,S5,21,0.0
7,S5,22,0.0
7,S5,23,0.0
7,S5,24,0.0
7,S6,1,0.0
7,S6,2,0.0
7,S6,3,0.0
7,S6,4,0.0
7,S6,5,0.0
7,S6,6,0.0
7,S6,7,0.0
7,S6,8,0.0
7,S6,9,0.0
7,S6,10,0.0
7,S6,11,0.0
7,S6,12,0.0
7,S6,13,0.0
7,S6,14,0.0
7,S6,15,0.0
7,S6,16,0.0
7,S6,17,0.0
7,S6,18,0.0
7,S6,19,0.0
7,S6,20,0.0
7,S6,21,0.0
7,S6,22,0.0
7,S6,23,0.0
7,S6,24,0.0
7,S7,1,0.0
7,S7,2,0.0
7,S7,3,0.0
7,S7,4,0.0
7,S7,5,0.0
7,S7,6,0.0
7,S7,7,0.0
7,S7,8,0.0
7,S7,9,0.0
7,S7,10,0.0
7,S7,11,0.0
7,S7,12,0.0
7,S7,13,0.0
7,S7,14,0.0
7,S7,15,0.0
7,S7,16,0.0
7,S7,17,0.0
7,S7,18,0.0
7,S7,19,0.0
7,S7,20,0.0
7,S7,21,0.0
7,S7,22,0.0
7,S7,23,0.0
7,S7,24,0.0
7,S8,1,0.0
7,S8,2,0.0
7,S8,3,0.0
7,S8,4,0.0
7,S8,5,0.0
7,S8,6,0.0
7,S8,7,0.0
7,S8,8,0.0
7,S8,9,0.0
7,S8,10,0.0
7,S8,11,0.0
7,S8,12,0.0
7,S8,13,0.0
7,S8,14,0.0
7,S8,15,0.0
7,S8,16,0.0
7,S8,17,0.0
7,S8,18,0.0
7,S8,19,0.0
7,S8,20,0.0
7,S8,21,0.0
7,S8,22,0.0
7,S8,23,0.0
7,S8,24,0.0
7,S9,1,0.0
7,S9,2,0.0
7,S9,3,0.0
7,S9,4,0.0
7,S9,5,0.0
7,S9,6,0.0
7,S9,7,0.0
7,S9,8,0.0
7,S9,9,0.0
7,S9,10,0.0
7,S9,11,0.0
7,S9,12,0.0
7,S9,13,0.0
7,S9,14,0.0
7,S9,15,0.0
7,S9,16,0.0
7,S9,17,0.0
7,S9,18,0.0
7,S9,19,0.0
7,S9,20,0.0
7,S9,21,0.0
7,S9,22,0.0
7,S9,23,0.0
7,S9,24,0.0
7,S10,1,0.0
7,S10,2,0.0
7,S10,3,0.0
7,S10,4,0.0
7,S10,5,0.0
7,S10,6,0.0
7,S10,7,0.0
7,S10,8,0.0
7,S10,9,0.0
7,S10,10,0.0
7,S10,11,0.0
7,S10,12,0.0
7,S10,13,0.0
7,S10,14,0.0
7,S10,15,0.0
7,S10,16,0.0
7,S10,17,0.0
7,S10,18,0.0
7,S10,19,0.0
7,S10,20,0.0
7,S10,21,0.0
7,S10,22,0.0
7,S10,23,0.0
7,S10,24,0.0
7,S11,1,0.0
7,S11,2,0.0
7,S11,3,0.0
7,S11,4,0.0
7,S11,5,0.0
7,S11,6,0.0
7,S11,7,0.0
7,S11,8,0.0
7,S11,9,0.0
7,S11,10,0.0
7,S11,11,0.0
7,S11,12,0.0
7,S11,13,0.0
7,S11,14,0.0
7,S11,15,0.0
7,S11,16,0.0
7,S11,17,0.0
7,S11,18,0.0
7,S11,19,0.0
7,S11,20,0.0
7,S11,21,0.0
7,S11,22,0.0
7,S11,23,0.0
7,S11,24,0.0
7,S12,1,0.0
7,S12,2,0.0
7,S12,3,0.0
7,S12,4,0.0
7,S12,5,0.0
7,S12,6,0.0
7,S12,7,0.0
7,S12,8,0.0
7,S12,9,0.0
7,S12,10,0.0
7,S12,11,0.0
7,S12,12,0.0
7,S12,13,0.0
7,S12,14,0.0
7,S12,15,0.0
7,S12,16,0.0
7,S12,17,0.0
7,S12,18,0.0
7,S12,19,0.0
7,S12,20,0.0
7,S12,21,0.0
7,S12,22,0.0
7,S12,23,0.0
7,S12,24,0.0
8,S1,1,71.32740153322854
8,S1,2,64.8995362484384
8,S1,3,68.05081702410891
8,S1,4,62.7754783802095
8,S1,5,65.34310505594341
8,S1,6,73.80209111898743
8,S1,7,80.54721720821983
8,S1,8,97.75539631803154
8,S1,9,108.96874792362479
8,S1,10,119.53122118608967
8,S1,11,115.84256524482663
8,S1,12,110.90737393274752
8,S1,13,115.8516718755397
8,S1,14,110.45162339762639
8,S1,15,116.39444226576549
8,S1,16,125.53988547254254
8,S1,17,135.69522646841673
8,S1,18,143.12018896141032
8,S1,19,145.23656035637848
8,S1,20,146.4601949856926
8,S1,21,125.73050121501194
8,S1,22,102.53194308944038
8,S1,23,92.65965013946322
8,S1,24,80.48057342651256
8,S2,1,57.34421101333271
8,S2,2,53.72530280799057
8,S2,3,54.411402417938945
8,S2,4,50.086507526297794
8,S2,5,51.719168795195934
8,S2,6,58.172147759352825
8,S2,7,63.89903645395158
8,S2,8,74.73333947183428
8,S2,9,89.87541088916419
8,S2,10,89.67483391633283
8,S2,11,96.21196483482389
8,S2,12,86.90961926064432
8,S2,13,89.85432163850872
8,S2,14,92.890981420842
8,S2,15,101.07388090280617
8,S2,16,100.47267805009342
8,S2,17,110.48101478129834
8,S2,18,122.90172260425452
8,S2,19,124.81733818465986
8,S2,20,110.45444566011113
8,S2,21,102.64934652830416
8,S2,22,89.29588687073267
8,S2,23,71.48282389945213
8,S2,24,62.719168458732675
8,S3,1,63.92463315058189
8,S3,2,61.074572239047136
8,S3,3,58.271748656220595
8,S3,4,59.74631192829911
8,S3,5,60.80781114650021
8,S3,6,66.87877218275605
8,S3,7,77.02244436006893
8,S3,8,92.74882331583629
8,S3,9,101.64333580884261
8,S3,10,103.00330269404706
8,S3,11,102.63562373590042
8,S3,12,108.878305129744
8,S3,13,99.7624347246769
8,S3,14,102.14126273490865
8,S3,15,107.74061087485869
8,S3,16,123.1177908342509
8,S3,17,126.9530345479833
8,S3,18,142.73469491532234
8,S3,19,145.49210358438177
8,S3,20,135.95464227135972
8,S3,21,120.2710899959663
8,S3,22,98.49072766269101
8,S3,23,81.41486891934053
8,S3,24,71.54306191963917
8,S4,1,51.08217040892039
8,S4,2,46.84578493053055
8,S4,3,48.07223938873251
8,S4,4,43.33773988142418
8,S4,5,45.90104673558813
8,S4,6,49.77667682350063
8,S4,7,61.2988149391832
8,S4,8,68.03294363061786
8,S4,9,77.1797940777134
8,S4,10,79.61830818452825
8,S4,11,86.39532592971737
8,S4,12,82.97005737277571
8,S4,13,82.13496758169899
8,S4,14,84.87309277770625
8,S4,15,88.97637235443975
8,S4,16,89.9508503946955
8,S4,17,100.14857641357698
8,S4,18,109.19555067588729
8,S4,19,107.79846738691985
8,S4,20,103.70649404453918
8,S4,21,93.19785035330239
8,S4,22,73.15966627002125
8,S4,23,64.05667294372941
8,S4,24,57.81464225367831
8,S5,1,62.38005194633493
8,S5,2,59.19006779232334
8,S5,3,59.42586446437986
8,S5,4,58.56569790160893
8,S5,5,55.82922994594955
8,S5,6,66.27731620556429
8,S5,7,76.9246987204394
8,S5,8,84.930180129341
8,S5,9,92.00370467372586
8,S5,10,101.77443356158666
8,S5,11,97.95977485710794
8,S5,12,95.63257686898248
8,S5,13,100.11561948111454
8,S5,14,96.75321504610793
8,S5,15,109.66370555972183
8,S5,16,116.98970639393842
8,S5,17,124.43316713162483
8,S5,18,128.5777027680804
8,S5,19,138.18602274618027
8,S5,20,119.55492742410209
8,S5,21,112.46598030750735
8,S5,22,96.84192500724683
8,S5,23,82.55347202472689
8,S5,24,68.3356498553125
8,S6,1,56.57243471146344
8,S6,2,51.49504375072576
8,S6,3,51.5611019691123
8,S6,4,48.43135756099264
8,S6,5,49.27956051190402
8,S6,6,57.62754788280134
8,S6,7,63.84931604956337
8,S6,8,70.41841120813076
8,S6,9,81.3322009935946
8,S6,10,82.28529983951822
8,S6,11,92.04588864625778
8,S6,12,83.88158462547791
8,S6,13,84.51752825128388
8,S6,14,88.30533468883013
8,S6,15,89.87174736568802
8,S6,16,99.00877193727563
8,S6,17,104.49338277908971
8,S6,18,109.40796604317886
8,S6,19,109.36846091347601
8,S6,20,110.39251296692602
8,S6,21,94.81557827166583
8,S6,22,77.05779791042131
8,S6,23,72.59458793067381
8,S6,24,61.2841279922641
8,S7,1,60.12956071975464
8,S7,2,55.45339707777338
8,S7,3,53.93846460486131
8,S7,4,55.56574489169748
8,S7,5,58.11330786572779
8,S7,6,61.07713129558542
8,S7,7,67.90183998875344
8,S7,8,79.1448780423571
8,S7,9,93.76840440908207
8,S7,10,95.69732863188995
8,S7,11,97.65998798601333
8,S7,12,91.97336429568364
8,S7,13,97.6149769706527
8,S7,14,92.3402892429419
8,S7,15,100.32394988989095
8,S7,16,107.41944199857782
8,S7,17,118.25179632095482
8,S7,18,117.97370841104006
8,S7,19,127.7916247909403
8,S7,20,114.96750809599942
8,S7,21,102.45564532177148
8,S7,22,92.3611778126617
8,S7,23,74.73703129746549
8,S7,24,69.20296584088167
8,S8,1,52.315230262708255
8,S8,2,51.27614639321679
8,S8,3,49.06438953033482
8,S8,4,44.81696645323435
8,S8,5,48.50789652033539
8,S8,6,56.234961523481665
8,S8,7,59.43622820873554
8,S8,8,74.26023669762094
8,S8,9,78.70553970398419
8,S8,10,81.79184192891056
8,S8,11,84.28495762808546
8,S8,12,83.66848525662047
8,S8,13,80.16354762907612
8,S8,14,82.04476648498257
8,S8,15,89.16083102928035
8,S8,16,94.19408449081598
8,S8,17,101.35275251684537
8,S8,18,109.99966231605859
8,S8,19,115.94339264106603
8,S8,20,102.72380124221161
8,S8,21,96.64355629809339
8,S8,22,80.6980498567779
8,S8,23,66.7960277978523
8,S8,24,59.963201383950704
8,S9,1,77.29675478970175
8,S9,2,73.14743621300427
8,S9,3,68.86732806948153
8,S9,4,69.9782430951402
8,S9,5,69.70429212745775
8,S9,6,76.45737056488615
8,S9,7,89.96224535523194
8,S9,8,99.17871267821818
8,S9,9,112.21890733237264
8,S9,10,120.94263769427383
8,S9,11,124.11945442549009
8,S9,12,117.4746391933786
8,S9,13,111.2115652636081
8,S9,14,116.33579837724528
8,S9,15,124.95336616265102
8,S9,16,141.33931146270197
8,S9,17,144.88997262523893
8,S9,18,147.062669009035
8,S9,19,158.24621605852175
8,S9,20,152.48715956185632
8,S9,21,125.65544041279507
8,S9,22,114.67849464651125
8,S9,23,92.50355249651753
8,S9,24,85.57522571196897
8,S10,1,56.38936850448032
8,S10,2,50.526269774293986
8,S10,3,51.45118334625797
8,S10,4,50.10083721580081
8,S10,5,50.61715103595833
8,S10,6,54.47343199876135
8,S10,7,62.85611869748465
8,S10,8,77.61057820532533
8,S10,9,85.9473027255017
8,S10,10,89.70244792144406
8,S10,11,92.31022041164842
8,S10,12,86.72161846298803
8,S10,13,87.70364754177426
8,S10,14,87.44899789093218
8,S10,15,95.35021592403046
8,S10,16,100.10850545029096
8,S10,17,102.48113836836153
8,S10,18,108.2480820755435
8,S10,19,111.2701558190955
8,S10,20,108.0989391622542
8,S10,21,93.49199453588399
8,S10,22,82.20186249647027
8,S10,23,68.21103710692263
8,S10,24,60.45569111721766
8,S11,1,57.888662947208196
8,S11,2,53.49588104056969
8,S11,3,52.377917582083484
8,S11,4,51.0836898771673
8,S11,5,55.1654556567359
8,S11,6,61.80714337157549
8,S11,7,67.14985540506783
8,S11,8,77.1600096551412
8,S11,9,86.94151408246657
8,S11,10,95.37895225534066
8,S11,11,95.3937537967123
8,S11,12,91.74926536357856
8,S11,13,89.6141004498524
8,S11,14,95.26388586557681
8,S11,15,96.01463551286726
8,S11,16,111.76953197800566
8,S11,17,110.03407151273275
8,S11,18,119.1063598924952
8,S11,19,129.03950438673235
8,S11,20,115.28896692589578
8,S11,21,104.638289477436
8,S11,22,87.71337110179012
8,S11,23,75.03915758031755
8,S11,24,67.8231086400538
8,S12,1,85.0802654958523
8,S12,2,80.7222863624119
8,S12,3,79.09426999137368
8,S12,4,70.72102618901019
8,S12,5,77.45753420109685
8,S12,6,88.62205382034064
8,S12,7,93.22939208453828
8,S12,8,118.38027816275552
8,S12,9,128.62009732940075
8,S12,10,132.87335275567614
8,S12,11,136.08110002964978
8,S12,12,126.996386522762
8,S12,13,126.00985799424191
8,S12,14,127.81972116683936
8,S12,15,141.80447626181044
8,S12,16,144.13743414397487
8,S12,17,169.2658762066108
8,S12,18,171.09831914526166
8,S12,19,177.37283509459098
8,S12,20,160.21231413334152
8,S12,21,139.81677068356672
8,S12,22,122.29267322010907
8,S12,23,101.66181000491851
8,S12,24,97.67862659530181
9,S1,1,57.82919681105669
9,S1,2,52.62372810265852
9,S1,3,53.32514579147314
9,S1,4,53.854794382415506
9,S1,5,56.29554943400381
9,S1,6,58.26042229783658
9,S1,7,66.33733703920662
9,S1,8,78.82659039116167
9,S1,9,87.30769211389224
9,S1,10,92.53929195949932
9,S1,11,94.31481618063984
9,S1,12,91.53124219786571
9,S1,13,92.04995392817621
9,S1,14,96.35079092684268
9,S1,15,97.76342874580966
9,S1,16,105.15719142035172
9,S1,17,112.41652650884987
9,S1,18,114.54772607505005
9,S1,19,127.62315644862643
9,S1,20,119.47064466833008
9,S1,21,98.7218087142239
9,S1,22,85.16148552502587
9,S1,23,76.04891442119495
9,S1,24,64.55092822712633
9,S2,1,47.235603619832574
9,S2,2,41.331327205469606
9,S2,3,41.547781102795156
9,S2,4,41.26665510903969
9,S2,5,44.42442676758068
9,S2,6,46.26296634312744
9,S2,7,55.082536346369864
9,S2,8,61.33091175384709
9,S2,9,68.25933392128995
9,S2,10,71.5837646079242
9,S2,11,74.49327028219608
9,S2,12,70.16890792102689
9,S2,13,72.63675719467071
9,S2,14,72.87496919157869
9,S2,15,79.70067830811563
9,S2,16,85.78623857779087
9,S2,17,88.90743445021938
9,S2,18,96.43521966758705
9,S2,19,98.87713707747474
9,S2,20,88.26713073091157
9,S2,21,84.36793438063054
9,S2,22,70.63147455912413
9,S2,23,57.556726665273054
9,S2,24,49.43571640931896
9,S3,1,55.90341570060651
9,S3,2,48.2448301366262
9,S3,3,48.44841475369033
9,S3,4,49.10643017193649
9,S3,5,47.8593398107141
9,S3,6,54.342330706989955
9,S3,7,60.28421582248281
9,S3,8,69.37616979784488
9,S3,9,78.88695647338707
9,S3,10,86.14853738365713
9,S3,11,89.9475642607302
9,S3,12,82.27347666045175
9,S3,13,79.78267166369453
9,S3,14,82.33368818371102
9,S3,15,86.35252392943943
9,S3,16,98.45523123754083
9,S3,17,103.5598257755549
9,S3,18,109.44461527618907
9,S3,19,114.73217568743928
9,S3,20,103.24034356358582
9,S3,21,95.19504446439086
9,S3,22,80.83539168455388
9,S3,23,71.62466672762248
9,S3,24,60.52728740988388
9,S4,1,39.700469116358434
9,S4,2,37.70774070270674
9,S4,3,38.373249868246496
9,S4,4,36.199504924714084
9,S4,5,39.222699589353546
9,S4,6,43.71581893346289
9,S4,7,50.26427470645309
9,S4,8,57.161442683452016
9,S4,9,61.35120676518422
9,S4,10,66.31926679041757
9,S4,11,68.32075283040604
9,S4,12,65.97138925321116
9,S4,13,63.01979918917473
9,S4,14,65.08039015790023
9,S4,15,71.23876321435289
9,S4,16,72.05064085498728
9,S4,17,79.49454200689843
9,S4,18,80.95040923348905
9,S4,19,90.72036364731882
9,S4,20,78.57128502912063
9,S4,21,73.28659308036632
9,S4,22,59.47287732390382
9,S4,23,52.19850210467964
9,S4,24,44.6506594192442
9,S5,1,51.6656082378284
9,S5,2,46.47176038656898
9,S5,3,45.97157246971917
9,S5,4,45.06035086175331
9,S5,5,48.92973739201697
9,S5,6,52.57150735176764
9,S5,7,56.88272027525599
9,S5,8,68.47910612802457
9,S5,9,77.95679213954112
9,S5,10,83.01395988079726
9,S5,11,78.98624633659686
9,S5,12,78.2327495884716
9,S5,13,79.76591354244756
9,S5,14,77.6408111164703
9,S5,15,85.9367913272788
9,S5,16,90.39220049733092
9,S5,17,103.28320882725566
9,S5,18,106.054952257983
9,S5,19,108.33286011622684
9,S5,20,103.81213998192601
9,S5,21,93.00256976182673
9,S5,22,75.70728847615018
9,S5,23,66.44237854187568
9,S5,24,59.32033380867049
9,S6,1,43.719907883470405
9,S6,2,41.485036045980806
9,S6,3,41.132110111623504
9,S6,4,37.492131861594565
9,S6,5,39.75060027474736
9,S6,6,45.19903510329783
9,S6,7,48.44056192086718
9,S6,8,57.95912015659284
9,S6,9,63.25026135734696
9,S6,10,71.27079185566248
9,S6,11,69.40269038149567
9,S6,12,71.00500266839761
9,S6,13,70.8460420669751
9,S6,14,66.06907800928718
9,S6,15,75.84677170838681
9,S6,16,76.54089548049086
9,S6,17,87.36001333739658
9,S6,18,90.78910489272894
9,S6,19,96.03132170644203
9,S6,20,90.35853648092987
9,S6,21,74.90077836223902
9,S6,22,65.71671218964752
9,S6,23,58.063345301093364
9,S6,24,51.19818911074226
9,S7,1,50.51578239820059
9,S7,2,44.66457642493381
9,S7,3,46.02582415202461
9,S7,4,42.58218673925447
9,S7,5,43.00916446107544
9,S7,6,49.141384640831184
9,S7,7,56.46875228680203
9,S7,8,68.91784985890179
9,S7,9,73.35483113806329
9,S7,10,76.43593501547298
9,S7,11,76.36529300287897
9,S7,12,73.2762209771918
9,S7,13,76.16941546114798
9,S7,14,73.53565840722797
9,S7,15,81.5097694425866
9,S7,16,88.281450412783
9,S7,17,98.02074828906451
9,S7,18,104.55523358871842
9,S7,19,105.47178566771862
9,S7,20,98.04828576797735
9,S7,21,84.72662940007478
9,S7,22,69.01822724576698
9,S7,23,64.94223106588467
9,S7,24,54.76569460265659
9,S8,1,43.206631530664524
9,S8,2,40.89336087028879
9,S8,3,39.08714259227815
9,S8,4,37.651517659542485
9,S8,5,41.2219209758146
9,S8,6,41.98429586316274
9,S8,7,49.251366689409224
9,S8,8,56.24497633924754
9,S8,9,64.75775510188615
9,S8,10,65.17491328935425
9,S8,11,68.80099812647194
9,S8,12,68.06856530962506
9,S8,13,66.0837544110468
9,S8,14,70.43161972391273
9,S8,15,73.57949985876519
9,S8,16,75.90056966862433
9,S8,17,85.0005611702098
9,S8,18,88.48639951576229
9,S8,19,93.007648627253
9,S8,20,84.7822848047491
9,S8,21,76.52880757787327
9,S8,22,65.57587901866609
9,S8,23,56.89143677167531
9,S8,24,46.59149178422559
9,S9,1,59.83429970810046
9,S9,2,54.89480789543622
9,S9,3,57.67404283274177
9,S9,4,53.18794181954276
9,S9,5,53.34549783708071
9,S9,6,60.3945485048773
9,S9,7,68.84592005657208
9,S9,8,81.10699934156577
9,S9,9,95.14661380948537
9,S9,10,97.02630761456024
9,S9,11,97.49229888540206
9,S9,12,90.95603217688726
9,S9,13,91.45777645783087
9,S9,14,93.47232884079924
9,S9,15,97.981680419891
9,S9,16,109.41483178426762
9,S9,17,121.37097709041751
9,S9,18,123.59985110117987
9,S9,19,128.2958915417552
9,S9,20,121.06073803043512
9,S9,21,109.14709657462625
9,S9,22,89.3545567838119
9,S9,23,80.94254867553146
9,S9,24,65.0854992442817
9,S10,1,45.76065536484657
9,S10,2,41.67111170481438
9,S10,3,39.18867284559839
9,S10,4,41.41321310778739
9,S10,5,40.23617519451241
9,S10,6,43.793467416076574
9,S10,7,50.69030465218278
9,S10,8,59.68117309201352
9,S10,9,65.13746758091347
9,S10,10,70.71468894910919
9,S10,11,71.9538682014672
9,S10,12,68.05457892038201
9,S10,13,66.17914888278123
9,S10,14,67.6348441108142
9,S10,15,77.96947746520361
9,S10,16,81.88927706474176
9,S10,17,89.59549299985514
9,S10,18,96.26065262377873
9,S10,19,96.17661984791182
9,S10,20,91.94170750644436
9,S10,21,77.0982895478159
9,S10,22,65.24597446141624
9,S10,23,57.313692634087424
9,S10,24,50.10895099751621
9,S11,1,45.543235738169486
9,S11,2,42.77315518437031
9,S11,3,43.156931051197994
9,S11,4,40.43515139136599
9,S11,5,45.989823658428115
9,S11,6,46.750102345088855
9,S11,7,56.080942867004
9,S11,8,66.15394644502963
9,S11,9,68.48421146620665
9,S11,10,74.54308177094187
9,S11,11,75.24030463934926
9,S11,12,77.91931687953732
9,S11,13,76.72040461007754
9,S11,14,75.4839135331267
9,S11,15,77.11801965467627
9,S11,16,83.99653959989725
9,S11,17,95.03066175999075
9,S11,18,94.49955317660586
9,S11,19,103.49212214133404
9,S11,20,94.29142212522007
9,S11,21,83.10068139154818
9,S11,22,71.9059175904984
9,S11,23,62.595435349075565
9,S11,24,50.68652401822318
9,S12,1,65.97307196262807
9,S12,2,65.43761181506483
9,S12,3,59.47291565291077
9,S12,4,62.53868346505161
9,S12,5,59.41089057873646
9,S12,6,65.99033769094605
9,S12,7,78.85613962115659
9,S12,8,89.34018346395162
9,S12,9,103.9815785565245
9,S12,10,110.73470258847094
9,S12,11,105.55226506294373
9,S12,12,104.59901542126494
9,S12,13,108.30018914088056
9,S12,14,101.76563506190762
9,S12,15,108.66626236050361
9,S12,16,117.88266672657171
9,S12,17,126.58664311166874
9,S12,18,140.1080936251996
9,S12,19,144.38759619021246
9,S12,20,131.36084400643165
9,S12,21,116.81263414838298
9,S12,22,96.69261550125512
9,S12,23,81.84890456766503
9,S12,24,73.86138744114122
10,S1,1,1.7400845033694483
10,S1,2,1.6657737871483218
10,S1,3,1.6415873734240254
10,S1,4,1.5277419403074937
10,S1,5,1.5699291649913538
10,S1,6,1.7315767550129781
10,S1,7,2.154189337894794
10,S1,8,2.282265161156501
10,S1,9,2.6995870274256366
10,S1,10,2.8764716274034074
10,S1,11,2.7364643093844894
10,S1,12,2.7428592947799446
10,S1,13,2.7246480740933117
10,S1,14,2.6745910918526716
10,S1,15,3.1040396140081974
10,S1,16,3.1722077935492963
10,S1,17,3.4925409214993213
10,S1,18,3.5335911599010825
10,S1,19,3.5573630746032743
10,S1,20,3.5389630972524793
10,S1,21,3.0980350383844146
10,S1,22,2.5260800640626457
10,S1,23,2.303567490522833
10,S1,24,2.0091922249220873
10,S2,1,1.4228851004468317
10,S2,2,1.3560819177328545
10,S2,3,1.2237347534706189
10,S2,4,1.2061141139603784
10,S2,5,1.324979102345908
10,S2,6,1.4001068948196962
10,S2,7,1.6499149234324089
10,S2,8,1.8989252392536764
10,S2,9,2.109371222622091
10,S2,10,2.2460016394376643
10,S2,11,2.2534435485607087
10,S2,12,2.1639365863659887
10,S2,13,2.2317989623622765
10,S2,14,2.285959608421571
10,S2,15,2.2798533686970788
10,S2,16,2.550187489229226
10,S2,17,2.720950677464861
10,S2,18,2.7568166476269167
10,S2,19,3.0734931747653347
10,S2,20,2.665042523255868
10,S2,21,2.389615138493155
10,S2,22,2.101166323267399
10,S2,23,1.8735557718925429
10,S2,24,1.5277863732090746
10,S3,1,1.70144003311001
10,S3,2,1.5742885418962913
10,S3,3,1.4277742295257494
10,S3,4,1.4806215862715
10,S3,5,1.4637642681996417
10,S3,6,1.6434283457221548
10,S3,7,1.8781089087699778
10,S3,8,2.110217900286345
10,S3,9,2.5404620964054447
10,S3,10,2.5761457720423895
10,S3,11,2.6992117439113374
10,S3,12,2.637661997329427
10,S3,13,2.5832257211925125
10,S3,14,2.550779033977054
10,S3,15,2.7894820330805086
10,S3,16,3.0050124066222583
10,S3,17,3.1677447175074303
10,S3,18,3.442530232242782
10,S3,19,3.2718727107874046
10,S3,20,3.2268455150177706
10,S3,21,2.881814532077028
10,S3,22,2.332828105791187
10,S3,23,2.0868266038771335
10,S3,24,1.775987665470157
10,S4,1,1.2085135664546294
10,S4,2,1.1275874985711207
10,S4,3,1.1493970019307527
10,S4,4,1.1418123877864539
10,S4,5,1.1842629885595068
10,S4,6,1.262048165886075
10,S4,7,1.4533482331529937
10,S4,8,1.636777509337917
10,S4,9,1.904955283218256
10,S4,10,1.9340185324669157
10,S4,11,1.9418484552614912
10,S4,12,1.925490677506311
10,S4,13,1.9228697655712614
10,S4,14,1.9181668092986355
10,S4,15,2.1806897914739807
10,S4,16,2.345071434355927
10,S4,17,2.331070665691703
10,S4,18,2.657266634864091
10,S4,19,2.6745155864928463
10,S4,20,2.5784906131575416
10,S4,21,2.2323075962719106
10,S4,22,1.9323463351878263
10,S4,23,1.6570382805012709
10,S4,24,1.4017261261281373
10,S5,1,1.5146002008253832
10,S5,2,1.426226273520167
10,S5,3,1.4158328385930907
10,S5,4,1.4001540843430458
10,S5,5,1.3884024809272812
10,S5,6,1.505134860737361
10,S5,7,1.7672695383381778
10,S5,8,2.0038072819462145
10,S5,9,2.386345805738566
10,S5,10,2.3917562314959095
10,S5,11,2.379293469723427
10,S5,12,2.430615585794196
10,S5,13,2.4563335513932274
10,S5,14,2.4694173691343715
10,S5,15,2.7172781738996505
10,S5,16,2.741121235978144
10,S5,17,3.037538152417879
10,S5,18,3.1995862171278753
10,S5,19,3.3871575978455413
10,S5,20,2.9134557459129065
10,S5,21,2.7323486659681935
10,S5,22,2.2057526510738725
10,S5,23,1.874585039533519
10,S5,24,1.6409574459656942
10,S6,1,1.369442295211333
10,S6,2,1.2386833847693723
10,S6,3,1.1699870740496356
10,S6,4,1.212288513430637
10,S6,5,1.2388649705085097
10,S6,6,1.2854890620361072
10,S6,7,1.5976142314448387
10,S6,8,1.8604031648112522
10,S6,9,2.043429548783042
10,S6,10,2.0520889412804584
10,S6,11,2.1869087590912653
10,S6,12,1.9852178284291608
10,S6,13,2.059467169227381
10,S6,14,2.0647274802598607
10,S6,15,2.3106996169181713
10,S6,16,2.358256523719443
10,S6,17,2.6318503599768865
10,S6,18,2.5997705227811814
10,S6,19,2.6720677552549352
10,S6,20,2.633284586263241
10,S6,21,2.2857118462905195
10,S6,22,1.8988258147831347
10,S6,23,1.6133113251555158
10,S6,24,1.497734546650592
10,S7,1,1.4595779677067755
10,S7,2,1.3480678757424829
10,S7,3,1.2653916672482672
10,S7,4,1.2688951476153825
10,S7,5,1.2921117870911545
10,S7,6,1.492170536997158
10,S7,7,1.6754847411734284
10,S7,8,1.9703137667065391
10,S7,9,2.1671240486550905
10,S7,10,2.3243716982739673
10,S7,11,2.367071182934442
10,S7,12,2.268677560832985
10,S7,13,2.221483320670639
10,S7,14,2.290704676669274
10,S7,15,2.385540656225817
10,S7,16,2.711289051527892
10,S7,17,2.9130441583228563
10,S7,18,2.887108851566891
10,S7,19,3.244365017764547
10,S7,20,2.761790322915463
10,S7,21,2.6596540174865866
10,S7,22,2.1491434523579978
10,S7,23,1.8270589611172452
10,S7,24,1.6406011517665422
10,S8,1,1.2341139923206086
10,S8,2,1.2367587724721671
10,S8,3,1.114701578182312
10,S8,4,1.2064562488595945
10,S8,5,1.1467121967877556
10,S8,6,1.3433423240978648
10,S8,7,1.5062674883309592
10,S8,8,1.82195458207183
10,S8,9,2.0213024500257024
10,S8,10,1.95092631869167
10,S8,11,2.0826863412589303
10,S8,12,2.1107104814525526
10,S8,13,1.9333700705044827
10,S8,14,2.0442781020512877
10,S8,15,2.096167295191272
10,S8,16,2.398827777223908
10,S8,17,2.5937235002291064
10,S8,18,2.7400064084590414
10,S8,19,2.661521538711366
10,S8,20,2.6483398041179806
10,S8,21,2.1597577421408785
10,S8,22,1.9009874312633386
10,S8,23,1.6644969246846737
10,S8,24,1.4071285613506908
10,S9,1,1.7670356392909274
10,S9,2,1.6703796321960414
10,S9,3,1.613997541468488
10,S9,4,1.7115631101172462
10,S9,5,1.610457958865906
10,S9,6,1.8997543384930553
10,S9,7,2.066382245383023
10,S9,8,2.4389213907399165
10,S9,9,2.700323003965422
10,S9,10,2.9512643947966763
10,S9,11,2.8582995234807003
10,S9,12,2.8613029534877263
10,S9,13,2.805070750265343
10,S9,14,2.827522457715555
10,S9,15,2.948091742358603
10,S9,16,3.289397464966418
10,S9,17,3.5287836301317994
10,S9,18,3.949730707575654
10,S9,19,3.7536811169208817
10,S9,20,3.7460001560736758
10,S9,21,3.2433331462921418
10,S9,22,2.8555672138707564
10,S9,23,2.3200148998995056
10,S9,24,2.0216532179875824
10,S10,1,1.3830206927498458
10,S10,2,1.2583077567015086
10,S10,3,1.2462105732124606
10,S10,4,1.2017092481029885
10,S10,5,1.2573473149755632
10,S10,6,1.3956046518580527
10,S10,7,1.5687515506985337
10,S10,8,1.7962849262606164
10,S10,9,1.9928543057283417
10,S10,10,2.234582041371731
10,S10,11,2.1026455261380397
10,S10,12,2.024575882422518
10,S10,13,2.167057778013707
10,S10,14,2.2444725704551822
10,S10,15,2.1906970738832228
10,S10,16,2.531777497571257
10,S10,17,2.7093699620356992
10,S10,18,2.729476889598126
10,S10,19,2.8058003459963494
10,S10,20,2.7177401984309904
10,S10,21,2.3861675521463206
10,S10,22,1.9185854616217712
10,S10,23,1.7728232174720722
10,S10,24,1.471468462619598
10,S11,1,1.5073571690210286
10,S11,2,1.3232228161005009
10,S11,3,1.2754398104511584
10,S11,4,1.2457363661230438
10,S11,5,1.2819774139010922
10,S11,6,1.5263423826874303
10,S11,7,1.6690603546791267
10,S11,8,1.9269190951773343
10,S11,9,2.1653325318945034
10,S11,10,2.2713047016427153
10,S11,11,2.434731397628594
10,S11,12,2.208735666588224
10,S11,13,2.3036572503756974
10,S11,14,2.2518719586977043
10,S11,15,2.3746603142982745
10,S11,16,2.535715119678516
10,S11,17,2.685488972595949
10,S11,18,2.982743163140247
10,S11,19,2.960464229691625
10,S11,20,2.900247996170919
10,S11,21,2.4099581725273227
10,S11,22,2.07713190069177
10,S11,23,1.7991482054407082
10,S11,24,1.6446709773988089
10,S12,1,2.037499648854624
10,S12,2,1.8352018960847174
10,S12,3,1.7815815837744229
10,S12,4,1.8818769411535232
10,S12,5,1.9064546517667895
10,S12,6,2.082298377829986
10,S12,7,2.3351156401393753
10,S12,8,2.868181726602297
10,S12,9,3.1046875439930735
10,S12,10,3.26941375307596
10,S12,11,3.1512634066500165
10,S12,12,3.3119669031619594
10,S12,13,3.2784429737710488
10,S12,14,3.161281510399894
10,S12,15,3.3822370931535306
10,S12,16,3.6658811325722636
10,S12,17,3.8168304096857066
10,S12,18,4.148978840878822
10,S12,19,4.4795741363272805
10,S12,20,3.9554210734980138
10,S12,21,3.725088563892784
10,S12,22,3.097660513609945
10,S12,23,2.5068826855237427
10,S12,24,2.207933557173513
11,S1,1,0.0
11,S1,2,0.0
11,S1,3,0.0
11,S1,4,0.0
11,S1,5,0.0
11,S1,6,0.0
11,S1,7,0.0
11,S1,8,0.0
11,S1,9,0.0
11,S1,10,0.0
11,S1,11,0.0
11,S1,12,0.0
11,S1,13,0.0
11,S1,14,0.0
11,S1,15,0.0
11,S1,16,0.0
11,S1,17,0.0
11,S1,18,0.0
11,S1,19,0.0
11,S1,20,0.0
11,S1,21,0.0
11,S1,22,0.0
11,S1,23,0.0
11,S1,24,0.0
11,S2,1,0.0
11,S2,2,0.0
11,S2,3,0.0
11,S2,4,0.0
11,S2,5,0.0
11,S2,6,0.0
11,S2,7,0.0
11,S2,8,0.0
11,S2,9,0.0
11,S2,10,0.0
11,S2,11,0.0
11,S2,12,0.0
11,S2,13,0.0
11,S2,14,0.0
11,S2,15,0.0
11,S2,16,0.0
11,S2,17,0.0
11,S2,18,0.0
11,S2,19,0.0
11,S2,20,0.0
11,S2,21,0.0
11,S2,22,0.0
11,S2,23,0.0
11,S2,24,0.0
11,S3,1,0.0
11,S3,2,0.0
11,S3,3,0.0
11,S3,4,0.0
11,S3,5,0.0
11,S3,6,0.0
11,S3,7,0.0
11,S3,8,0.0
11,S3,9,0.0
11,S3,10,0.0
11,S3,11,0.0
11,S3,12,0.0
11,S3,13,0.0
11,S3,14,0.0
11,S3,15,0.0
11,S3,16,0.0
11,S3,17,0.0
11,S3,18,0.0
11,S3,19,0.0
11,S3,20,0.0
11,S3,21,0.0
11,S3,22,0.0
11,S3,23,0.0
11,S3,24,0.0
11,S4,1,0.0
11,S4,2,0.0
11,S4,3,0.0
11,S4,4,0.0
11,S4,5,0.0
11,S4,6,0.0
11,S4,7,0.0
11,S4,8,0.0
11,S4,9,0.0
11,S4,10,0.0
11,S4,11,0.0
11,S4,12,0.0
11,S4,13,0.0
11,S4,14,0.0
11,S4,15,0.0
11,S4,16,0.0
11,S4,17,0.0
11,S4,18,0.0
11,S4,19,0.0
11,S4,20,0.0
11,S4,21,0.0
11,S4,22,0.0
11,S4,23,0.0
11,S4,24,0.0
11,S5,1,0.0
11,S5,2,0.0
11,S5,3,0.0
11,S5,4,0.0
11,S5,5,0.0
11,S5,6,0.0
11,S5,7,0.0
11,S5,8,0.0
11,S5,9,0.0
11,S5,10,0.0
11,S5,11,0.0
11,S5,12,0.0
11,S5,13,0.0
11,S5,14,0.0
11,S5,15,0.0
11,S5,16,0.0
11,S5,17,0.0
11,S5,18,0.0
11,S5,19,0.0
11,S5,20,0.0
11,S5,21,0.0
11,S5,22,0.0
11,S5,23,0.0
11,S5,24,0.0
11,S6,1,0.0
11,S6,2,0.0
11,S6,3,0.0
11,S6,4,0.0
11,S6,5,0.0
11,S6,6,0.0
11,S6,7,0.0
11,S6,8,0.0
11,S6,9,0.0
11,S6,10,0.0
11,S6,11,0.0
11,S6,12,0.0
11,S6,13,0.0
11,S6,14,0.0
11,S6,15,0.0
11,S6,16,0.0
11,S6,17,0.0
11,S6,18,0.0
11,S6,19,0.0
11,S6,20,0.0
11,S6,21,0.0
11,S6,22,0.0
11,S6,23,0.0
11,S6,24,0.0
11,S7,1,0.0
11,S7,2,0.0
11,S7,3,0.0
11,S7,4,0.0
11,S7,5,0.0
11,S7,6,0.0
11,S7,7,0.0
11,S7,8,0.0
11,S7,9,0.0
11,S7,10,0.0
11,S7,11,0.0
11,S7,12,0.0
11,S7,13,0.0
11,S7,14,0.0
11,S7,15,0.0
11,S7,16,0.0
11,S7,17,0.0
11,S7,18,0.0
11,S7,19,0.0
11,S7,20,0.0
11,S7,21,0.0
11,S7,22,0.0
11,S7,23,0.0
11,S7,24,0.0
11,S8,1,0.0
11,S8,2,0.0
11,S8,3,0.0
11,S8,4,0.0
11,S8,5,0.0
11,S8,6,0.0
11,S8,7,0.0
11,S8,8,0.0
11,S8,9,0.0
11,S8,10,0.0
11,S8,11,0.0
11,S8,12,0.0
11,S8,13,0.0
11,S8,14,0.0
11,S8,15,0.0
11,S8,16,0.0
11,S8,17,0.0
11,S8,18,0.0
11,S8,19,0.0
11,S8,20,0.0
11,S8,21,0.0
11,S8,22,0.0
11,S8,23,0.0
11,S8,24,0.0
11,S9,1,0.0
11,S9,2,0.0
11,S9,3,0.0
11,S9,4,0.0
11,S9,5,0.0
11,S9,6,0.0
11,S9,7,0.0
11,S9,8,0.0
11,S9,9,0.0
11,S9,10,0.0
11,S9,11,0.0
11,S9,12,0.0
11,S9,13,0.0
11,S9,14,0.0
11,S9,15,0.0
11,S9,16,0.0
11,S9,17,0.0
11,S9,18,0.0
11,S9,19,0.0
11,S9,20,0.0
11,S9,21,0.0
11,S9,22,0.0
11,S9,23,0.0
11,S9,24,0.0
11,S10,1,0.0
11,S10,2,0.0
11,S10,3,0.0
11,S10,4,0.0
11,S10,5,0.0
11,S10,6,0.0
11,S10,7,0.0
11,S10,8,0.0
11,S10,9,0.0
11,S10,10,0.0
11,S10,11,0.0
11,S10,12,0.0
11,S10,13,0.0
11,S10,14,0.0
11,S10,15,0.0
11,S10,16,0.0
11,S10,17,0.0
11,S10,18,0.0
11,S10,19,0.0
11,S10,20,0.0
11,S10,21,0.0
11,S10,22,0.0
11,S10,23,0.0
11,S10,24,0.0
11,S11,1,0.0
11,S11,2,0.0
11,S11,3,0.0
11,S11,4,0.0
11,S11,5,0.0
11,S11,6,0.0
11,S11,7,0.0
11,S11,8,0.0
11,S11,9,0.0
11,S11,10,0.0
11,S11,11,0.0
11,S11,12,0.0
11,S11,13,0.0
11,S11,14,0.0
11,S11,15,0.0
11,S11,16,0.0
11,S11,17,0.0
11,S11,18,0.0
11,S11,19,0.0
11,S11,20,0.0
11,S11,21,0.0
11,S11,22,0.0
11,S11,23,0.0
11,S11,24,0.0
11,S12,1,0.0
11,S12,2,0.0
11,S12,3,0.0
11,S12,4,0.0
11,S12,5,0.0
11,S12,6,0.0
11,S12,7,0.0
11,S12,8,0.0
11,S12,9,0.0
11,S12,10,0.0
11,S12,11,0.0
11,S12,12,0.0
11,S12,13,0.0
11,S12,14,0.0
11,S12,15,0.0
11,S12,16,0.0
11,S12,17,0.0
11,S12,18,0.0
11,S12,19,0.0
11,S12,20,0.0
11,S12,21,0.0
11,S12,22,0.0
11,S12,23,0.0
11,S12,24,0.0
12,S1,1,179.72889430704578
12,S1,2,178.70444219832618
12,S1,3,160.79492800181723
12,S1,4,166.6395877250763
12,S1,5,175.25636993613574
12,S1,6,189.00905167531806
12,S1,7,213.54261533911608
12,S1,8,239.7637047412936
12,S1,9,282.33506722470673
12,S1,10,287.8486991242252
12,S1,11,291.2274750065663
12,S1,12,285.0836317799617
12,S1,13,275.51468441371424
12,S1,14,276.87714836131005
12,S1,15,291.4454533798718
12,S1,16,336.9908924158625
12,S1,17,364.7438646013966
12,S1,18,373.18852082013075
12,S1,19,366.11480625923707
12,S1,20,345.8520268269748
12,S1,21,306.72534036835117
12,S1,22,279.7076307867663
12,S1,23,238.72453679968007
12,S1,24,209.83046195563836
12,S2,1,139.49333440940327
12,S2,2,141.49166433224042
12,S2,3,131.76722193734065
12,S2,4,128.20859726393186
12,S2,5,134.26737111048644
12,S2,6,151.27042139640176
12,S2,7,169.8472324924906
12,S2,8,196.0245790342036
12,S2,9,215.69469767475707
12,S2,10,221.96546931254412
12,S2,11,239.45224491889996
12,S2,12,220.35844257428454
12,S2,13,228.3457738290988
12,S2,14,217.44560296943698
12,S2,15,241.70623128738507
12,S2,16,255.75762930068217
12,S2,17,272.8977454581088
12,S2,18,296.45326465138425
12,S2,19,316.8497463278951
12,S2,20,287.00253998070076
12,S2,21,263.1504716673864
12,S2,22,223.15547409528804
12,S2,23,183.72180688166705
12,S2,24,162.44812190784532
12,S3,1,161.58320597184047
12,S3,2,161.1402728600745
12,S3,3,145.48857233994272
12,S3,4,149.31034482045183
12,S3,5,147.65277387975195
12,S3,6,176.48095403671684
12,S3,7,193.95840983899748
12,S3,8,215.87029004168994
12,S3,9,261.038260353416
12,S3,10,252.0750105869944
12,S3,11,275.36308067997476
12,S3,12,260.90404855660273
12,S3,13,270.4907000082214
12,S3,14,272.95069927929063
12,S3,15,279.7458402443101
12,S3,16,289.7617579444116
12,S3,17,320.73112157827256
12,S3,18,339.29140625918666
12,S3,19,339.6410780369401
12,S3,20,321.00462253167024
12,S3,21,294.9012170705807
12,S3,22,249.07629289630682
12,S3,23,202.25794812653737
12,S3,24,193.67226326289332
12,S4,1,125.3194139787043
12,S4,2,122.85659652653561
12,S4,3,120.97955593836433
12,S4,4,109.05807322269753
12,S4,5,112.94354944302063
12,S4,6,128.8146495820139
12,S4,7,143.37068562164438
12,S4,8,174.00554000842178
12,S4,9,197.5439686776159
12,S4,10,201.12745768166468
12,S4,11,201.2713512682066
12,S4,12,211.14198295283109
12,S4,13,195.73090841335554
12,S4,14,198.07676474440782
12,S4,15,209.33082324964096
12,S4,16,239.97906690560671
12,S4,17,248.5642004962619
12,S4,18,271.41793586264816
12,S4,19,272.94065065988326
12,S4,20,252.073627618052
12,S4,21,224.42569167868146
12,S4,22,183.71195242594447
12,S4,23,164.3007808475434
12,S4,24,146.43367853298395
12,S5,1,164.50098843155806
12,S5,2,152.9329937028376
12,S5,3,140.43835693627273
12,S5,4,145.3058696443471
12,S5,5,140.7323060698781
12,S5,6,165.25934180612367
12,S5,7,187.1900328213559
12,S5,8,213.29570035108412
12,S5,9,238.89699124004514
12,S5,10,240.87014457962428
12,S5,11,246.47620210366227
12,S5,12,242.5783183341952
12,S5,13,244.06992159958133
12,S5,14,241.74802677973628
12,S5,15,260.9612520161335
12,S5,16,276.46443568934444
12,S5,17,316.84018011522807
12,S5,18,341.78434893147374
12,S5,19,328.987386645743
12,S5,20,326.76848712353143
12,S5,21,271.0273176092451
12,S5,22,241.11013980419222
12,S5,23,201.69741599902946
12,S5,24,181.58662026825778
12,S6,1,130.22234183439062
12,S6,2,133.71869301589786
12,S6,3,127.61278130751033
12,S6,4,125.9923026760013
12,S6,5,128.62250971244714
12,S6,6,142.7876233859626
12,S6,7,162.36735937925005
12,S6,8,187.83797134366858
12,S6,9,198.75635908760617
12,S6,10,225.1735157757969
12,S6,11,215.34787656691316
12,S6,12,221.94084412243015
12,S6,13,207.8755448569612
12,S6,14,205.2690443733764
12,S6,15,223.71073574852912
12,S6,16,252.6895565038486
12,S6,17,259.3634272464083
12,S6,18,274.98728946392083
12,S6,19,274.9110596243728
12,S6,20,281.3783670500955
12,S6,21,226.32061584731355
12,S6,22,212.34634714294515
12,S6,23,177.6595910257315
12,S6,24,154.30006538921364
12,S7,1,145.9016403105563
12,S7,2,143.25861321283847
12,S7,3,133.20272603543376
12,S7,4,137.22885777274863
12,S7,5,143.33416928710398
12,S7,6,150.87098523028314
12,S7,7,181.32752122268565
12,S7,8,202.45243166620662
12,S7,9,235.27492639629025
12,S7,10,232.50934124805005
12,S7,11,249.91868173774438
12,S7,12,247.74985328211923
12,S7,13,228.20342662928772
12,S7,14,245.7338078384482
12,S7,15,246.06900908947023
12,S7,16,286.46637260423825
12,S7,17,306.46269615648356
12,S7,18,310.66171412452985
12,S7,19,312.009248966104
12,S7,20,312.67257400596543
12,S7,21,261.1830894538679
12,S7,22,232.85004856258527
12,S7,23,187.17830388854384
12,S7,24,169.01748258262498
12,S8,1,128.80592013509406
12,S8,2,129.5489871822645
12,S8,3,118.10715548801
12,S8,4,119.16746304119333
12,S8,5,122.31812732744068
12,S8,6,137.91749053820396
12,S8,7,147.69420252016968
12,S8,8,187.86014878131832
12,S8,9,205.70822471545733
12,S8,10,207.47123509505087
12,S8,11,209.62895041058235
12,S8,12,199.4194661004342
12,S8,13,200.48991526387317
12,S8,14,212.73015520663031
12,S8,15,230.03903451468895
12,S8,16,237.5365053299929
12,S8,17,263.2903931268006
12,S8,18,272.0965814619814
12,S8,19,267.40665471199554
12,S8,20,264.12803694944967
12,S8,21,229.41476576198684
12,S8,22,193.21575500741662
12,S8,23,170.90691521758544
12,S8,24,144.78680235124034
12,S9,1,191.3642848277734
12,S9,2,169.16013296942756
12,S9,3,176.6578748498178
12,S9,4,161.62209423879494
12,S9,5,173.33829116603806
12,S9,6,200.46498436929298
12,S9,7,230.78088696511978
12,S9,8,252.26218246881442
12,S9,9,290.7999345861606
12,S9,10,313.08804523637815
12,S9,11,291.2049613721954
12,S9,12,294.82296646366285
12,S9,13,297.999149866759
12,S9,14,296.6505203386595
12,S9,15,314.9771486108888
12,S9,16,335.85981592233753
12,S9,17,368.0278231451476
12,S9,18,396.4768968672057
12,S9,19,413.49021273752317
12,S9,20,358.16656785921845
12,S9,21,341.84011394909714
12,S9,22,274.98835018851247
12,S9,23,248.93160924586496
12,S9,24,206.27778706698228
12,S10,1,133.810704462337
12,S10,2,137.09795981854407
12,S10,3,124.6561967486545
12,S10,4,129.149129371766
12,S10,5,126.74751541479851
12,S10,6,136.82567104483172
12,S10,7,162.2507764402343
12,S10,8,193.15560450843287
12,S10,9,203.11431062150464
12,S10,10,215.07119734494552
12,S10,11,231.80725599929278
12,S10,12,224.0242319874319
12,S10,13,221.72232557699664
12,S10,14,229.45247480515303
12,S10,15,236.11012514480558
12,S10,16,242.76203741378
12,S10,17,277.2810402548465
12,S10,18,281.4965609079879
12,S10,19,297.0205402063789
12,S10,20,272.9632991075682
12,S10,21,235.26861154313718
12,S10,22,215.26740971993303
12,S10,23,172.8580237013917
12,S10,24,148.6841527320546
12,S11,1,155.68640510762958
12,S11,2,137.1411155289873
12,S11,3,136.04520695487227
12,S11,4,129.42025592028665
12,S11,5,134.4071513846422
12,S11,6,152.3659425739728
12,S11,7,174.54003320695972
12,S11,8,201.2914722810278
12,S11,9,224.06928906301863
12,S11,10,233.66829642709976
12,S11,11,238.69422381629647
12,S11,12,225.96811303767765
12,S11,13,219.12037986586918
12,S11,14,236.40184949520906
12,S11,15,252.38807680895192
12,S11,16,262.17164725993587
12,S11,17,278.3598142785199
12,S11,18,310.9338086229834
12,S11,19,305.55242714429045
12,S11,20,285.5948327655119
12,S11,21,254.90525410434805
12,S11,22,231.7655853060018
12,S11,23,189.31597958336354
12,S11,24,162.81302757335922
12,S12,1,200.09873802479325
12,S12,2,204.16563159577305
12,S12,3,183.49538387919776
12,S12,4,194.8955804185112
12,S12,5,202.9744778351231
12,S12,6,207.5385421026912
12,S12,7,250.38435541299964
12,S12,8,273.9375782737462
12,S12,9,303.0701212184299
12,S12,10,343.6244123028723
12,S12,11,327.7345513108672
12,S12,12,324.1361738040927
12,S12,13,311.4467433600839
12,S12,14,340.67295615966515
12,S12,15,366.8378997231383
12,S12,16,378.97606256702454
12,S12,17,408.07823759581277
12,S12,18,437.7932518230884
12,S12,19,459.374151635682
12,S12,20,409.2962408588832
12,S12,21,374.9412889626684
12,S12,22,326.6510777875396
12,S12,23,281.52865992269
12,S12,24,244.61458524012477
13,S1,1,6.510962413593715
13,S1,2,5.992441165891622
13,S1,3,5.726037248107806
13,S1,4,5.726314742497279
13,S1,5,6.000754001848189
13,S1,6,6.695392575018818
13,S1,7,7.603237684298334
13,S1,8,8.923986772118564
13,S1,9,9.526107540322608
13,S1,10,9.966337241623403
13,S1,11,10.684473896723215
13,S1,12,9.541531383832513
13,S1,13,10.235882482334322
13,S1,14,9.724187300889632
13,S1,15,10.681959025337319
13,S1,16,11.434046393213402
13,S1,17,12.520550184015972
13,S1,18,13.45257521527518
13,S1,19,13.45899146122443
13,S1,20,12.061370669319494
13,S1,21,10.95810004562301
13,S1,22,9.281499083482608
13,S1,23,7.815193042803108
13,S1,24,6.980671719333983
13,S2,1,4.930299238675469
13,S2,2,4.666729523014443
13,S2,3,4.63549797589263
13,S2,4,4.538389706863461
13,S2,5,4.607257860289531
13,S2,6,5.261037131693487
13,S2,7,5.72584456585218
13,S2,8,7.1146512699682445
13,S2,9,7.568173193967406
13,S2,10,7.668512562321473
13,S2,11,7.864278031265655
13,S2,12,7.654983785149978
13,S2,13,8.032312027937
13,S2,14,7.8497833770008665
13,S2,15,8.603109773873754
13,S2,16,8.721861845563703
13,S2,17,9.797752914448344
13,S2,18,10.774709984312535
13,S2,19,10.28929318877636
13,S2,20,9.797694075273975
13,S2,21,8.610910749215538
13,S2,22,7.424806938573925
13,S2,23,6.283775670094131
13,S2,24,5.881331162719507
13,S3,1,5.66492571705166
13,S3,2,5.283898318295669
13,S3,3,5.165496414823312
13,S3,4,5.035328842875713
13,S3,5,5.1140095646628065
13,S3,6,5.666695893852142
13,S3,7,6.8397339020387955
13,S3,8,8.216199199882245
13,S3,9,9.068219683498045
13,S3,10,9.537146105982385
13,S3,11,9.412479461704834
13,S3,12,9.583710971609763
13,S3,13,8.907960900051952
13,S3,14,9.216137933240711
13,S3,15,9.939267954331749
13,S3,16,10.188411648388191
13,S3,17,11.789509568097118
13,S3,18,11.509067370569174
13,S3,19,11.707687496595426
13,S3,20,12.029589693080876
13,S3,21,10.056349222863767
13,S3,22,9.02083968433661
13,S3,23,7.4309079400674
13,S3,24,6.7313188992460855
13,S4,1,4.636087510004037
13,S4,2,4.3050251650367315
13,S4,3,3.9972313756694065
13,S4,4,4.1070771156317605
13,S4,5,4.265486745659111
13,S4,6,4.6971496723557875
13,S4,7,5.388351267940202
13,S4,8,6.129176988988452
13,S4,9,6.711109386045248
13,S4,10,6.994728724704969
13,S4,11,7.140715433854079
13,S4,12,7.2570471350844965
13,S4,13,7.167886042771132
13,S4,14,7.317550864177276
13,S4,15,7.752625474991788
13,S4,16,8.363995319228327
13,S4,17,8.988973419090398
13,S4,18,9.535459303301543
13,S4,19,9.175931939153957
13,S4,20,8.708116763765375
13,S4,21,7.610922490455185
13,S4,22,6.559512683712943
13,S4,23,5.7611231811424135
13,S4,24,5.232726103742579
13,S5,1,5.3896148592880015
13,S5,2,5.0083441583756505
13,S5,3,5.243427731432405
13,S5,4,5.088851820355801
13,S5,5,5.108692474037768
13,S5,6,5.648812477094171
13,S5,7,6.212075630201021
13,S5,8,7.740249490629964
13,S5,9,8.475960324780056
13,S5,10,8.962897733944805
13,S5,11,8.809212159247767
13,S5,12,9.128273751099327
13,S5,13,8.32924705806753
13,S5,14,9.202933807833547
13,S5,15,8.913107725815102
13,S5,16,10.46251053181113
13,S5,17,11.077048457491127
13,S5,18,11.735566186825283
13,S5,19,12.103828127360275
13,S5,20,11.480746048410609
13,S5,21,9.992917057121213
13,S5,22,8.651750735107075
13,S5,23,7.120413332729647
13,S5,24,6.42975436577001
13,S6,1,4.579665700730062
13,S6,2,4.477026031771301
13,S6,3,4.157077981453632
13,S6,4,4.12951833886212
13,S6,5,4.582599341112664
13,S6,6,4.993412567099273
13,S6,7,5.8040545088550894
13,S6,8,6.706629094914141
13,S6,9,7.293365915750199
13,S6,10,7.64421419707707
13,S6,11,7.840839437087602
13,S6,12,7.7201566156256
13,S6,13,7.594028948595796
13,S6,14,7.394939464033949
13,S6,15,7.704237918119641
13,S6,16,8.553593172097699
13,S6,17,9.128719292208014
13,S6,18,9.620293162382728
13,S6,19,10.020165762269077
13,S6,20,9.093898805367443
13,S6,21,8.55462008358555
13,S6,22,7.3197948794021475
13,S6,23,5.9178323002907725
13,S6,24,5.346274805115762
13,S7,1,5.457018807076883
13,S7,2,5.090278500068031
13,S7,3,4.780998863315058
13,S7,4,4.653033712229416
13,S7,5,4.9641554020834455
13,S7,6,5.413498489174001
13,S7,7,5.957297169401124
13,S7,8,7.25737707822222
13,S7,9,7.828170717428384
13,S7,10,8.40531924195612
13,S7,11,8.928891543270279
13,S7,12,8.461527797868797
13,S7,13,8.39954277013759
13,S7,14,8.024905456228687
13,S7,15,9.009019741830222
13,S7,16,9.113989187547906
13,S7,17,10.477126568479807
13,S7,18,10.572159424905214
13,S7,19,11.118486817939795
13,S7,20,10.621135633496174
13,S7,21,8.891213382037982
13,S7,22,7.8475178904393355
13,S7,23,6.846207861694972
13,S7,24,6.000847622914274
13,S8,1,4.579200839634929
13,S8,2,4.312314621478923
13,S8,3,4.351905528555985
13,S8,4,4.314403735735109
13,S8,5,4.175996738259253
13,S8,6,4.68263461246622
13,S8,7,5.293143016872237
13,S8,8,6.2461151253052645
13,S8,9,7.26192462959265
13,S8,10,7.149634450334566
13,S8,11,7.731810312966332
13,S8,12,7.630102750389615
13,S8,13,7.548404033920735
13,S8,14,7.638563801622309
13,S8,15,8.224680319278802
13,S8,16,8.388567340476552
13,S8,17,8.877499055935733
13,S8,18,9.674723881597112
13,S8,19,10.213832884563166
13,S8,20,8.78217189508388
13,S8,21,8.227895005182388
13,S8,22,6.739660792174658
13,S8,23,5.747322686396794
13,S8,24,5.114377378503161
13,S9,1,6.434842058617419
13,S9,2,6.423235802592401
13,S9,3,5.76222740022753
13,S9,4,6.096061095911444
13,S9,5,5.92629703480657
13,S9,6,7.002065788132811
13,S9,7,7.821798394655353
13,S9,8,8.999819820363248
13,S9,9,9.719969308745197
13,S9,10,10.360652032647726
13,S9,11,11.01791406783731
13,S9,12,10.032255859825895
13,S9,13,10.506174027977158
13,S9,14,10.560369318456022
13,S9,15,10.91787328243657
13,S9,16,12.080926385800712
13,S9,17,13.400623207282393
13,S9,18,14.140289747117095
13,S9,19,14.171368328246967
13,S9,20,13.029128856105608
13,S9,21,11.987559656486084
13,S9,22,9.902523007777766
13,S9,23,8.397178203736274
13,S9,24,7.140635323943957
13,S10,1,4.957860263500151
13,S10,2,4.739116190942596
13,S10,3,4.568554145058066
13,S10,4,4.176997736894927
13,S10,5,4.340564729398289
13,S10,6,5.075122804227825
13,S10,7,5.407613256842019
13,S10,8,6.386913734180823
13,S10,9,7.410234870461263
13,S10,10,7.763300164319215
13,S10,11,7.5454670183416015
13,S10,12,7.486364476091603
13,S10,13,7.579364783661973
13,S10,14,7.374542833209626
13,S10,15,8.021535130516064
13,S10,16,8.459903814635194
13,S10,17,8.991505684939417
13,S10,18,10.261375778132276
13,S10,19,10.20595303409697
13,S10,20,9.608960261681629
13,S10,21,8.579612453272414
13,S10,22,7.2263414009153895
13,S10,23,6.278474706093927
13,S10,24,5.240562007425803
13,S11,1,5.393116689453541
13,S11,2,4.654246774298416
13,S11,3,4.474622888799096
13,S11,4,4.8118436176435475
13,S11,5,4.955863886995594
13,S11,6,5.370388198851958
13,S11,7,6.135665398515306
13,S11,8,6.782015244094119
13,S11,9,7.673284660980582
13,S11,10,8.258645913765594
13,S11,11,8.536635750155822
13,S11,12,8.393103832043735
13,S11,13,7.980218093628022
13,S11,14,8.396946090531973
13,S11,15,9.079453274072906
13,S11,16,9.547517535049487
13,S11,17,10.442583052934658
13,S11,18,10.453748807282702
13,S11,19,11.096184798757275
13,S11,20,9.793137601878017
13,S11,21,9.089012426928274
13,S11,22,7.444106638398146
13,S11,23,6.382321145205287
13,S11,24,5.516831068863363
13,S12,1,7.506784705482114
13,S12,2,6.827849188429561
13,S12,3,6.790244304188534
13,S12,4,6.350586163908676
13,S12,5,6.623713858499596
13,S12,6,7.509997014858405
13,S12,7,8.400738053599056
13,S12,8,10.020978645109986
13,S12,9,10.496774093781175
13,S12,10,11.714278494351412
13,S12,11,12.197698639114785
13,S12,12,11.156531856168836
13,S12,13,10.909545072311312
13,S12,14,11.099737378529943
13,S12,15,12.80161091809634
13,S12,16,12.913856157730814
13,S12,17,14.746423439285902
13,S12,18,14.536478933305782
13,S12,19,15.589164664101762
13,S12,20,15.178641353997396
13,S12,21,12.351500054121262
13,S12,22,11.051597988454057
13,S12,23,9.625018417812367
13,S12,24,7.9328296467952955
14,S1,1,3.7377192936450183
14,S1,2,3.5568349892985487
14,S1,3,3.469689706300909
14,S1,4,3.2764822357178938
14,S1,5,3.5227440852127705
14,S1,6,3.8869602947218405
14,S1,7,4.194431159002992
14,S1,8,5.2271146354835585
14,S1,9,5.499202371713619
14,S1,10,5.790313457621574
14,S1,11,5.991425937440181
14,S1,12,6.017957368618119
14,S1,13,5.737911935586929
14,S1,14,5.666272466038644
14,S1,15,6.116807769160496
14,S1,16,6.80115744156867
14,S1,17,7.028180080763042
14,S1,18,7.295655096251709
14,S1,19,7.517221616128169
14,S1,20,7.62537207190477
14,S1,21,6.476713713323113
14,S1,22,5.690670280559516
14,S1,23,4.886411088791856
14,S1,24,4.052329742255989
14,S2,1,2.8096343541740536
14,S2,2,2.7416298386505487
14,S2,3,2.7636137003591754
14,S2,4,2.5559557317547656
14,S2,5,2.788142347569936
14,S2,6,2.931407796311622
14,S2,7,3.362466989913793
14,S2,8,3.8947294904595284
14,S2,9,4.417657598050562
14,S2,10,4.502474734961919
14,S2,11,4.7462881838333155
14,S2,12,4.454021202745559
14,S2,13,4.489906658243739
14,S2,14,4.434720161089215
14,S2,15,4.8016323308530975
14,S2,16,5.156958631348121
14,S2,17,5.892821300898042
14,S2,18,6.28854038177144
14,S2,19,6.0208559785394025
14,S2,20,5.887097773758442
14,S2,21,4.938917085509102
14,S2,22,4.160800747739267
14,S2,23,3.785698498901864
14,S2,24,3.429321889740792
14,S3,1,3.4970715299967665
14,S3,2,3.2269003790992
14,S3,3,3.196005743055884
14,S3,4,3.082855292941384
14,S3,5,3.1739524521541798
14,S3,6,3.3844178950498356
14,S3,7,3.7935559857542662
14,S3,8,4.6506815393338
14,S3,9,5.333289014038436
14,S3,10,5.151886611555957
14,S3,11,5.647655346688928
14,S3,12,5.577893023342051
14,S3,13,5.176303302650394
14,S3,14,5.121269320726981
14,S3,15,5.71237379742254
14,S3,16,5.890570576451966
14,S3,17,6.328784125241288
14,S3,18,6.9448597400682575
14,S3,19,7.02284026731265
14,S3,20,6.838128933589377
14,S3,21,5.972705390515891
14,S3,22,5.169387497851259
14,S3,23,4.475800854566655
14,S3,24,3.6996654304615335
14,S4,1,2.6506036506038533
14,S4,2,2.3792769653072323
14,S4,3,2.3430870854762125
14,S4,4,2.372539193732232
14,S4,5,2.458554209319845
14,S4,6,2.6491214311331635
14,S4,7,3.1448387483100984
14,S4,8,3.429520677379141
14,S4,9,3.9645412300426184
14,S4,10,4.041286625170799
14,S4,11,4.22879325500087
14,S4,12,4.227003145379405
14,S4,13,4.089290169534004
14,S4,14,4.1950013158605906
14,S4,15,4.6314832562066925
14,S4,16,4.722897823946491
14,S4,17,5.12120954433239
14,S4,18,5.573163658434048
14,S4,19,5.542499282435236
14,S4,20,5.377593223379116
14,S4,21,4.420572830733165
14,S4,22,3.835650243463441
14,S4,23,3.4211077323930055
14,S4,24,2.9671053977306037
14,S5,1,3.231376631892539
14,S5,2,2.9446782727453638
14,S5,3,2.9691750441397167
14,S5,4,2.839828546861659
14,S5,5,2.9979225046097393
14,S5,6,3.414521924224931
14,S5,7,3.8885331225343056
14,S5,8,4.483504413246922
14,S5,9,5.009111102915163
14,S5,10,5.365689998746688
14,S5,11,5.209444380453617
14,S5,12,4.986539825266727
14,S5,13,5.153056141147946
14,S5,14,5.015850433652287
14,S5,15,5.534332243275648
14,S5,16,5.796744950615486
14,S5,17,6.28620048913146
14,S5,18,6.583362861704035
14,S5,19,6.666130180181585
14,S5,20,6.546097993684974
14,S5,21,5.594662358360784
14,S5,22,5.000195612980941
14,S5,23,4.008869162870523
14,S5,24,3.683385494186801
14,S6,1,2.7833542063568624
14,S6,2,2.5942970807592194
14,S6,3,2.6246043745883023
14,S6,4,2.434143558081064
14,S6,5,2.523445091330369
14,S6,6,2.8517028511402827
14,S6,7,3.2951977683406413
14,S6,8,3.849036864617389
14,S6,9,4.167788741749542
14,S6,10,4.262247349729436
14,S6,11,4.476757991701989
14,S6,12,4.292882601270983
14,S6,13,4.443792152511752
14,S6,14,4.4347612893649915
14,S6,15,4.890204584630242
14,S6,16,4.85596645061839
14,S6,17,5.577418043256927
14,S6,18,5.662161682176787
14,S6,19,6.066909649850562
14,S6,20,5.273236145270349
14,S6,21,4.949029195979117
14,S6,22,4.245075625665392
14,S6,23,3.4968630349499596
14,S6,24,3.1087394330181217
14,S7,1,3.087346248506005
14,S7,2,2.9868006485542384
14,S7,3,2.913744007581839
14,S7,4,2.7474887130043135
14,S7,5,2.7726193772213974
14,S7,6,3.2125169456311915
14,S7,7,3.483860439083602
14,S7,8,4.28156445044634
14,S7,9,4.583384644303552
14,S7,10,5.082315348534647
14,S7,11,4.89855896933465
14,S7,12,4.661769482224017
14,S7,13,4.894811875236612
14,S7,14,4.823863409063125
14,S7,15,5.28964370588755
14,S7,16,5.661797309156353
14,S7,17,5.7205665951162175
14,S7,18,6.508231667521429
14,S7,19,6.2511888283741674
14,S7,20,6.389084328979289
14,S7,21,5.392425174999664
14,S7,22,4.7793779938490415
14,S7,23,3.9769426731695647
14,S7,24,3.405053023239013
14,S8,1,2.6989388577863527
14,S8,2,2.6519894284105523
14,S8,3,2.5134924591430057
14,S8,4,2.367197531714427
14,S8,5,2.5553323043511162
14,S8,6,2.6751722147208845
14,S8,7,3.2527815199411996
14,S8,8,3.666752213597019
14,S8,9,4.070924728626785
14,S8,10,4.128058423736981
14,S8,11,4.3703744452912
14,S8,12,4.3245098885091355
14,S8,13,4.218205763395431
14,S8,14,4.100900032152299
14,S8,15,4.758296872484061
14,S8,16,5.089860158876116
14,S8,17,5.423847772462617
14,S8,18,5.82913698540334
14,S8,19,5.910549568640757
14,S8,20,5.4091132427101005
14,S8,21,4.890797913221042
14,S8,22,4.132492484180825
14,S8,23,3.6451250571674576
14,S8,24,2.97759575681551
14,S9,1,3.8475811978125622
14,S9,2,3.576691172513851
14,S9,3,3.4768824881406566
14,S9,4,3.3859684085308084
14,S9,5,3.675775444190262
14,S9,6,3.865601665136635
14,S9,7,4.555050908689702
14,S9,8,4.99505037929103
14,S9,9,5.563408006553468
14,S9,10,6.025021337441401
14,S9,11,6.292371997594468
14,S9,12,5.979492591462792
14,S9,13,6.134935311439965
14,S9,14,6.152836281799137
14,S9,15,6.638132449413416
14,S9,16,6.720696025199216
14,S9,17,7.17930203047097
14,S9,18,8.319089687414115
14,S9,19,8.279498351015512
14,S9,20,7.589511756608966
14,S9,21,6.801562860577847
14,S9,22,5.507952675132973
14,S9,23,4.852478266015811
14,S9,24,4.133431575901792
14,S10,1,2.7411874839220682
14,S10,2,2.542155784643546
14,S10,3,2.660558176966187
14,S10,4,2.4280362750693487
14,S10,5,2.6275946279433318
14,S10,6,2.8559759860569156
14,S10,7,3.383400752240027
14,S10,8,3.8196593918794264
14,S10,9,4.079373183970419
14,S10,10,4.713751799782943
14,S10,11,4.561913624062151
14,S10,12,4.641155396852753
14,S10,13,4.277769914314472
14,S10,14,4.6544701769231
14,S10,15,4.689261493732866
14,S10,16,4.928973497456534
14,S10,17,5.340087081657954
14,S10,18,5.807117600857898
14,S10,19,5.767878092979785
14,S10,20,5.432352613692445
14,S10,21,5.152459312937621
14,S10,22,4.120772455730655
14,S10,23,3.568273709734262
14,S10,24,3.1624634112467382
14,S11,1,3.039602902663733
14,S11,2,2.97612127645408
14,S11,3,2.727013655523712
14,S11,4,2.633858057091199
14,S11,5,2.7815724060154685
14,S11,6,2.9339667899936837
14,S11,7,3.5419957147394423
14,S11,8,4.302939136160047
14,S11,9,4.406109115173061
14,S11,10,4.617030022353706
14,S11,11,4.924029594331026
14,S11,12,4.661318027723912
14,S11,13,4.675738314259877
14,S11,14,4.654762728105281
14,S11,15,5.084911611619515
14,S11,16,5.336255251324327
14,S11,17,5.666783164633859
14,S11,18,6.274427364633092
14,S11,19,6.637687938470244
14,S11,20,5.717581804288878
14,S11,21,5.164510594062827
14,S11,22,4.404341174731165
14,S11,23,4.041549690016819
14,S11,24,3.3732575458126077
14,S12,1,4.234236765622641
14,S12,2,4.021090241847779
14,S12,3,4.0294849998073365
14,S12,4,3.7186077725855897
14,S12,5,3.94411094560367
14,S12,6,4.4202848920831554
14,S12,7,4.975507445464018
14,S12,8,5.822309270814719
14,S12,9,6.3404354743438756
14,S12,10,6.716123311698787
14,S12,11,7.131437697372125
14,S12,12,6.453127598383796
14,S12,13,6.3423592249432135
14,S12,14,6.475787466641471
14,S12,15,7.06119296016185
14,S12,16,7.996527577275672
14,S12,17,8.270742687629138
14,S12,18,8.729031094545318
14,S12,19,9.154078669623315
14,S12,20,8.633729849355168
14,S12,21,7.416319660521788
14,S12,22,6.429461162284319
14,S12,23,5.258299767421653
14,S12,24,4.702010109885035
15,S1,1,10.602503656382236
15,S1,2,9.766887099395563
15,S1,3,9.80945616591027
15,S1,4,9.893016457992463
15,S1,5,9.71928881326032
15,S1,6,10.396561658727403
15,S1,7,12.733163450178601
15,S1,8,14.975391186597259
15,S1,9,15.47522182952385
15,S1,10,16.660311711238048
15,S1,11,17.534932018494107
15,S1,12,16.58204062044209
15,S1,13,16.18354536623549
15,S1,14,16.76416030945314
15,S1,15,18.131281803457647
15,S1,16,19.071540809789884
15,S1,17,19.90802381076567
15,S1,18,20.977074005353153
15,S1,19,21.87367595594572
15,S1,20,20.23335880240693
15,S1,21,17.71342969721428
15,S1,22,15.76989160600622
15,S1,23,13.819372230988936
15,S1,24,11.494987310344145
15,S2,1,8.73052158904007
15,S2,2,7.953426862090113
15,S2,3,7.947253177898547
15,S2,4,7.207516177874735
15,S2,5,7.844294658235716
15,S2,6,8.45148473928313
15,S2,7,9.731389060955117
15,S2,8,11.328847486938116
15,S2,9,12.59328531551646
15,S2,10,13.229886805769052
15,S2,11,14.193434793806093
15,S2,12,13.354437023984053
15,S2,13,13.525428245907547
15,S2,14,12.926729894991043
15,S2,15,13.77968461449424
15,S2,16,14.702504166002344
15,S2,17,16.251981989802772
15,S2,18,16.45564581608247
15,S2,19,17.88845547237635
15,S2,20,17.386899692850907
15,S2,21,14.129514227440264
15,S2,22,12.39715096565697
15,S2,23,10.48230723742915
15,S2,24,9.712132382680117
15,S3,1,9.449426429823973
15,S3,2,8.962427955257882
15,S3,3,8.799333844782074
15,S3,4,8.258700522127477
15,S3,5,8.693527224076782
15,S3,6,9.759614900464774
15,S3,7,11.32062514407966
15,S3,8,13.223965323006276
15,S3,9,15.223215098649225
15,S3,10,14.65971240476254
15,S3,11,14.95502720493683
15,S3,12,15.448677659271002
15,S3,13,14.458993264136522
15,S3,14,16.07714770105679
15,S3,15,15.766362035445427
15,S3,16,18.40743342634624
15,S3,17,17.999951540644666
15,S3,18,18.980508337926192
15,S3,19,20.93637973452583
15,S3,20,18.695358337711884
15,S3,21,16.175149850894154
15,S3,22,14.550695136720105
15,S3,23,12.461906002885886
15,S3,24,10.861719663105399
15,S4,1,7.446997338117871
15,S4,2,6.78846240666382
15,S4,3,6.528866298362519
15,S4,4,6.5914363190405645
15,S4,5,7.240590062082419
15,S4,6,7.994423666797707
15,S4,7,9.014483554442226
15,S4,8,10.427552878200995
15,S4,9,11.08627901584969
15,S4,10,11.512192483746432
15,S4,11,12.644026193843766
15,S4,12,11.319814490769597
15,S4,13,11.723722162165766
15,S4,14,11.785525282203821
15,S4,15,13.177730835649191
15,S4,16,13.296341147682755
15,S4,17,13.932946455129668
15,S4,18,15.012826563855898
15,S4,19,15.435192381205441
15,S4,20,14.133637990670394
15,S4,21,12.587728456256816
15,S4,22,11.086816589989605
15,S4,23,9.564553974769613
15,S4,24,8.274712384409712
15,S5,1,9.576596810871955
15,S5,2,8.87212526121603
15,S5,3,8.456406935358215
15,S5,4,8.189939429919876
15,S5,5,8.550276918325022
15,S5,6,9.359387705674887
15,S5,7,11.058942170372255
15,S5,8,12.085038613259945
15,S5,9,13.712825670812515
15,S5,10,14.68780821007455
15,S5,11,14.82003588933014
15,S5,12,14.161189673686698
15,S5,13,14.728379491405994
15,S5,14,15.423269757240448
15,S5,15,16.056852389685897
15,S5,16,16.55799160725689
15,S5,17,17.28363988959213
15,S5,18,19.74172338714943
15,S5,19,19.26872355676094
15,S5,20,19.06129299004661
15,S5,21,16.380909131452007
15,S5,22,13.677352678144436
15,S5,23,12.164059704925062
15,S5,24,10.068853722968154
15,S6,1,8.086378255879993
15,S6,2,7.811882977890152
15,S6,3,7.53634990346354
15,S6,4,7.361124824453081
15,S6,5,7.061097314515843
15,S6,6,8.16173092311256
15,S6,7,8.808629062539238
15,S6,8,11.283916194183677
15,S6,9,11.894995574995415
15,S6,10,12.90175398638553
15,S6,11,13.396842947048576
15,S6,12,12.546670804607514
15,S6,13,12.04745467803908
15,S6,14,12.04716795153964
15,S6,15,12.933920557169527
15,S6,16,14.170155009680014
15,S6,17,15.051456501620994
15,S6,18,16.918064480168702
15,S6,19,16.643101952791312
15,S6,20,15.9779175576683
15,S6,21,13.36714662779323
15,S6,22,11.32837985413527
15,S6,23,10.011996347881926
15,S6,24,8.82485768034266
15,S7,1,9.149992784910202
15,S7,2,7.880639899032175
15,S7,3,8.155842659910357
15,S7,4,8.128459518506679
15,S7,5,8.02288831741044
15,S7,6,8.823603628268165
15,S7,7,9.967313997744023
15,S7,8,11.58017946494444
15,S7,9,13.329753789415562
15,S7,10,14.292876100896425
15,S7,11,14.364697985367593
15,S7,12,13.458043168042797
15,S7,13,13.35709666366221
15,S7,14,13.488858560798468
15,S7,15,14.212623776726891
15,S7,16,16.43492014406999
15,S7,17,17.60043730665988
15,S7,18,17.308224855093165
15,S7,19,18.853337667955614
15,S7,20,18.296300068441052
15,S7,21,15.068589800344048
15,S7,22,12.546931924957056
15,S7,23,10.832362353247294
15,S7,24,9.837874105607773
15,S8,1,8.161930594176896
15,S8,2,7.357902805849786
15,S8,3,6.7060431017326785
15,S8,4,6.685912451960808
15,S8,5,7.310182270709979
15,S8,6,8.05062204714269
15,S8,7,8.853055037329005
15,S8,8,10.058638665523498
15,S8,9,11.838220000106421
15,S8,10,12.863914236875084
15,S8,11,12.897655529342344
15,S8,12,11.807953598311212
15,S8,13,12.572175191812228
15,S8,14,12.613550204420092
15,S8,15,13.37540000592553
15,S8,16,14.259408961471086
15,S8,17,15.105249775033679
15,S8,18,15.917325537185643
15,S8,19,16.78611571150835
15,S8,20,15.2799203303378
15,S8,21,13.215119564917217
15,S8,22,11.060806699886253
15,S8,23,9.465908752142047
15,S8,24,8.895490300712112
15,S9,1,10.955587454091777
15,S9,2,10.409780577868187
15,S9,3,9.967907074687648
15,S9,4,10.101915225558079
15,S9,5,9.800844146774361
15,S9,6,11.69512600069512
15,S9,7,13.017682341690907
15,S9,8,14.330024737035858
15,S9,9,16.790798890991276
15,S9,10,18.32486916966434
15,S9,11,17.742498777420966
15,S9,12,17.24234751814158
15,S9,13,17.15117855191611
15,S9,14,16.904171913802465
15,S9,15,18.26275534198836
15,S9,16,20.50777510977383
15,S9,17,22.032863344054004
15,S9,18,21.82553233197714
15,S9,19,24.115170606900897
15,S9,20,22.4865158556173
15,S9,21,18.735016922798895
15,S9,22,16.6768833019501
15,S9,23,13.776727865790905
15,S9,24,12.803711638004136
15,S10,1,8.51096018634305
15,S10,2,7.908492947962512
15,S10,3,7.343586743381167
15,S10,4,7.5630193939665675
15,S10,5,7.854967205264743
15,S10,6,8.018874340803372
15,S10,7,9.69848913435636
15,S10,8,10.752459598688434
15,S10,9,11.646374806393654
15,S10,10,12.882406270893831
15,S10,11,13.569045234465156
15,S10,12,13.38060591189772
15,S10,13,12.535841092739629
15,S10,14,12.565611538859233
15,S10,15,13.34661358772061
15,S10,16,14.247645226516193
15,S10,17,15.671949367039666
15,S10,18,17.434495584182553
15,S10,19,17.263836350558876
15,S10,20,16.42846093781056
15,S10,21,14.02983443487968
15,S10,22,12.139561307905053
15,S10,23,9.880682395101855
15,S10,24,9.198853009151755
15,S11,1,8.304932229340391
15,S11,2,8.225456288088996
15,S11,3,8.206750228832828
15,S11,4,7.419926611309889
15,S11,5,8.17608330102014
15,S11,6,8.843493367844134
15,S11,7,10.080420950665236
15,S11,8,11.555839262719955
15,S11,9,13.048142271369066
15,S11,10,14.083309814124473
15,S11,11,13.658282728361188
15,S11,12,13.896506023137086
15,S11,13,13.466749235623883
15,S11,14,14.384250000529585
15,S11,15,14.89090900464735
15,S11,16,15.876001536984933
15,S11,17,16.20559272784961
15,S11,18,17.51874398930427
15,S11,19,18.48726865514611
15,S11,20,17.0072958960728
15,S11,21,15.03287091398682
15,S11,22,12.979945371404176
15,S11,23,11.191545040424392
15,S11,24,9.953222132664541
15,S12,1,12.492495772635326
15,S12,2,11.307591601348271
15,S12,3,11.347641563251836
15,S12,4,10.577006171374572
15,S12,5,11.524975958421338
15,S12,6,12.92538410404955
15,S12,7,14.503083334267615
15,S12,8,16.941102241531706
15,S12,9,18.733016343353636
15,S12,10,19.859853644863716
15,S12,11,20.251346992289015
15,S12,12,19.465588301138894
15,S12,13,19.042629570747998
15,S12,14,20.209273902831168
15,S12,15,20.225452745645207
15,S12,16,22.199383931999062
15,S12,17,23.842643005535766
15,S12,18,24.189602601754146
15,S12,19,25.312602602767292
15,S12,20,23.83847703227124
15,S12,21,21.197088600888332
15,S12,22,17.966250175376743
15,S12,23,16.290460466228375
15,S12,24,13.475848511356288
16,S1,1,20.71293194899439
16,S1,2,18.552709600772605
16,S1,3,19.463753742266658
16,S1,4,19.328275279838277
16,S1,5,18.443251696654034
16,S1,6,21.50051470448365
16,S1,7,25.20543847601895
16,S1,8,28.780901358576756
16,S1,9,32.631269234050166
16,S1,10,32.05316728009892
16,S1,11,34.982933990501024
16,S1,12,31.87437649928484
16,S1,13,32.993022152851665
16,S1,14,32.190072160526036
16,S1,15,35.13306427300868
16,S1,16,35.685407671123414
16,S1,17,39.5652723044965
16,S1,18,44.579073402233206
16,S1,19,45.64310494428278
16,S1,20,39.07147740023609
16,S1,21,35.086936222288536
16,S1,22,31.528645253967362
16,S1,23,26.82825493329211
16,S1,24,23.502011519641446
16,S2,1,17.22343714710051
16,S2,2,14.862369501878344
16,S2,3,14.87824725843521
16,S2,4,14.167717530315867
16,S2,5,15.029585639542804
16,S2,6,17.00938931333666
16,S2,7,19.493220356178977
16,S2,8,22.17459367356338
16,S2,9,24.36089294255145
16,S2,10,26.258570870816826
16,S2,11,26.874760850919273
16,S2,12,25.621688537753354
16,S2,13,25.981044803308585
16,S2,14,25.009177617536828
16,S2,15,26.806644125705443
16,S2,16,29.29915603300526
16,S2,17,30.64409630570288
16,S2,18,32.145843222897604
16,S2,19,35.84746802560868
16,S2,20,33.42041770068259
16,S2,21,28.239395362340225
16,S2,22,24.131346589475076
16,S2,23,20.45519871752109
16,S2,24,18.56033330043303
16,S3,1,18.577029801327694
16,S3,2,17.1171449908152
16,S3,3,16.91175741366458
16,S3,4,16.916623171567103
16,S3,5,18.166860024857673
16,S3,6,19.56729647813
16,S3,7,21.71947542070001
16,S3,8,25.953383707249287
16,S3,9,29.36459248899717
16,S3,10,30.06874465333567
16,S3,11,30.228765248233522
16,S3,12,29.666038260251998
16,S3,13,28.537339906420737
16,S3,14,30.981030101214458
16,S3,15,33.09664931148608
16,S3,16,35.0734719565078
16,S3,17,36.05786493310261
16,S3,18,38.90111495610729
16,S3,19,39.976575227508604
16,S3,20,38.967858396880615
16,S3,21,31.904184563619356
16,S3,22,27.018134035055155
16,S3,23,24.965217385371577
16,S3,24,20.641663496663845
16,S4,1,14.165979346129255
16,S4,2,13.472978958182356
16,S4,3,13.496062723235484
16,S4,4,12.805733112596597
16,S4,5,13.949359695957241
16,S4,6,14.577124133575415
16,S4,7,17.438011980932526
16,S4,8,19.79260815936399
16,S4,9,22.40726263405773
16,S4,10,24.21389510882653
16,S4,11,24.215976767389925
16,S4,12,22.57847075070345
16,S4,13,23.47510644791516
16,S4,14,24.093589925947278
16,S4,15,25.14635208836141
16,S4,16,25.479569167806385
16,S4,17,27.654886355362766
16,S4,18,29.354266546695058
16,S4,19,29.792788364863952
16,S4,20,29.18171507215638
16,S4,21,25.583091790020752
16,S4,22,21.413044844160034
16,S4,23,18.736679837092243
16,S4,24,17.024340882755368
16,S5,1,18.53355276653913
16,S5,2,17.257750556205863
16,S5,3,16.02126980652692
16,S5,4,16.749547662034406
16,S5,5,16.154750535093054
16,S5,6,18.890263673094335
16,S5,7,20.39793043302294
16,S5,8,24.680968676501863
16,S5,9,27.73040332063697
16,S5,10,27.931710417778557
16,S5,11,29.70353162435757
16,S5,12,28.4728393256706
16,S5,13,27.895560472306304
16,S5,14,28.36576981146415
16,S5,15,31.328352537399347
16,S5,16,32.569907146330024
16,S5,17,34.98997274227365
16,S5,18,35.82911255858914
16,S5,19,38.69944359723639
16,S5,20,35.50475791090326
16,S5,21,32.445218867927196
16,S5,22,26.404499227767666
16,S5,23,23.813326959296145
16,S5,24,20.15989052222496
16,S6,1,15.922860966880014
16,S6,2,14.124261959029349
16,S6,3,14.510690433284763
16,S6,4,14.030167270890717
16,S6,5,14.779218691261072
16,S6,6,16.22650077043619
16,S6,7,18.251284553232704
16,S6,8,21.432600393875056
16,S6,9,24.088418531004155
16,S6,10,24.92781822104483
16,S6,11,26.28266001615756
16,S6,12,24.893591347683387
16,S6,13,23.140311344871428
16,S6,14,23.79517880811226
16,S6,15,26.26307460454412
16,S6,16,29.543024576194362
16,S6,17,29.564606957321487
16,S6,18,31.983863628524293
16,S6,19,31.26064850493877
16,S6,20,31.184623431897595
16,S6,21,27.1760039699067
16,S6,22,22.756254756018485
16,S6,23,19.646353366624307
16,S6,24,17.521955934863538
16,S7,1,17.06385294646805
16,S7,2,16.1926351723126
16,S7,3,16.412912759668547
16,S7,4,16.07948588415549
16,S7,5,16.271730137363598
16,S7,6,17.933619879467535
16,S7,7,19.16836741396492
16,S7,8,23.995208345204336
16,S7,9,26.895695333422072
16,S7,10,26.18920115191711
16,S7,11,27.923947817350545
16,S7,12,27.49080923470741
16,S7,13,26.205095658581058
16,S7,14,27.978092194747678
16,S7,15,30.12050891554685
16,S7,16,31.727701987567322
16,S7,17,34.262631395838824
16,S7,18,34.82369673484833
16,S7,19,35.839813567639595
16,S7,20,33.531243171034966
16,S7,21,29.524581203001254
16,S7,22,25.399587325453307
16,S7,23,22.406816428853357
16,S7,24,20.214567517349614
16,S8,1,15.715674907665683
16,S8,2,14.012156113651884
16,S8,3,13.460615002990513
16,S8,4,14.006202107946551
16,S8,5,13.892282653056313
16,S8,6,14.915481183645074
16,S8,7,17.462174108205147
16,S8,8,20.222436824004536
16,S8,9,22.843688748609402
16,S8,10,23.28083996898712
16,S8,11,23.979814319745852
16,S8,12,23.841171119066107
16,S8,13,23.222026789683273
16,S8,14,25.22187562214068
16,S8,15,24.891135874283897
16,S8,16,26.776530573413392
16,S8,17,29.59625093191923
16,S8,18,31.49038059193073
16,S8,19,32.65414198662662
16,S8,20,30.227231234176134
16,S8,21,26.366939297750065
16,S8,22,21.83404857399568
16,S8,23,18.602394311079287
16,S8,24,16.461476168742088
16,S9,1,21.94044944825123
16,S9,2,21.233723474226306
16,S9,3,19.40988908732799
16,S9,4,18.942712687844693
16,S9,5,19.745255315281838
16,S9,6,22.14270358642909
16,S9,7,25.201137290092312
16,S9,8,30.120215987926514
16,S9,9,33.348729368293554
16,S9,10,35.216256471934024
16,S9,11,33.527635388069015
16,S9,12,33.99848459371233
16,S9,13,33.76119255763057
16,S9,14,35.805780902904644
16,S9,15,37.239541131995225
16,S9,16,37.904487305615376
16,S9,17,41.01256358223391
16,S9,18,45.53630550894083
16,S9,19,45.00152132927764
16,S9,20,44.607275094757426
16,S9,21,35.87746251320883
16,S9,22,30.69336637368443
16,S9,23,28.775251901288012
16,S9,24,23.043354737413594
16,S10,1,16.14409802903825
16,S10,2,15.00554062416743
16,S10,3,14.46016942934956
16,S10,4,13.896362247568511
16,S10,5,13.916841897540609
16,S10,6,16.385664056494377
16,S10,7,18.26771134504962
16,S10,8,20.825839756804896
16,S10,9,24.074287609867106
16,S10,10,24.259433300105368
16,S10,11,25.421287190945893
16,S10,12,25.675674124939356
16,S10,13,25.747604016543235
16,S10,14,24.605479443907118
16,S10,15,25.500073497401203
16,S10,16,28.269930072810045
16,S10,17,30.09930644652391
16,S10,18,33.26150053159817
16,S10,19,34.31872202559992
16,S10,20,32.20630138440409
16,S10,21,27.030077179484998
16,S10,22,23.295722318014693
16,S10,23,20.405140005171177
16,S10,24,18.26701987826158
16,S11,1,17.330231780983258
16,S11,2,15.596337952845724
16,S11,3,14.743102454112005
16,S11,4,15.515309730736146
16,S11,5,15.365241191628483
16,S11,6,16.934855985027205
16,S11,7,19.653057167866994
16,S11,8,22.238982723473093
16,S11,9,26.072872702299318
16,S11,10,27.36395971290879
16,S11,11,26.361825519344723
16,S11,12,26.2630254281163
16,S11,13,25.2152873642048
16,S11,14,25.638088403077276
16,S11,15,28.992288632174866
16,S11,16,29.386863774589568
16,S11,17,31.28866343410128
16,S11,18,35.94456662621334
16,S11,19,35.55250466104949
16,S11,20,33.27664095985547
16,S11,21,30.82439498498209
16,S11,22,26.29355670030782
16,S11,23,21.669779573062794
16,S11,24,18.939240571584037
16,S12,1,23.047007418975557
16,S12,2,23.239380046003475
16,S12,3,21.1724535602705
16,S12,4,21.25772734454323
16,S12,5,23.108026420778224
16,S12,6,25.27357267906288
16,S12,7,26.592280710777867
16,S12,8,32.4508566883746
16,S12,9,36.61484477442161
16,S12,10,39.18143549898747
16,S12,11,39.530836919825866
16,S12,12,38.47216684106073
16,S12,13,35.74479780363558
16,S12,14,37.37163571502031
16,S12,15,39.93335145297955
16,S12,16,42.886310614984374
16,S12,17,45.73779033825312
16,S12,18,49.422104621890995
16,S12,19,48.113236055809935
16,S12,20,46.25641283992164
16,S12,21,40.63098737958644
16,S12,22,34.270004563318636
16,S12,23,29.969179745359355
16,S12,24,27.147109842191806
17,S1,1,19.442655382751756
17,S1,2,18.45315535338714
17,S1,3,18.747424885529135
17,S1,4,17.599729813988063
17,S1,5,18.60305055710614
17,S1,6,21.204828214317946
17,S1,7,22.88701918601348
17,S1,8,26.549393676023083
17,S1,9,30.644709177358894
17,S1,10,33.41288798504642
17,S1,11,32.78535569963745
17,S1,12,32.189352204923395
17,S1,13,32.8298000872071
17,S1,14,30.938187244846397
17,S1,15,35.605839300337614
17,S1,16,37.12285718922329
17,S1,17,38.574129662359766
17,S1,18,43.00648891487155
17,S1,19,41.156288816602306
17,S1,20,38.4754609254062
17,S1,21,35.98338904359245
17,S1,22,28.782506217819147
17,S1,23,26.65409972423427
17,S1,24,22.910534403349004
17,S2,1,16.288155059032082
17,S2,2,15.137520373755159
17,S2,3,14.873062986552776
17,S2,4,14.534729960576511
17,S2,5,15.443567183586906
17,S2,6,16.463670894807194
17,S2,7,18.71044696788624
17,S2,8,21.458347823066777
17,S2,9,23.4958945194533
17,S2,10,26.43152177067756
17,S2,11,25.552917464741203
17,S2,12,23.9438424153137
17,S2,13,23.639028407934337
17,S2,14,26.11871540724997
17,S2,15,27.499802239779104
17,S2,16,29.69926278373779
17,S2,17,32.45596472870664
17,S2,18,31.62772628943671
17,S2,19,34.184130466425785
17,S2,20,31.544773658552813
17,S2,21,27.638165341121997
17,S2,22,22.6778726500835
17,S2,23,21.365158974282743
17,S2,24,18.1983138352259
17,S3,1,17.850096067268804
17,S3,2,16.671970374440637
17,S3,3,15.998340920788204
17,S3,4,16.369315796038308
17,S3,5,16.40116456448861
17,S3,6,18.79635874371062
17,S3,7,20.90622000069105
17,S3,8,24.462989760176885
17,S3,9,28.092812406071815
17,S3,10,28.72134853665616
17,S3,11,31.464950354435942
17,S3,12,29.510307247959336
17,S3,13,28.727134653718366
17,S3,14,28.940406296906065
17,S3,15,32.636405095463004
17,S3,16,33.25560564490056
17,S3,17,34.65858941799405
17,S3,18,36.4874157224692
17,S3,19,38.73053034418946
17,S3,20,37.97448950832153
17,S3,21,33.308146183508875
17,S3,22,28.17668956410654
17,S3,23,22.57614172405528
17,S3,24,21.10199356285051
17,S4,1,14.075071374844741
17,S4,2,13.618974077947843
17,S4,3,13.43518099709526
17,S4,4,12.489023009218016
17,S4,5,13.01350746998499
17,S4,6,15.118649487317647
17,S4,7,16.395864101314203
17,S4,8,19.2555023479613
17,S4,9,20.62819973351387
17,S4,10,22.811776740305163
17,S4,11,23.2626029596735
17,S4,12,23.20277484465195
17,S4,13,21.357813231131747
17,S4,14,23.059076690717134
17,S4,15,23.24203993993981
17,S4,16,25.040810347825193
17,S4,17,27.556819194446017
17,S4,18,28.87867425526355
17,S4,19,30.654058855071984
17,S4,20,28.685965487092144
17,S4,21,23.953563451212872
17,S4,22,20.77248375351211
17,S4,23,19.06444245793727
17,S4,24,16.2606306776649
17,S5,1,18.496641661168447
17,S5,2,16.377872566190575
17,S5,3,15.917984100553314
17,S5,4,16.15951132141401
17,S5,5,17.013698581349104
17,S5,6,17.829262156689396
17,S5,7,20.694488502693527
17,S5,8,24.324933465676203
17,S5,9,25.639906342202888
17,S5,10,27.28617503728745
17,S5,11,28.32079313592977
17,S5,12,26.692990349650238
17,S5,13,26.679171914019218
17,S5,14,26.67674354302032
17,S5,15,31.13626289983212
17,S5,16,31.71320247373517
17,S5,17,33.33735027162739
17,S5,18,35.13385854259557
17,S5,19,37.966434033328106
17,S5,20,34.88560967379451
17,S5,21,29.49468838897758
17,S5,22,26.530863243637164
17,S5,23,22.508242539764492
17,S5,24,19.942123267528107
17,S6,1,14.602241125379345
17,S6,2,14.946667790376054
17,S6,3,13.82612492341886
17,S6,4,13.429257473475506
17,S6,5,14.592080686973313
17,S6,6,15.847307365596121
17,S6,7,17.409035827228056
17,S6,8,21.082298048418192
17,S6,9,23.906147376891962
17,S6,10,22.989385228120042
17,S6,11,24.418572514898194
17,S6,12,23.270174243777287
17,S6,13,23.662917304872067
17,S6,14,24.66565505074826
17,S6,15,25.046493090398307
17,S6,16,27.979170857346812
17,S6,17,29.57880904163307
17,S6,18,29.67020719723361
17,S6,19,32.0767671229421
17,S6,20,29.472830080036843
17,S6,21,25.528334590459462
17,S6,22,23.195940208087926
17,S6,23,18.778527727009994
17,S6,24,17.242680930149724
17,S7,1,17.73822283110506
17,S7,2,16.391467493249383
17,S7,3,14.84451977870765
17,S7,4,15.191162817626557
17,S7,5,15.853759578692674
17,S7,6,16.41588036297176
17,S7,7,20.287247400897556
17,S7,8,22.806116942157097
17,S7,9,24.121769459632084
17,S7,10,27.21327359167749
17,S7,11,27.821965505775474
17,S7,12,26.68603139024798
17,S7,13,26.471000469459817
17,S7,14,25.70148111332068
17,S7,15,29.268001215298987
17,S7,16,29.84096805016428
17,S7,17,31.576116685754737
17,S7,18,34.06189661155429
17,S7,19,33.942149347284364
17,S7,20,33.77739480271828
17,S7,21,30.819821434654166
17,S7,22,26.015664209777555
17,S7,23,21.248545451946644
17,S7,24,18.738349261365975
17,S8,1,14.947606210022878
17,S8,2,13.314794052777685
17,S8,3,13.975738960500214
17,S8,4,13.473435692725758
17,S8,5,13.271939908995789
17,S8,6,15.310793001652435
17,S8,7,17.192629537800407
17,S8,8,20.58202178352654
17,S8,9,21.617959562584687
17,S8,10,23.559261718646557
17,S8,11,24.646605423576815
17,S8,12,22.67698283534521
17,S8,13,22.998536547613853
17,S8,14,22.73455642427789
17,S8,15,24.188448135162346
17,S8,16,25.556472652040895
17,S8,17,27.938303036733593
17,S8,18,29.41417271795942
17,S8,19,31.21194336605323
17,S8,20,29.82572046837264
17,S8,21,26.30390800146884
17,S8,22,22.71553577284946
17,S8,23,18.85035933406628
17,S8,24,16.103633468397394
17,S9,1,21.15728865957284
17,S9,2,19.63900431524446
17,S9,3,19.447921840844923
17,S9,4,18.565140432285173
17,S9,5,18.927730957791205
17,S9,6,20.995273520241156
17,S9,7,24.371075730049597
17,S9,8,28.04870910975722
17,S9,9,30.459937461059308
17,S9,10,33.487005669688536
17,S9,11,33.78215543161673
17,S9,12,34.02667800162829
17,S9,13,32.961515301091275
17,S9,14,31.805235039916113
17,S9,15,34.08043445429437
17,S9,16,38.0251986086132
17,S9,17,41.508911846334904
17,S9,18,44.705432763793254
17,S9,19,46.25732921462481
17,S9,20,39.89032195748652
17,S9,21,37.84791984880886
17,S9,22,32.426270322171156
17,S9,23,26.03938839542824
17,S9,24,24.354827553705267
17,S10,1,15.138029364738761
17,S10,2,14.556298263629962
17,S10,3,14.682448715137024
17,S10,4,13.6139203460575
17,S10,5,13.761233060219437
17,S10,6,15.517278967405739
17,S10,7,18.0876739896432
17,S10,8,22.050820789484703
17,S10,9,24.132576014615267
17,S10,10,25.216247817942197
17,S10,11,24.68008536513794
17,S10,12,25.248004561656227
17,S10,13,23.510798822398975
17,S10,14,25.19636480533078
17,S10,15,25.753224234926986
17,S10,16,28.446380680604396
17,S10,17,29.471516279222822
17,S10,18,31.19695132889341
17,S10,19,33.42111390168461
17,S10,20,29.978380644538024
17,S10,21,25.807659563132447
17,S10,22,22.310868854530362
17,S10,23,20.21203620502654
17,S10,24,17.825074937768232
17,S11,1,16.459476803031425
17,S11,2,16.057092029438813
17,S11,3,14.295919246083272
17,S11,4,15.305784675487216
17,S11,5,14.845712990811371
17,S11,6,17.298701666427654
17,S11,7,19.772446449274792
17,S11,8,21.66592185458569
17,S11,9,24.657048330906044
17,S11,10,27.112094779824062
17,S11,11,25.528642327473353
17,S11,12,26.429544789982938
17,S11,13,24.434626606287274
17,S11,14,27.212806624671828
17,S11,15,27.662887174195316
17,S11,16,30.19921087903145
17,S11,17,32.57041305822768
17,S11,18,34.387259312952345
17,S11,19,35.745889622670234
17,S11,20,32.03777689604236
17,S11,21,29.783908837817034
17,S11,22,24.626523285264
17,S11,23,21.06634284659607
17,S11,24,19.36221074668771
17,S12,1,22.475557799007476
17,S12,2,22.95256300758057
17,S12,3,22.073737965058314
17,S12,4,21.463792235689606
17,S12,5,20.613192171884677
17,S12,6,24.925824452120985
17,S12,7,26.436791892987106
17,S12,8,32.04351995568224
17,S12,9,35.49778088913433
17,S12,10,38.056518124028514
17,S12,11,39.120723438634585
17,S12,12,35.179479319956265
17,S12,13,36.858402683424536
17,S12,14,36.031477279315375
17,S12,15,40.95435422785762
17,S12,16,41.52577013544148
17,S12,17,45.23381371304667
17,S12,18,46.736907059707576
17,S12,19,48.828642990678986
17,S12,20,47.62975898735595
17,S12,21,42.37226489301265
17,S12,22,35.935049366966346
17,S12,23,29.02319900695056
17,S12,24,26.416989570981286
18,S1,1,12.666224682888565
18,S1,2,12.141944933559184
18,S1,3,12.236037320808878
18,S1,4,11.947241526674883
18,S1,5,12.622434816977972
18,S1,6,13.185150776975528
18,S1,7,15.951932423267044
18,S1,8,18.36122887522114
18,S1,9,19.627250950607955
18,S1,10,20.24793104189141
18,S1,11,22.063610654983506
18,S1,12,20.33356747972763
18,S1,13,19.56592073167488
18,S1,14,20.802576280228504
18,S1,15,21.97963583477015
18,S1,16,23.6362745164762
18,S1,17,25.113013380135403
18,S1,18,27.853544752855562
18,S1,19,26.24546800373779
18,S1,20,25.987770251054513
18,S1,21,22.489530492769344
18,S1,22,18.706051554985873
18,S1,23,17.352890146690218
18,S1,24,14.363295191690105
18,S2,1,10.821432965041135
18,S2,2,9.923689089672246
18,S2,3,9.323950407328446
18,S2,4,9.666656286664873
18,S2,5,9.781500439624468
18,S2,6,10.382726357643769
18,S2,7,12.68400392111927
18,S2,8,14.089333903321657
18,S2,9,16.05512629887683
18,S2,10,17.22617637717863
18,S2,11,17.39553292980189
18,S2,12,16.39516003232068
18,S2,13,16.746270830208267
18,S2,14,16.8849156586715
18,S2,15,16.827302872891355
18,S2,16,18.18107267131147
18,S2,17,20.379972528562767
18,S2,18,21.578769642272878
18,S2,19,21.847762373509237
18,S2,20,20.24850908293673
18,S2,21,18.597909661047595
18,S2,22,14.96332255474131
18,S2,23,12.700557348836288
18,S2,24,11.701433970391765
18,S3,1,11.926225173368298
18,S3,2,10.874468133280319
18,S3,3,11.148057186723872
18,S3,4,10.774528011153286
18,S3,5,11.509683451157276
18,S3,6,11.91701784199391
18,S3,7,13.517382097869103
18,S3,8,16.8762354095452
18,S3,9,17.279009824479402
18,S3,10,19.72122484793879
18,S3,11,19.431353705161982
18,S3,12,18.936030468306047
18,S3,13,19.390401077234653
18,S3,14,18.475222459865332
18,S3,15,20.07137300505938
18,S3,16,22.854229653405397
18,S3,17,24.085547463636896
18,S3,18,24.888081835339133
18,S3,19,24.400434553862386
18,S3,20,24.227485569273675
18,S3,21,21.30310676917262
18,S3,22,18.349831014523968
18,S3,23,15.263945024706453
18,S3,24,13.075737108589216
18,S4,1,9.242556497082736
18,S4,2,8.587745744975946
18,S4,3,8.026572275908848
18,S4,4,8.366626778042935
18,S4,5,8.177558316760244
18,S4,6,9.627244155939742
18,S4,7,10.498251683873939
18,S4,8,12.04981204720689
18,S4,9,13.655654287574448
18,S4,10,14.86740902627377
18,S4,11,15.751065867056615
18,S4,12,14.884606949966328
18,S4,13,14.992135003656687
18,S4,14,14.762649793716252
18,S4,15,15.061951318432689
18,S4,16,16.9926475364447
18,S4,17,17.917219841941165
18,S4,18,18.810844984976
18,S4,19,19.37737480950466
18,S4,20,18.54674941218914
18,S4,21,16.241869975130765
18,S4,22,14.350503217687761
18,S4,23,11.274406795819361
18,S4,24,10.262541072358886
18,S5,1,12.072828462218116
18,S5,2,11.260465691735483
18,S5,3,10.714441335342217
18,S5,4,10.228480180337307
18,S5,5,10.687125787897848
18,S5,6,11.36228254516878
18,S5,7,13.841349435226634
18,S5,8,15.15691242658533
18,S5,9,16.454606330475222
18,S5,10,19.03077737991123
18,S5,11,18.37470251333296
18,S5,12,18.879852801556986
18,S5,13,17.745214760832557
18,S5,14,18.646813686622156
18,S5,15,19.956779679985853
18,S5,16,19.855272055999247
18,S5,17,22.884910477035753
18,S5,18,23.616632561645673
18,S5,19,23.637600621735327
18,S5,20,22.063238450675314
18,S5,21,19.726249860875818
18,S5,22,16.466409595270623
18,S5,23,14.885258115666868
18,S5,24,12.577224185145367
18,S6,1,9.470891704184758
18,S6,2,9.620451048625839
18,S6,3,8.638732189550625
18,S6,4,8.765285778446007
18,S6,5,8.999746634804247
18,S6,6,9.642300827849022
18,S6,7,11.12749646548575
18,S6,8,13.336612774596661
18,S6,9,14.26625479212046
18,S6,10,15.669111718584563
18,S6,11,15.149165557976358
18,S6,12,15.683478114539636
18,S6,13,15.176851897240216
18,S6,14,15.412714104664493
18,S6,15,17.18465418231186
18,S6,16,16.99900151718633
18,S6,17,18.91939564843055
18,S6,18,20.2837211228794
18,S6,19,21.44730325877056
18,S6,20,19.266934826420947
18,S6,21,16.789057578418333
18,S6,22,13.922959450428248
18,S6,23,12.470183821065834
18,S6,24,11.231127384218802
18,S7,1,11.257891042718338
18,S7,2,10.071600702642206
18,S7,3,10.348641979690157
18,S7,4,9.631204851150809
18,S7,5,10.368190950150534
18,S7,6,11.333368753815693
18,S7,7,13.108688878305827
18,S7,8,14.288431747240947
18,S7,9,16.79045196805243
18,S7,10,17.25989447496379
18,S7,11,16.82952309755237
18,S7,12,17.290337830882226
18,S7,13,16.558153992980372
18,S7,14,17.354967315587608
18,S7,15,18.33788411325573
18,S7,16,19.6825710483063
18,S7,17,21.457636061418594
18,S7,18,21.39261199314499
18,S7,19,22.806045446232808
18,S7,20,21.566747825181302
18,S7,21,18.339992070187684
18,S7,22,16.232111181993304
18,S7,23,14.58110945510251
18,S7,24,12.691364528805689
18,S8,1,9.479210377866183
18,S8,2,8.730081941035579
18,S8,3,8.547620433162644
18,S8,4,8.316142014440631
18,S8,5,8.518109620489952
18,S8,6,9.392027295239032
18,S8,7,10.948693675485863
18,S8,8,12.993534879625363
18,S8,9,14.239260552320532
18,S8,10,14.505588569891959
18,S8,11,15.718393438563409
18,S8,12,14.86517703970205
18,S8,13,14.329585640429938
18,S8,14,14.75187169394126
18,S8,15,16.88455002054512
18,S8,16,16.796666124192264
18,S8,17,19.490783475973263
18,S8,18,19.217885838571657
18,S8,19,20.875379942219347
18,S8,20,19.55582368769845
18,S8,21,17.60164043687275
18,S8,22,14.001036491129682
18,S8,23,12.153439789872726
18,S8,24,10.454424980354718
18,S9,1,13.696034768088417
18,S9,2,12.197937211796916
18,S9,3,12.635660039980282
18,S9,4,12.304859091104657
18,S9,5,12.976257713008957
18,S9,6,14.083971785027376
18,S9,7,15.38474751620532
18,S9,8,18.21461132032761
18,S9,9,19.66294624051483
18,S9,10,22.654477413136306
18,S9,11,21.330588865396642
18,S9,12,22.179929653132703
18,S9,13,20.92732542301835
18,S9,14,21.393898595226762
18,S9,15,24.108025427032462
18,S9,16,25.586486523306395
18,S9,17,26.75275164980412
18,S9,18,27.79307409312268
18,S9,19,28.896656754549166
18,S9,20,26.123836461282018
18,S9,21,23.47997781296949
18,S9,22,19.36958694961815
18,S9,23,18.08216361036778
18,S9,24,15.092700255375076
18,S10,1,10.569942939345625
18,S10,2,9.8331186620923
18,S10,3,8.813367584838236
18,S10,4,8.891536492413469
18,S10,5,9.069046651505403
18,S10,6,10.18834505634974
18,S10,7,11.340579383973932
18,S10,8,13.693602581413005
18,S10,9,15.51898954112756
18,S10,10,15.235859207267575
18,S10,11,15.869140681340376
18,S10,12,15.626332721529705
18,S10,13,15.026167718320199
18,S10,14,15.481832561253476
18,S10,15,16.559139605464907
18,S10,16,18.012162037535294
18,S10,17,19.31982927622615
18,S10,18,21.65917345041976
18,S10,19,20.230280575071454
18,S10,20,20.025268951988032
18,S10,21,16.993734201175013
18,S10,22,15.343818432774903
18,S10,23,12.818697520372929
18,S10,24,11.649183265176536
18,S11,1,11.104213121490424
18,S11,2,9.577039752151798
18,S11,3,9.72164256667025
18,S11,4,9.86695087702469
18,S11,5,9.554335597328514
18,S11,6,10.985725677424472
18,S11,7,12.761453021340484
18,S11,8,15.013852340584696
18,S11,9,15.908023112873666
18,S11,10,17.07646869959604
18,S11,11,17.17200554519122
18,S11,12,16.337593692023717
18,S11,13,16.50656138895122
18,S11,14,17.187144706981027
18,S11,15,17.592273663124153
18,S11,16,19.17168264579949
18,S11,17,21.775410079360213
18,S11,18,22.899548558733557
18,S11,19,23.024050146772275
18,S11,20,21.744249576071567
18,S11,21,17.82714176691738
18,S11,22,15.192016771711153
18,S11,23,13.728666016184077
18,S11,24,11.697281964087814
18,S12,1,15.619471439955568
18,S12,2,13.659409567521022
18,S12,3,13.748302133765284
18,S12,4,13.29047027971042
18,S12,5,13.981692211760016
18,S12,6,15.686822512850469
18,S12,7,18.118858978579865
18,S12,8,21.546162008152333
18,S12,9,23.085221943627335
18,S12,10,24.313892879570762
18,S12,11,25.28129614845795
18,S12,12,23.551079198049027
18,S12,13,23.82370428710825
18,S12,14,23.913161923826824
18,S12,15,26.074362285717704
18,S12,16,26.51981928866976
18,S12,17,30.65171151828307
18,S12,18,32.18094041826503
18,S12,19,32.56573163287585
18,S12,20,30.826619075430592
18,S12,21,25.214937127431146
18,S12,22,22.077180832319396
18,S12,23,20.23634374261282
18,S12,24,17.426361767663323
19,S1,1,1.1832561649812035
19,S1,2,1.0753977140322584
19,S1,3,1.0924173788760159
19,S1,4,0.9890609003306301
19,S1,5,1.1227307139504719
19,S1,6,1.2433053113330672
19,S1,7,1.3362605008614545
19,S1,8,1.6004862894731913
19,S1,9,1.6665333859048217
19,S1,10,1.8921894793294494
19,S1,11,1.9676929354941788
19,S1,12,1.762015366317193
19,S1,13,1.7794782700781309
19,S1,14,1.8040059034991975
19,S1,15,1.9767792634034478
19,S1,16,2.0681170070917836
19,S1,17,2.1855954679676035
19,S1,18,2.300772245412418
19,S1,19,2.4064687521108015
19,S1,20,2.2255446304110924
19,S1,21,2.129479565983097
19,S1,22,1.8126902858935192
19,S1,23,1.5153479561845569
19,S1,24,1.3417804753596998
19,S2,1,0.9092925785799056
19,S2,2,0.8321210219060632
19,S2,3,0.831729574257143
19,S2,4,0.8095351821050386
19,S2,5,0.8666969416434237
19,S2,6,0.983947853562823
19,S2,7,1.108928221442352
19,S2,8,1.1924398161941414
19,S2,9,1.3583688346015386
19,S2,10,1.490685760918166
19,S2,11,1.4480544130924267
19,S2,12,1.5067991552001248
19,S2,13,1.3789418620157243
19,S2,14,1.4676707594863037
19,S2,15,1.4778653087839688
19,S2,16,1.635520756136576
19,S2,17,1.7197722269022537
19,S2,18,1.8907554212809359
19,S2,19,1.8841514948253715
19,S2,20,1.9054091155936028
19,S2,21,1.5604197771188653
19,S2,22,1.3481458688906924
19,S2,23,1.1745863906829832
19,S2,24,1.0683087091482495
19,S3,1,1.0296357971630974
19,S3,2,0.9853541345351983
19,S3,3,0.9993327761576735
19,S3,4,0.9395977822254211
19,S3,5,0.9594865169919994
19,S3,6,1.0902975249202846
19,S3,7,1.2277352039111318
19,S3,8,1.4090757594654457
19,S3,9,1.5623769620758603
19,S3,10,1.7211583557661856
19,S3,11,1.797807159645093
19,S3,12,1.5928904325022155
19,S3,13,1.5971556997204035
19,S3,14,1.6919793502574538
19,S3,15,1.8235164150437098
19,S3,16,2.003566073094949
19,S3,17,2.161774734353349
19,S3,18,2.1031781121557613
19,S3,19,2.303695966962583
19,S3,20,2.181762209285026
19,S3,21,1.8565627637272033
19,S3,22,1.5386871240308058
19,S3,23,1.4084294241026238
19,S3,24,1.1987346783288986
19,S4,1,0.7882879896609876
19,S4,2,0.7824085514384209
19,S4,3,0.7190282955834961
19,S4,4,0.7523186218079752
19,S4,5,0.7539572739435588
19,S4,6,0.8541228203147202
19,S4,7,0.9132998190880207
19,S4,8,1.1568922182421097
19,S4,9,1.3025930587245507
19,S4,10,1.3710942607396415
19,S4,11,1.2768021186352343
19,S4,12,1.3581880122974201
19,S4,13,1.2303902769466302
19,S4,14,1.2873181095655846
19,S4,15,1.3368893155549806
19,S4,16,1.5012312461361055
19,S4,17,1.5495287479034026
19,S4,18,1.7439179821443287
19,S4,19,1.8122454388032854
19,S4,20,1.6644858953396586
19,S4,21,1.4571785742228276
19,S4,22,1.2464540354038296
19,S4,23,1.0293239349378223
19,S4,24,0.9401834681423165
19,S5,1,0.9922479388642904
19,S5,2,0.9989566196455395
19,S5,3,0.9678760033854233
19,S5,4,0.949494061282333
19,S5,5,0.9042051718920158
19,S5,6,1.0671525666159751
19,S5,7,1.1645924196294444
19,S5,8,1.4341549400278069
19,S5,9,1.5692847973762043
19,S5,10,1.5592090158107328
19,S5,11,1.5715530965145355
19,S5,12,1.6667096428993702
19,S5,13,1.5719509943272687
19,S5,14,1.5936523966214426
19,S5,15,1.6531610850095142
19,S5,16,1.8705740181366497
19,S5,17,2.044163009086795
19,S5,18,2.0117733761221293
19,S5,19,2.131052648812337
19,S5,20,1.9800449606431718
19,S5,21,1.7146315379795896
19,S5,22,1.4549180338903294
19,S5,23,1.3532688618903863
19,S5,24,1.1850450859901238
19,S6,1,0.8628604246932597
19,S6,2,0.82561964284292
19,S6,3,0.7779024119757708
19,S6,4,0.7735168798519153
19,S6,5,0.8133253555461065
19,S6,6,0.8659208106686579
19,S6,7,1.039419637241818
19,S6,8,1.2387287555834547
19,S6,9,1.2576623508668314
19,S6,10,1.4343658662747218
19,S6,11,1.4367433476957092
19,S6,12,1.4143775495368327
19,S6,13,1.3244991401931636
19,S6,14,1.3519365403036943
19,S6,15,1.4436243337775305
19,S6,16,1.6594503516101486
19,S6,17,1.7034734348831118
19,S6,18,1.768364771526713
19,S6,19,1.8633118261265065
19,S6,20,1.7839286492471544
19,S6,21,1.5413346132160068
19,S6,22,1.2745219776237358
19,S6,23,1.1503058272942506
19,S6,24,0.9694415298367753
19,S7,1,0.975166392392981
19,S7,2,0.8674358162603567
19,S7,3,0.840407465407437
19,S7,4,0.8351231781575079
19,S7,5,0.8826462381985003
19,S7,6,0.9637426095163483
19,S7,7,1.1619377916488312
19,S7,8,1.2990401368483604
19,S7,9,1.4685342490545648
19,S7,10,1.5696436642291092
19,S7,11,1.6088611547326115
19,S7,12,1.5496184381688438
19,S7,13,1.4944496814293704
19,S7,14,1.596843217267962
19,S7,15,1.5861147478787112
19,S7,16,1.7236460854463833
19,S7,17,1.8330422127437027
19,S7,18,2.0016190701261007
19,S7,19,2.0300612947561905
19,S7,20,1.8922035834709579
19,S7,21,1.6154285189961124
19,S7,22,1.4051708393772537
19,S7,23,1.2817017103464132
19,S7,24,1.0394758460592086
19,S8,1,0.818176909249202
19,S8,2,0.8044364163741372
19,S8,3,0.7654349645160509
19,S8,4,0.742162170674925
19,S8,5,0.8042880381808224
19,S8,6,0.8975871421805318
19,S8,7,0.9643589055956601
19,S8,8,1.2134940339085665
19,S8,9,1.3479914701253783
19,S8,10,1.3554758095533566
19,S8,11,1.3508855873924235
19,S8,12,1.3501501937287335
19,S8,13,1.3918574572711218
19,S8,14,1.404950551394409
19,S8,15,1.456608938508265
19,S8,16,1.5346765424112359
19,S8,17,1.6146842146822806
19,S8,18,1.7716178249334729
19,S8,19,1.7645130589801545
19,S8,20,1.7324719797104333
19,S8,21,1.5552582411637774
19,S8,22,1.2219468366603823
19,S8,23,1.1424704662042902
19,S8,24,0.9527972506248562
19,S9,1,1.2478706110887066
19,S9,2,1.1248908867324583
19,S9,3,1.1275793341680824
19,S9,4,1.0388920473495082
19,S9,5,1.1118613952329095
19,S9,6,1.1743856372759798
19,S9,7,1.3892462231127665
19,S9,8,1.6773276152505008
19,S9,9,1.8666744922230436
19,S9,10,2.0127732865448054
19,S9,11,1.9348462994358304
19,S9,12,1.9488432206043087
19,S9,13,1.8384259947523893
19,S9,14,1.8364982714311198
19,S9,15,2.0064120298660946
19,S9,16,2.132336734562999
19,S9,17,2.388089992188269
19,S9,18,2.5845630666360835
19,S9,19,2.6464840087496904
19,S9,20,2.292301364649704
19,S9,21,2.2157614300784814
19,S9,22,1.8306629719665277
19,S9,23,1.585948960480409
19,S9,24,1.3129919144675917
19,S10,1,0.891386456256089
19,S10,2,0.8619351773425099
19,S10,3,0.8449855656608383
19,S10,4,0.7779700714805958
19,S10,5,0.8291897931547416
19,S10,6,0.9099838835566902
19,S10,7,0.9972591088636478
19,S10,8,1.2552421324046443
19,S10,9,1.2906082313485827
19,S10,10,1.3595631944458493
19,S10,11,1.4443082008557673
19,S10,12,1.3466302651746676
19,S10,13,1.404993653256306
19,S10,14,1.456090071033638
19,S10,15,1.5020643613804752
19,S10,16,1.609717946509319
19,S10,17,1.7188094083640715
19,S10,18,1.913020125631673
19,S10,19,1.8792850234377396
19,S10,20,1.691318560893835
19,S10,21,1.6150236160198532
19,S10,22,1.311079972617761
19,S10,23,1.1886894422704948
19,S10,24,0.9690601584539049
19,S11,1,0.9441598842381193
19,S11,2,0.9290976105778503
19,S11,3,0.843497792902619
19,S11,4,0.8436761992195859
19,S11,5,0.8490007485498763
19,S11,6,1.0073115399524206
19,S11,7,1.0706352370525636
19,S11,8,1.3229018199689466
19,S11,9,1.4581770258027051
19,S11,10,1.4660859985548618
19,S11,11,1.60732197375533
19,S11,12,1.4519157509801779
19,S11,13,1.5300809812316372
19,S11,14,1.5407594893894938
19,S11,15,1.5468681602473138
19,S11,16,1.6647435760597842
19,S11,17,1.8621289862337835
19,S11,18,1.881419591855512
19,S11,19,1.9054710970916822
19,S11,20,1.8641621472819956
19,S11,21,1.6553215851066962
19,S11,22,1.3714361168676035
19,S11,23,1.232215387521697
19,S11,24,1.0686443549387394
19,S12,1,1.3884190544049073
19,S12,2,1.2204998811618881
19,S12,3,1.1861842480425735
19,S12,4,1.1926025101123956
19,S12,5,1.2324486160477781
19,S12,6,1.3225402466778855
19,S12,7,1.5409650769113945
19,S12,8,1.7522837200735084
19,S12,9,2.078305912541237
19,S12,10,2.215248565269258
19,S12,11,2.0992447764668016
19,S12,12,2.187831411279808
19,S12,13,2.1869064935876126
19,S12,14,2.1357947806941877
19,S12,15,2.2014602092700897
19,S12,16,2.4019554980314957
19,S12,17,2.5019929437173465
19,S12,18,2.853260097302269
19,S12,19,2.954280273699064
19,S12,20,2.536955634140174
19,S12,21,2.3018153526676097
19,S12,22,1.9398851490031475
19,S12,23,1.6650509800243507
19,S12,24,1.5730516032711128
20,S1,1,0.8102507219841557
20,S1,2,0.7697199072720685
20,S1,3,0.7285516857410361
20,S1,4,0.7135431036513782
20,S1,5,0.7690087617792181
20,S1,6,0.7874900584549382
20,S1,7,0.8987056290229835
20,S1,8,1.0912463030624755
20,S1,9,1.2115819729039852
20,S1,10,1.2886010399655619
20,S1,11,1.3628066339470952
20,S1,12,1.3030586575358305
20,S1,13,1.2815503923690432
20,S1,14,1.3245149481196632
20,S1,15,1.428862837464961
20,S1,16,1.4160638742498626
20,S1,17,1.5830014027767212
20,S1,18,1.746089349920778
20,S1,19,1.7365780882151998
20,S1,20,1.619513915698628
20,S1,21,1.4316671695852003
20,S1,22,1.2090387889045084
20,S1,23,1.0661215688686494
20,S1,24,0.9159727484644284
20,S2,1,0.6690843191426358
20,S2,2,0.5783990300105
20,S2,3,0.5865413372316433
20,S2,4,0.5727183449360159
20,S2,5,0.5795139338079432
20,S2,6,0.6532161500362841
20,S2,7,0.7558858142368374
20,S2,8,0.8325299621961153
20,S2,9,0.9271389533630834
20,S2,10,1.0462194396670748
20,S2,11,0.9872756319816453
20,S2,12,1.002880924485308
20,S2,13,0.9705475931450703
20,S2,14,1.0482136631238714
20,S2,15,1.0753485043946924
20,S2,16,1.199919142697295
20,S2,17,1.2611252450775248
20,S2,18,1.2953251318168497
20,S2,19,1.4043096864806517
20,S2,20,1.2552084756165793
20,S2,21,1.0798082475760358
20,S2,22,0.9950457519368477
20,S2,23,0.8249577658370886
20,S2,24,0.7352926925240175
20,S3,1,0.765460795643043
20,S3,2,0.726065234099405
20,S3,3,0.6845139819845006
20,S3,4,0.6421895875555873
20,S3,5,0.6806154606709579
20,S3,6,0.7483027425465978
20,S3,7,0.8770879039712753
20,S3,8,0.997048751332495
20,S3,9,1.1448260378133703
20,S3,10,1.1799280030346742
20,S3,11,1.2520215723722532
20,S3,12,1.1432978139002428
20,S3,13,1.1876245833208638
20,S3,14,1.157584721748453
20,S3,15,1.2697186376301162
20,S3,16,1.3966387762296406
20,S3,17,1.4788271325408016
20,S3,18,1.5808480630124693
20,S3,19,1.606814468939682
20,S3,20,1.5381442580033835
20,S3,21,1.331544904169886
20,S3,22,1.1352623553742494
20,S3,23,0.9453758879692933
20,S3,24,0.8402174015768407
20,S4,1,0.5597160695576981
20,S4,2,0.5190690509657423
20,S4,3,0.5107133321289147
20,S4,4,0.5204049980474352
20,S4,5,0.5357133319752189
20,S4,6,0.5753564372682697
20,S4,7,0.6816228313547479
20,S4,8,0.8121412265487518
20,S4,9,0.8647370371289935
20,S4,10,0.9173244111353175
20,S4,11,0.9190783401180819
20,S4,12,0.8827740131772598
20,S4,13,0.9154388638523472
20,S4,14,0.9521725946632074
20,S4,15,0.9587973451217636
20,S4,16,1.0371392184638155
20,S4,17,1.148978785736425
20,S4,18,1.2014936522668727
20,S4,19,1.2381480727017935
20,S4,20,1.097377689519626
20,S4,21,0.982717807241951
20,S4,22,0.8332368861909355
20,S4,23,0.739986683025265
20,S4,24,0.6195681250922744
20,S5,1,0.7317520559375721
20,S5,2,0.6390721953561581
20,S5,3,0.6571292678571464
20,S5,4,0.6081397667588443
20,S5,5,0.6610777395681028
20,S5,6,0.6962411883020069
20,S5,7,0.8653137302690953
20,S5,8,0.9980941276173304
20,S5,9,1.1142379040753636
20,S5,10,1.147277958399361
20,S5,11,1.1665150962688395
20,S5,12,1.1447599610145243
20,S5,13,1.0681639151952858
20,S5,14,1.1792021257968224
20,S5,15,1.167255960478626
20,S5,16,1.2357693295139105
20,S5,17,1.3302163258623907
20,S5,18,1.4354292653210727
20,S5,19,1.4576186894034981
20,S5,20,1.3993628248336023
20,S5,21,1.2688765923860168
20,S5,22,1.0607163332136886
20,S5,23,0.8958996877580178
20,S5,24,0.7543901188588715
20,S6,1,0.6135941506870457
20,S6,2,0.5731227288081948
20,S6,3,0.5783913681489095
20,S6,4,0.5163142756303866
20,S6,5,0.5505220583880553
20,S6,6,0.6447039909684664
20,S6,7,0.7343821652098693
20,S6,8,0.7959445073387112
20,S6,9,0.889392484893536
20,S6,10,0.9552930487281831
20,S6,11,0.958455917957148
20,S6,12,0.9230973205912528
20,S6,13,0.9368005512018763
20,S6,14,0.9620650208573198
20,S6,15,0.9963725451311864
20,S6,16,1.1348758278523357
20,S6,17,1.13331602492064
20,S6,18,1.2876918490416598
20,S6,19,1.3096733273677645
20,S6,20,1.148927882359943
20,S6,21,1.0216497121824673
20,S6,22,0.9119100407740254
20,S6,23,0.786709216259564
20,S6,24,0.6855931565470903
20,S7,1,0.6726510348314951
20,S7,2,0.6554115935626278
20,S7,3,0.6124260044011128
20,S7,4,0.5757148462893489
20,S7,5,0.6288321162318998
20,S7,6,0.678716342860915
20,S7,7,0.7826515399290261
20,S7,8,0.9584659571667465
20,S7,9,1.0206464885565067
20,S7,10,1.0431638310848141
20,S7,11,1.063671971102437
20,S7,12,1.1135571518995073
20,S7,13,1.0205664728259414
20,S7,14,1.0659060094196262
20,S7,15,1.1573547859303839
20,S7,16,1.2857884322300506
20,S7,17,1.3702265409100043
20,S7,18,1.4297145113853906
20,S7,19,1.4879683505380168
20,S7,20,1.3949350752109153
20,S7,21,1.2171377226365878
20,S7,22,1.039763734644847
20,S7,23,0.8345385700622985
20,S7,24,0.7771073643198704
20,S8,1,0.5710663458147537
20,S8,2,0.5620165763789513
20,S8,3,0.5369861360933772
20,S8,4,0.552906323293207
20,S8,5,0.5275725162453133
20,S8,6,0.6052820791555563
20,S8,7,0.6696248413779025
20,S8,8,0.783580869782172
20,S8,9,0.8613012612817512
20,S8,10,0.9142560707096747
20,S8,11,0.9796460298747574
20,S8,12,0.9139823528085925
20,S8,13,0.8928885729258336
20,S8,14,0.9288676301327736
20,S8,15,0.988063985607866
20,S8,16,1.0412313382950833
20,S8,17,1.1367824190254967
20,S8,18,1.2701232379155485
20,S8,19,1.291029315634932
20,S8,20,1.1269027461811643
20,S8,21,1.0363334353471105
20,S8,22,0.8598844687314933
20,S8,23,0.7545428297329102
20,S8,24,0.6886364044329636
20,S9,1,0.8235777117523365
20,S9,2,0.773643565798535
20,S9,3,0.7589019005749762
20,S9,4,0.7233227176313567
20,S9,5,0.8040210585892796
20,S9,6,0.8420313295724255
20,S9,7,1.0300056639099808
20,S9,8,1.1725668298451866
20,S9,9,1.3049807686015655
20,S9,10,1.372466204315588
20,S9,11,1.3138509735933308
20,S9,12,1.272855642125535
20,S9,13,1.3763536088312827
20,S9,14,1.3942755462552336
20,S9,15,1.4517686628253732
20,S9,16,1.5676364996301733
20,S9,17,1.5729966218057392
20,S9,18,1.7810558867388253
20,S9,19,1.8392707180565886
20,S9,20,1.611094543101867
20,S9,21,1.4797955777282923
20,S9,22,1.2558436475284163
20,S9,23,1.03331741989175
20,S9,24,0.9565867442299573
20,S10,1,0.6138541023599502
20,S10,2,0.5606408809014354
20,S10,3,0.571190571640038
20,S10,4,0.5590768028438583
20,S10,5,0.5548097264571367
20,S10,6,0.6235832000763388
20,S10,7,0.7389714792649986
20,S10,8,0.8525850856973561
20,S10,9,0.9608745840510626
20,S10,10,0.9430797057429161
20,S10,11,1.0311836748372902
20,S10,12,0.9391064950386067
20,S10,13,0.9315387837205247
20,S10,14,0.946719744274428
20,S10,15,1.0571083004655117
20,S10,16,1.091696389541373
20,S10,17,1.2396580083699964
20,S10,18,1.2460649351005646
20,S10,19,1.2561061019689932
20,S10,20,1.226061059748306
20,S10,21,1.079831885126313
20,S10,22,0.8872964664251248
20,S10,23,0.7600546728644052
20,S10,24,0.664563910558607
20,S11,1,0.6689586301503084
20,S11,2,0.6421091537512694
20,S11,3,0.6119806010310714
20,S11,4,0.6121575308261309
20,S11,5,0.631723649680835
20,S11,6,0.7077471865475676
20,S11,7,0.7919950479741739
20,S11,8,0.8794152518601256
20,S11,9,1.010857892455469
20,S11,10,1.022514849883986
20,S11,11,1.117067339490387
20,S11,12,1.0584815117824757
20,S11,13,1.00891926873476
20,S11,14,1.043277934637037
20,S11,15,1.1351914284794016
20,S11,16,1.2170066579985865
20,S11,17,1.2717452849497943
20,S11,18,1.3267191667664793
20,S11,19,1.4426331288256715
20,S11,20,1.3643393693017
20,S11,21,1.2136642713760328
20,S11,22,0.9443223311712838
20,S11,23,0.8269139723999682
20,S11,24,0.7746735857929149
20,S12,1,0.9285483579845856
20,S12,2,0.8454561688239018
20,S12,3,0.8074640742721702
20,S12,4,0.8690403349085528
20,S12,5,0.8513045120215509
20,S12,6,0.9918070495342344
20,S12,7,1.134206722615774
20,S12,8,1.2260739862864045
20,S12,9,1.3907373364493754
20,S12,10,1.4800058366658622
20,S12,11,1.5690640798812239
20,S12,12,1.4860391197137355
20,S12,13,1.5103516707516351
20,S12,14,1.4708695263808247
20,S12,15,1.6423149373224222
20,S12,16,1.7641394832570414
20,S12,17,1.7490712645403892
20,S12,18,1.9793559913995988
20,S12,19,1.9977051300344995
20,S12,20,1.8278717232074204
20,S12,21,1.5555818357724858
20,S12,22,1.416930313523899
20,S12,23,1.1416296429814896
20,S12,24,1.0360538072878147
21,S1,1,0.0
21,S1,2,0.0
21,S1,3,0.0
21,S1,4,0.0
21,S1,5,0.0
21,S1,6,0.0
21,S1,7,0.0
21,S1,8,0.0
21,S1,9,0.0
21,S1,10,0.0
21,S1,11,0.0
21,S1,12,0.0
21,S1,13,0.0
21,S1,14,0.0
21,S1,15,0.0
21,S1,16,0.0
21,S1,17,0.0
21,S1,18,0.0
21,S1,19,0.0
21,S1,20,0.0
21,S1,21,0.0
21,S1,22,0.0
21,S1,23,0.0
21,S1,24,0.0
21,S2,1,0.0
21,S2,2,0.0
21,S2,3,0.0
21,S2,4,0.0
21,S2,5,0.0
21,S2,6,0.0
21,S2,7,0.0
21,S2,8,0.0
21,S2,9,0.0
21,S2,10,0.0
21,S2,11,0.0
21,S2,12,0.0
21,S2,13,0.0
21,S2,14,0.0
21,S2,15,0.0
21,S2,16,0.0
21,S2,17,0.0
21,S2,18,0.0
21,S2,19,0.0
21,S2,20,0.0
21,S2,21,0.0
21,S2,22,0.0
21,S2,23,0.0
21,S2,24,0.0
21,S3,1,0.0
21,S3,2,0.0
21,S3,3,0.0
21,S3,4,0.0
21,S3,5,0.0
21,S3,6,0.0
21,S3,7,0.0
21,S3,8,0.0
21,S3,9,0.0
21,S3,10,0.0
21,S3,11,0.0
21,S3,12,0.0
21,S3,13,0.0
21,S3,14,0.0
21,S3,15,0.0
21,S3,16,0.0
21,S3,17,0.0
21,S3,18,0.0
21,S3,19,0.0
21,S3,20,0.0
21,S3,21,0.0
21,S3,22,0.0
21,S3,23,0.0
21,S3,24,0.0
21,S4,1,0.0
21,S4,2,0.0
21,S4,3,0.0
21,S4,4,0.0
21,S4,5,0.0
21,S4,6,0.0
21,S4,7,0.0
21,S4,8,0.0
21,S4,9,0.0
21,S4,10,0.0
21,S4,11,0.0
21,S4,12,0.0
21,S4,13,0.0
21,S4,14,0.0
21,S4,15,0.0
21,S4,16,0.0
21,S4,17,0.0
21,S4,18,0.0
21,S4,19,0.0
21,S4,20,0.0
21,S4,21,0.0
21,S4,22,0.0
21,S4,23,0.0
21,S4,24,0.0
21,S5,1,0.0
21,S5,2,0.0
21,S5,3,0.0
21,S5,4,0.0
21,S5,5,0.0
21,S5,6,0.0
21,S5,7,0.0
21,S5,8,0.0
21,S5,9,0.0
21,S5,10,0.0
21,S5,11,0.0
21,S5,12,0.0
21,S5,13,0.0
21,S5,14,0.0
21,S5,15,0.0
21,S5,16,0.0
21,S5,17,0.0
21,S5,18,0.0
21,S5,19,0.0
21,S5,20,0.0
21,S5,21,0.0
21,S5,22,0.0
21,S5,23,0.0
21,S5,24,0.0
21,S6,1,0.0
21,S6,2,0.0
21,S6,3,0.0
21,S6,4,0.0
21,S6,5,0.0
21,S6,6,0.0
21,S6,7,0.0
21,S6,8,0.0
21,S6,9,0.0
21,S6,10,0.0
21,S6,11,0.0
21,S6,12,0.0
21,S6,13,0.0
21,S6,14,0.0
21,S6,15,0.0
21,S6,16,0.0
21,S6,17,0.0
21,S6,18,0.0
21,S6,19,0.0
21,S6,20,0.0
21,S6,21,0.0
21,S6,22,0.0
21,S6,23,0.0
21,S6,24,0.0
21,S7,1,0.0
21,S7,2,0.0
21,S7,3,0.0
21,S7,4,0.0
21,S7,5,0.0
21,S7,6,0.0
21,S7,7,0.0
21,S7,8,0.0
21,S7,9,0.0
21,S7,10,0.0
21,S7,11,0.0
21,S7,12,0.0
21,S7,13,0.0
21,S7,14,0.0
21,S7,15,0.0
21,S7,16,0.0
21,S7,17,0.0
21,S7,18,0.0
21,S7,19,0.0
21,S7,20,0.0
21,S7,21,0.0
21,S7,22,0.0
21,S7,23,0.0
21,S7,24,0.0
21,S8,1,0.0
21,S8,2,0.0
21,S8,3,0.0
21,S8,4,0.0
21,S8,5,0.0
21,S8,6,0.0
21,S8,7,0.0
21,S8,8,0.0
21,S8,9,0.0
21,S8,10,0.0
21,S8,11,0.0
21,S8,12,0.0
21,S8,13,0.0
21,S8,14,0.0
21,S8,15,0.0
21,S8,16,0.0
21,S8,17,0.0
21,S8,18,0.0
21,S8,19,0.0
21,S8,20,0.0
21,S8,21,0.0
21,S8,22,0.0
21,S8,23,0.0
21,S8,24,0.0
21,S9,1,0.0
21,S9,2,0.0
21,S9,3,0.0
21,S9,4,0.0
21,S9,5,0.0
21,S9,6,0.0
21,S9,7,0.0
21,S9,8,0.0
21,S9,9,0.0
21,S9,10,0.0
21,S9,11,0.0
21,S9,12,0.0
21,S9,13,0.0
21,S9,14,0.0
21,S9,15,0.0
21,S9,16,0.0
21,S9,17,0.0
21,S9,18,0.0
21,S9,19,0.0
21,S9,20,0.0
21,S9,21,0.0
21,S9,22,0.0
21,S9,23,0.0
21,S9,24,0.0
21,S10,1,0.0
21,S10,2,0.0
21,S10,3,0.0
21,S10,4,0.0
21,S10,5,0.0
21,S10,6,0.0
21,S10,7,0.0
21,S10,8,0.0
21,S10,9,0.0
21,S10,10,0.0
21,S10,11,0.0
21,S10,12,0.0
21,S10,13,0.0
21,S10,14,0.0
21,S10,15,0.0
21,S10,16,0.0
21,S10,17,0.0
21,S10,18,0.0
21,S10,19,0.0
21,S10,20,0.0
21,S10,21,0.0
21,S10,22,0.0
21,S10,23,0.0
21,S10,24,0.0
21,S11,1,0.0
21,S11,2,0.0
21,S11,3,0.0
21,S11,4,0.0
21,S11,5,0.0
21,S11,6,0.0
21,S11,7,0.0
21,S11,8,0.0
21,S11,9,0.0
21,S11,10,0.0
21,S11,11,0.0
21,S11,12,0.0
21,S11,13,0.0
21,S11,14,0.0
21,S11,15,0.0
21,S11,16,0.0
21,S11,17,0.0
21,S11,18,0.0
21,S11,19,0.0
21,S11,20,0.0
21,S11,21,0.0
21,S11,22,0.0
21,S11,23,0.0
21,S11,24,0.0
21,S12,1,0.0
21,S12,2,0.0
21,S12,3,0.0
21,S12,4,0.0
21,S12,5,0.0
21,S12,6,0.0
21,S12,7,0.0
21,S12,8,0.0
21,S12,9,0.0
21,S12,10,0.0
21,S12,11,0.0
21,S12,12,0.0
21,S12,13,0.0
21,S12,14,0.0
21,S12,15,0.0
21,S12,16,0.0
21,S12,17,0.0
21,S12,18,0.0
21,S12,19,0.0
21,S12,20,0.0
21,S12,21,0.0
21,S12,22,0.0
21,S12,23,0.0
21,S12,24,0.0
22,S1,1,0.0
22,S1,2,0.0
22,S1,3,0.0
22,S1,4,0.0
22,S1,5,0.0
22,S1,6,0.0
22,S1,7,0.0
22,S1,8,0.0
22,S1,9,0.0
22,S1,10,0.0
22,S1,11,0.0
22,S1,12,0.0
22,S1,13,0.0
22,S1,14,0.0
22,S1,15,0.0
22,S1,16,0.0
22,S1,17,0.0
22,S1,18,0.0
22,S1,19,0.0
22,S1,20,0.0
22,S1,21,0.0
22,S1,22,0.0
22,S1,23,0.0
22,S1,24,0.0
22,S2,1,0.0
22,S2,2,0.0
22,S2,3,0.0
22,S2,4,0.0
22,S2,5,0.0
22,S2,6,0.0
22,S2,7,0.0
22,S2,8,0.0
22,S2,9,0.0
22,S2,10,0.0
22,S2,11,0.0
22,S2,12,0.0
22,S2,13,0.0
22,S2,14,0.0
22,S2,15,0.0
22,S2,16,0.0
22,S2,17,0.0
22,S2,18,0.0
22,S2,19,0.0
22,S2,20,0.0
22,S2,21,0.0
22,S2,22,0.0
22,S2,23,0.0
22,S2,24,0.0
22,S3,1,0.0
22,S3,2,0.0
22,S3,3,0.0
22,S3,4,0.0
22,S3,5,0.0
22,S3,6,0.0
22,S3,7,0.0
22,S3,8,0.0
22,S3,9,0.0
22,S3,10,0.0
22,S3,11,0.0
22,S3,12,0.0
22,S3,13,0.0
22,S3,14,0.0
22,S3,15,0.0
22,S3,16,0.0
22,S3,17,0.0
22,S3,18,0.0
22,S3,19,0.0
22,S3,20,0.0
22,S3,21,0.0
22,S3,22,0.0
22,S3,23,0.0
22,S3,24,0.0
22,S4,1,0.0
22,S4,2,0.0
22,S4,3,0.0
22,S4,4,0.0
22,S4,5,0.0
22,S4,6,0.0
22,S4,7,0.0
22,S4,8,0.0
22,S4,9,0.0
22,S4,10,0.0
22,S4,11,0.0
22,S4,12,0.0
22,S4,13,0.0
22,S4,14,0.0
22,S4,15,0.0
22,S4,16,0.0
22,S4,17,0.0
22,S4,18,0.0
22,S4,19,0.0
22,S4,20,0.0
22,S4,21,0.0
22,S4,22,0.0
22,S4,23,0.0
22,S4,24,0.0
22,S5,1,0.0
22,S5,2,0.0
22,S5,3,0.0
22,S5,4,0.0
22,S5,5,0.0
22,S5,6,0.0
22,S5,7,0.0
22,S5,8,0.0
22,S5,9,0.0
22,S5,10,0.0
22,S5,11,0.0
22,S5,12,0.0
22,S5,13,0.0
22,S5,14,0.0
22,S5,15,0.0
22,S5,16,0.0
22,S5,17,0.0
22,S5,18,0.0
22,S5,19,0.0
22,S5,20,0.0
22,S5,21,0.0
22,S5,22,0.0
22,S5,23,0.0
22,S5,24,0.0
22,S6,1,0.0
22,S6,2,0.0
22,S6,3,0.0
22,S6,4,0.0
22,S6,5,0.0
22,S6,6,0.0
22,S6,7,0.0
22,S6,8,0.0
22,S6,9,0.0
22,S6,10,0.0
22,S6,11,0.0
22,S6,12,0.0
22,S6,13,0.0
22,S6,14,0.0
22,S6,15,0.0
22,S6,16,0.0
22,S6,17,0.0
22,S6,18,0.0
22,S6,19,0.0
22,S6,20,0.0
22,S6,21,0.0
22,S6,22,0.0
22,S6,23,0.0
22,S6,24,0.0
22,S7,1,0.0
22,S7,2,0.0
22,S7,3,0.0
22,S7,4,0.0
22,S7,5,0.0
22,S7,6,0.0
22,S7,7,0.0
22,S7,8,0.0
22,S7,9,0.0
22,S7,10,0.0
22,S7,11,0.0
22,S7,12,0.0
22,S7,13,0.0
22,S7,14,0.0
22,S7,15,0.0
22,S7,16,0.0
22,S7,17,0.0
22,S7,18,0.0
22,S7,19,0.0
22,S7,20,0.0
22,S7,21,0.0
22,S7,22,0.0
22,S7,23,0.0
22,S7,24,0.0
22,S8,1,0.0
22,S8,2,0.0
22,S8,3,0.0
22,S8,4,0.0
22,S8,5,0.0
22,S8,6,0.0
22,S8,7,0.0
22,S8,8,0.0
22,S8,9,0.0
22,S8,10,0.0
22,S8,11,0.0
22,S8,12,0.0
22,S8,13,0.0
22,S8,14,0.0
22,S8,15,0.0
22,S8,16,0.0
22,S8,17,0.0
22,S8,18,0.0
22,S8,19,0.0
22,S8,20,0.0
22,S8,21,0.0
22,S8,22,0.0
22,S8,23,0.0
22,S8,24,0.0
22,S9,1,0.0
22,S9,2,0.0
22,S9,3,0.0
22,S9,4,0.0
22,S9,5,0.0
22,S9,6,0.0
22,S9,7,0.0
22,S9,8,0.0
22,S9,9,0.0
22,S9,10,0.0
22,S9,11,0.0
22,S9,12,0.0
22,S9,13,0.0
22,S9,14,0.0
22,S9,15,0.0
22,S9,16,0.0
22,S9,17,0.0
22,S9,18,0.0
22,S9,19,0.0
22,S9,20,0.0
22,S9,21,0.0
22,S9,22,0.0
22,S9,23,0.0
22,S9,24,0.0
22,S10,1,0.0
22,S10,2,0.0
22,S10,3,0.0
22,S10,4,0.0
22,S10,5,0.0
22,S10,6,0.0
22,S10,7,0.0
22,S10,8,0.0
22,S10,9,0.0
22,S10,10,0.0
22,S10,11,0.0
22,S10,12,0.0
22,S10,13,0.0
22,S10,14,0.0
22,S10,15,0.0
22,S10,16,0.0
22,S10,17,0.0
22,S10,18,0.0
22,S10,19,0.0
22,S10,20,0.0
22,S10,21,0.0
22,S10,22,0.0
22,S10,23,0.0
22,S10,24,0.0
22,S11,1,0.0
22,S11,2,0.0
22,S11,3,0.0
22,S11,4,0.0
22,S11,5,0.0
22,S11,6,0.0
22,S11,7,0.0
22,S11,8,0.0
22,S11,9,0.0
22,S11,10,0.0
22,S11,11,0.0
22,S11,12,0.0
22,S11,13,0.0
22,S11,14,0.0
22,S11,15,0.0
22,S11,16,0.0
22,S11,17,0.0
22,S11,18,0.0
22,S11,19,0.0
22,S11,20,0.0
22,S11,21,0.0
22,S11,22,0.0
22,S11,23,0.0
22,S11,24,0.0
22,S12,1,0.0
22,S12,2,0.0
22,S12,3,0.0
22,S12,4,0.0
22,S12,5,0.0
22,S12,6,0.0
22,S12,7,0.0
22,S12,8,0.0
22,S12,9,0.0
22,S12,10,0.0
22,S12,11,0.0
22,S12,12,0.0
22,S12,13,0.0
22,S12,14,0.0
22,S12,15,0.0
22,S12,16,0.0
22,S12,17,0.0
22,S12,18,0.0
22,S12,19,0.0
22,S12,20,0.0
22,S12,21,0.0
22,S12,22,0.0
22,S12,23,0.0
22,S12,24,0.0
23,S1,1,2.1508934856353603
23,S1,2,2.1315003255489704
23,S1,3,1.9236262912257664
23,S1,4,1.9642925020619164
23,S1,5,2.109475378700432
23,S1,6,2.2743884916198014
23,S1,7,2.5590406335375064
23,S1,8,3.1698390538470727
23,S1,9,3.463762679307014
23,S1,10,3.4816570021073154
23,S1,11,3.675631455078761
23,S1,12,3.599829922130867
23,S1,13,3.4849694514826695
23,S1,14,3.4542503517613965
23,S1,15,3.613174522572906
23,S1,16,3.8965743099839942
23,S1,17,4.529759816726399
23,S1,18,4.367763543629132
23,S1,19,4.760067627792563
23,S1,20,4.429479493734137
23,S1,21,3.9590803494464764
23,S1,22,3.1471883797670186
23,S1,23,2.8245158807217416
23,S1,24,2.4022474169191725
23,S2,1,1.7292337322653386
23,S2,2,1.573222693844637
23,S2,3,1.540886417242437
23,S2,4,1.5156631423043971
23,S2,5,1.6849900615277238
23,S2,6,1.787371657596153
23,S2,7,2.053375890982928
23,S2,8,2.286208114592229
23,S2,9,2.612704280311994
23,S2,10,2.928678215971034
23,S2,11,2.9130517097164215
23,S2,12,2.7485011632073837
23,S2,13,2.73439254159544
23,S2,14,2.7868438633784556
23,S2,15,3.0117410830537437
23,S2,16,3.1395750516769723
23,S2,17,3.288879777633952
23,S2,18,3.536887181565642
23,S2,19,3.8188010355278803
23,S2,20,3.437922361997349
23,S2,21,3.17767632113476
23,S2,22,2.5061282517290553
23,S2,23,2.2830792035784415
23,S2,24,1.8740661332609254
23,S3,1,2.009055795323047
23,S3,2,1.9612172326270525
23,S3,3,1.9144315825861444
23,S3,4,1.7912507098269592
23,S3,5,1.8993315175546492
23,S3,6,2.1721565785839463
23,S3,7,2.4905824124813747
23,S3,8,2.8119191977496922
23,S3,9,3.0343913756155905
23,S3,10,3.298984191258215
23,S3,11,3.4130188015756713
23,S3,12,3.081135261800774
23,S3,13,3.0883695426720847
23,S3,14,3.2337181832012947
23,S3,15,3.4924113284890783
23,S3,16,3.64757426649749
23,S3,17,4.006382206671404
23,S3,18,4.241367132151158
23,S3,19,4.15589035594467
23,S3,20,3.9402123344027324
23,S3,21,3.6399150573692545
23,S3,22,2.9016935419534886
23,S3,23,2.609984475839753
23,S3,24,2.197157957385604
23,S4,1,1.5259946626658183
23,S4,2,1.5015640858433956
23,S4,3,1.4598354888182463
23,S4,4,1.3544248032720698
23,S4,5,1.3942468565488682
23,S4,6,1.6123253557025912
23,S4,7,1.798947966011924
23,S4,8,2.1001935911501013
23,S4,9,2.2610277306243494
23,S4,10,2.5755253502855977
23,S4,11,2.515656204727782
23,S4,12,2.491770658025131
23,S4,13,2.52723471556795
23,S4,14,2.4053081101709757
23,S4,15,2.6101898468749014
23,S4,16,2.917335554574149
23,S4,17,3.0306140928441763
23,S4,18,3.1362719928451255
23,S4,19,3.4245578392395513
23,S4,20,3.0800691414222077
23,S4,21,2.821793907211246
23,S4,22,2.3501041987072653
23,S4,23,1.9166683339345054
23,S4,24,1.823476482086577
23,S5,1,2.0189564464716567
23,S5,2,1.7750263665207595
23,S5,3,1.746957595642237
23,S5,4,1.7520582306089654
23,S5,5,1.7893724432140226
23,S5,6,1.939586745088908
23,S5,7,2.363990301938759
23,S5,8,2.7320233115048205
23,S5,9,2.9547711165292356
23,S5,10,3.1388503585656458
23,S5,11,3.0514108915183042
23,S5,12,3.0450020499572084
23,S5,13,3.068031857352476
23,S5,14,3.2223430735541054
23,S5,15,3.173858228236443
23,S5,16,3.584429153905905
23,S5,17,3.7563888215506362
23,S5,18,3.855197120573579
23,S5,19,3.9848737906695884
23,S5,20,3.66467761576122
23,S5,21,3.4378225469789183
23,S5,22,2.7966498376267475
23,S5,23,2.594855884564424
23,S5,24,2.254970020175673
23,S6,1,1.7185047385516952
23,S6,2,1.573096440205305
23,S6,3,1.5803291331682323
23,S6,4,1.5323881399331487
23,S6,5,1.5457529338942289
23,S6,6,1.6253535269756412
23,S6,7,2.015281494903422
23,S6,8,2.2625169742170645
23,S6,9,2.3862490064312336
23,S6,10,2.7264062840283034
23,S6,11,2.6994585764472356
23,S6,12,2.727580703076719
23,S6,13,2.590496146433994
23,S6,14,2.6473925041806834
23,S6,15,2.7154649349797166
23,S6,16,3.152288527211646
23,S6,17,3.387639903764906
23,S6,18,3.451529248609907
23,S6,19,3.3452595300671897
23,S6,20,3.404905103701431
23,S6,21,2.9713667953308507
23,S6,22,2.597385680466585
23,S6,23,2.029252331207761
23,S6,24,1.819201903804053
23,S7,1,1.8827016103142267
23,S7,2,1.8088829765239387
23,S7,3,1.6662683760118333
23,S7,4,1.6859704037921261
23,S7,5,1.7442423019454085
23,S7,6,1.941226432460238
23,S7,7,2.2099681234762127
23,S7,8,2.4908283280168972
23,S7,9,2.749500223075
23,S7,10,2.876633194487355
23,S7,11,3.0632224174808083
23,S7,12,2.9728301147240384
23,S7,13,2.9274447573114784
23,S7,14,2.9544591737705868
23,S7,15,2.960663281007642
23,S7,16,3.199413950878087
23,S7,17,3.6320370865399028
23,S7,18,3.647500448965301
23,S7,19,3.772769130923185
23,S7,20,3.5986785398723353
23,S7,21,3.3898671257167363
23,S7,22,2.7523617143441745
23,S7,23,2.3677379846608106
23,S7,24,2.1032121569266446
23,S8,1,1.5809805347984336
23,S8,2,1.4531789074772803
23,S8,3,1.5384828434800266
23,S8,4,1.4913220764330233
23,S8,5,1.5674438311926102
23,S8,6,1.720250070451757
23,S8,7,1.9477688241729987
23,S8,8,2.136814897619685
23,S8,9,2.569104012033098
23,S8,10,2.568590408478651
23,S8,11,2.6188824597565192
23,S8,12,2.6021410433946865
23,S8,13,2.531018270567441
23,S8,14,2.7044330026340884
23,S8,15,2.7677034966839686
23,S8,16,2.8793852097712955
23,S8,17,3.1313082726734125
23,S8,18,3.4090332936607335
23,S8,19,3.4118310025844005
23,S8,20,3.1306376657458923
23,S8,21,2.7392208584961044
23,S8,22,2.4199911952929667
23,S8,23,1.980978638555323
23,S8,24,1.7669063102866729
23,S9,1,2.279621689867273
23,S9,2,2.1911233620503943
23,S9,3,2.1344289960002656
23,S9,4,2.0933889842241973
23,S9,5,2.1941737674583295
23,S9,6,2.3583709636601937
23,S9,7,2.5734174980732103
23,S9,8,3.041148476846509
23,S9,9,3.5491060256917164
23,S9,10,3.588284816443805
23,S9,11,3.786622043381892
23,S9,12,3.7339364194131495
23,S9,13,3.553913517261255
23,S9,14,3.7597669439257944
23,S9,15,4.058044968754842
23,S9,16,4.387121944011875
23,S9,17,4.530305030294681
23,S9,18,4.745154332168875
23,S9,19,5.006667020757876
23,S9,20,4.780855972927359
23,S9,21,3.872127606355294
23,S9,22,3.2893295474268993
23,S9,23,3.0763634518821346
23,S9,24,2.4857475177363857
23,S10,1,1.7249947923827282
23,S10,2,1.5584345735154417
23,S10,3,1.6010211584431866
23,S10,4,1.4929607250838877
23,S10,5,1.5962701655852172
23,S10,6,1.8009745050926882
23,S10,7,2.0670862195786546
23,S10,8,2.2281862973758497
23,S10,9,2.6577857368555833
23,S10,10,2.7217108866352673
23,S10,11,2.6407744123814734
23,S10,12,2.6407634938030315
23,S10,13,2.6816271057294596
23,S10,14,2.756490670727464
23,S10,15,2.9844406266222006
23,S10,16,2.963440261349981
23,S10,17,3.3150241923288033
23,S10,18,3.353432261032604
23,S10,19,3.6577381690833017
23,S10,20,3.4877980160840045
23,S10,21,2.8491458587092193
23,S10,22,2.621927665920349
23,S10,23,2.0758739072508705
23,S10,24,1.9171621938969505
23,S11,1,1.8979473840613086
23,S11,2,1.6689702224931287
23,S11,3,1.7060947325519815
23,S11,4,1.5966922173774405
23,S11,5,1.6139615975940333
23,S11,6,1.9029081380070703
23,S11,7,2.1140638980189452
23,S11,8,2.4985777790313994
23,S11,9,2.8106478083422854
23,S11,10,2.7987908181876735
23,S11,11,2.9630888754802336
23,S11,12,2.7384652559321427
23,S11,13,2.8960303284883224
23,S11,14,2.9181807226151792
23,S11,15,3.1629862589962094
23,S11,16,3.3986224808367207
23,S11,17,3.3538851130884137
23,S11,18,3.8091376522638845
23,S11,19,3.7632614419883157
23,S11,20,3.5594853235977904
23,S11,21,3.0780297572036277
23,S11,22,2.5850171571301743
23,S11,23,2.42266462990638
23,S11,24,2.1221466935550604
23,S12,1,2.601807459364549
23,S12,2,2.5151663989712394
23,S12,3,2.2139385026330443
23,S12,4,2.3094571877626158
23,S12,5,2.3163569818002903
23,S12,6,2.747016822165323
23,S12,7,3.1332326750489856
23,S12,8,3.3741667615169417
23,S12,9,3.6735387482500164
23,S12,10,4.146185782165158
23,S12,11,4.295398876210279
23,S12,12,3.9791067400508946
23,S12,13,4.144832009792848
23,S12,14,4.121331556491064
23,S12,15,4.145669975418909
23,S12,16,4.717074174737188
23,S12,17,5.127232571620397
23,S12,18,5.5212333975292
23,S12,19,5.484374465798678
23,S12,20,5.073752350761586
23,S12,21,4.312630559973335
23,S12,22,3.947043965009688
23,S12,23,3.4288916378548326
23,S12,24,2.865363989923799
24,S1,1,0.0
24,S1,2,0.0
24,S1,3,0.0
24,S1,4,0.0
24,S1,5,0.0
24,S1,6,0.0
24,S1,7,0.0
24,S1,8,0.0
24,S1,9,0.0
24,S1,10,0.0
24,S1,11,0.0
24,S1,12,0.0
24,S1,13,0.0
24,S1,14,0.0
24,S1,15,0.0
24,S1,16,0.0
24,S1,17,0.0
24,S1,18,0.0
24,S1,19,0.0
24,S1,20,0.0
24,S1,21,0.0
24,S1,22,0.0
24,S1,23,0.0
24,S1,24,0.0
24,S2,1,0.0
24,S2,2,0.0
24,S2,3,0.0
24,S2,4,0.0
24,S2,5,0.0
24,S2,6,0.0
24,S2,7,0.0
24,S2,8,0.0
24,S2,9,0.0
24,S2,10,0.0
24,S2,11,0.0
24,S2,12,0.0
24,S2,13,0.0
24,S2,14,0.0
24,S2,15,0.0
24,S2,16,0.0
24,S2,17,0.0
24,S2,18,0.0
24,S2,19,0.0
24,S2,20,0.0
24,S2,21,0.0
24,S2,22,0.0
24,S2,23,0.0
24,S2,24,0.0
24,S3,1,0.0
24,S3,2,0.0
24,S3,3,0.0
24,S3,4,0.0
24,S3,5,0.0
24,S3,6,0.0
24,S3,7,0.0
24,S3,8,0.0
24,S3,9,0.0
24,S3,10,0.0
24,S3,11,0.0
24,S3,12,0.0
24,S3,13,0.0
24,S3,14,0.0
24,S3,15,0.0
24,S3,16,0.0
24,S3,17,0.0
24,S3,18,0.0
24,S3,19,0.0
24,S3,20,0.0
24,S3,21,0.0
24,S3,22,0.0
24,S3,23,0.0
24,S3,24,0.0
24,S4,1,0.0
24,S4,2,0.0
24,S4,3,0.0
24,S4,4,0.0
24,S4,5,0.0
24,S4,6,0.0
24,S4,7,0.0
24,S4,8,0.0
24,S4,9,0.0
24,S4,10,0.0
24,S4,11,0.0
24,S4,12,0.0
24,S4,13,0.0
24,S4,14,0.0
24,S4,15,0.0
24,S4,16,0.0
24,S4,17,0.0
24,S4,18,0.0
24,S4,19,0.0
24,S4,20,0.0
24,S4,21,0.0
24,S4,22,0.0
24,S4,23,0.0
24,S4,24,0.0
24,S5,1,0.0
24,S5,2,0.0
24,S5,3,0.0
24,S5,4,0.0
24,S5,5,0.0
24,S5,6,0.0
24,S5,7,0.0
24,S5,8,0.0
24,S5,9,0.0
24,S5,10,0.0
24,S5,11,0.0
24,S5,12,0.0
24,S5,13,0.0
24,S5,14,0.0
24,S5,15,0.0
24,S5,16,0.0
24,S5,17,0.0
24,S5,18,0.0
24,S5,19,0.0
24,S5,20,0.0
24,S5,21,0.0
24,S5,22,0.0
24,S5,23,0.0
24,S5,24,0.0
24,S6,1,0.0
24,S6,2,0.0
24,S6,3,0.0
24,S6,4,0.0
24,S6,5,0.0
24,S6,6,0.0
24,S6,7,0.0
24,S6,8,0.0
24,S6,9,0.0
24,S6,10,0.0
24,S6,11,0.0
24,S6,12,0.0
24,S6,13,0.0
24,S6,14,0.0
24,S6,15,0.0
24,S6,16,0.0
24,S6,17,0.0
24,S6,18,0.0
24,S6,19,0.0
24,S6,20,0.0
24,S6,21,0.0
24,S6,22,0.0
24,S6,23,0.0
24,S6,24,0.0
24,S7,1,0.0
24,S7,2,0.0
24,S7,3,0.0
24,S7,4,0.0
24,S7,5,0.0
24,S7,6,0.0
24,S7,7,0.0
24,S7,8,0.0
24,S7,9,0.0
24,S7,10,0.0
24,S7,11,0.0
24,S7,12,0.0
24,S7,13,0.0
24,S7,14,0.0
24,S7,15,0.0
24,S7,16,0.0
24,S7,17,0.0
24,S7,18,0.0
24,S7,19,0.0
24,S7,20,0.0
24,S7,21,0.0
24,S7,22,0.0
24,S7,23,0.0
24,S7,24,0.0
24,S8,1,0.0
24,S8,2,0.0
24,S8,3,0.0
24,S8,4,0.0
24,S8,5,0.0
24,S8,6,0.0
24,S8,7,0.0
24,S8,8,0.0
24,S8,9,0.0
24,S8,10,0.0
24,S8,11,0.0
24,S8,12,0.0
24,S8,13,0.0
24,S8,14,0.0
24,S8,15,0.0
24,S8,16,0.0
24,S8,17,0.0
24,S8,18,0.0
24,S8,19,0.0
24,S8,20,0.0
24,S8,21,0.0
24,S8,22,0.0
24,S8,23,0.0
24,S8,24,0.0
24,S9,1,0.0
24,S9,2,0.0
24,S9,3,0.0
24,S9,4,0.0
24,S9,5,0.0
24,S9,6,0.0
24,S9,7,0.0
24,S9,8,0.0
24,S9,9,0.0
24,S9,10,0.0
24,S9,11,0.0
24,S9,12,0.0
24,S9,13,0.0
24,S9,14,0.0
24,S9,15,0.0
24,S9,16,0.0
24,S9,17,0.0
24,S9,18,0.0
24,S9,19,0.0
24,S9,20,0.0
24,S9,21,0.0
24,S9,22,0.0
24,S9,23,0.0
24,S9,24,0.0
24,S10,1,0.0
24,S10,2,0.0
24,S10,3,0.0
24,S10,4,0.0
24,S10,5,0.0
24,S10,6,0.0
24,S10,7,0.0
24,S10,8,0.0
24,S10,9,0.0
24,S10,10,0.0
24,S10,11,0.0
24,S10,12,0.0
24,S10,13,0.0
24,S10,14,0.0
24,S10,15,0.0
24,S10,16,0.0
24,S10,17,0.0
24,S10,18,0.0
24,S10,19,0.0
24,S10,20,0.0
24,S10,21,0.0
24,S10,22,0.0
24,S10,23,0.0
24,S10,24,0.0
24,S11,1,0.0
24,S11,2,0.0
24,S11,3,0.0
24,S11,4,0.0
24,S11,5,0.0
24,S11,6,0.0
24,S11,7,0.0
24,S11,8,0.0
24,S11,9,0.0
24,S11,10,0.0
24,S11,11,0.0
24,S11,12,0.0
24,S11,13,0.0
24,S11,14,0.0
24,S11,15,0.0
24,S11,16,0.0
24,S11,17,0.0
24,S11,18,0.0
24,S11,19,0.0
24,S11,20,0.0
24,S11,21,0.0
24,S11,22,0.0
24,S11,23,0.0
24,S11,24,0.0
24,S12,1,0.0
24,S12,2,0.0
24,S12,3,0.0
24,S12,4,0.0
24,S12,5,0.0
24,S12,6,0.0
24,S12,7,0.0
24,S12,8,0.0
24,S12,9,0.0
24,S12,10,0.0
24,S12,11,0.0
24,S12,12,0.0
24,S12,13,0.0
24,S12,14,0.0
24,S12,15,0.0
24,S12,16,0.0
24,S12,17,0.0
24,S12,18,0.0
24,S12,19,0.0
24,S12,20,0.0
24,S12,21,0.0
24,S12,22,0.0
24,S12,23,0.0
24,S12,24,0.0
25,S1,1,2.3244727399203144
25,S1,2,1.9982133600543046
25,S1,3,2.0027256339199764
25,S1,4,2.0521979301039575
25,S1,5,1.9609796299927376
25,S1,6,2.1958335270342215
25,S1,7,2.714321055056982
25,S1,8,3.1493278265843276
25,S1,9,3.4651697408317164
25,S1,10,3.486534335975369
25,S1,11,3.59784412692174
25,S1,12,3.503410846757265
25,S1,13,3.3287511985392797
25,S1,14,3.6720388784934004
25,S1,15,3.5668860220583167
25,S1,16,4.014968186491858
25,S1,17,4.118848691615351
25,S1,18,4.613059847749287
25,S1,19,4.652245318379542
25,S1,20,4.362490476185571
25,S1,21,3.870332819652097
25,S1,22,3.301396033752499
25,S1,23,2.8371410743652734
25,S1,24,2.446979264842094
25,S2,1,1.7564544299212013
25,S2,2,1.574651284885288
25,S2,3,1.6550967647674322
25,S2,4,1.6011465677099186
25,S2,5,1.6143546371894708
25,S2,6,1.8118554592838045
25,S2,7,2.040592064693711
25,S2,8,2.281632676010924
25,S2,9,2.5771192494929296
25,S2,10,2.794647877491329
25,S2,11,2.8173637363502464
25,S2,12,2.750747077828142
25,S2,13,2.5990327677185596
25,S2,14,2.6758105311237617
25,S2,15,2.919187546048406
25,S2,16,3.1970723490163038
25,S2,17,3.354191410607412
25,S2,18,3.5840912043618585
25,S2,19,3.8417741400792482
25,S2,20,3.4242004153957555
25,S2,21,2.964476584149314
25,S2,22,2.554679732606937
25,S2,23,2.290373967331075
25,S2,24,1.936294524478671
25,S3,1,2.0985893566274667
25,S3,2,1.9024654772766618
25,S3,3,1.8043216266359712
25,S3,4,1.880050196745118
25,S3,5,1.9311019045477142
25,S3,6,2.0181418586515107
25,S3,7,2.284002151381798
25,S3,8,2.857066391941002
25,S3,9,2.936872653435277
25,S3,10,3.160584715252897
25,S3,11,3.146761406187158
25,S3,12,3.2424299111390846
25,S3,13,3.140041329912649
25,S3,14,3.149745708298831
25,S3,15,3.567348580216817
25,S3,16,3.5255898642944303
25,S3,17,4.08876084232493
25,S3,18,4.305870109160462
25,S3,19,4.327100973155935
25,S3,20,4.030028969541497
25,S3,21,3.4439457323552656
25,S3,22,3.161995885656621
25,S3,23,2.687971486766779
25,S3,24,2.3197365560914602
25,S4,1,1.6505851354662886
25,S4,2,1.4170649029960012
25,S4,3,1.3652369414141388
25,S4,4,1.4073324807746401
25,S4,5,1.4415030090143934
25,S4,6,1.6381774904111963
25,S4,7,1.8236255748720203
25,S4,8,2.213712380342341
25,S4,9,2.43535095233647
25,S4,10,2.420549693433601
25,S4,11,2.515359009403248
25,S4,12,2.384189228115772
25,S4,13,2.485207204916407
25,S4,14,2.582802572784477
25,S4,15,2.5506546869570013
25,S4,16,2.955156360149214
25,S4,17,2.91679318557988
25,S4,18,3.0894399726865815
25,S4,19,3.4739351713500604
25,S4,20,3.232687438975261
25,S4,21,2.6792003252790835
25,S4,22,2.2756203463951015
25,S4,23,2.022164363716264
25,S4,24,1.778011321834867
25,S5,1,1.923254479236301
25,S5,2,1.8939547332701265
25,S5,3,1.7427909685643286
25,S5,4,1.7675897596876566
25,S5,5,1.760350424599911
25,S5,6,1.897659781657526
25,S5,7,2.248634550619456
25,S5,8,2.6264355772863497
25,S5,9,2.9939032940083923
25,S5,10,3.203397470396234
25,S5,11,3.000088361536591
25,S5,12,2.955261575726731
25,S5,13,3.1204534968266686
25,S5,14,2.9911872071930556
25,S5,15,3.320288421467517
25,S5,16,3.646457021227751
25,S5,17,3.6711574978733474
25,S5,18,3.8416099112936313
25,S5,19,4.184090120039219
25,S5,20,3.671592820679369
25,S5,21,3.3829509698056
25,S5,22,2.9846828808493577
25,S5,23,2.519471268245325
25,S5,24,2.2532806477071325
25,S6,1,1.7521466540254629
25,S6,2,1.518289274492001
25,S6,3,1.5382926940571056
25,S6,4,1.4971588103916171
25,S6,5,1.5364612752782771
25,S6,6,1.7276899573682454
25,S6,7,1.953755257919541
25,S6,8,2.250688247914257
25,S6,9,2.453271979237828
25,S6,10,2.7120815809618564
25,S6,11,2.7495240253729967
25,S6,12,2.577278283424358
25,S6,13,2.513138631079875
25,S6,14,2.5603437660320973
25,S6,15,2.7384431063244987
25,S6,16,2.912166970327949
25,S6,17,3.0930356990038472
25,S6,18,3.539352169717783
25,S6,19,3.3929943078486153
25,S6,20,3.4201737337844955
25,S6,21,3.0432678097279444
25,S6,22,2.362382437501572
25,S6,23,2.1080255322044072
25,S6,24,1.8315832605000555
25,S7,1,1.9210910363371225
25,S7,2,1.806573931066745
25,S7,3,1.6993946101140616
25,S7,4,1.7150319468709607
25,S7,5,1.6630466621309745
25,S7,6,1.8303898555648312
25,S7,7,2.2377864169566157
25,S7,8,2.394362167649765
25,S7,9,2.8794734476204544
25,S7,10,3.0167148528427856
25,S7,11,2.959362953227183
25,S7,12,2.9103468679377946
25,S7,13,2.7673172712433787
25,S7,14,2.9636592839357254
25,S7,15,2.9772000766317364
25,S7,16,3.5146149528713533
25,S7,17,3.5640929351205886
25,S7,18,3.720066380862782
25,S7,19,3.8031504686680577
25,S7,20,3.7971697304342715
25,S7,21,3.190454354451262
25,S7,22,2.677835064696818
25,S7,23,2.28568397821772
25,S7,24,1.98594156720241
25,S8,1,1.6269626852018917
25,S8,2,1.5905041363209262
25,S8,3,1.443258165728334
25,S8,4,1.4670453723953187
25,S8,5,1.4500185840396762
25,S8,6,1.6798584064969313
25,S8,7,1.8711209687806742
25,S8,8,2.1856233493643145
25,S8,9,2.345183837032206
25,S8,10,2.557753657843827
25,S8,11,2.7265008373500397
25,S8,12,2.490882187444939
25,S8,13,2.5267504124986018
25,S8,14,2.6604375801529754
25,S8,15,2.6662743143179997
25,S8,16,2.913912975609172
25,S8,17,3.0129782771873046
25,S8,18,3.211428474046549
25,S8,19,3.408688111113208
25,S8,20,3.180407701164766
25,S8,21,2.8201359792055167
25,S8,22,2.5232858150441104
25,S8,23,2.031948618191715
25,S8,24,1.877483297323793
25,S9,1,2.255552776855259
25,S9,2,2.1827213228153965
25,S9,3,2.1409723239736147
25,S9,4,2.1589650415403225
25,S9,5,2.036457552496421
25,S9,6,2.306917737284626
25,S9,7,2.672595116034055
25,S9,8,3.218604746585224
25,S9,9,3.493492709804671
25,S9,10,3.5880747463894505
25,S9,11,3.792538210748218
25,S9,12,3.726159354870574
25,S9,13,3.7643592236229404
25,S9,14,3.8132897311105847
25,S9,15,3.841828518403598
25,S9,16,4.265783346870924
25,S9,17,4.494632518431387
25,S9,18,4.835825149653395
25,S9,19,4.85047132086218
25,S9,20,4.794993406698117
25,S9,21,3.929351306596843
25,S9,22,3.365763305846227
25,S9,23,3.0801733348543503
25,S9,24,2.647946928920096
25,S10,1,1.6779218061706938
25,S10,2,1.6630569360387986
25,S10,3,1.592921122173437
25,S10,4,1.5150067172374753
25,S10,5,1.6246399770173463
25,S10,6,1.6581814008084204
25,S10,7,1.939703924232909
25,S10,8,2.2543734708271317
25,S10,9,2.481711804350456
25,S10,10,2.7480153472800186
25,S10,11,2.8344155994453493
25,S10,12,2.6275041647180517
25,S10,13,2.743054225128
25,S10,14,2.633341314859926
25,S10,15,2.7587164752079554
25,S10,16,3.1438751159095033
25,S10,17,3.281060016550229
25,S10,18,3.6373130741005792
25,S10,19,3.43297861545127
25,S10,20,3.4060316650608113
25,S10,21,3.03984590548352
25,S10,22,2.533789469143321
25,S10,23,2.2004295636424818
25,S10,24,1.9245653555019855
25,S11,1,1.8472225597014384
25,S11,2,1.6808547959303237
25,S11,3,1.6638009154667353
25,S11,4,1.561840547595726
25,S11,5,1.717908795607833
25,S11,6,1.917231374315894
25,S11,7,2.058196184995219
25,S11,8,2.396520861174217
25,S11,9,2.715107504085255
25,S11,10,2.812754326230789
25,S11,11,3.0454309590712243
25,S11,12,2.9151915317636163
25,S11,13,2.8804201211891924
25,S11,14,2.83155955949861
25,S11,15,3.1152258859599744
25,S11,16,3.1301404216182482
25,S11,17,3.5829425616002477
25,S11,18,3.8842460741976006
25,S11,19,3.884922163526439
25,S11,20,3.5453109143070902
25,S11,21,3.200050719131057
25,S11,22,2.572444301908427
25,S11,23,2.4248800905338337
25,S11,24,2.0747855181338206
25,S12,1,2.6670893071066364
25,S12,2,2.3658360715292046
25,S12,3,2.215926368448415
25,S12,4,2.3477782874595094
25,S12,5,2.2765737647862365
25,S12,6,2.6069567448456685
25,S12,7,3.050579701309121
25,S12,8,3.3743885134488054
25,S12,9,3.998393261629546
25,S12,10,3.892093795255906
25,S12,11,4.055924010082952
25,S12,12,3.923239722919427
25,S12,13,4.0665841790210155
25,S12,14,3.9602178329994975
25,S12,15,4.380743179122956
25,S12,16,4.775564319655681
25,S12,17,5.102756084899878
25,S12,18,5.134512098917528
25,S12,19,5.339258866853996
25,S12,20,5.0962320155680425
25,S12,21,4.492088343721953
25,S12,22,3.7955179621730033
25,S12,23,3.2600877151627574
25,S12,24,2.8256800763638332
26,S1,1,0.0
26,S1,2,0.0
26,S1,3,0.0
26,S1,4,0.0
26,S1,5,0.0
26,S1,6,0.0
26,S1,7,0.0
26,S1,8,0.0
26,S1,9,0.0
26,S1,10,0.0
26,S1,11,0.0
26,S1,12,0.0
26,S1,13,0.0
26,S1,14,0.0
26,S1,15,0.0
26,S1,16,0.0
26,S1,17,0.0
26,S1,18,0.0
26,S1,19,0.0
26,S1,20,0.0
26,S1,21,0.0
26,S1,22,0.0
26,S1,23,0.0
26,S1,24,0.0
26,S2,1,0.0
26,S2,2,0.0
26,S2,3,0.0
26,S2,4,0.0
26,S2,5,0.0
26,S2,6,0.0
26,S2,7,0.0
26,S2,8,0.0
26,S2,9,0.0
26,S2,10,0.0
26,S2,11,0.0
26,S2,12,0.0
26,S2,13,0.0
26,S2,14,0.0
26,S2,15,0.0
26,S2,16,0.0
26,S2,17,0.0
26,S2,18,0.0
26,S2,19,0.0
26,S2,20,0.0
26,S2,21,0.0
26,S2,22,0.0
26,S2,23,0.0
26,S2,24,0.0
26,S3,1,0.0
26,S3,2,0.0
26,S3,3,0.0
26,S3,4,0.0
26,S3,5,0.0
26,S3,6,0.0
26,S3,7,0.0
26,S3,8,0.0
26,S3,9,0.0
26,S3,10,0.0
26,S3,11,0.0
26,S3,12,0.0
26,S3,13,0.0
26,S3,14,0.0
26,S3,15,0.0
26,S3,16,0.0
26,S3,17,0.0
26,S3,18,0.0
26,S3,19,0.0
26,S3,20,0.0
26,S3,21,0.0
26,S3,22,0.0
26,S3,23,0.0
26,S3,24,0.0
26,S4,1,0.0
26,S4,2,0.0
26,S4,3,0.0
26,S4,4,0.0
26,S4,5,0.0
26,S4,6,0.0
26,S4,7,0.0
26,S4,8,0.0
26,S4,9,0.0
26,S4,10,0.0
26,S4,11,0.0
26,S4,12,0.0
26,S4,13,0.0
26,S4,14,0.0
26,S4,15,0.0
26,S4,16,0.0
26,S4,17,0.0
26,S4,18,0.0
26,S4,19,0.0
26,S4,20,0.0
26,S4,21,0.0
26,S4,22,0.0
26,S4,23,0.0
26,S4,24,0.0
26,S5,1,0.0
26,S5,2,0.0
26,S5,3,0.0
26,S5,4,0.0
26,S5,5,0.0
26,S5,6,0.0
26,S5,7,0.0
26,S5,8,0.0
26,S5,9,0.0
26,S5,10,0.0
26,S5,11,0.0
26,S5,12,0.0
26,S5,13,0.0
26,S5,14,0.0
26,S5,15,0.0
26,S5,16,0.0
26,S5,17,0.0
26,S5,18,0.0
26,S5,19,0.0
26,S5,20,0.0
26,S5,21,0.0
26,S5,22,0.0
26,S5,23,0.0
26,S5,24,0.0
26,S6,1,0.0
26,S6,2,0.0
26,S6,3,0.0
26,S6,4,0.0
26,S6,5,0.0
26,S6,6,0.0
26,S6,7,0.0
26,S6,8,0.0
26,S6,9,0.0
26,S6,10,0.0
26,S6,11,0.0
26,S6,12,0.0
26,S6,13,0.0
26,S6,14,0.0
26,S6,15,0.0
26,S6,16,0.0
26,S6,17,0.0
26,S6,18,0.0
26,S6,19,0.0
26,S6,20,0.0
26,S6,21,0.0
26,S6,22,0.0
26,S6,23,0.0
26,S6,24,0.0
26,S7,1,0.0
26,S7,2,0.0
26,S7,3,0.0
26,S7,4,0.0
26,S7,5,0.0
26,S7,6,0.0
26,S7,7,0.0
26,S7,8,0.0
26,S7,9,0.0
26,S7,10,0.0
26,S7,11,0.0
26,S7,12,0.0
26,S7,13,0.0
26,S7,14,0.0
26,S7,15,0.0
26,S7,16,0.0
26,S7,17,0.0
26,S7,18,0.0
26,S7,19,0.0
26,S7,20,0.0
26,S7,21,0.0
26,S7,22,0.0
26,S7,23,0.0
26,S7,24,0.0
26,S8,1,0.0
26,S8,2,0.0
26,S8,3,0.0
26,S8,4,0.0
26,S8,5,0.0
26,S8,6,0.0
26,S8,7,0.0
26,S8,8,0.0
26,S8,9,0.0
26,S8,10,0.0
26,S8,11,0.0
26,S8,12,0.0
26,S8,13,0.0
26,S8,14,0.0
26,S8,15,0.0
26,S8,16,0.0
26,S8,17,0.0
26,S8,18,0.0
26,S8,19,0.0
26,S8,20,0.0
26,S8,21,0.0
26,S8,22,0.0
26,S8,23,0.0
26,S8,24,0.0
26,S9,1,0.0
26,S9,2,0.0
26,S9,3,0.0
26,S9,4,0.0
26,S9,5,0.0
26,S9,6,0.0
26,S9,7,0.0
26,S9,8,0.0
26,S9,9,0.0
26,S9,10,0.0
26,S9,11,0.0
26,S9,12,0.0
26,S9,13,0.0
26,S9,14,0.0
26,S9,15,0.0
26,S9,16,0.0
26,S9,17,0.0
26,S9,18,0.0
26,S9,19,0.0
26,S9,20,0.0
26,S9,21,0.0
26,S9,22,0.0
26,S9,23,0.0
26,S9,24,0.0
26,S10,1,0.0
26,S10,2,0.0
26,S10,3,0.0
26,S10,4,0.0
26,S10,5,0.0
26,S10,6,0.0
26,S10,7,0.0
26,S10,8,0.0
26,S10,9,0.0
26,S10,10,0.0
26,S10,11,0.0
26,S10,12,0.0
26,S10,13,0.0
26,S10,14,0.0
26,S10,15,0.0
26,S10,16,0.0
26,S10,17,0.0
26,S10,18,0.0
26,S10,19,0.0
26,S10,20,0.0
26,S10,21,0.0
26,S10,22,0.0
26,S10,23,0.0
26,S10,24,0.0
26,S11,1,0.0
26,S11,2,0.0
26,S11,3,0.0
26,S11,4,0.0
26,S11,5,0.0
26,S11,6,0.0
26,S11,7,0.0
26,S11,8,0.0
26,S11,9,0.0
26,S11,10,0.0
26,S11,11,0.0
26,S11,12,0.0
26,S11,13,0.0
26,S11,14,0.0
26,S11,15,0.0
26,S11,16,0.0
26,S11,17,0.0
26,S11,18,0.0
26,S11,19,0.0
26,S11,20,0.0
26,S11,21,0.0
26,S11,22,0.0
26,S11,23,0.0
26,S11,24,0.0
26,S12,1,0.0
26,S12,2,0.0
26,S12,3,0.0
26,S12,4,0.0
26,S12,5,0.0
26,S12,6,0.0
26,S12,7,0.0
26,S12,8,0.0
26,S12,9,0.0
26,S12,10,0.0
26,S12,11,0.0
26,S12,12,0.0
26,S12,13,0.0
26,S12,14,0.0
26,S12,15,0.0
26,S12,16,0.0
26,S12,17,0.0
26,S12,18,0.0
26,S12,19,0.0
26,S12,20,0.0
26,S12,21,0.0
26,S12,22,0.0
26,S12,23,0.0
26,S12,24,0.0
27,S1,1,3.287874780243437
27,S1,2,3.025713122782555
27,S1,3,3.106842960237326
27,S1,4,2.833527515133617
27,S1,5,2.961816037006811
27,S1,6,3.1872020532664704
27,S1,7,3.711352340706985
27,S1,8,4.643114924124345
27,S1,9,4.934219573208769
27,S1,10,5.04264782806277
27,S1,11,5.059988945232851
27,S1,12,4.962003830692646
27,S1,13,4.996272592956417
27,S1,14,5.201597446176663
27,S1,15,5.602208595300933
27,S1,16,5.845665737013235
27,S1,17,6.0734873509574125
27,S1,18,6.887371992116357
27,S1,19,6.862463273605538
27,S1,20,6.607057078298707
27,S1,21,5.548139870856358
27,S1,22,4.664187154344192
27,S1,23,4.020978708203797
27,S1,24,3.660376149502661
27,S2,1,2.5257432489921325
27,S2,2,2.5045482384942397
27,S2,3,2.4553510454577174
27,S2,4,2.230446862379743
27,S2,5,2.429118789671537
27,S2,6,2.7551677137070283
27,S2,7,2.9589317835312556
27,S2,8,3.3615684746484744
27,S2,9,3.897388783650261
27,S2,10,3.983361624110325
27,S2,11,4.02009062883359
27,S2,12,4.10301050326151
27,S2,13,4.1196387480687315
27,S2,14,4.192716111341935
27,S2,15,4.405415718734144
27,S2,16,4.900730408851597
27,S2,17,4.9724554439351065
27,S2,18,5.181477707028978
27,S2,19,5.311129788783906
27,S2,20,5.288721687093965
27,S2,21,4.736329763898414
27,S2,22,4.032480819544912
27,S2,23,3.395217169903116
27,S2,24,3.0110134688608374
27,S3,1,3.0918944202985754
27,S3,2,2.88092649352359
27,S3,3,2.751616024440137
27,S3,4,2.7292696477008684
27,S3,5,2.8456780572271394
27,S3,6,3.0727096358005106
27,S3,7,3.395183855952128
27,S3,8,4.0204649139513755
27,S3,9,4.7504969274410636
27,S3,10,4.66323723691796
27,S3,11,5.026387484618467
27,S3,12,4.637319255165351
27,S3,13,4.645831739946536
27,S3,14,4.750664976530329
27,S3,15,5.155320964995161
27,S3,16,5.431957896321873
27,S3,17,5.902700389067493
27,S3,18,6.4510623703900585
27,S3,19,6.029448696407815
27,S3,20,6.039402022725946
27,S3,21,5.325946408712261
27,S3,22,4.524491743218574
27,S3,23,4.024077462797307
27,S3,24,3.2237072620554272
27,S4,1,2.3388393504428153
27,S4,2,2.240965270793597
27,S4,3,2.098749718484379
27,S4,4,2.0109182419975435
27,S4,5,2.084528568134899
27,S4,6,2.4584973789590943
27,S4,7,2.7330576938352413
27,S4,8,3.0003818198866625
27,S4,9,3.4488685592555797
27,S4,10,3.5419233824851353
27,S4,11,3.8993967558684326
27,S4,12,3.6945614107851763
27,S4,13,3.6586358427751304
27,S4,14,3.7990158832775163
27,S4,15,3.8027895554929914
27,S4,16,4.329083240965028
27,S4,17,4.674856720438098
27,S4,18,4.984443737954148
27,S4,19,5.04231640809253
27,S4,20,4.669125680272829
27,S4,21,4.219859026089462
27,S4,22,3.6029388156481312
27,S4,23,2.857285324435328
27,S4,24,2.608249330111664
27,S5,1,2.771972098528361
27,S5,2,2.6704446859723303
27,S5,3,2.5503490253749894
27,S5,4,2.4332137203149156
27,S5,5,2.6818997515346035
27,S5,6,2.9320314462905843
27,S5,7,3.4123008437969284
27,S5,8,3.8225779341090953
27,S5,9,4.3753344482366545
27,S5,10,4.524740309238992
27,S5,11,4.417133993852316
27,S5,12,4.611705772034335
27,S5,13,4.425039349484229
27,S5,14,4.578874648446229
27,S5,15,5.062300551104742
27,S5,16,5.107765412557546
27,S5,17,5.530676093759703
27,S5,18,5.680665527802001
27,S5,19,6.327162426477579
27,S5,20,5.7624403913317765
27,S5,21,4.782770613312682
27,S5,22,4.242949968525749
27,S5,23,3.6333642677741014
27,S5,24,3.345868974421863
27,S6,1,2.3529915529441494
27,S6,2,2.3868263484496803
27,S6,3,2.2952429277853397
27,S6,4,2.1232785559483527
27,S6,5,2.2047935786136836
27,S6,6,2.5778209571331216
27,S6,7,2.912758258508896
27,S6,8,3.4312734142262866
27,S6,9,3.642715761352299
27,S6,10,3.9581266597072697
27,S6,11,4.1755656797772716
27,S6,12,3.962781402759808
27,S6,13,3.9040288635016616
27,S6,14,3.9247100668376222
27,S6,15,4.160801677633019
27,S6,16,4.56712842766839
27,S6,17,4.971372008825371
27,S6,18,4.8318521338932765
27,S6,19,5.140003151225808
27,S6,20,4.976188674431314
27,S6,21,4.1637376927976595
27,S6,22,3.5628527940066084
27,S6,23,3.160815846045559
27,S6,24,2.794934284944382
27,S7,1,2.8571863608620918
27,S7,2,2.5873265202291296
27,S7,3,2.3816952470984947
27,S7,4,2.5524698858511305
27,S7,5,2.4583632432437335
27,S7,6,2.6727364423198
27,S7,7,3.269877532553334
27,S7,8,3.751850520328754
27,S7,9,4.132049972435965
27,S7,10,4.331784676895841
27,S7,11,4.312666536030955
27,S7,12,4.35839391528285
27,S7,13,4.113756047800982
27,S7,14,4.382790979071061
27,S7,15,4.3789030027323355
27,S7,16,4.807221495765435
27,S7,17,5.2914374130456245
27,S7,18,5.671151700945082
27,S7,19,5.708064603296053
27,S7,20,5.187035072777886
27,S7,21,4.965471686176465
27,S7,22,4.009574347053944
27,S7,23,3.4006067451743824
27,S7,24,3.1168622380646176
27,S8,1,2.2967759236233416
27,S8,2,2.211396884099883
27,S8,3,2.1097779411998583
27,S8,4,2.217395854287988
27,S8,5,2.118663470219453
27,S8,6,2.4365632018610253
27,S8,7,2.9004577591754495
27,S8,8,3.250065107427991
27,S8,9,3.5662812206757173
27,S8,10,3.6842307885661696
27,S8,11,3.7302937013528306
27,S8,12,3.6738181852946283
27,S8,13,3.560606500089302
27,S8,14,3.6447966362236266
27,S8,15,4.21911179897133
27,S8,16,4.444981111284906
27,S8,17,4.6422032960076836
27,S8,18,5.095958284647235
27,S8,19,4.851008725225232
27,S8,20,4.7802188505265475
27,S8,21,4.116402113773938
27,S8,22,3.541371822665049
27,S8,23,3.0860719125455174
27,S8,24,2.5559856340250096
27,S9,1,3.4193929641129412
27,S9,2,3.051919079471367
27,S9,3,2.9625982122963195
27,S9,4,3.1907311547126787
27,S9,5,3.2162690925494974
27,S9,6,3.390099531016771
27,S9,7,3.8101453919422705
27,S9,8,4.614161975282259
27,S9,9,4.992125276357
27,S9,10,5.432389063084801
27,S9,11,5.3373289922880565
27,S9,12,5.29503855169659
27,S9,13,5.063127781128629
27,S9,14,5.153244217457065
27,S9,15,5.465560553833544
27,S9,16,5.972064314850961
27,S9,17,6.779546691619375
27,S9,18,7.056266788367487
27,S9,19,7.312116299201876
27,S9,20,6.76679086476233
27,S9,21,5.689723712094742
27,S9,22,5.004700993290057
27,S9,23,4.2708457751716296
27,S9,24,3.6604217096577587
27,S10,1,2.6061309960670624
27,S10,2,2.300805693451654
27,S10,3,2.173794485600458
27,S10,4,2.1371988417031798
27,S10,5,2.302113910367266
27,S10,6,2.4832920020484255
27,S10,7,2.951518766887673
27,S10,8,3.3169378489179793
27,S10,9,3.904510806493555
27,S10,10,4.172920010637477
27,S10,11,4.234800292842852
27,S10,12,3.8580375984289623
27,S10,13,3.806651919956383
27,S10,14,4.155800187530068
27,S10,15,4.188590091248886
27,S10,16,4.6835249774901
27,S10,17,4.888600962320031
27,S10,18,5.065550937932627
27,S10,19,5.112454021211087
27,S10,20,5.063510103075326
27,S10,21,4.485651448865036
27,S10,22,3.7821390217002397
27,S10,23,3.362284015333992
27,S10,24,2.877181024377091
27,S11,1,2.557323234579644
27,S11,2,2.633767420834996
27,S11,3,2.411413404582312
27,S11,4,2.2994003508291523
27,S11,5,2.4438557431360044
27,S11,6,2.619253242448663
27,S11,7,3.1650876784932476
27,S11,8,3.5696933628473904
27,S11,9,3.913360166851276
27,S11,10,4.186356187633046
27,S11,11,4.507471754719214
27,S11,12,4.254549136870228
27,S11,13,4.246213408779068
27,S11,14,4.2392882811251305
27,S11,15,4.598252670787969
27,S11,16,4.807569143500574
27,S11,17,5.034308733869009
27,S11,18,5.734819985783975
27,S11,19,5.684029300995623
27,S11,20,5.161722890185722
27,S11,21,4.790853737461633
27,S11,22,4.13652795486155
27,S11,23,3.347205520438491
27,S11,24,3.058710564569042
27,S12,1,3.637410232373125
27,S12,2,3.4579531089780686
27,S12,3,3.297939817130436
27,S12,4,3.3041029221986977
27,S12,5,3.3584394985473707
27,S12,6,3.6694004906321642
27,S12,7,4.247229686881881
27,S12,8,5.0688131324051025
27,S12,9,5.896507732785676
27,S12,10,6.040355802120183
27,S12,11,6.4280058994339635
27,S12,12,6.016311364100245
27,S12,13,6.011883198772422
27,S12,14,5.98856028829515
27,S12,15,6.485969242892077
27,S12,16,6.808653805191972
27,S12,17,7.277418262938826
27,S12,18,7.936898858716025
27,S12,19,8.362017712824354
27,S12,20,7.605062266961568
27,S12,21,6.7361173230823725
27,S12,22,5.403565941436978
27,S12,23,4.838517811153387
27,S12,24,4.194224181879955
28,S1,1,1.646369092560205
28,S1,2,1.5391433292405428
28,S1,3,1.4930576116092826
28,S1,4,1.4985620433168365
28,S1,5,1.4243502799086933
28,S1,6,1.7018853004818528
28,S1,7,1.9109141803550755
28,S1,8,2.2636943545815242
28,S1,9,2.5263431883587275
28,S1,10,2.5948765151084707
28,S1,11,2.582372882616928
28,S1,12,2.6429256050594687
28,S1,13,2.5719157833039565
28,S1,14,2.5893326867221464
28,S1,15,2.703268556321901
28,S1,16,3.0482852504359674
28,S1,17,3.0631117963235175
28,S1,18,3.456634424824178
28,S1,19,3.294403636084974
28,S1,20,3.2816130617389345
28,S1,21,2.751471513683763
28,S1,22,2.4322911942256504
28,S1,23,2.174382097491364
28,S1,24,1.752720739786007
28,S2,1,1.2353106171850827
28,S2,2,1.2031162391114314
28,S2,3,1.1223472654866233
28,S2,4,1.1143300452863603
28,S2,5,1.2332516602340813
28,S2,6,1.3688601894650971
28,S2,7,1.430607016667479
28,S2,8,1.729520344968042
28,S2,9,2.0048360699942522
28,S2,10,2.111335253957674
28,S2,11,2.115075564432022
28,S2,12,2.040385935317177
28,S2,13,1.9046749376696666
28,S2,14,2.070628433601856
28,S2,15,2.1904835962214437
28,S2,16,2.4425922021961406
28,S2,17,2.5063695140616744
28,S2,18,2.6882961436902693
28,S2,19,2.8123397499314007
28,S2,20,2.5479857198382274
28,S2,21,2.181668557797571
28,S2,22,1.9553998228801095
28,S2,23,1.6385351044872425
28,S2,24,1.457039283569324
28,S3,1,1.4557329306228137
28,S3,2,1.393380156969208
28,S3,3,1.3256715892091828
28,S3,4,1.2761384157922089
28,S3,5,1.3210354785497602
28,S3,6,1.5146033522585265
28,S3,7,1.7585599226684319
28,S3,8,1.975930333787798
28,S3,9,2.1600989971391114
28,S3,10,2.4425800869844365
28,S3,11,2.3191207307243316
28,S3,12,2.4005560366781356
28,S3,13,2.3354198422329335
28,S3,14,2.281058481239516
28,S3,15,2.5116334565246006
28,S3,16,2.7340264530387652
28,S3,17,2.796654687405588
28,S3,18,3.0853209003274227
28,S3,19,3.1351536958572552
28,S3,20,2.9091275760565045
28,S3,21,2.697946734249676
28,S3,22,2.2335314418891743
28,S3,23,1.8541081845227818
28,S3,24,1.5948378670186039
28,S4,1,1.1647453076672298
28,S4,2,1.060086109691976
28,S4,3,1.0444254113419367
28,S4,4,1.0549491516575262
28,S4,5,1.0832797120835285
28,S4,6,1.215888628223977
28,S4,7,1.337806622747738
28,S4,8,1.4938885250794016
28,S4,9,1.7120086634610048
28,S4,10,1.831760696489331
28,S4,11,1.7916351478548773
28,S4,12,1.7568220578398983
28,S4,13,1.7224679720162868
28,S4,14,1.8470837305528283
28,S4,15,1.9529795134666683
28,S4,16,2.0479835808913305
28,S4,17,2.1355036757220374
28,S4,18,2.260800836439629
28,S4,19,2.5243727383131915
28,S4,20,2.2711462556886817
28,S4,21,1.9477594862128556
28,S4,22,1.6612964595927169
28,S4,23,1.4892260117684302
28,S4,24,1.2716477550918943
28,S5,1,1.475438572585959
28,S5,2,1.2935602408119977
28,S5,3,1.2760033959345076
28,S5,4,1.3017732072364803
28,S5,5,1.3353329136411212
28,S5,6,1.462376738199831
28,S5,7,1.688958563953992
28,S5,8,1.8570365681752015
28,S5,9,2.061138500777811
28,S5,10,2.3210870235070975
28,S5,11,2.256477670861179
28,S5,12,2.316293099289956
28,S5,13,2.121296578751047
28,S5,14,2.1932571672198087
28,S5,15,2.3894179151947643
28,S5,16,2.5429528746429075
28,S5,17,2.6800551578435727
28,S5,18,2.82264137427855
28,S5,19,2.909189539965777
28,S5,20,2.852064022708294
28,S5,21,2.4197814938808375
28,S5,22,2.2013532208465243
28,S5,23,1.823765281779492
28,S5,24,1.6240281037723925
28,S6,1,1.2814264727662301
28,S6,2,1.1257609794167565
28,S6,3,1.0523651815347816
28,S6,4,1.1139875588119665
28,S6,5,1.155716336767345
28,S6,6,1.2335281508768277
28,S6,7,1.4036132549559555
28,S6,8,1.6755159760365674
28,S6,9,1.8444347068223303
28,S6,10,1.9087122979413276
28,S6,11,1.9400217156689077
28,S6,12,1.9475960415152893
28,S6,13,1.9196133822725603
28,S6,14,1.9506498964373167
28,S6,15,2.0460466247034512
28,S6,16,2.2175713447203105
28,S6,17,2.2712428771777033
28,S6,18,2.4337092855808655
28,S6,19,2.5672370627114476
28,S6,20,2.3525283072968133
28,S6,21,2.0473005374782365
28,S6,22,1.7897288132831406
28,S6,23,1.5635297442286133
28,S6,24,1.3673738317480129
28,S7,1,1.292182630381007
28,S7,2,1.2493922637055301
28,S7,3,1.185591909574318
28,S7,4,1.2396791774372442
28,S7,5,1.2331762977747363
28,S7,6,1.414725641948742
28,S7,7,1.562025281062804
28,S7,8,1.7592289570809656
28,S7,9,2.0920210713262177
28,S7,10,2.101270716550412
28,S7,11,2.1948265445628468
28,S7,12,2.0236671140866314
28,S7,13,2.0658232861087567
28,S7,14,2.0525649750485453
28,S7,15,2.231844849963792
28,S7,16,2.4934279733062086
28,S7,17,2.5740348296972115
28,S7,18,2.6415525493520655
28,S7,19,2.708717903367612
28,S7,20,2.5741127244333017
28,S7,21,2.426473203925218
28,S7,22,1.9307921370966812
28,S7,23,1.731030686174153
28,S7,24,1.4649105347489528
28,S8,1,1.2329179220621644
28,S8,2,1.1330614284482343
28,S8,3,1.106809171771514
28,S8,4,1.0633035931283943
28,S8,5,1.0804339826060385
28,S8,6,1.2386894157709827
28,S8,7,1.336943776135291
28,S8,8,1.6311005001460344
28,S8,9,1.7601425229467897
28,S8,10,1.7998165323246291
28,S8,11,1.962369521461159
28,S8,12,1.7807434752742088
28,S8,13,1.789261848050099
28,S8,14,1.9808101713949002
28,S8,15,1.9147596365164172
28,S8,16,2.101737344800718
28,S8,17,2.280252687697728
28,S8,18,2.5040742542810057
28,S8,19,2.4150843024545234
28,S8,20,2.2463468999495726
28,S8,21,2.0702191488038415
28,S8,22,1.6895709804580235
28,S8,23,1.4955269480116906
28,S8,24,1.2881457364183528
28,S9,1,1.7718647830209853
28,S9,2,1.529927622737209
28,S9,3,1.4916744584791333
28,S9,4,1.5499330209080897
28,S9,5,1.5553883221999252
28,S9,6,1.6632177789595388
28,S9,7,1.9069869484893407
28,S9,8,2.3706734913433656
28,S9,9,2.5441255735382016
28,S9,10,2.5551053113446915
28,S9,11,2.7682055343500735
28,S9,12,2.583355563781929
28,S9,13,2.7429438602092215
28,S9,14,2.5608616125050863
28,S9,15,2.91469305777023
28,S9,16,3.2006679015713146
28,S9,17,3.217037632453279
28,S9,18,3.3579457171838114
28,S9,19,3.461071528136861
28,S9,20,3.43728131293129
28,S9,21,2.882343713048011
28,S9,22,2.4089035482890293
28,S9,23,2.151869978217019
28,S9,24,1.8828718059386027
28,S10,1,1.2345238613271317
28,S10,2,1.1990888953176546
28,S10,3,1.1546514017885217
28,S10,4,1.0880567019385208
28,S10,5,1.1060822681335063
28,S10,6,1.2270042302779571
28,S10,7,1.430771881633713
28,S10,8,1.6373997213919302
28,S10,9,1.859472195228428
28,S10,10,1.906279349775405
28,S10,11,2.0476849637478973
28,S10,12,1.8946117535895972
28,S10,13,1.964038878101866
28,S10,14,1.923654765445588
28,S10,15,2.0357160934598846
28,S10,16,2.3263895827333396
28,S10,17,2.4625342188030785
28,S10,18,2.552244795275612
28,S10,19,2.6392067105301362
28,S10,20,2.3924662179559584
28,S10,21,2.157367899078365
28,S10,22,1.7864634121893825
28,S10,23,1.5123543399788133
28,S10,24,1.4406469553468302
28,S11,1,1.2771698338901438
28,S11,2,1.300863828133348
28,S11,3,1.259875293198515
28,S11,4,1.207636406420606
28,S11,5,1.2031950852258437
28,S11,6,1.3395860727851485
28,S11,7,1.5802032816609917
28,S11,8,1.864156388553432
28,S11,9,1.935025694803711
28,S11,10,2.077645124929939
28,S11,11,2.1314021592765595
28,S11,12,2.0191109632801134
28,S11,13,2.085430045758331
28,S11,14,2.1751770636273386
28,S11,15,2.2633352151127966
28,S11,16,2.411734718030649
28,S11,17,2.640897693518259
28,S11,18,2.6063030854271574
28,S11,19,2.884694132750908
28,S11,20,2.5417026995166974
28,S11,21,2.2345401626479764
28,S11,22,2.0239640151535427
28,S11,23,1.6479940807303821
28,S11,24,1.4791046655729474
28,S12,1,1.8629539895949778
28,S12,2,1.838011417150713
28,S12,3,1.6406106377171656
28,S12,4,1.6341245897986485
28,S12,5,1.6737421114750632
28,S12,6,1.9582187228746466
28,S12,7,2.1367771747521465
28,S12,8,2.4231781398785253
28,S12,9,2.8896869782301975
28,S12,10,3.0786791597347434
28,S12,11,3.1679068964135904
28,S12,12,3.0657737825047393
28,S12,13,3.0323826111999934
28,S12,14,3.0324687941720345
28,S12,15,3.262985977365048
28,S12,16,3.285395167816252
28,S12,17,3.8127891477560754
28,S12,18,3.6689687576943464
28,S12,19,4.054615656110885
28,S12,20,3.878705638255604
28,S12,21,3.1389509867542027
28,S12,22,2.666790449151806
28,S12,23,2.368479168531971
28,S12,24,2.1030801133164516
29,S1,1,5.83957950260111
29,S1,2,5.567694064678935
29,S1,3,5.367073968390076
29,S1,4,5.404960861782987
29,S1,5,5.649291372507232
29,S1,6,6.258568988891999
29,S1,7,6.676139966617638
29,S1,8,8.025168171390886
29,S1,9,8.620250446358055
29,S1,10,9.71318154559638
29,S1,11,9.22359491529381
29,S1,12,9.12780280483663
29,S1,13,9.76033398525439
29,S1,14,9.335185368448911
29,S1,15,10.315625776158122
29,S1,16,10.657669495891192
29,S1,17,12.074951293247402
29,S1,18,11.83942974297768
29,S1,19,12.728946297658362
29,S1,20,11.737534735065795
29,S1,21,10.463428327183674
29,S1,22,8.734207665849858
29,S1,23,7.648756354715584
29,S1,24,6.522436087706683
29,S2,1,4.9073509752705995
29,S2,2,4.50046764704449
29,S2,3,4.409270221113607
29,S2,4,4.173957189811239
29,S2,5,4.278168236942274
29,S2,6,4.986234429171236
29,S2,7,5.525182726462032
29,S2,8,6.478881980605636
29,S2,9,7.454341048890489
29,S2,10,7.230239685560781
29,S2,11,7.556043242850252
29,S2,12,7.617756506473291
29,S2,13,7.094802295710287
29,S2,14,7.795426470472991
29,S2,15,8.216352708867158
29,S2,16,8.473981312515898
29,S2,17,9.516391959046059
29,S2,18,9.857097262336946
29,S2,19,10.474775056722335
29,S2,20,9.3382724745733
29,S2,21,8.41679883142889
29,S2,22,6.875900620059361
29,S2,23,6.298859186166158
29,S2,24,5.071898609514883
29,S3,1,5.263151660164689
29,S3,2,5.281124103929565
29,S3,3,5.226943235644959
29,S3,4,4.843453801515
29,S3,5,5.202145340890774
29,S3,6,5.5142562914035596
29,S3,7,6.226055350642181
29,S3,8,7.13785647698182
29,S3,9,8.114130321685044
29,S3,10,8.962149007904182
29,S3,11,9.025639848162124
29,S3,12,8.920989133977194
29,S3,13,8.672599365488857
29,S3,14,9.12856536417602
29,S3,15,9.046603136980181
29,S3,16,9.870673126388358
29,S3,17,10.148451099694588
29,S3,18,11.52173122331516
29,S3,19,11.05150100662362
29,S3,20,11.333181980476448
29,S3,21,9.858032554962055
29,S3,22,7.804907031472615
29,S3,23,6.892000319956311
29,S3,24,5.889504330870324
29,S4,1,4.345341555001094
29,S4,2,3.865741917331005
29,S4,3,3.721842837896015
29,S4,4,3.8946675046237766
29,S4,5,3.857742732556183
29,S4,6,4.496018263688508
29,S4,7,4.862391338750535
29,S4,8,5.865042588789664
29,S4,9,6.302794337237009
29,S4,10,6.855189209922399
29,S4,11,7.0300689542332755
29,S4,12,6.522420202040739
29,S4,13,6.408559758922981
29,S4,14,6.452951744709386
29,S4,15,6.862965315270068
29,S4,16,7.637858160631703
29,S4,17,8.031196265832392
29,S4,18,8.359301225705297
29,S4,19,9.00922994685374
29,S4,20,8.292494680401289
29,S4,21,7.135703999071408
29,S4,22,6.161070573606433
29,S4,23,5.5010132534217835
29,S4,24,4.752387948040578
29,S5,1,5.160394659930671
29,S5,2,4.993331808453258
29,S5,3,4.9056639989189605
29,S5,4,4.767779549093735
29,S5,5,4.8696400005607705
29,S5,6,5.555656135863404
29,S5,7,5.976436593454301
29,S5,8,7.483947346900037
29,S5,9,7.629443185910546
29,S5,10,8.255622804264737
29,S5,11,8.086315627239399
29,S5,12,7.992061509986718
29,S5,13,7.826870173161365
29,S5,14,8.556394253813897
29,S5,15,8.480005986611184
29,S5,16,9.145886146041827
29,S5,17,10.300732295967537
29,S5,18,11.156122991422002
29,S5,19,10.953362983173834
29,S5,20,10.102619953116147
29,S5,21,9.621127744635869
29,S5,22,7.534935089555227
29,S5,23,6.8371250261053484
29,S5,24,5.998415386807216
29,S6,1,4.298855592633606
29,S6,2,4.102283231216074
29,S6,3,3.9342772276291678
29,S6,4,3.895312421374395
29,S6,5,4.172008413879056
29,S6,6,4.509144981944963
29,S6,7,5.343754011923813
29,S6,8,6.31067259883562
29,S6,9,6.940354617843579
29,S6,10,7.321595641474689
29,S6,11,7.591620082089133
29,S6,12,6.933131910655146
29,S6,13,7.3052775606013
29,S6,14,7.102268306868196
29,S6,15,7.76677367018574
29,S6,16,7.953152536114643
29,S6,17,8.924781196827261
29,S6,18,8.883695152509953
29,S6,19,9.346574777149428
29,S6,20,9.314307521486137
29,S6,21,7.864502675268716
29,S6,22,6.741086312926159
29,S6,23,5.602036743774219
29,S6,24,5.220755563585923
29,S7,1,4.999913983308484
29,S7,2,4.82684769404998
29,S7,3,4.659233419468082
29,S7,4,4.594500535015056
29,S7,5,4.586463580614722
29,S7,6,5.045434022701636
29,S7,7,5.62138650936984
29,S7,8,6.589723800229579
29,S7,9,7.481831997065135
29,S7,10,8.278416697956704
29,S7,11,8.36445810454277
29,S7,12,7.784306576269577
29,S7,13,7.586774091483261
29,S7,14,7.536102160648701
29,S7,15,8.76286035922533
29,S7,16,8.691394488341583
29,S7,17,9.94643068367699
29,S7,18,10.110436849138337
29,S7,19,10.151836600582625
29,S7,20,10.249256994151828
29,S7,21,8.466187543261825
29,S7,22,7.387631155351488
29,S7,23,6.6649557710211305
29,S7,24,5.673394428613308
29,S8,1,4.544570313934486
29,S8,2,4.330031841844054
29,S8,3,3.924681907232062
29,S8,4,3.9340079367629652
29,S8,5,3.8852183191445637
29,S8,6,4.298970631489042
29,S8,7,5.192415009629419
29,S8,8,6.201648841925341
29,S8,9,6.638371458464409
29,S8,10,7.088115868514754
29,S8,11,6.863887860921514
29,S8,12,7.050531518967935
29,S8,13,6.696174511958346
29,S8,14,7.099435356444335
29,S8,15,7.521016316461586
29,S8,16,8.244961087642846
29,S8,17,8.916314188657955
29,S8,18,8.870536962396297
29,S8,19,9.034018174876348
29,S8,20,8.996181703520875
29,S8,21,7.601101782853647
29,S8,22,6.778252558393139
29,S8,23,5.634973614685412
29,S8,24,4.889060040983567
29,S9,1,6.308581402570274
29,S9,2,5.6225450874502165
29,S9,3,5.754354857401291
29,S9,4,5.59021822571665
29,S9,5,5.573795953190566
29,S9,6,6.3199897731410735
29,S9,7,6.940293293291945
29,S9,8,8.456682345754324
29,S9,9,9.868370418018214
29,S9,10,10.30110895001554
29,S9,11,10.246384089779303
29,S9,12,9.493536901843052
29,S9,13,9.54159480690682
29,S9,14,9.547287864261511
29,S9,15,10.554764998327853
29,S9,16,10.860575350884577
29,S9,17,11.536679296390288
29,S9,18,13.399403214170377
29,S9,19,13.326806646169938
29,S9,20,12.909476162495128
29,S9,21,10.543037372736475
29,S9,22,9.462953238444724
29,S9,23,8.038204332008952
29,S9,24,6.982916659651507
29,S10,1,4.381376360795705
29,S10,2,4.398005361651314
29,S10,3,4.273029925413646
29,S10,4,4.2101303723843815
29,S10,5,4.061761264930967
29,S10,6,4.750279867749039
29,S10,7,5.422558116229839
29,S10,8,6.189171915712059
29,S10,9,6.668056188098656
29,S10,10,7.010834921811866
29,S10,11,7.311376392822109
29,S10,12,6.9836728922227085
29,S10,13,7.451466222866492
29,S10,14,7.552603969503365
29,S10,15,7.396251473041024
29,S10,16,8.676560902129424
29,S10,17,8.723965240192873
29,S10,18,9.474495615842576
29,S10,19,9.602374314937641
29,S10,20,9.524003077615275
29,S10,21,8.244652627415508
29,S10,22,6.814768883050908
29,S10,23,6.098725364840148
29,S10,24,4.8935395921222336
29,S11,1,5.041156939557261
29,S11,2,4.601664657186598
29,S11,3,4.388512206636597
29,S11,4,4.25989526411091
29,S11,5,4.293519076119452
29,S11,6,4.769216321527431
29,S11,7,5.679060893621686
29,S11,8,6.83054270013597
29,S11,9,7.08491742175731
29,S11,10,8.153211715775802
29,S11,11,8.120944430344402
29,S11,12,7.319096770435786
29,S11,13,7.408774362290458
29,S11,14,8.05297805666245
29,S11,15,8.126130131408804
29,S11,16,8.754900885159309
29,S11,17,9.244247204188248
29,S11,18,10.261033012030753
29,S11,19,10.197301191200843
29,S11,20,10.127672154771838
29,S11,21,8.919867363231846
29,S11,22,7.293503435290812
29,S11,23,6.385293179385499
29,S11,24,5.557518826467448
29,S12,1,7.289967538025191
29,S12,2,6.50729713725094
29,S12,3,6.37620899166756
29,S12,4,6.347483459165417
29,S12,5,6.202401186981881
29,S12,6,7.259147050493612
29,S12,7,7.9394366549763
29,S12,8,9.211086741273089
29,S12,9,10.392738089696703
29,S12,10,11.413377509208216
29,S12,11,11.22656647069292
29,S12,12,10.817329126196526
29,S12,13,10.703469917719229
29,S12,14,11.308964708627174
29,S12,15,11.52669685448007
29,S12,16,12.436655841372819
29,S12,17,13.198101279525499
29,S12,18,14.060752467635558
29,S12,19,14.455489654506879
29,S12,20,14.27712032542253
29,S12,21,12.001451221274182
29,S12,22,10.582484730157473
29,S12,23,9.202023107235815
29,S12,24,7.7504585612483545
30,S1,1,1.214757877190269
30,S1,2,1.2381002607672258
30,S1,3,1.1943031453398425
30,S1,4,1.0789568138767096
30,S1,5,1.2148947110884254
30,S1,6,1.30991001339078
30,S1,7,1.5312316285877732
30,S1,8,1.7469582716714318
30,S1,9,1.950369180375392
30,S1,10,1.9833115940609751
30,S1,11,2.1238654338094505
30,S1,12,2.0262122907460047
30,S1,13,1.9616950893960412
30,S1,14,1.9307752689046056
30,S1,15,2.1068190506631552
30,S1,16,2.4128671257402736
30,S1,17,2.4306158862310547
30,S1,18,2.5843738619187344
30,S1,19,2.6893448662559125
30,S1,20,2.5545819818217304
30,S1,21,2.2198522020141978
30,S1,22,1.9282039924755208
30,S1,23,1.699569430266668
30,S1,24,1.365632763645088
30,S2,1,1.0453448842776456
30,S2,2,0.9813402666310532
30,S2,3,0.8817975985532811
30,S2,4,0.8663924681500172
30,S2,5,0.9062491811880753
30,S2,6,1.0090564948065377
30,S2,7,1.1834345905513006
30,S2,8,1.3325993260178866
30,S2,9,1.516690638495095
30,S2,10,1.6044602793326943
30,S2,11,1.705990264697878
30,S2,12,1.4999986911153715
30,S2,13,1.611906605190524
30,S2,14,1.668524839264776
30,S2,15,1.6933317028026702
30,S2,16,1.7561893636776293
30,S2,17,1.926589722117951
30,S2,18,1.9811588499094839
30,S2,19,2.039582298418997
30,S2,20,1.9541771585295202
30,S2,21,1.7426493182262661
30,S2,22,1.557240486250332
30,S2,23,1.2888431754098075
30,S2,24,1.1471713214683374
30,S3,1,1.2024563293022932
30,S3,2,1.045807922476049
30,S3,3,1.0799261736991697
30,S3,4,0.9954771375418938
30,S3,5,1.092035058984057
30,S3,6,1.1391437754923974
30,S3,7,1.3752765707383068
30,S3,8,1.5227245862560395
30,S3,9,1.7557095549969293
30,S3,10,1.7963699556494008
30,S3,11,1.7980630669764897
30,S3,12,1.8362396745946046
30,S3,13,1.7629973140589252
30,S3,14,1.869393440396341
30,S3,15,2.006644547297409
30,S3,16,2.122468871641723
30,S3,17,2.304314179339769
30,S3,18,2.451397453759545
30,S3,19,2.3413621501597985
30,S3,20,2.3718806634412797
30,S3,21,2.119977265275124
30,S3,22,1.6491518937688527
30,S3,23,1.4856659732182271
30,S3,24,1.3068598571118502
30,S4,1,0.9255226426476733
30,S4,2,0.825562937398716
30,S4,3,0.788229722745862
30,S4,4,0.7759484051936829
30,S4,5,0.8681994069216793
30,S4,6,0.9518277206192207
30,S4,7,1.0179488289959013
30,S4,8,1.2054132323210913
30,S4,9,1.41383171606768
30,S4,10,1.442193455182915
30,S4,11,1.4432471276665289
30,S4,12,1.3812306528802345
30,S4,13,1.4494915865697475
30,S4,14,1.3877453227978194
30,S4,15,1.5866153170663668
30,S4,16,1.681356100727721
30,S4,17,1.6683299010756016
30,S4,18,1.7993884036457464
30,S4,19,1.8361535871235137
30,S4,20,1.7759391048866295
30,S4,21,1.5453460434870763
30,S4,22,1.3861666561564934
30,S4,23,1.1612856997969037
30,S4,24,0.9996724683761828
30,S5,1,1.1395752178684522
30,S5,2,1.0385866687947836
30,S5,3,1.0256572772596093
30,S5,4,0.9984513369596811
30,S5,5,1.0253317601474083
30,S5,6,1.1888445014052198
30,S5,7,1.255356317044868
30,S5,8,1.4987334819040974
30,S5,9,1.6528959013844655
30,S5,10,1.7438517481363074
30,S5,11,1.848893540813541
30,S5,12,1.8167174954324559
30,S5,13,1.8059993781534818
30,S5,14,1.7104208429420964
30,S5,15,1.8719470118632406
30,S5,16,2.0842696088458315
30,S5,17,2.06725549201978
30,S5,18,2.369128227300776
30,S5,19,2.4258593595862648
30,S5,20,2.290126064889361
30,S5,21,1.9995419627811812
30,S5,22,1.6129470608632066
30,S5,23,1.3679027791330942
30,S5,24,1.2719740080140192
30,S6,1,0.9210871764553438
30,S6,2,0.8538176922325473
30,S6,3,0.8575505479342952
30,S6,4,0.8599905686361242
30,S6,5,0.8641863988758218
30,S6,6,0.9371148481459313
30,S6,7,1.153610524258612
30,S6,8,1.3288567066723556
30,S6,9,1.4430105856873492
30,S6,10,1.4432318083105464
30,S6,11,1.5516967552710745
30,S6,12,1.4605501327108756
30,S6,13,1.448570624656186
30,S6,14,1.4466407402143164
30,S6,15,1.5270858859316925
30,S6,16,1.7583950209435257
30,S6,17,1.8493105898602653
30,S6,18,1.8593444141598447
30,S6,19,2.0063370148381097
30,S6,20,1.88925426789922
30,S6,21,1.6245377154825063
30,S6,22,1.353738686313347
30,S6,23,1.2654182057051238
30,S6,24,1.0738570987170235
30,S7,1,1.1104213544686095
30,S7,2,0.9872227756272395
30,S7,3,0.9994572504414415
30,S7,4,0.91356122522202
30,S7,5,0.9768068559448101
30,S7,6,1.1086318093070981
30,S7,7,1.2913820861562397
30,S7,8,1.4486902977057647
30,S7,9,1.6047265343814654
30,S7,10,1.6714170988683625
30,S7,11,1.7827897077476917
30,S7,12,1.606734700652739
30,S7,13,1.6613941171922337
30,S7,14,1.6073420089040378
30,S7,15,1.7945323595491567
30,S7,16,1.9924456113567874
30,S7,17,2.12824238232011
30,S7,18,2.1861707938399118
30,S7,19,2.1374579701850793
30,S7,20,2.119615267373219
30,S7,21,1.8791180908255027
30,S7,22,1.6165910628161972
30,S7,23,1.353514409959775
30,S7,24,1.1800213296211022
30,S8,1,0.9664928668320216
30,S8,2,0.8999814148600361
30,S8,3,0.8336719852676898
30,S8,4,0.802459774205314
30,S8,5,0.8489476725923061
30,S8,6,0.9305124852006091
30,S8,7,1.0569288248905095
30,S8,8,1.3085818408817316
30,S8,9,1.35929252911367
30,S8,10,1.5481503508766052
30,S8,11,1.4580766595700334
30,S8,12,1.4386350150108025
30,S8,13,1.4350131418010017
30,S8,14,1.5350990801589186
30,S8,15,1.5984923656273125
30,S8,16,1.6285151125924981
30,S8,17,1.7625155115828661
30,S8,18,1.8389290470105357
30,S8,19,1.9583400871148693
30,S8,20,1.860525960064291
30,S8,21,1.5492626939705036
30,S8,22,1.435263290596875
30,S8,23,1.1795459503956693
30,S8,24,1.0563888422160754
30,S9,1,1.3524279747969046
30,S9,2,1.2713407723336567
30,S9,3,1.1891680041219284
30,S9,4,1.1661186715657526
30,S9,5,1.2130774699546778
30,S9,6,1.3979581769165759
30,S9,7,1.5036510849465754
30,S9,8,1.7260229957584936
30,S9,9,1.9281373387115686
30,S9,10,2.1052403626345266
30,S9,11,2.1722622630902815
30,S9,12,2.093272506535037
30,S9,13,1.9772173778929167
30,S9,14,2.1360954560959162
30,S9,15,2.288757749171895
30,S9,16,2.469038018257484
30,S9,17,2.594496358752436
30,S9,18,2.779777159003654
30,S9,19,2.851675579633351
30,S9,20,2.5766418112877427
30,S9,21,2.249147696241391
30,S9,22,2.0184169729576573
30,S9,23,1.7705826493226435
30,S9,24,1.4634615202671197
30,S10,1,1.0146522840736285
30,S10,2,0.8763564942452381
30,S10,3,0.8475882008686286
30,S10,4,0.8428583726787677
30,S10,5,0.876436683497599
30,S10,6,1.0321857882871401
30,S10,7,1.1530489579972278
30,S10,8,1.3423615465137437
30,S10,9,1.4222323048037946
30,S10,10,1.485619381875433
30,S10,11,1.5749549905356965
30,S10,12,1.4549837676650212
30,S10,13,1.5578932950197235
30,S10,14,1.6078148985159757
30,S10,15,1.5901472996968515
30,S10,16,1.6958566383764977
30,S10,17,1.8286914021721652
30,S10,18,1.9966164538381683
30,S10,19,2.0528933373268283
30,S10,20,1.993631293165193
30,S10,21,1.7633319769404472
30,S10,22,1.4414581334258159
30,S10,23,1.1953724429090082
30,S10,24,1.093598261380976
30,S11,1,1.007905545832961
30,S11,2,1.0070461699670543
30,S11,3,0.8964710008928649
30,S11,4,0.9430844431475004
30,S11,5,0.9614633250997878
30,S11,6,1.1071511217689993
30,S11,7,1.1891055998971625
30,S11,8,1.3698659091493919
30,S11,9,1.5286864927002757
30,S11,10,1.6950995951441035
30,S11,11,1.6779873284566045
30,S11,12,1.6621010254295174
30,S11,13,1.533772900585145
30,S11,14,1.7171290276297781
30,S11,15,1.6844871918729787
30,S11,16,1.8886597202457744
30,S11,17,1.9892143318683646
30,S11,18,2.159899949885778
30,S11,19,2.182845656019148
30,S11,20,2.0831327938257345
30,S11,21,1.7358276601278282
30,S11,22,1.5983913859986563
30,S11,23,1.3867326773029645
30,S11,24,1.1252775211821546
30,S12,1,1.4221442109017457
30,S12,2,1.3646027391337414
30,S12,3,1.2802691411936653
30,S12,4,1.3479813717312117
30,S12,5,1.39946150983358
30,S12,6,1.5334483036970037
30,S12,7,1.7063064789975213
30,S12,8,1.988746778032849
30,S12,9,2.22691436931714
30,S12,10,2.332945103052466
30,S12,11,2.3280467328910786
30,S12,12,2.410332282340352
30,S12,13,2.3243135315287096
30,S12,14,2.223692847888225
30,S12,15,2.553999311917784
30,S12,16,2.6667532457479397
30,S12,17,2.9900329162515327
30,S12,18,2.975857678258821
30,S12,19,3.063320798794216
30,S12,20,2.7661358070064663
30,S12,21,2.5715415536567714
30,S12,22,2.1195591906785154
30,S12,23,1.91751665817628
30,S12,24,1.6108416141542925
31,S1,1,2.035147318773644
31,S1,2,2.009969395238401
31,S1,3,1.94253953715197
31,S1,4,1.9005393454177297
31,S1,5,1.8140241558084036
31,S1,6,2.1575594027184004
31,S1,7,2.3258596667773803
31,S1,8,2.917129656383885
31,S1,9,3.0061093942967463
31,S1,10,3.196937327196828
31,S1,11,3.2934856768351564
31,S1,12,3.0676557207912096
31,S1,13,3.3207163329095684
31,S1,14,3.3400149258527954
31,S1,15,3.365969962929916
31,S1,16,3.6997517688960038
31,S1,17,3.9721689250736625
31,S1,18,4.393386420679326
31,S1,19,4.218027575038223
31,S1,20,4.05578927158948
31,S1,21,3.4239532352857966
31,S1,22,2.9521068842450933
31,S1,23,2.6002373492532382
31,S1,24,2.3489469922138704
31,S2,1,1.566291206665281
31,S2,2,1.5321513661690267
31,S2,3,1.4324469642801059
31,S2,4,1.384290337586722
31,S2,5,1.4441405964049356
31,S2,6,1.7104372128905698
31,S2,7,1.821377129688691
31,S2,8,2.2083506004571114
31,S2,9,2.366363232713313
31,S2,10,2.4580959579831227
31,S2,11,2.739109499968879
31,S2,12,2.565216683695161
31,S2,13,2.4031322897753573
31,S2,14,2.4841885506897077
31,S2,15,2.849829249520863
31,S2,16,3.041545940455377
31,S2,17,3.296073093296743
31,S2,18,3.2400207165178414
31,S2,19,3.3375264278163987
31,S2,20,3.161619557862575
31,S2,21,2.8165208846868253
31,S2,22,2.3312116097764095
31,S2,23,2.041788901724662
31,S2,24,1.8377811834471875
31,S3,1,1.88661893421278
31,S3,2,1.67228030700004
31,S3,3,1.7714382366683963
31,S3,4,1.6148343001173595
31,S3,5,1.808346869843657
31,S3,6,1.9485779027660415
31,S3,7,2.0909795066317356
31,S3,8,2.4540782902782277
31,S3,9,2.9496096203973883
31,S3,10,3.109289107796471
31,S3,11,3.0712248656286465
31,S3,12,2.9613425655151677
31,S3,13,2.869599315862493
31,S3,14,2.937034185726225
31,S3,15,3.09432005864745
31,S3,16,3.422371031195192
31,S3,17,3.651230622279128
31,S3,18,3.9704930556610587
31,S3,19,3.753936020700465
31,S3,20,3.7313464088500226
31,S3,21,3.3968608417686643
31,S3,22,2.8644132427615436
31,S3,23,2.3821410170624
31,S3,24,2.1663038490314808
31,S4,1,1.42926243442228
31,S4,2,1.3782069548557114
31,S4,3,1.3099205886716196
31,S4,4,1.281034171957844
31,S4,5,1.2985807281858788
31,S4,6,1.5080441557781947
31,S4,7,1.637553095866657
31,S4,8,1.932330034838387
31,S4,9,2.1940099855637354
31,S4,10,2.34196770279727
31,S4,11,2.2435353193049905
31,S4,12,2.3346848384877794
31,S4,13,2.362855943267431
31,S4,14,2.1834521444549257
31,S4,15,2.5055616080844882
31,S4,16,2.5832470560913516
31,S4,17,2.801078187180694
31,S4,18,3.01128771616785
31,S4,19,3.160686093843592
31,S4,20,2.7383546228047857
31,S4,21,2.5849826035994337
31,S4,22,2.165072678446258
31,S4,23,1.8195755445898765
31,S4,24,1.6606870045405127
31,S5,1,1.7976256498377525
31,S5,2,1.6345947176095748
31,S5,3,1.6009484711409485
31,S5,4,1.5765932754395775
31,S5,5,1.696727410449708
31,S5,6,1.8736549546355412
31,S5,7,2.0400052940240614
31,S5,8,2.3330533440396097
31,S5,9,2.73847983900399
31,S5,10,2.829848015522801
31,S5,11,2.850297291336994
31,S5,12,2.684838509673352
31,S5,13,2.717928175547566
31,S5,14,2.7585510197879715
31,S5,15,3.0673024400457347
31,S5,16,3.2224499546700853
31,S5,17,3.3744234340847266
31,S5,18,3.5935825905031447
31,S5,19,3.951782132722221
31,S5,20,3.6289358585960283
31,S5,21,3.0939462437582144
31,S5,22,2.70699813449627
31,S5,23,2.382932673930012
31,S5,24,1.899219746981306
31,S6,1,1.5959394109377871
31,S6,2,1.3905280652139698
31,S6,3,1.422694566653301
31,S6,4,1.3232223722022385
31,S6,5,1.360179141865573
31,S6,6,1.635508247579087
31,S6,7,1.793601731565158
31,S6,8,2.0257234301964813
31,S6,9,2.230783757502985
31,S6,10,2.5537835858218023
31,S6,11,2.5386445155478103
31,S6,12,2.498093298970862
31,S6,13,2.4417646157902886
31,S6,14,2.4583372354760713
31,S6,15,2.661382377913556
31,S6,16,2.743520522663925
31,S6,17,2.962918636646907
31,S6,18,3.301628945678034
31,S6,19,3.2039418388314473
31,S6,20,3.149041865801523
31,S6,21,2.703227400857803
31,S6,22,2.195449557934431
31,S6,23,1.9201868991337234
31,S6,24,1.7860256697612613
31,S7,1,1.6626776056948946
31,S7,2,1.6577506577153516
31,S7,3,1.6210477738721598
31,S7,4,1.5856552337404777
31,S7,5,1.5044741698213537
31,S7,6,1.6826827279779863
31,S7,7,1.9756571478732157
31,S7,8,2.399774633183582
31,S7,9,2.554058140726723
31,S7,10,2.780221581771448
31,S7,11,2.7368016830401003
31,S7,12,2.7891486897070656
31,S7,13,2.665274945309936
31,S7,14,2.711995383243689
31,S7,15,2.84274660994625
31,S7,16,3.0535990022158566
31,S7,17,3.4146902674634303
31,S7,18,3.493925164737601
31,S7,19,3.530335422697087
31,S7,20,3.20291432675885
31,S7,21,3.08222092039134
31,S7,22,2.543100953848075
31,S7,23,2.1606304376778036
31,S7,24,1.8482242424131086
31,S8,1,1.4308024353539281
31,S8,2,1.477724661406724
31,S8,3,1.3902644004931293
31,S8,4,1.3625221570494368
31,S8,5,1.4246787814333324
31,S8,6,1.5541311941396119
31,S8,7,1.670376371321269
31,S8,8,2.141017439473768
31,S8,9,2.184133483828442
31,S8,10,2.277779853369895
31,S8,11,2.3522297980475653
31,S8,12,2.3009039683637607
31,S8,13,2.2645253408476154
31,S8,14,2.404259450731495
31,S8,15,2.477635541745978
31,S8,16,2.662573570636207
31,S8,17,2.852731589923624
31,S8,18,3.1436859764476086
31,S8,19,3.186133016237254
31,S8,20,3.0009002101440942
31,S8,21,2.6440848462251143
31,S8,22,2.243699520854813
31,S8,23,1.845135879870074
31,S8,24,1.6846644400441753
31,S9,1,2.0720712774799925
31,S9,2,2.0720230807977877
31,S9,3,1.9331683109555708
31,S9,4,1.8095522458461695
31,S9,5,2.0482484807623136
31,S9,6,2.136589816485759
31,S9,7,2.434895233695214
31,S9,8,2.984298773524441
31,S9,9,3.1201707284059426
31,S9,10,3.4002912315747684
31,S9,11,3.3644496228171894
31,S9,12,3.1932300138521983
31,S9,13,3.3416913549000316
31,S9,14,3.377984980295607
31,S9,15,3.6979859107321924
31,S9,16,3.734921630280783
31,S9,17,4.296000001577952
31,S9,18,4.5380391608854
31,S9,19,4.676753927876955
31,S9,20,4.374077123936248
31,S9,21,3.6197604823528486
31,S9,22,3.3134875362463045
31,S9,23,2.7391613506588053
31,S9,24,2.262217072877479
31,S10,1,1.6226711179188928
31,S10,2,1.4286763107019307
31,S10,3,1.3771090404610702
31,S10,4,1.4335604715826742
31,S10,5,1.3985240680521882
31,S10,6,1.563390740642071
31,S10,7,1.8449217286372945
31,S10,8,2.0769060968532034
31,S10,9,2.330805725003433
31,S10,10,2.5764605096133106
31,S10,11,2.4124014901003448
31,S10,12,2.355068910212132
31,S10,13,2.501665233854151
31,S10,14,2.5979171021294976
31,S10,15,2.6862881380041714
31,S10,16,2.7541015737169268
31,S10,17,2.9293732987270413
31,S10,18,3.0728002784711124
31,S10,19,3.325639104658821
31,S10,20,3.1423790357161208
31,S10,21,2.874975933453053
31,S10,22,2.258757823961443
31,S10,23,2.0784192948408267
31,S10,24,1.66372012754134
31,S11,1,1.713729659301679
31,S11,2,1.5554511316272959
31,S11,3,1.5309748025780396
31,S11,4,1.4259555646655877
31,S11,5,1.5650161948676824
31,S11,6,1.643966255169237
31,S11,7,1.9347895904265315
31,S11,8,2.161175135685646
31,S11,9,2.42287399248502
31,S11,10,2.5215576798944
31,S11,11,2.5764990404854626
31,S11,12,2.6859481478678777
31,S11,13,2.667689229375448
31,S11,14,2.5490297404849125
31,S11,15,2.845704430501212
31,S11,16,3.0772680563930614
31,S11,17,3.4055644400625233
31,S11,18,3.301941720336374
31,S11,19,3.6107000763517507
31,S11,20,3.1825159374468064
31,S11,21,3.025129343484495
31,S11,22,2.567507044546644
31,S11,23,2.0961532407378805
31,S11,24,1.8610467267485056
31,S12,1,2.360255939143698
31,S12,2,2.3275991426090674
31,S12,3,2.0518402791157673
31,S12,4,2.1001645763403416
31,S12,5,2.2284583788982464
31,S12,6,2.4895650119647246
31,S12,7,2.8203104077311374
31,S12,8,3.188372999793542
31,S12,9,3.4338397415470716
31,S12,10,3.890240916524007
31,S12,11,3.7991273930115725
31,S12,12,3.788209784404221
31,S12,13,3.6012437061076388
31,S12,14,3.6162593246346715
31,S12,15,3.8383173656848837
31,S12,16,4.440840139228462
31,S12,17,4.469422476694786
31,S12,18,4.657237624371344
31,S12,19,5.0727380127153525
31,S12,20,4.835060814564646
31,S12,21,4.082928401363875
31,S12,22,3.5130372682430826
31,S12,23,3.121893721489051
31,S12,24,2.762245201716114
32,S1,1,0.5583974915459943
32,S1,2,0.5281284334213976
32,S1,3,0.4867529329957141
32,S1,4,0.5181318822719995
32,S1,5,0.5178922162188799
32,S1,6,0.5955295173984273
32,S1,7,0.6897312255105196
32,S1,8,0.7366211729594897
32,S1,9,0.8651824894062543
32,S1,10,0.8857519124574051
32,S1,11,0.952525640315532
32,S1,12,0.9150281736681496
32,S1,13,0.8350368009645612
32,S1,14,0.9084301687163704
32,S1,15,0.9917615643827037
32,S1,16,0.9971174497780327
32,S1,17,1.0913251156571433
32,S1,18,1.1224176241816501
32,S1,19,1.156441965363467
32,S1,20,1.0861394144974623
32,S1,21,1.0180639436119807
32,S1,22,0.8741400725313245
32,S1,23,0.7552797844418551
32,S1,24,0.6119610252287782
32,S2,1,0.4509691836245035
32,S2,2,0.4355428382624526
32,S2,3,0.38883133843484163
32,S2,4,0.3958529595406775
32,S2,5,0.42622731526824925
32,S2,6,0.44263350505900545
32,S2,7,0.5453510060050186
32,S2,8,0.6272161113006536
32,S2,9,0.6882242395934558
32,S2,10,0.717406743931625
32,S2,11,0.7183335594870062
32,S2,12,0.7333361660556347
32,S2,13,0.6933391818553152
32,S2,14,0.6960483094857235
32,S2,15,0.7785403555718015
32,S2,16,0.7965269582964205
32,S2,17,0.9030918343240766
32,S2,18,0.9314243477026377
32,S2,19,0.9537860866318738
32,S2,20,0.8813620389002426
32,S2,21,0.7945745921770748
32,S2,22,0.6859031634092384
32,S2,23,0.592678848635927
32,S2,24,0.50201977310794
32,S3,1,0.5192746027179219
32,S3,2,0.4777275847923499
32,S3,3,0.46557795732177704
32,S3,4,0.46158135697954966
32,S3,5,0.4797852192442772
32,S3,6,0.5223956832836667
32,S3,7,0.6068033730945821
32,S3,8,0.6991657669250119
32,S3,9,0.7994440630032624
32,S3,10,0.8163010411304411
32,S3,11,0.8027152365575901
32,S3,12,0.7734846469016738
32,S3,13,0.82328019430408
32,S3,14,0.7798311882028232
32,S3,15,0.8283325512641835
32,S3,16,0.9737501441889239
32,S3,17,1.0041191925612463
32,S3,18,1.0902314050466988
32,S3,19,1.0957248237137218
32,S3,20,1.0456793247924538
32,S3,21,0.8992958282887902
32,S3,22,0.7996475215923614
32,S3,23,0.6839926229347424
32,S3,24,0.5823315720583225
32,S4,1,0.41293052354740445
32,S4,2,0.3754875595694767
32,S4,3,0.37766789723822436
32,S4,4,0.3394676799951877
32,S4,5,0.3703737251638518
32,S4,6,0.42750021661071574
32,S4,7,0.467786338524826
32,S4,8,0.5225600732995731
32,S4,9,0.6134382496402538
32,S4,10,0.6504906110380749
32,S4,11,0.6705546456966123
32,S4,12,0.6207007147512874
32,S4,13,0.6217388382852593
32,S4,14,0.6344416471668518
32,S4,15,0.6873158343606642
32,S4,16,0.7113516947627376
32,S4,17,0.8005659680174246
32,S4,18,0.7849962186859538
32,S4,19,0.8495922584121165
32,S4,20,0.7752586250841629
32,S4,21,0.7178593219983899
32,S4,22,0.5703951465632736
32,S4,23,0.4878781986167329
32,S4,24,0.4533432603317998
32,S5,1,0.4763239077955958
32,S5,2,0.4733477764897054
32,S5,3,0.4607845100892788
32,S5,4,0.4603537853918257
32,S5,5,0.4707714681409389
32,S5,6,0.4944742138292452
32,S5,7,0.563150167416111
32,S5,8,0.689119107789349
32,S5,9,0.7801213313928169
32,S5,10,0.8202399407835068
32,S5,11,0.7925375554456445
32,S5,12,0.7774177880531692
32,S5,13,0.7473838845574251
32,S5,14,0.7871828435099831
32,S5,15,0.8546428157072963
32,S5,16,0.9070408212915596
32,S5,17,0.9202022361356929
32,S5,18,0.9836216340268442
32,S5,19,1.0431211249872336
32,S5,20,0.9609328121246642
32,S5,21,0.8713032048666035
32,S5,22,0.7664359670399798
32,S5,23,0.6584450066367884
32,S5,24,0.5594791286114416
32,S6,1,0.4308746055462052
32,S6,2,0.41054526421399623
32,S6,3,0.4021034884943921
32,S6,4,0.383079403067719
32,S6,5,0.38170852784405823
32,S6,6,0.4179892088000108
32,S6,7,0.47676697777207155
32,S6,8,0.5557996500165193
32,S6,9,0.6371233334369331
32,S6,10,0.6962608807917372
32,S6,11,0.6975616082758757
32,S6,12,0.6967528472885345
32,S6,13,0.6403969463681706
32,S6,14,0.6849784985259733
32,S6,15,0.7341312162061614
32,S6,16,0.7560120148779571
32,S6,17,0.8442955757167545
32,S6,18,0.9056465599348871
32,S6,19,0.9097952795741139
32,S6,20,0.8234322222368955
32,S6,21,0.7740764367803045
32,S6,22,0.6159005258855337
32,S6,23,0.5303730467137722
32,S6,24,0.47733394477400715
32,S7,1,0.49339036542147013
32,S7,2,0.44750014715928704
32,S7,3,0.41062273013650247
32,S7,4,0.4176864731067919
32,S7,5,0.4251836213766112
32,S7,6,0.4721467951223621
32,S7,7,0.5269707253926381
32,S7,8,0.6665029848130091
32,S7,9,0.703893094622489
32,S7,10,0.7643827473288423
32,S7,11,0.7822749380226841
32,S7,12,0.7710544689860619
32,S7,13,0.7072036515983721
32,S7,14,0.7671387353126892
32,S7,15,0.7760946232449346
32,S7,16,0.8566958729588946
32,S7,17,0.9236467010761726
32,S7,18,0.9675219793765744
32,S7,19,0.951263633113242
32,S7,20,0.8880412239106342
32,S7,21,0.8342991968377207
32,S7,22,0.7226987875526019
32,S7,23,0.6300324722493098
32,S7,24,0.5436419644132777
32,S8,1,0.41463904946851515
32,S8,2,0.37764423093477256
32,S8,3,0.36822196581785915
32,S8,4,0.35833659876783075
32,S8,5,0.38191772067525837
32,S8,6,0.40633950513139333
32,S8,7,0.4921031113650267
32,S8,8,0.570489850466445
32,S8,9,0.6185816954029757
32,S8,10,0.6265830282767403
32,S8,11,0.6834921533063256
32,S8,12,0.677095034349234
32,S8,13,0.6593557664875492
32,S8,14,0.6291876582477466
32,S8,15,0.6670247412676523
32,S8,16,0.7228308959249243
32,S8,17,0.820135885226655
32,S8,18,0.8837688010938174
32,S8,19,0.8402380254615652
32,S8,20,0.796375509673131
32,S8,21,0.7285671585770906
32,S8,22,0.6102838473409795
32,S8,23,0.5169655044053516
32,S8,24,0.44931464050078324
32,S9,1,0.6091312074045147
32,S9,2,0.5355764934353643
32,S9,3,0.5100003045815317
32,S9,4,0.5348692696130116
32,S9,5,0.5500060292251979
32,S9,6,0.5726156853172499
32,S9,7,0.6786574221443397
32,S9,8,0.8044546751146878
32,S9,9,0.857969125674887
32,S9,10,0.8922636002749923
32,S9,11,0.9961119416372729
32,S9,12,0.9467781937649569
32,S9,13,0.9290212483097652
32,S9,14,0.9627018881322599
32,S9,15,0.9537983993179606
32,S9,16,1.0894963126918147
32,S9,17,1.1300465971134626
32,S9,18,1.2404228049193926
32,S9,19,1.221548610369469
32,S9,20,1.1144603329175518
32,S9,21,1.069621055148283
32,S9,22,0.8941816998256197
32,S9,23,0.7338730653046706
32,S9,24,0.6718960371956242
32,S10,1,0.43152416478896705
32,S10,2,0.41366328196954943
32,S10,3,0.396369275676734
32,S10,4,0.4005827621020647
32,S10,5,0.4100699878724902
32,S10,6,0.4488540797678361
32,S10,7,0.5097042932706962
32,S10,8,0.5854017263972434
32,S10,9,0.6355262478664677
32,S10,10,0.7082466614606465
32,S10,11,0.6816643547852502
32,S10,12,0.6460052341853865
32,S10,13,0.7005597821909998
32,S10,14,0.6695903768292212
32,S10,15,0.7164469976324467
32,S10,16,0.819139306466757
32,S10,17,0.8520887353091305
32,S10,18,0.8987873702889079
32,S10,19,0.9510129270670298
32,S10,20,0.826128246746079
32,S10,21,0.7798251241767976
32,S10,22,0.6480635598878682
32,S10,23,0.532316789066744
32,S10,24,0.46877649310288116
32,S11,1,0.4685229706297918
32,S11,2,0.4337818898653217
32,S11,3,0.399942938918005
32,S11,4,0.4084786746230134
32,S11,5,0.41204481973415724
32,S11,6,0.47066337538084146
32,S11,7,0.5533090996749354
32,S11,8,0.6513961025259846
32,S11,9,0.6640425504244005
32,S11,10,0.7492151591856677
32,S11,11,0.7452543769228139
32,S11,12,0.7554237000640258
32,S11,13,0.7286218380136207
32,S11,14,0.7326918840465488
32,S11,15,0.7457341707663738
32,S11,16,0.8002308570351644
32,S11,17,0.8522033912454182
32,S11,18,0.9129532891407713
32,S11,19,0.9274613686317869
32,S11,20,0.880942750309617
32,S11,21,0.8121568747230928
32,S11,22,0.6961347917531601
32,S11,23,0.5993642936277223
32,S11,24,0.5348114498166039
32,S12,1,0.6360809080780265
32,S12,2,0.6107599891698193
32,S12,3,0.6144211626823791
32,S12,4,0.580690823081829
32,S12,5,0.5922876788444238
32,S12,6,0.6334789913655762
32,S12,7,0.7906550129244071
32,S12,8,0.844177590357297
32,S12,9,0.9947246107746982
32,S12,10,1.0256084817702078
32,S12,11,1.081976441031194
32,S12,12,1.0598688339510867
32,S12,13,1.0256798817999728
32,S12,14,1.0779028084017137
32,S12,15,1.092025822000832
32,S12,16,1.2347241932160122
32,S12,17,1.2512980222262764
32,S12,18,1.329381909128408
32,S12,19,1.3845763171330154
32,S12,20,1.3288039440496633
32,S12,21,1.1440440605037407
32,S12,22,0.9954648513200423
32,S12,23,0.835807386317212
32,S12,24,0.7313128149248889
33,S1,1,1.3973613645952019
33,S1,2,1.3093351482962279
33,S1,3,1.1982432643351566
33,S1,4,1.238786631665897
33,S1,5,1.2208183435979214
33,S1,6,1.4167235413427506
33,S1,7,1.5801301632065468
33,S1,8,1.8508685946097854
33,S1,9,2.1118221410420213
33,S1,10,2.2054492428284576
33,S1,11,2.247695599060072
33,S1,12,2.1444677639755705
33,S1,13,2.106895765518132
33,S1,14,2.15200819613148
33,S1,15,2.2297192072847785
33,S1,16,2.3838742009181844
33,S1,17,2.554363174394551
33,S1,18,2.8628111839734025
33,S1,19,2.790486302741324
33,S1,20,2.5219176233706575
33,S1,21,2.3766392858252505
33,S1,22,1.950216554579438
33,S1,23,1.757246611117737
33,S1,24,1.5426363895933852
33,S2,1,1.0916987084954222
33,S2,2,1.0403014377314612
33,S2,3,0.9566855999796001
33,S2,4,0.9873845579099397
33,S2,5,1.0000630615086608
33,S2,6,1.1308693798464375
33,S2,7,1.251928442262965
33,S2,8,1.3995730197142544
33,S2,9,1.661409504452936
33,S2,10,1.7185835982915643
33,S2,11,1.7173717474659365
33,S2,12,1.6390551055100235
33,S2,13,1.6690485365593997
33,S2,14,1.6733824147072736
33,S2,15,1.8225719472334743
33,S2,16,2.0046977155119494
33,S2,17,2.1485429657374797
33,S2,18,2.177417716893179
33,S2,19,2.3116771663913975
33,S2,20,2.1179176343719694
33,S2,21,1.7649072480487893
33,S2,22,1.5873324906947777
33,S2,23,1.2968357235812626
33,S2,24,1.125489623484928
33,S3,1,1.2576333472911847
33,S3,2,1.1956417978958966
33,S3,3,1.112199546668434
33,S3,4,1.0691510513240055
33,S3,5,1.0996101900483108
33,S3,6,1.2421498719575967
33,S3,7,1.4331487961144191
33,S3,8,1.7432334335348785
33,S3,9,1.7781152622489125
33,S3,10,1.8866931443185593
33,S3,11,1.9227681205087996
33,S3,12,1.8937589029518265
33,S3,13,1.8531236376739206
33,S3,14,1.9512656602193421
33,S3,15,1.9858220360773362
33,S3,16,2.2543392591584293
33,S3,17,2.3047894059016625
33,S3,18,2.5106457248664866
33,S3,19,2.52240248388703
33,S3,20,2.3968511269854305
33,S3,21,2.248334075638108
33,S3,22,1.7860730770183653
33,S3,23,1.6213167271567268
33,S3,24,1.421688934853354
33,S4,1,0.9521992300600814
33,S4,2,0.8500821546638182
33,S4,3,0.8987670330939765
33,S4,4,0.8376645834209365
33,S4,5,0.9189184532407084
33,S4,6,0.9486039448267954
33,S4,7,1.114141364655412
33,S4,8,1.2953418725003336
33,S4,9,1.3947753982899262
33,S4,10,1.456194998692395
33,S4,11,1.5237599009559086
33,S4,12,1.4841714362292455
33,S4,13,1.5210169336883346
33,S4,14,1.5602576907907855
33,S4,15,1.553688434373842
33,S4,16,1.7564720259801823
33,S4,17,1.8428374260570486
33,S4,18,1.9684911167478096
33,S4,19,1.9942259009443177
33,S4,20,1.8610926702900685
33,S4,21,1.694240098042301
33,S4,22,1.3800994932779396
33,S4,23,1.188762251037271
33,S4,24,1.0741848222113304
33,S5,1,1.1859626631389362
33,S5,2,1.0475140057494978
33,S5,3,1.0711524311196952
33,S5,4,1.0053320880318963
33,S5,5,1.129856725044984
33,S5,6,1.2395229145633155
33,S5,7,1.3326087858602202
33,S5,8,1.5533759266457268
33,S5,9,1.7236364572139375
33,S5,10,1.906680498646548
33,S5,11,1.813972432234691
33,S5,12,1.822195475800667
33,S5,13,1.749480179814255
33,S5,14,1.8113120765444657
33,S5,15,1.9993020478311558
33,S5,16,2.0969636672693754
33,S5,17,2.3069581934574512
33,S5,18,2.3117747614427953
33,S5,19,2.4512129002251988
33,S5,20,2.2942500026857777
33,S5,21,2.090454343918
33,S5,22,1.7737475783733563
33,S5,23,1.4799144111514368
33,S5,24,1.3208599219766253
33,S6,1,1.035047814875289
33,S6,2,0.9574478178124197
33,S6,3,0.8675737512906618
33,S6,4,0.8928762758894839
33,S6,5,0.9048879743608187
33,S6,6,0.9817913358587794
33,S6,7,1.1465815306863738
33,S6,8,1.3801350558144336
33,S6,9,1.5559603344470352
33,S6,10,1.593608812945567
33,S6,11,1.6607762601697145
33,S6,12,1.5270878903090235
33,S6,13,1.5761227128405741
33,S6,14,1.5696475081398087
33,S6,15,1.6461922303084815
33,S6,16,1.8153149799194102
33,S6,17,2.0182937283491764
33,S6,18,1.9647156060988447
33,S6,19,2.0864505633651014
33,S6,20,1.9224581216367187
33,S6,21,1.801485896363785
33,S6,22,1.4904663003449825
33,S6,23,1.2383588704101476
33,S6,24,1.0978640357954623
33,S7,1,1.1642974767047658
33,S7,2,1.0846433043141255
33,S7,3,1.006704493315273
33,S7,4,0.9665441659528192
33,S7,5,0.9874007838568206
33,S7,6,1.1285077102731071
33,S7,7,1.3485981697596938
33,S7,8,1.5438570132331035
33,S7,9,1.6072781480662495
33,S7,10,1.8267442728482257
33,S7,11,1.7491999813379955
33,S7,12,1.8299800572124645
33,S7,13,1.7097833111569394
33,S7,14,1.8140668290967579
33,S7,15,1.83152346710088
33,S7,16,1.9364969039571296
33,S7,17,2.117894367559785
33,S7,18,2.1817672507588117
33,S7,19,2.2947858624347512
33,S7,20,2.1295003904735292
33,S7,21,1.960972145865588
33,S7,22,1.6033809762660676
33,S7,23,1.3950074249419422
33,S7,24,1.2550886470988423
33,S8,1,0.9861164866379621
33,S8,2,0.9081365555525664
33,S8,3,0.8980161253978702
33,S8,4,0.8989489281488321
33,S8,5,0.8785644033964097
33,S8,6,1.0264608789565752
33,S8,7,1.1191066993076908
33,S8,8,1.4021295862462342
33,S8,9,1.4409041806972334
33,S8,10,1.6154514353545673
33,S8,11,1.6299667523291521
33,S8,12,1.5920712520517843
33,S8,13,1.577563312531942
33,S8,14,1.5069770012870465
33,S8,15,1.7075902056774461
33,S8,16,1.8521376732598076
33,S8,17,1.9331942610083723
33,S8,18,2.0542537323833776
33,S8,19,2.1124272158895234
33,S8,20,1.94200071433522
33,S8,21,1.6537676470987717
33,S8,22,1.5213498755702435
33,S8,23,1.2630252290557997
33,S8,24,1.0851564062444052
33,S9,1,1.4700980439969262
33,S9,2,1.2703066066852369
33,S9,3,1.2281141322617748
33,S9,4,1.2191352901510022
33,S9,5,1.3294534438210412
33,S9,6,1.456628775902532
33,S9,7,1.6524676460502625
33,S9,8,1.9616022511840747
33,S9,9,2.115960981570976
33,S9,10,2.259198458326899
33,S9,11,2.1503383525334727
33,S9,12,2.1401030437497286
33,S9,13,2.1045782584821193
33,S9,14,2.2379634459274285
33,S9,15,2.460505753933474
33,S9,16,2.412001352966933
33,S9,17,2.7659012858847554
33,S9,18,3.0046431455975227
33,S9,19,2.862884277975299
33,S9,20,2.713709956481255
33,S9,21,2.4432882022898115
33,S9,22,2.156086377835271
33,S9,23,1.7760886169838046
33,S9,24,1.5370239633869849
33,S10,1,1.0075036160991937
33,S10,2,0.9580711748017834
33,S10,3,0.9510541529282363
33,S10,4,0.9288929194759616
33,S10,5,0.9941266165147606
33,S10,6,1.083926387529684
33,S10,7,1.2096343303027695
33,S10,8,1.4437758243858625
33,S10,9,1.6224943939383358
33,S10,10,1.6639889283827585
33,S10,11,1.6027918507389094
33,S10,12,1.5349027363429797
33,S10,13,1.6754313472922482
33,S10,14,1.5696948133010382
33,S10,15,1.7291973090511004
33,S10,16,1.908533491383599
33,S10,17,1.973777417889099
33,S10,18,2.103453395182975
33,S10,19,2.209379923455032
33,S10,20,2.072271075041926
33,S10,21,1.8655671114489993
33,S10,22,1.5133508740827544
33,S10,23,1.2820404902687585
33,S10,24,1.1000067477757212
33,S11,1,1.0729502462407132
33,S11,2,0.9916680557877959
33,S11,3,1.0024116900453213
33,S11,4,1.0096674691226006
33,S11,5,1.0107637532084464
33,S11,6,1.0723226025534836
33,S11,7,1.2311386142461729
33,S11,8,1.4746588551342474
33,S11,9,1.706763547970589
33,S11,10,1.8048736742546323
33,S11,11,1.7983665862666192
33,S11,12,1.6389307608673942
33,S11,13,1.767900456002971
33,S11,14,1.7656022826588265
33,S11,15,1.764533066100779
33,S11,16,1.9638330443557677
33,S11,17,2.037148674395555
33,S11,18,2.25068808845832
33,S11,19,2.359572830485121
33,S11,20,2.1153885499481944
33,S11,21,1.947317806903198
33,S11,22,1.607062269218951
33,S11,23,1.374042341659569
33,S11,24,1.1612615540729823
33,S12,1,1.558679237113232
33,S12,2,1.3890702283381555
33,S12,3,1.437651479843548
33,S12,4,1.3382904299040985
33,S12,5,1.4679545857279026
33,S12,6,1.579989806942095
33,S12,7,1.8139421390028445
33,S12,8,1.9996898756716261
33,S12,9,2.2338014998642106
33,S12,10,2.386833122896543
33,S12,11,2.62033977722929
33,S12,12,2.3769517074853446
33,S12,13,2.5018619151420105
33,S12,14,2.4568792324709707
33,S12,15,2.494566077195692
33,S12,16,2.735111578909229
33,S12,17,2.9731964253631347
33,S12,18,3.051948402363429
33,S12,19,3.182855413575723
33,S12,20,3.1820455642788312
33,S12,21,2.7727882604519043
33,S12,22,2.2591348054348934
33,S12,23,1.9769069508834678
33,S12,24,1.7065023444809693
34,S1,1,0.0
34,S1,2,0.0
34,S1,3,0.0
34,S1,4,0.0
34,S1,5,0.0
34,S1,6,0.0
34,S1,7,0.0
34,S1,8,0.0
34,S1,9,0.0
34,S1,10,0.0
34,S1,11,0.0
34,S1,12,0.0
34,S1,13,0.0
34,S1,14,0.0
34,S1,15,0.0
34,S1,16,0.0
34,S1,17,0.0
34,S1,18,0.0
34,S1,19,0.0
34,S1,20,0.0
34,S1,21,0.0
34,S1,22,0.0
34,S1,23,0.0
34,S1,24,0.0
34,S2,1,0.0
34,S2,2,0.0
34,S2,3,0.0
34,S2,4,0.0
34,S2,5,0.0
34,S2,6,0.0
34,S2,7,0.0
34,S2,8,0.0
34,S2,9,0.0
34,S2,10,0.0
34,S2,11,0.0
34,S2,12,0.0
34,S2,13,0.0
34,S2,14,0.0
34,S2,15,0.0
34,S2,16,0.0
34,S2,17,0.0
34,S2,18,0.0
34,S2,19,0.0
34,S2,20,0.0
34,S2,21,0.0
34,S2,22,0.0
34,S2,23,0.0
34,S2,24,0.0
34,S3,1,0.0
34,S3,2,0.0
34,S3,3,0.0
34,S3,4,0.0
34,S3,5,0.0
34,S3,6,0.0
34,S3,7,0.0
34,S3,8,0.0
34,S3,9,0.0
34,S3,10,0.0
34,S3,11,0.0
34,S3,12,0.0
34,S3,13,0.0
34,S3,14,0.0
34,S3,15,0.0
34,S3,16,0.0
34,S3,17,0.0
34,S3,18,0.0
34,S3,19,0.0
34,S3,20,0.0
34,S3,21,0.0
34,S3,22,0.0
34,S3,23,0.0
34,S3,24,0.0
34,S4,1,0.0
34,S4,2,0.0
34,S4,3,0.0
34,S4,4,0.0
34,S4,5,0.0
34,S4,6,0.0
34,S4,7,0.0
34,S4,8,0.0
34,S4,9,0.0
34,S4,10,0.0
34,S4,11,0.0
34,S4,12,0.0
34,S4,13,0.0
34,S4,14,0.0
34,S4,15,0.0
34,S4,16,0.0
34,S4,17,0.0
34,S4,18,0.0
34,S4,19,0.0
34,S4,20,0.0
34,S4,21,0.0
34,S4,22,0.0
34,S4,23,0.0
34,S4,24,0.0
34,S5,1,0.0
34,S5,2,0.0
34,S5,3,0.0
34,S5,4,0.0
34,S5,5,0.0
34,S5,6,0.0
34,S5,7,0.0
34,S5,8,0.0
34,S5,9,0.0
34,S5,10,0.0
34,S5,11,0.0
34,S5,12,0.0
34,S5,13,0.0
34,S5,14,0.0
34,S5,15,0.0
34,S5,16,0.0
34,S5,17,0.0
34,S5,18,0.0
34,S5,19,0.0
34,S5,20,0.0
34,S5,21,0.0
34,S5,22,0.0
34,S5,23,0.0
34,S5,24,0.0
34,S6,1,0.0
34,S6,2,0.0
34,S6,3,0.0
34,S6,4,0.0
34,S6,5,0.0
34,S6,6,0.0
34,S6,7,0.0
34,S6,8,0.0
34,S6,9,0.0
34,S6,10,0.0
34,S6,11,0.0
34,S6,12,0.0
34,S6,13,0.0
34,S6,14,0.0
34,S6,15,0.0
34,S6,16,0.0
34,S6,17,0.0
34,S6,18,0.0
34,S6,19,0.0
34,S6,20,0.0
34,S6,21,0.0
34,S6,22,0.0
34,S6,23,0.0
34,S6,24,0.0
34,S7,1,0.0
34,S7,2,0.0
34,S7,3,0.0
34,S7,4,0.0
34,S7,5,0.0
34,S7,6,0.0
34,S7,7,0.0
34,S7,8,0.0
34,S7,9,0.0
34,S7,10,0.0
34,S7,11,0.0
34,S7,12,0.0
34,S7,13,0.0
34,S7,14,0.0
34,S7,15,0.0
34,S7,16,0.0
34,S7,17,0.0
34,S7,18,0.0
34,S7,19,0.0
34,S7,20,0.0
34,S7,21,0.0
34,S7,22,0.0
34,S7,23,0.0
34,S7,24,0.0
34,S8,1,0.0
34,S8,2,0.0
34,S8,3,0.0
34,S8,4,0.0
34,S8,5,0.0
34,S8,6,0.0
34,S8,7,0.0
34,S8,8,0.0
34,S8,9,0.0
34,S8,10,0.0
34,S8,11,0.0
34,S8,12,0.0
34,S8,13,0.0
34,S8,14,0.0
34,S8,15,0.0
34,S8,16,0.0
34,S8,17,0.0
34,S8,18,0.0
34,S8,19,0.0
34,S8,20,0.0
34,S8,21,0.0
34,S8,22,0.0
34,S8,23,0.0
34,S8,24,0.0
34,S9,1,0.0
34,S9,2,0.0
34,S9,3,0.0
34,S9,4,0.0
34,S9,5,0.0
34,S9,6,0.0
34,S9,7,0.0
34,S9,8,0.0
34,S9,9,0.0
34,S9,10,0.0
34,S9,11,0.0
34,S9,12,0.0
34,S9,13,0.0
34,S9,14,0.0
34,S9,15,0.0
34,S9,16,0.0
34,S9,17,0.0
34,S9,18,0.0
34,S9,19,0.0
34,S9,20,0.0
34,S9,21,0.0
34,S9,22,0.0
34,S9,23,0.0
34,S9,24,0.0
34,S10,1,0.0
34,S10,2,0.0
34,S10,3,0.0
34,S10,4,0.0
34,S10,5,0.0
34,S10,6,0.0
34,S10,7,0.0
34,S10,8,0.0
34,S10,9,0.0
34,S10,10,0.0
34,S10,11,0.0
34,S10,12,0.0
34,S10,13,0.0
34,S10,14,0.0
34,S10,15,0.0
34,S10,16,0.0
34,S10,17,0.0
34,S10,18,0.0
34,S10,19,0.0
34,S10,20,0.0
34,S10,21,0.0
34,S10,22,0.0
34,S10,23,0.0
34,S10,24,0.0
34,S11,1,0.0
34,S11,2,0.0
34,S11,3,0.0
34,S11,4,0.0
34,S11,5,0.0
34,S11,6,0.0
34,S11,7,0.0
34,S11,8,0.0
34,S11,9,0.0
34,S11,10,0.0
34,S11,11,0.0
34,S11,12,0.0
34,S11,13,0.0
34,S11,14,0.0
34,S11,15,0.0
34,S11,16,0.0
34,S11,17,0.0
34,S11,18,0.0
34,S11,19,0.0
34,S11,20,0.0
34,S11,21,0.0
34,S11,22,0.0
34,S11,23,0.0
34,S11,24,0.0
34,S12,1,0.0
34,S12,2,0.0
34,S12,3,0.0
34,S12,4,0.0
34,S12,5,0.0
34,S12,6,0.0
34,S12,7,0.0
34,S12,8,0.0
34,S12,9,0.0
34,S12,10,0.0
34,S12,11,0.0
34,S12,12,0.0
34,S12,13,0.0
34,S12,14,0.0
34,S12,15,0.0
34,S12,16,0.0
34,S12,17,0.0
34,S12,18,0.0
34,S12,19,0.0
34,S12,20,0.0
34,S12,21,0.0
34,S12,22,0.0
34,S12,23,0.0
34,S12,24,0.0
35,S1,1,2.027969733608314
35,S1,2,1.9466316014650473
35,S1,3,1.9586015631424758
35,S1,4,1.8066618995615344
35,S1,5,1.9390135499606298
35,S1,6,2.0756573565119325
35,S1,7,2.4131748534793274
35,S1,8,2.932720199353345
35,S1,9,3.0882700782523127
35,S1,10,3.4852563240499617
35,S1,11,3.3296219242235408
35,S1,12,3.285139259907409
35,S1,13,3.152028552476193
35,S1,14,3.2661742723842746
35,S1,15,3.476791210237853
35,S1,16,3.8916742314573742
35,S1,17,4.080130952691588
35,S1,18,4.261076358172007
35,S1,19,4.522151392622251
35,S1,20,3.9880520423088663
35,S1,21,3.6336940632619914
35,S1,22,3.14061092731056
35,S1,23,2.824011008029466
35,S1,24,2.40552525338253
35,S2,1,1.6961967063092147
35,S2,2,1.6211368805793576
35,S2,3,1.5432719817836782
35,S2,4,1.4884734118508116
35,S2,5,1.5255701752714708
35,S2,6,1.7083480884453244
35,S2,7,1.9187994024377042
35,S2,8,2.1683990825281656
35,S2,9,2.43056451793025
35,S2,10,2.7828238217451204
35,S2,11,2.760293741449886
35,S2,12,2.7138794930125947
35,S2,13,2.67925852959169
35,S2,14,2.565913729737654
35,S2,15,2.9456630034881455
35,S2,16,2.9938297011423476
35,S2,17,3.404248078739557
35,S2,18,3.4900503411302184
35,S2,19,3.663148035391139
35,S2,20,3.218220196400093
35,S2,21,2.949982264123198
35,S2,22,2.5584933371796983
35,S2,23,2.0552884823570796
35,S2,24,1.8538313254219443
35,S3,1,1.8502187744477778
35,S3,2,1.8470725090176339
35,S3,3,1.7086353944660932
35,S3,4,1.7604598960043985
35,S3,5,1.7543967156066742
35,S3,6,1.9817619810723266
35,S3,7,2.212617356453519
35,S3,8,2.514959343585938
35,S3,9,2.925238285695324
35,S3,10,3.1070071768920506
35,S3,11,3.1818417380367205
35,S3,12,3.1484801742914548
35,S3,13,2.9348052133018703
35,S3,14,3.1330797652389695
35,S3,15,3.268566071397517
35,S3,16,3.557625440381983
35,S3,17,3.634362576717135
35,S3,18,3.798731591093162
35,S3,19,3.878562375134472
35,S3,20,3.793047543906384
35,S3,21,3.272393092601533
35,S3,22,2.8918226604152886
35,S3,23,2.3899648554663133
35,S3,24,2.0810651892028
35,S4,1,1.561062371753776
35,S4,2,1.3493796024796507
35,S4,3,1.3109945828481075
35,S4,4,1.3539687217293435
35,S4,5,1.3625860488058377
35,S4,6,1.4922786086629425
35,S4,7,1.6674545648358097
35,S4,8,2.0553259416167275
35,S4,9,2.151025436266944
35,S4,10,2.3185455823325243
35,S4,11,2.3507316127018187
35,S4,12,2.352491975979188
35,S4,13,2.3137846885597737
35,S4,14,2.3316038890657294
35,S4,15,2.626199247627672
35,S4,16,2.675946829896866
35,S4,17,3.016124014628683
35,S4,18,3.002347912881139
35,S4,19,3.040671342664767
35,S4,20,2.873455823013389
35,S4,21,2.6279724744089337
35,S4,22,2.2864418418760803
35,S4,23,1.886678070106868
35,S4,24,1.664749735937724
35,S5,1,1.8950387228323533
35,S5,2,1.6776214242249554
35,S5,3,1.7435312611622606
35,S5,4,1.7237522101926965
35,S5,5,1.6403451667629811
35,S5,6,1.8303886758968027
35,S5,7,2.2138203635752287
35,S5,8,2.4921502564791456
35,S5,9,2.916898473370495
35,S5,10,2.849896194360482
35,S5,11,2.872146202215607
35,S5,12,2.8001911690568138
35,S5,13,2.8118173386285457
35,S5,14,2.966891155778881
35,S5,15,3.2552978800200916
35,S5,16,3.28394627823612
35,S5,17,3.6457909741442323
35,S5,18,3.6175997461005824
35,S5,19,4.060422338674279
35,S5,20,3.515177883176983
35,S5,21,3.3322341463243754
35,S5,22,2.6355739067371875
35,S5,23,2.2995690217966662
35,S5,24,2.148211894478361
35,S6,1,1.5666188807639543
35,S6,2,1.4618978188430716
35,S6,3,1.4164820561934452
35,S6,4,1.412321402993866
35,S6,5,1.4543409363666187
35,S6,6,1.6877130512439102
35,S6,7,1.8230140565952173
35,S6,8,2.167211333833766
35,S6,9,2.3312242608991545
35,S6,10,2.458181608850365
35,S6,11,2.588603379734594
35,S6,12,2.465276405370669
35,S6,13,2.3424000634835793
35,S6,14,2.6017057026339105
35,S6,15,2.664779443120769
35,S6,16,2.765209582929966
35,S6,17,3.1370658595877834
35,S6,18,3.2603416776909024
35,S6,19,3.40141970303849
35,S6,20,3.1812956472630787
35,S6,21,2.827726418677961
35,S6,22,2.293365378762298
35,S6,23,1.9387816982869417
35,S6,24,1.7859972085163975
35,S7,1,1.781421954091975
35,S7,2,1.7038025091553723
35,S7,3,1.6221549833542763
35,S7,4,1.6161402493792165
35,S7,5,1.549815466782216
35,S7,6,1.7361856031439973
35,S7,7,2.004861592998447
35,S7,8,2.3089993762383534
35,S7,9,2.5873556607105233
35,S7,10,2.7645633314216465
35,S7,11,2.759741681203101
35,S7,12,2.6317439074878455
35,S7,13,2.660264682138865
35,S7,14,2.678109440304015
35,S7,15,2.849742740777216
35,S7,16,3.1601316998829883
35,S7,17,3.491210088959667
35,S7,18,3.6661144685827485
35,S7,19,3.6591474668492814
35,S7,20,3.4167236101899707
35,S7,21,3.0320814343093683
35,S7,22,2.530451866603196
35,S7,23,2.229826428865063
35,S7,24,2.0226676938490487
35,S8,1,1.5297978020197822
35,S8,2,1.4527840981094213
35,S8,3,1.4292131907879573
35,S8,4,1.3579932020051808
35,S8,5,1.403921878711775
35,S8,6,1.5800445424688923
35,S8,7,1.7495346516426278
35,S8,8,2.045825506142253
35,S8,9,2.27814942726743
35,S8,10,2.5571071170364776
35,S8,11,2.5968610103208123
35,S8,12,2.500073225874609
35,S8,13,2.4812674058100406
35,S8,14,2.5162343104624982
35,S8,15,2.4812194494501756
35,S8,16,2.7476343145002544
35,S8,17,2.9321902956781942
35,S8,18,3.2028719319460057
35,S8,19,3.252929217209233
35,S8,20,3.0183050177281494
35,S8,21,2.6683028910484197
35,S8,22,2.341049116938426
35,S8,23,2.057645442511364
35,S8,24,1.7497194101470912
35,S9,1,2.2491589725625345
35,S9,2,2.06930467032045
35,S9,3,2.057781815735268
35,S9,4,1.9362282025174034
35,S9,5,2.0408255512609323
35,S9,6,2.2652248612586954
35,S9,7,2.6093235100327115
35,S9,8,2.898176405772946
35,S9,9,3.428785237237448
35,S9,10,3.545709451159638
35,S9,11,3.415325034011103
35,S9,12,3.385113854645982
35,S9,13,3.342181500022494
35,S9,14,3.4483437605774734
35,S9,15,3.5305917011661845
35,S9,16,3.8847005481756396
35,S9,17,4.4157110429463335
35,S9,18,4.494908873685326
35,S9,19,4.5140449251220405
35,S9,20,4.517942464322883
35,S9,21,3.9269263440022617
35,S9,22,3.338130112934446
35,S9,23,2.7486650520380524
35,S9,24,2.4660434463456564
35,S10,1,1.5856749657231008
35,S10,2,1.5539747942765345
35,S10,3,1.4311340345627293
35,S10,4,1.3834072558317447
35,S10,5,1.5485408296184215
35,S10,6,1.6973588301427514
35,S10,7,1.9191604745601936
35,S10,8,2.2973342417275173
35,S10,9,2.536420430679288
35,S10,10,2.5218054290504193
35,S10,11,2.5527989005308673
35,S10,12,2.474367674518854
35,S10,13,2.5877055033159375
35,S10,14,2.557547240580113
35,S10,15,2.6151687811525086
35,S10,16,2.8835993685310424
35,S10,17,3.183459147377331
35,S10,18,3.345702261021058
35,S10,19,3.2772574566620256
35,S10,20,3.2056706203923864
35,S10,21,2.7729116899133803
35,S10,22,2.5101569990248813
35,S10,23,2.061591421671781
35,S10,24,1.851265007526835
35,S11,1,1.6851729009681162
35,S11,2,1.5522657526381938
35,S11,3,1.525119819394076
35,S11,4,1.6048907381507527
35,S11,5,1.5948942346019932
35,S11,6,1.79347600015666
35,S11,7,2.0463552946335297
35,S11,8,2.3566039150941007
35,S11,9,2.5589842394759708
35,S11,10,2.631929660453516
35,S11,11,2.769196201618464
35,S11,12,2.7492073862157
35,S11,13,2.7357914810017214
35,S11,14,2.7813223367387376
35,S11,15,3.0504662754528904
35,S11,16,2.9987313879692783
35,S11,17,3.2925709940794583
35,S11,18,3.557586653107562
35,S11,19,3.485610997721382
35,S11,20,3.2596328045526204
35,S11,21,3.023579961187313
35,S11,22,2.593963466546548
35,S11,23,2.1132825992081563
35,S11,24,1.8894830917449694
35,S12,1,2.52481266034265
35,S12,2,2.281263506835013
35,S12,3,2.14723524348217
35,S12,4,2.1439476353629403
35,S12,5,2.290668317294321
35,S12,6,2.557047324556762
35,S12,7,2.8311977730150484
35,S12,8,3.4541522935933338
35,S12,9,3.5941215199073877
35,S12,10,3.68598654687811
35,S12,11,3.7893344924854
35,S12,12,3.9073081278701327
35,S12,13,3.84937098617782
35,S12,14,3.740976215429119
35,S12,15,3.938960525623642
35,S12,16,4.47095167894782
35,S12,17,4.676722952349242
35,S12,18,4.931063126517717
35,S12,19,5.05661023281652
35,S12,20,5.052626860794955
35,S12,21,4.4638124072044
35,S12,22,3.575963854384547
35,S12,23,3.031829641608754
35,S12,24,2.7094975845594234
36,S1,1,0.0
36,S1,2,0.0
36,S1,3,0.0
36,S1,4,0.0
36,S1,5,0.0
36,S1,6,0.0
36,S1,7,0.0
36,S1,8,0.0
36,S1,9,0.0
36,S1,10,0.0
36,S1,11,0.0
36,S1,12,0.0
36,S1,13,0.0
36,S1,14,0.0
36,S1,15,0.0
36,S1,16,0.0
36,S1,17,0.0
36,S1,18,0.0
36,S1,19,0.0
36,S1,20,0.0
36,S1,21,0.0
36,S1,22,0.0
36,S1,23,0.0
36,S1,24,0.0
36,S2,1,0.0
36,S2,2,0.0
36,S2,3,0.0
36,S2,4,0.0
36,S2,5,0.0
36,S2,6,0.0
36,S2,7,0.0
36,S2,8,0.0
36,S2,9,0.0
36,S2,10,0.0
36,S2,11,0.0
36,S2,12,0.0
36,S2,13,0.0
36,S2,14,0.0
36,S2,15,0.0
36,S2,16,0.0
36,S2,17,0.0
36,S2,18,0.0
36,S2,19,0.0
36,S2,20,0.0
36,S2,21,0.0
36,S2,22,0.0
36,S2,23,0.0
36,S2,24,0.0
36,S3,1,0.0
36,S3,2,0.0
36,S3,3,0.0
36,S3,4,0.0
36,S3,5,0.0
36,S3,6,0.0
36,S3,7,0.0
36,S3,8,0.0
36,S3,9,0.0
36,S3,10,0.0
36,S3,11,0.0
36,S3,12,0.0
36,S3,13,0.0
36,S3,14,0.0
36,S3,15,0.0
36,S3,16,0.0
36,S3,17,0.0
36,S3,18,0.0
36,S3,19,0.0
36,S3,20,0.0
36,S3,21,0.0
36,S3,22,0.0
36,S3,23,0.0
36,S3,24,0.0
36,S4,1,0.0
36,S4,2,0.0
36,S4,3,0.0
36,S4,4,0.0
36,S4,5,0.0
36,S4,6,0.0
36,S4,7,0.0
36,S4,8,0.0
36,S4,9,0.0
36,S4,10,0.0
36,S4,11,0.0
36,S4,12,0.0
36,S4,13,0.0
36,S4,14,0.0
36,S4,15,0.0
36,S4,16,0.0
36,S4,17,0.0
36,S4,18,0.0
36,S4,19,0.0
36,S4,20,0.0
36,S4,21,0.0
36,S4,22,0.0
36,S4,23,0.0
36,S4,24,0.0
36,S5,1,0.0
36,S5,2,0.0
36,S5,3,0.0
36,S5,4,0.0
36,S5,5,0.0
36,S5,6,0.0
36,S5,7,0.0
36,S5,8,0.0
36,S5,9,0.0
36,S5,10,0.0
36,S5,11,0.0
36,S5,12,0.0
36,S5,13,0.0
36,S5,14,0.0
36,S5,15,0.0
36,S5,16,0.0
36,S5,17,0.0
36,S5,18,0.0
36,S5,19,0.0
36,S5,20,0.0
36,S5,21,0.0
36,S5,22,0.0
36,S5,23,0.0
36,S5,24,0.0
36,S6,1,0.0
36,S6,2,0.0
36,S6,3,0.0
36,S6,4,0.0
36,S6,5,0.0
36,S6,6,0.0
36,S6,7,0.0
36,S6,8,0.0
36,S6,9,0.0
36,S6,10,0.0
36,S6,11,0.0
36,S6,12,0.0
36,S6,13,0.0
36,S6,14,0.0
36,S6,15,0.0
36,S6,16,0.0
36,S6,17,0.0
36,S6,18,0.0
36,S6,19,0.0
36,S6,20,0.0
36,S6,21,0.0
36,S6,22,0.0
36,S6,23,0.0
36,S6,24,0.0
36,S7,1,0.0
36,S7,2,0.0
36,S7,3,0.0
36,S7,4,0.0
36,S7,5,0.0
36,S7,6,0.0
36,S7,7,0.0
36,S7,8,0.0
36,S7,9,0.0
36,S7,10,0.0
36,S7,11,0.0
36,S7,12,0.0
36,S7,13,0.0
36,S7,14,0.0
36,S7,15,0.0
36,S7,16,0.0
36,S7,17,0.0
36,S7,18,0.0
36,S7,19,0.0
36,S7,20,0.0
36,S7,21,0.0
36,S7,22,0.0
36,S7,23,0.0
36,S7,24,0.0
36,S8,1,0.0
36,S8,2,0.0
36,S8,3,0.0
36,S8,4,0.0
36,S8,5,0.0
36,S8,6,0.0
36,S8,7,0.0
36,S8,8,0.0
36,S8,9,0.0
36,S8,10,0.0
36,S8,11,0.0
36,S8,12,0.0
36,S8,13,0.0
36,S8,14,0.0
36,S8,15,0.0
36,S8,16,0.0
36,S8,17,0.0
36,S8,18,0.0
36,S8,19,0.0
36,S8,20,0.0
36,S8,21,0.0
36,S8,22,0.0
36,S8,23,0.0
36,S8,24,0.0
36,S9,1,0.0
36,S9,2,0.0
36,S9,3,0.0
36,S9,4,0.0
36,S9,5,0.0
36,S9,6,0.0
36,S9,7,0.0
36,S9,8,0.0
36,S9,9,0.0
36,S9,10,0.0
36,S9,11,0.0
36,S9,12,0.0
36,S9,13,0.0
36,S9,14,0.0
36,S9,15,0.0
36,S9,16,0.0
36,S9,17,0.0
36,S9,18,0.0
36,S9,19,0.0
36,S9,20,0.0
36,S9,21,0.0
36,S9,22,0.0
36,S9,23,0.0
36,S9,24,0.0
36,S10,1,0.0
36,S10,2,0.0
36,S10,3,0.0
36,S10,4,0.0
36,S10,5,0.0
36,S10,6,0.0
36,S10,7,0.0
36,S10,8,0.0
36,S10,9,0.0
36,S10,10,0.0
36,S10,11,0.0
36,S10,12,0.0
36,S10,13,0.0
36,S10,14,0.0
36,S10,15,0.0
36,S10,16,0.0
36,S10,17,0.0
36,S10,18,0.0
36,S10,19,0.0
36,S10,20,0.0
36,S10,21,0.0
36,S10,22,0.0
36,S10,23,0.0
36,S10,24,0.0
36,S11,1,0.0
36,S11,2,0.0
36,S11,3,0.0
36,S11,4,0.0
36,S11,5,0.0
36,S11,6,0.0
36,S11,7,0.0
36,S11,8,0.0
36,S11,9,0.0
36,S11,10,0.0
36,S11,11,0.0
36,S11,12,0.0
36,S11,13,0.0
36,S11,14,0.0
36,S11,15,0.0
36,S11,16,0.0
36,S11,17,0.0
36,S11,18,0.0
36,S11,19,0.0
36,S11,20,0.0
36,S11,21,0.0
36,S11,22,0.0
36,S11,23,0.0
36,S11,24,0.0
36,S12,1,0.0
36,S12,2,0.0
36,S12,3,0.0
36,S12,4,0.0
36,S12,5,0.0
36,S12,6,0.0
36,S12,7,0.0
36,S12,8,0.0
36,S12,9,0.0
36,S12,10,0.0
36,S12,11,0.0
36,S12,12,0.0
36,S12,13,0.0
36,S12,14,0.0
36,S12,15,0.0
36,S12,16,0.0
36,S12,17,0.0
36,S12,18,0.0
36,S12,19,0.0
36,S12,20,0.0
36,S12,21,0.0
36,S12,22,0.0
36,S12,23,0.0
36,S12,24,0.0
37,S1,1,0.0
37,S1,2,0.0
37,S1,3,0.0
37,S1,4,0.0
37,S1,5,0.0
37,S1,6,0.0
37,S1,7,0.0
37,S1,8,0.0
37,S1,9,0.0
37,S1,10,0.0
37,S1,11,0.0
37,S1,12,0.0
37,S1,13,0.0
37,S1,14,0.0
37,S1,15,0.0
37,S1,16,0.0
37,S1,17,0.0
37,S1,18,0.0
37,S1,19,0.0
37,S1,20,0.0
37,S1,21,0.0
37,S1,22,0.0
37,S1,23,0.0
37,S1,24,0.0
37,S2,1,0.0
37,S2,2,0.0
37,S2,3,0.0
37,S2,4,0.0
37,S2,5,0.0
37,S2,6,0.0
37,S2,7,0.0
37,S2,8,0.0
37,S2,9,0.0
37,S2,10,0.0
37,S2,11,0.0
37,S2,12,0.0
37,S2,13,0.0
37,S2,14,0.0
37,S2,15,0.0
37,S2,16,0.0
37,S2,17,0.0
37,S2,18,0.0
37,S2,19,0.0
37,S2,20,0.0
37,S2,21,0.0
37,S2,22,0.0
37,S2,23,0.0
37,S2,24,0.0
37,S3,1,0.0
37,S3,2,0.0
37,S3,3,0.0
37,S3,4,0.0
37,S3,5,0.0
37,S3,6,0.0
37,S3,7,0.0
37,S3,8,0.0
37,S3,9,0.0
37,S3,10,0.0
37,S3,11,0.0
37,S3,12,0.0
37,S3,13,0.0
37,S3,14,0.0
37,S3,15,0.0
37,S3,16,0.0
37,S3,17,0.0
37,S3,18,0.0
37,S3,19,0.0
37,S3,20,0.0
37,S3,21,0.0
37,S3,22,0.0
37,S3,23,0.0
37,S3,24,0.0
37,S4,1,0.0
37,S4,2,0.0
37,S4,3,0.0
37,S4,4,0.0
37,S4,5,0.0
37,S4,6,0.0
37,S4,7,0.0
37,S4,8,0.0
37,S4,9,0.0
37,S4,10,0.0
37,S4,11,0.0
37,S4,12,0.0
37,S4,13,0.0
37,S4,14,0.0
37,S4,15,0.0
37,S4,16,0.0
37,S4,17,0.0
37,S4,18,0.0
37,S4,19,0.0
37,S4,20,0.0
37,S4,21,0.0
37,S4,22,0.0
37,S4,23,0.0
37,S4,24,0.0
37,S5,1,0.0
37,S5,2,0.0
37,S5,3,0.0
37,S5,4,0.0
37,S5,5,0.0
37,S5,6,0.0
37,S5,7,0.0
37,S5,8,0.0
37,S5,9,0.0
37,S5,10,0.0
37,S5,11,0.0
37,S5,12,0.0
37,S5,13,0.0
37,S5,14,0.0
37,S5,15,0.0
37,S5,16,0.0
37,S5,17,0.0
37,S5,18,0.0
37,S5,19,0.0
37,S5,20,0.0
37,S5,21,0.0
37,S5,22,0.0
37,S5,23,0.0
37,S5,24,0.0
37,S6,1,0.0
37,S6,2,0.0
37,S6,3,0.0
37,S6,4,0.0
37,S6,5,0.0
37,S6,6,0.0
37,S6,7,0.0
37,S6,8,0.0
37,S6,9,0.0
37,S6,10,0.0
37,S6,11,0.0
37,S6,12,0.0
37,S6,13,0.0
37,S6,14,0.0
37,S6,15,0.0
37,S6,16,0.0
37,S6,17,0.0
37,S6,18,0.0
37,S6,19,0.0
37,S6,20,0.0
37,S6,21,0.0
37,S6,22,0.0
37,S6,23,0.0
37,S6,24,0.0
37,S7,1,0.0
37,S7,2,0.0
37,S7,3,0.0
37,S7,4,0.0
37,S7,5,0.0
37,S7,6,0.0
37,S7,7,0.0
37,S7,8,0.0
37,S7,9,0.0
37,S7,10,0.0
37,S7,11,0.0
37,S7,12,0.0
37,S7,13,0.0
37,S7,14,0.0
37,S7,15,0.0
37,S7,16,0.0
37,S7,17,0.0
37,S7,18,0.0
37,S7,19,0.0
37,S7,20,0.0
37,S7,21,0.0
37,S7,22,0.0
37,S7,23,0.0
37,S7,24,0.0
37,S8,1,0.0
37,S8,2,0.0
37,S8,3,0.0
37,S8,4,0.0
37,S8,5,0.0
37,S8,6,0.0
37,S8,7,0.0
37,S8,8,0.0
37,S8,9,0.0
37,S8,10,0.0
37,S8,11,0.0
37,S8,12,0.0
37,S8,13,0.0
37,S8,14,0.0
37,S8,15,0.0
37,S8,16,0.0
37,S8,17,0.0
37,S8,18,0.0
37,S8,19,0.0
37,S8,20,0.0
37,S8,21,0.0
37,S8,22,0.0
37,S8,23,0.0
37,S8,24,0.0
37,S9,1,0.0
37,S9,2,0.0
37,S9,3,0.0
37,S9,4,0.0
37,S9,5,0.0
37,S9,6,0.0
37,S9,7,0.0
37,S9,8,0.0
37,S9,9,0.0
37,S9,10,0.0
37,S9,11,0.0
37,S9,12,0.0
37,S9,13,0.0
37,S9,14,0.0
37,S9,15,0.0
37,S9,16,0.0
37,S9,17,0.0
37,S9,18,0.0
37,S9,19,0.0
37,S9,20,0.0
37,S9,21,0.0
37,S9,22,0.0
37,S9,23,0.0
37,S9,24,0.0
37,S10,1,0.0
37,S10,2,0.0
37,S10,3,0.0
37,S10,4,0.0
37,S10,5,0.0
37,S10,6,0.0
37,S10,7,0.0
37,S10,8,0.0
37,S10,9,0.0
37,S10,10,0.0
37,S10,11,0.0
37,S10,12,0.0
37,S10,13,0.0
37,S10,14,0.0
37,S10,15,0.0
37,S10,16,0.0
37,S10,17,0.0
37,S10,18,0.0
37,S10,19,0.0
37,S10,20,0.0
37,S10,21,0.0
37,S10,22,0.0
37,S10,23,0.0
37,S10,24,0.0
37,S11,1,0.0
37,S11,2,0.0
37,S11,3,0.0
37,S11,4,0.0
37,S11,5,0.0
37,S11,6,0.0
37,S11,7,0.0
37,S11,8,0.0
37,S11,9,0.0
37,S11,10,0.0
37,S11,11,0.0
37,S11,12,0.0
37,S11,13,0.0
37,S11,14,0.0
37,S11,15,0.0
37,S11,16,0.0
37,S11,17,0.0
37,S11,18,0.0
37,S11,19,0.0
37,S11,20,0.0
37,S11,21,0.0
37,S11,22,0.0
37,S11,23,0.0
37,S11,24,0.0
37,S12,1,0.0
37,S12,2,0.0
37,S12,3,0.0
37,S12,4,0.0
37,S12,5,0.0
37,S12,6,0.0
37,S12,7,0.0
37,S12,8,0.0
37,S12,9,0.0
37,S12,10,0.0
37,S12,11,0.0
37,S12,12,0.0
37,S12,13,0.0
37,S12,14,0.0
37,S12,15,0.0
37,S12,16,0.0
37,S12,17,0.0
37,S12,18,0.0
37,S12,19,0.0
37,S12,20,0.0
37,S12,21,0.0
37,S12,22,0.0
37,S12,23,0.0
37,S12,24,0.0
38,S1,1,4.806322712816762
38,S1,2,4.859456762565589
38,S1,3,4.64162221310308
38,S1,4,4.188143959917169
38,S1,5,4.4988159827489005
38,S1,6,4.994434201732708
38,S1,7,5.764092537277148
38,S1,8,7.016369819580921
38,S1,9,7.193231041633926
38,S1,10,7.567783616220372
38,S1,11,7.739076261262729
38,S1,12,7.511800122677408
38,S1,13,7.529799741367725
38,S1,14,7.999180525919158
38,S1,15,8.719188893208763
38,S1,16,8.86616551599856
38,S1,17,9.802957253034224
38,S1,18,10.29156448776929
38,S1,19,10.32156388840423
38,S1,20,9.42184970473328
38,S1,21,8.508393214740476
38,S1,22,7.551278266191362
38,S1,23,6.086440593592333
38,S1,24,5.563204712468797
38,S2,1,3.7476660520742344
38,S2,2,3.7444384428716706
38,S2,3,3.571150557210796
38,S2,4,3.4719831378575674
38,S2,5,3.6769889361539834
38,S2,6,4.006194389779334
38,S2,7,4.544827664607407
38,S2,8,5.264409998943591
38,S2,9,5.753227510952034
38,S2,10,6.345419143945081
38,S2,11,6.085359712805956
38,S2,12,5.868455787711064
38,S2,13,5.991619363553542
38,S2,14,5.95625005834275
38,S2,15,6.798401679868803
38,S2,16,6.747920879494486
38,S2,17,7.673239359974637
38,S2,18,8.06957695592433
38,S2,19,8.47509587790884
38,S2,20,7.838628489770815
38,S2,21,6.555282379682467
38,S2,22,6.043962504652674
38,S2,23,4.786740068303463
38,S2,24,4.233989501670531
38,S3,1,4.546006257297604
38,S3,2,4.149848301942449
38,S3,3,4.096640445888184
38,S3,4,3.834490113906636
38,S3,5,3.982180300916796
38,S3,6,4.751436497451845
38,S3,7,5.1558378525842885
38,S3,8,6.090480383704039
38,S3,9,6.773089581246416
38,S3,10,7.12260748794479
38,S3,11,7.2752506125586835
38,S3,12,7.226781007065084
38,S3,13,6.732524610533386
38,S3,14,6.990906671935155
38,S3,15,7.543807326420284
38,S3,16,7.919310327892517
38,S3,17,9.14522766093299
38,S3,18,9.722593674115535
38,S3,19,9.640243576287316
38,S3,20,8.579002754426451
38,S3,21,8.085138035613452
38,S3,22,6.407698950699574
38,S3,23,5.745037342891876
38,S3,24,5.052705961538614
38,S4,1,3.5147727961031934
38,S4,2,3.2547505915220074
38,S4,3,3.190062157674257
38,S4,4,2.9731384369352054
38,S4,5,3.1034173263676084
38,S4,6,3.5720416327560987
38,S4,7,4.007686091213409
38,S4,8,4.677514053250437
38,S4,9,5.146850747744655
38,S4,10,5.550795606826288
38,S4,11,5.602684083936341
38,S4,12,5.443950486942772
38,S4,13,5.3506644350193335
38,S4,14,5.288564624811394
38,S4,15,5.664553280338747
38,S4,16,6.459033212980886
38,S4,17,6.615145656343958
38,S4,18,7.044157323722044
38,S4,19,7.338713321374096
38,S4,20,6.7009409867945235
38,S4,21,6.075639462950952
38,S4,22,5.452128481683013
38,S4,23,4.298731860768212
38,S4,24,3.971304237662138
38,S5,1,4.160887928200655
38,S5,2,4.1493952582277664
38,S5,3,3.9267402748438296
38,S5,4,3.962870907840292
38,S5,5,3.8071610605423247
38,S5,6,4.326376348958747
38,S5,7,5.164748802892995
38,S5,8,6.121268502835967
38,S5,9,6.527594070040771
38,S5,10,6.981061818714436
38,S5,11,6.813924402244642
38,S5,12,6.614494540106617
38,S5,13,6.595334113572076
38,S5,14,6.955930752129746
38,S5,15,7.5554848156058805
38,S5,16,7.903804445981215
38,S5,17,8.68525232286945
38,S5,18,8.58586196423166
38,S5,19,9.001172066762988
38,S5,20,8.403082775462272
38,S5,21,7.325007078447232
38,S5,22,6.192831742362724
38,S5,23,5.249073748780481
38,S5,24,5.050158329137751
38,S6,1,3.6358669527980543
38,S6,2,3.468183594042749
38,S6,3,3.484372457616407
38,S6,4,3.146556839292877
38,S6,5,3.4686814373014307
38,S6,6,3.8936462518095483
38,S6,7,4.353449940000783
38,S6,8,4.842541880163524
38,S6,9,5.430750344636899
38,S6,10,5.789879188288536
38,S6,11,6.123116569792921
38,S6,12,5.994582865476605
38,S6,13,5.7522960662593485
38,S6,14,5.834224481778749
38,S6,15,6.3311559617195545
38,S6,16,7.037002271877385
38,S6,17,7.254396669381385
38,S6,18,7.348057668158211
38,S6,19,7.602768429563134
38,S6,20,7.027397251101195
38,S6,21,6.720305536112092
38,S6,22,5.330442838173538
38,S6,23,4.681183764578159
38,S6,24,4.041211247929948
38,S7,1,3.970609553935894
38,S7,2,3.9365390675453793
38,S7,3,3.5659424247146894
38,S7,4,3.6254440038305855
38,S7,5,3.656711975112995
38,S7,6,4.254884406694004
38,S7,7,4.846253594175954
38,S7,8,5.768247152676721
38,S7,9,6.279270068911688
38,S7,10,6.84916192303331
38,S7,11,6.699921785941798
38,S7,12,6.4430126725017915
38,S7,13,6.35931250376711
38,S7,14,6.78566605474473
38,S7,15,7.219938313503296
38,S7,16,7.1060945355659255
38,S7,17,8.286443183154734
38,S7,18,8.82047350654022
38,S7,19,8.24642124344124
38,S7,20,8.25550308359334
38,S7,21,7.138428390210312
38,S7,22,5.949878675567191
38,S7,23,5.380981827521711
38,S7,24,4.725594464603329
38,S8,1,3.6788461178258203
38,S8,2,3.257064534867275
38,S8,3,3.195176624627551
38,S8,4,3.147620334376289
38,S8,5,3.2045217987576513
38,S8,6,3.579770745905851
38,S8,7,4.39011223522536
38,S8,8,4.806670233269251
38,S8,9,5.184361241697669
38,S8,10,5.515580142820551
38,S8,11,5.917923211479945
38,S8,12,5.86450481870405
38,S8,13,5.834042212398264
38,S8,14,5.672124495155841
38,S8,15,6.1828189642897255
38,S8,16,6.286668772989613
38,S8,17,7.380391080045645
38,S8,18,7.160349653197498
38,S8,19,7.5462231916931835
38,S8,20,6.9008074652317415
38,S8,21,6.507888213254049
38,S8,22,5.314413041952817
38,S8,23,4.620998373039191
38,S8,24,3.902357034986166
38,S9,1,5.0192328051980475
38,S9,2,4.8479051655504675
38,S9,3,4.679838850859446
38,S9,4,4.481975636419955
38,S9,5,4.5549331088841205
38,S9,6,5.238109837371327
38,S9,7,5.965812283007621
38,S9,8,6.817155910756374
38,S9,9,7.584555334377113
38,S9,10,8.31694954378305
38,S9,11,8.4830682387153
38,S9,12,7.806037539607307
38,S9,13,8.123691475904026
38,S9,14,7.775840493006328
38,S9,15,9.074778116770036
38,S9,16,9.076147124081771
38,S9,17,9.73345412886052
38,S9,18,10.565424269983161
38,S9,19,10.861394951737978
38,S9,20,9.733816483845683
38,S9,21,9.012403401136332
38,S9,22,7.740256233883354
38,S9,23,6.481365257971722
38,S9,24,5.812705067375063
38,S10,1,3.7438457837323695
38,S10,2,3.5047738584315
38,S10,3,3.272793944441385
38,S10,4,3.3087351537540206
38,S10,5,3.459120278548765
38,S10,6,3.710511159262228
38,S10,7,4.5535289067387215
38,S10,8,4.893195917710815
38,S10,9,5.503379631200547
38,S10,10,5.981386345621903
38,S10,11,5.910310618215672
38,S10,12,5.999366874877972
38,S10,13,6.086331096811519
38,S10,14,6.135341660621902
38,S10,15,6.5303535686132825
38,S10,16,6.68440372891164
38,S10,17,7.134465533548546
38,S10,18,7.536597970821566
38,S10,19,8.121309636736992
38,S10,20,7.534349516197645
38,S10,21,6.464756152876537
38,S10,22,5.837978994323146
38,S10,23,4.65396472551896
38,S10,24,4.214380641042453
38,S11,1,3.9718607783381907
38,S11,2,3.605485275688289
38,S11,3,3.6074143545165827
38,S11,4,3.5191043359612606
38,S11,5,3.6245678637855323
38,S11,6,3.9389621982928245
38,S11,7,4.625269895381927
38,S11,8,5.4295100527931845
38,S11,9,5.906809008607038
38,S11,10,6.435703075822929
38,S11,11,6.724699728509171
38,S11,12,6.223726186013102
38,S11,13,6.330833158860436
38,S11,14,6.216918588308255
38,S11,15,6.715904364878375
38,S11,16,7.527955504698003
38,S11,17,8.173259333490648
38,S11,18,8.377723789638468
38,S11,19,8.389313636081686
38,S11,20,8.355841440940585
38,S11,21,6.816926171251331
38,S11,22,6.142513228237156
38,S11,23,5.035185241332468
38,S11,24,4.317250455800923
38,S12,1,5.664333936885199
38,S12,2,5.219572544760586
38,S12,3,5.0351379958188165
38,S12,4,5.183622415112065
38,S12,5,5.139400041157895
38,S12,6,5.806108517135917
38,S12,7,6.932300089402555
38,S12,8,7.987689204840215
38,S12,9,8.696004729226058
38,S12,10,8.731859941064634
38,S12,11,9.405187082908371
38,S12,12,9.125404942064092
38,S12,13,8.523008069115983
38,S12,14,9.062276679678353
38,S12,15,9.683820269767672
38,S12,16,9.949764262399851
38,S12,17,11.432709729746728
38,S12,18,11.28066402337367
38,S12,19,12.015410947859698
38,S12,20,11.274404815406026
38,S12,21,9.63465141668015
38,S12,22,8.773819429938037
38,S12,23,7.005630531861007
38,S12,24,6.392374680570349
39,S1,1,0.0
39,S1,2,0.0
39,S1,3,0.0
39,S1,4,0.0
39,S1,5,0.0
39,S1,6,0.0
39,S1,7,0.0
39,S1,8,0.0
39,S1,9,0.0
39,S1,10,0.0
39,S1,11,0.0
39,S1,12,0.0
39,S1,13,0.0
39,S1,14,0.0
39,S1,15,0.0
39,S1,16,0.0
39,S1,17,0.0
39,S1,18,0.0
39,S1,19,0.0
39,S1,20,0.0
39,S1,21,0.0
39,S1,22,0.0
39,S1,23,0.0
39,S1,24,0.0
39,S2,1,0.0
39,S2,2,0.0
39,S2,3,0.0
39,S2,4,0.0
39,S2,5,0.0
39,S2,6,0.0
39,S2,7,0.0
39,S2,8,0.0
39,S2,9,0.0
39,S2,10,0.0
39,S2,11,0.0
39,S2,12,0.0
39,S2,13,0.0
39,S2,14,0.0
39,S2,15,0.0
39,S2,16,0.0
39,S2,17,0.0
39,S2,18,0.0
39,S2,19,0.0
39,S2,20,0.0
39,S2,21,0.0
39,S2,22,0.0
39,S2,23,0.0
39,S2,24,0.0
39,S3,1,0.0
39,S3,2,0.0
39,S3,3,0.0
39,S3,4,0.0
39,S3,5,0.0
39,S3,6,0.0
39,S3,7,0.0
39,S3,8,0.0
39,S3,9,0.0
39,S3,10,0.0
39,S3,11,0.0
39,S3,12,0.0
39,S3,13,0.0
39,S3,14,0.0
39,S3,15,0.0
39,S3,16,0.0
39,S3,17,0.0
39,S3,18,0.0
39,S3,19,0.0
39,S3,20,0.0
39,S3,21,0.0
39,S3,22,0.0
39,S3,23,0.0
39,S3,24,0.0
39,S4,1,0.0
39,S4,2,0.0
39,S4,3,0.0
39,S4,4,0.0
39,S4,5,0.0
39,S4,6,0.0
39,S4,7,0.0
39,S4,8,0.0
39,S4,9,0.0
39,S4,10,0.0
39,S4,11,0.0
39,S4,12,0.0
39,S4,13,0.0
39,S4,14,0.0
39,S4,15,0.0
39,S4,16,0.0
39,S4,17,0.0
39,S4,18,0.0
39,S4,19,0.0
39,S4,20,0.0
39,S4,21,0.0
39,S4,22,0.0
39,S4,23,0.0
39,S4,24,0.0
39,S5,1,0.0
39,S5,2,0.0
39,S5,3,0.0
39,S5,4,0.0
39,S5,5,0.0
39,S5,6,0.0
39,S5,7,0.0
39,S5,8,0.0
39,S5,9,0.0
39,S5,10,0.0
39,S5,11,0.0
39,S5,12,0.0
39,S5,13,0.0
39,S5,14,0.0
39,S5,15,0.0
39,S5,16,0.0
39,S5,17,0.0
39,S5,18,0.0
39,S5,19,0.0
39,S5,20,0.0
39,S5,21,0.0
39,S5,22,0.0
39,S5,23,0.0
39,S5,24,0.0
39,S6,1,0.0
39,S6,2,0.0
39,S6,3,0.0
39,S6,4,0.0
39,S6,5,0.0
39,S6,6,0.0
39,S6,7,0.0
39,S6,8,0.0
39,S6,9,0.0
39,S6,10,0.0
39,S6,11,0.0
39,S6,12,0.0
39,S6,13,0.0
39,S6,14,0.0
39,S6,15,0.0
39,S6,16,0.0
39,S6,17,0.0
39,S6,18,0.0
39,S6,19,0.0
39,S6,20,0.0
39,S6,21,0.0
39,S6,22,0.0
39,S6,23,0.0
39,S6,24,0.0
39,S7,1,0.0
39,S7,2,0.0
39,S7,3,0.0
39,S7,4,0.0
39,S7,5,0.0
39,S7,6,0.0
39,S7,7,0.0
39,S7,8,0.0
39,S7,9,0.0
39,S7,10,0.0
39,S7,11,0.0
39,S7,12,0.0
39,S7,13,0.0
39,S7,14,0.0
39,S7,15,0.0
39,S7,16,0.0
39,S7,17,0.0
39,S7,18,0.0
39,S7,19,0.0
39,S7,20,0.0
39,S7,21,0.0
39,S7,22,0.0
39,S7,23,0.0
39,S7,24,0.0
39,S8,1,0.0
39,S8,2,0.0
39,S8,3,0.0
39,S8,4,0.0
39,S8,5,0.0
39,S8,6,0.0
39,S8,7,0.0
39,S8,8,0.0
39,S8,9,0.0
39,S8,10,0.0
39,S8,11,0.0
39,S8,12,0.0
39,S8,13,0.0
39,S8,14,0.0
39,S8,15,0.0
39,S8,16,0.0
39,S8,17,0.0
39,S8,18,0.0
39,S8,19,0.0
39,S8,20,0.0
39,S8,21,0.0
39,S8,22,0.0
39,S8,23,0.0
39,S8,24,0.0
39,S9,1,0.0
39,S9,2,0.0
39,S9,3,0.0
39,S9,4,0.0
39,S9,5,0.0
39,S9,6,0.0
39,S9,7,0.0
39,S9,8,0.0
39,S9,9,0.0
39,S9,10,0.0
39,S9,11,0.0
39,S9,12,0.0
39,S9,13,0.0
39,S9,14,0.0
39,S9,15,0.0
39,S9,16,0.0
39,S9,17,0.0
39,S9,18,0.0
39,S9,19,0.0
39,S9,20,0.0
39,S9,21,0.0
39,S9,22,0.0
39,S9,23,0.0
39,S9,24,0.0
39,S10,1,0.0
39,S10,2,0.0
39,S10,3,0.0
39,S10,4,0.0
39,S10,5,0.0
39,S10,6,0.0
39,S10,7,0.0
39,S10,8,0.0
39,S10,9,0.0
39,S10,10,0.0
39,S10,11,0.0
39,S10,12,0.0
39,S10,13,0.0
39,S10,14,0.0
39,S10,15,0.0
39,S10,16,0.0
39,S10,17,0.0
39,S10,18,0.0
39,S10,19,0.0
39,S10,20,0.0
39,S10,21,0.0
39,S10,22,0.0
39,S10,23,0.0
39,S10,24,0.0
39,S11,1,0.0
39,S11,2,0.0
39,S11,3,0.0
39,S11,4,0.0
39,S11,5,0.0
39,S11,6,0.0
39,S11,7,0.0
39,S11,8,0.0
39,S11,9,0.0
39,S11,10,0.0
39,S11,11,0.0
39,S11,12,0.0
39,S11,13,0.0
39,S11,14,0.0
39,S11,15,0.0
39,S11,16,0.0
39,S11,17,0.0
39,S11,18,0.0
39,S11,19,0.0
39,S11,20,0.0
39,S11,21,0.0
39,S11,22,0.0
39,S11,23,0.0
39,S11,24,0.0
39,S12,1,0.0
39,S12,2,0.0
39,S12,3,0.0
39,S12,4,0.0
39,S12,5,0.0
39,S12,6,0.0
39,S12,7,0.0
39,S12,8,0.0
39,S12,9,0.0
39,S12,10,0.0
39,S12,11,0.0
39,S12,12,0.0
39,S12,13,0.0
39,S12,14,0.0
39,S12,15,0.0
39,S12,16,0.0
39,S12,17,0.0
39,S12,18,0.0
39,S12,19,0.0
39,S12,20,0.0
39,S12,21,0.0
39,S12,22,0.0
39,S12,23,0.0
39,S12,24,0.0
40,S1,1,0.0
40,S1,2,0.0
40,S1,3,0.0
40,S1,4,0.0
40,S1,5,0.0
40,S1,6,0.0
40,S1,7,0.0
40,S1,8,0.0
40,S1,9,0.0
40,S1,10,0.0
40,S1,11,0.0
40,S1,12,0.0
40,S1,13,0.0
40,S1,14,0.0
40,S1,15,0.0
40,S1,16,0.0
40,S1,17,0.0
40,S1,18,0.0
40,S1,19,0.0
40,S1,20,0.0
40,S1,21,0.0
40,S1,22,0.0
40,S1,23,0.0
40,S1,24,0.0
40,S2,1,0.0
40,S2,2,0.0
40,S2,3,0.0
40,S2,4,0.0
40,S2,5,0.0
40,S2,6,0.0
40,S2,7,0.0
40,S2,8,0.0
40,S2,9,0.0
40,S2,10,0.0
40,S2,11,0.0
40,S2,12,0.0
40,S2,13,0.0
40,S2,14,0.0
40,S2,15,0.0
40,S2,16,0.0
40,S2,17,0.0
40,S2,18,0.0
40,S2,19,0.0
40,S2,20,0.0
40,S2,21,0.0
40,S2,22,0.0
40,S2,23,0.0
40,S2,24,0.0
40,S3,1,0.0
40,S3,2,0.0
40,S3,3,0.0
40,S3,4,0.0
40,S3,5,0.0
40,S3,6,0.0
40,S3,7,0.0
40,S3,8,0.0
40,S3,9,0.0
40,S3,10,0.0
40,S3,11,0.0
40,S3,12,0.0
40,S3,13,0.0
40,S3,14,0.0
40,S3,15,0.0
40,S3,16,0.0
40,S3,17,0.0
40,S3,18,0.0
40,S3,19,0.0
40,S3,20,0.0
40,S3,21,0.0
40,S3,22,0.0
40,S3,23,0.0
40,S3,24,0.0
40,S4,1,0.0
40,S4,2,0.0
40,S4,3,0.0
40,S4,4,0.0
40,S4,5,0.0
40,S4,6,0.0
40,S4,7,0.0
40,S4,8,0.0
40,S4,9,0.0
40,S4,10,0.0
40,S4,11,0.0
40,S4,12,0.0
40,S4,13,0.0
40,S4,14,0.0
40,S4,15,0.0
40,S4,16,0.0
40,S4,17,0.0
40,S4,18,0.0
40,S4,19,0.0
40,S4,20,0.0
40,S4,21,0.0
40,S4,22,0.0
40,S4,23,0.0
40,S4,24,0.0
40,S5,1,0.0
40,S5,2,0.0
40,S5,3,0.0
40,S5,4,0.0
40,S5,5,0.0
40,S5,6,0.0
40,S5,7,0.0
40,S5,8,0.0
40,S5,9,0.0
40,S5,10,0.0
40,S5,11,0.0
40,S5,12,0.0
40,S5,13,0.0
40,S5,14,0.0
40,S5,15,0.0
40,S5,16,0.0
40,S5,17,0.0
40,S5,18,0.0
40,S5,19,0.0
40,S5,20,0.0
40,S5,21,0.0
40,S5,22,0.0
40,S5,23,0.0
40,S5,24,0.0
40,S6,1,0.0
40,S6,2,0.0
40,S6,3,0.0
40,S6,4,0.0
40,S6,5,0.0
40,S6,6,0.0
40,S6,7,0.0
40,S6,8,0.0
40,S6,9,0.0
40,S6,10,0.0
40,S6,11,0.0
40,S6,12,0.0
40,S6,13,0.0
40,S6,14,0.0
40,S6,15,0.0
40,S6,16,0.0
40,S6,17,0.0
40,S6,18,0.0
40,S6,19,0.0
40,S6,20,0.0
40,S6,21,0.0
40,S6,22,0.0
40,S6,23,0.0
40,S6,24,0.0
40,S7,1,0.0
40,S7,2,0.0
40,S7,3,0.0
40,S7,4,0.0
40,S7,5,0.0
40,S7,6,0.0
40,S7,7,0.0
40,S7,8,0.0
40,S7,9,0.0
40,S7,10,0.0
40,S7,11,0.0
40,S7,12,0.0
40,S7,13,0.0
40,S7,14,0.0
40,S7,15,0.0
40,S7,16,0.0
40,S7,17,0.0
40,S7,18,0.0
40,S7,19,0.0
40,S7,20,0.0
40,S7,21,0.0
40,S7,22,0.0
40,S7,23,0.0
40,S7,24,0.0
40,S8,1,0.0
40,S8,2,0.0
40,S8,3,0.0
40,S8,4,0.0
40,S8,5,0.0
40,S8,6,0.0
40,S8,7,0.0
40,S8,8,0.0
40,S8,9,0.0
40,S8,10,0.0
40,S8,11,0.0
40,S8,12,0.0
40,S8,13,0.0
40,S8,14,0.0
40,S8,15,0.0
40,S8,16,0.0
40,S8,17,0.0
40,S8,18,0.0
40,S8,19,0.0
40,S8,20,0.0
40,S8,21,0.0
40,S8,22,0.0
40,S8,23,0.0
40,S8,24,0.0
40,S9,1,0.0
40,S9,2,0.0
40,S9,3,0.0
40,S9,4,0.0
40,S9,5,0.0
40,S9,6,0.0
40,S9,7,0.0
40,S9,8,0.0
40,S9,9,0.0
40,S9,10,0.0
40,S9,11,0.0
40,S9,12,0.0
40,S9,13,0.0
40,S9,14,0.0
40,S9,15,0.0
40,S9,16,0.0
40,S9,17,0.0
40,S9,18,0.0
40,S9,19,0.0
40,S9,20,0.0
40,S9,21,0.0
40,S9,22,0.0
40,S9,23,0.0
40,S9,24,0.0
40,S10,1,0.0
40,S10,2,0.0
40,S10,3,0.0
40,S10,4,0.0
40,S10,5,0.0
40,S10,6,0.0
40,S10,7,0.0
40,S10,8,0.0
40,S10,9,0.0
40,S10,10,0.0
40,S10,11,0.0
40,S10,12,0.0
40,S10,13,0.0
40,S10,14,0.0
40,S10,15,0.0
40,S10,16,0.0
40,S10,17,0.0
40,S10,18,0.0
40,S10,19,0.0
40,S10,20,0.0
40,S10,21,0.0
40,S10,22,0.0
40,S10,23,0.0
40,S10,24,0.0
40,S11,1,0.0
40,S11,2,0.0
40,S11,3,0.0
40,S11,4,0.0
40,S11,5,0.0
40,S11,6,0.0
40,S11,7,0.0
40,S11,8,0.0
40,S11,9,0.0
40,S11,10,0.0
40,S11,11,0.0
40,S11,12,0.0
40,S11,13,0.0
40,S11,14,0.0
40,S11,15,0.0
40,S11,16,0.0
40,S11,17,0.0
40,S11,18,0.0
40,S11,19,0.0
40,S11,20,0.0
40,S11,21,0.0
40,S11,22,0.0
40,S11,23,0.0
40,S11,24,0.0
40,S12,1,0.0
40,S12,2,0.0
40,S12,3,0.0
40,S12,4,0.0
40,S12,5,0.0
40,S12,6,0.0
40,S12,7,0.0
40,S12,8,0.0
40,S12,9,0.0
40,S12,10,0.0
40,S12,11,0.0
40,S12,12,0.0
40,S12,13,0.0
40,S12,14,0.0
40,S12,15,0.0
40,S12,16,0.0
40,S12,17,0.0
40,S12,18,0.0
40,S12,19,0.0
40,S12,20,0.0
40,S12,21,0.0
40,S12,22,0.0
40,S12,23,0.0
40,S12,24,0.0
41,S1,1,2.314028523271864
41,S1,2,2.1724026912053906
41,S1,3,2.0339240330322474
41,S1,4,1.9118959146862164
41,S1,5,2.099977751909999
41,S1,6,2.2270983909877913
41,S1,7,2.4769170365403768
41,S1,8,3.1208756129359885
41,S1,9,3.2087743939400943
41,S1,10,3.35811443956789
41,S1,11,3.73582970528529
41,S1,12,3.4018278537243134
41,S1,13,3.5999309020853643
41,S1,14,3.4442898870799854
41,S1,15,3.5691171227558995
41,S1,16,4.148354030820671
41,S1,17,4.369741923865649
41,S1,18,4.589501624614645
41,S1,19,4.828879156369604
41,S1,20,4.516090556986655
41,S1,21,3.9898944106932017
41,S1,22,3.468130594957214
41,S1,23,2.8126386269873063
41,S1,24,2.435351004646045
41,S2,1,1.847540932259145
41,S2,2,1.639751960604496
41,S2,3,1.5321113726402282
41,S2,4,1.5281054279451076
41,S2,5,1.6576104757552408
41,S2,6,1.855710994287655
41,S2,7,2.0360303789985554
41,S2,8,2.357585168456186
41,S2,9,2.771053407997074
41,S2,10,2.6779608204993117
41,S2,11,2.8398388451742824
41,S2,12,2.787412523085047
41,S2,13,2.706138870843834
41,S2,14,2.903420943610505
41,S2,15,2.8462414013980326
41,S2,16,3.262499143689585
41,S2,17,3.5588087247789235
41,S2,18,3.660143396889633
41,S2,19,3.6542537169439426
41,S2,20,3.3161988982917983
41,S2,21,3.1591443645324104
41,S2,22,2.602483248698416
41,S2,23,2.273779990706537
41,S2,24,2.0191680480715672
41,S3,1,1.997810538504909
41,S3,2,1.8933038539222973
41,S3,3,1.8602773862276873
41,S3,4,1.8730697903911862
41,S3,5,1.8010626745177623
41,S3,6,2.1228158780686175
41,S3,7,2.423613457704663
41,S3,8,2.8969477646680635
41,S3,9,3.0266571225815118
41,S3,10,3.2410163666886502
41,S3,11,3.3781069980037124
41,S3,12,3.0779353995598013
41,S3,13,3.153986754293348
41,S3,14,3.2760665436158556
41,S3,15,3.429848790842312
41,S3,16,3.643756707266364
41,S3,17,4.151982883172145
41,S3,18,4.16601073926821
41,S3,19,4.164784065454072
41,S3,20,4.220804724939133
41,S3,21,3.572080337551628
41,S3,22,3.060569865347939
41,S3,23,2.5427706468456908
41,S3,24,2.2570207050042552
41,S4,1,1.5785356377542519
41,S4,2,1.4738885282113905
41,S4,3,1.4970518071054564
41,S4,4,1.3549117731889928
41,S4,5,1.4876989490968835
41,S4,6,1.5467563249943765
41,S4,7,1.8459737693489262
41,S4,8,2.219089400265014
41,S4,9,2.3292845181196924
41,S4,10,2.5855311465699726
41,S4,11,2.446820957563805
41,S4,12,2.3712547143416614
41,S4,13,2.4155420458833317
41,S4,14,2.4553876390719185
41,S4,15,2.6918220368090098
41,S4,16,2.9559674652224657
41,S4,17,2.9608594281565668
41,S4,18,3.2350134497702308
41,S4,19,3.2272932127578353
41,S4,20,3.0815702884365934
41,S4,21,2.842761085268112
41,S4,22,2.330003980826587
41,S4,23,2.0593261140997194
41,S4,24,1.727988285134563
41,S5,1,1.9248731866117927
41,S5,2,1.737650791525004
41,S5,3,1.7771214373613327
41,S5,4,1.7790658362713654
41,S5,5,1.7344414720587287
41,S5,6,2.0474733825890823
41,S5,7,2.223377677494948
41,S5,8,2.6711999569184153
41,S5,9,2.784508412184957
41,S5,10,3.0168046718590813
41,S5,11,3.2077312041058774
41,S5,12,2.9973326559518925
41,S5,13,2.8983414844791393
41,S5,14,3.018766294630654
41,S5,15,3.306305956133612
41,S5,16,3.39094110001924
41,S5,17,3.752330767749315
41,S5,18,3.8105776169838768
41,S5,19,4.191472036281079
41,S5,20,3.75260066717954
41,S5,21,3.3432998962892473
41,S5,22,3.037221517201774
41,S5,23,2.4658353920824796
41,S5,24,2.181286025617526
41,S6,1,1.7227208361253719
41,S6,2,1.5504844939831142
41,S6,3,1.4924508143699833
41,S6,4,1.5129371565068988
41,S6,5,1.4946450996583573
41,S6,6,1.7539596881135162
41,S6,7,2.0288687001856585
41,S6,8,2.1642249608923003
41,S6,9,2.4699850790747284
41,S6,10,2.541526565386187
41,S6,11,2.815571359734776
41,S6,12,2.6440552398023667
41,S6,13,2.6472404707000035
41,S6,14,2.614771180583148
41,S6,15,2.9339043705552914
41,S6,16,2.887542593883322
41,S6,17,3.098909012492696
41,S6,18,3.329285163078757
41,S6,19,3.461220513479179
41,S6,20,3.4454569509166566
41,S6,21,3.007964601528376
41,S6,22,2.580977436873278
41,S6,23,2.0733476280470424
41,S6,24,1.8534781535273064
41,S7,1,1.8890800958925211
41,S7,2,1.6776721746839331
41,S7,3,1.7168258074274965
41,S7,4,1.6655221472546413
41,S7,5,1.64186020235188
41,S7,6,1.795865194671408
41,S7,7,2.1153639339523798
41,S7,8,2.423168702163253
41,S7,9,2.7488838178176236
41,S7,10,2.8402596584727773
41,S7,11,2.9280731856664617
41,S7,12,3.0195564064751914
41,S7,13,2.9298389793778723
41,S7,14,2.8783295265385243
41,S7,15,3.131629153275762
41,S7,16,3.421047224918397
41,S7,17,3.468092057074478
41,S7,18,3.840916452408399
41,S7,19,3.9480059453242955
41,S7,20,3.7750730439184004
41,S7,21,3.3553835542000003
41,S7,22,2.6673751744838516
41,S7,23,2.462738346006625
41,S7,24,2.093397051502221
41,S8,1,1.654187735380556
41,S8,2,1.5582416901962073
41,S8,3,1.4332941658069995
41,S8,4,1.4618225917773207
41,S8,5,1.5691323966259942
41,S8,6,1.7241476275891852
41,S8,7,1.8243357170668266
41,S8,8,2.237625833597097
41,S8,9,2.387482457961691
41,S8,10,2.6760099263472
41,S8,11,2.6983927314042004
41,S8,12,2.6113385478533733
41,S8,13,2.479800696204319
41,S8,14,2.661206992021579
41,S8,15,2.6404679570720906
41,S8,16,2.9455906968308994
41,S8,17,3.077838011684293
41,S8,18,3.316828299872347
41,S8,19,3.5536216375795253
41,S8,20,3.161891781456683
41,S8,21,2.9649599591147138
41,S8,22,2.3356253211525577
41,S8,23,2.0076476349978996
41,S8,24,1.8922937187336135
41,S9,1,2.3255103786480333
41,S9,2,2.1222164643658545
41,S9,3,2.1442129882563385
41,S9,4,1.9888632416739755
41,S9,5,2.050913679501786
41,S9,6,2.3189849932746163
41,S9,7,2.6989041991125395
41,S9,8,3.1072296049590857
41,S9,9,3.4813968162398012
41,S9,10,3.7104647464863114
41,S9,11,3.9092957275306377
41,S9,12,3.7038206426427642
41,S9,13,3.6042408883314683
41,S9,14,3.5819418263421365
41,S9,15,3.7697749850627202
41,S9,16,4.391805002207151
41,S9,17,4.305241082611024
41,S9,18,4.564419791581204
41,S9,19,4.704104319401936
41,S9,20,4.686046308118265
41,S9,21,4.205744814402227
41,S9,22,3.4009339447607965
41,S9,23,3.0309591228037123
41,S9,24,2.7045314093720614
41,S10,1,1.6774760317488664
41,S10,2,1.6260356889918146
41,S10,3,1.5369239576048488
41,S10,4,1.490015541226978
41,S10,5,1.565313234010144
41,S10,6,1.6943876129149997
41,S10,7,1.9321995353117478
41,S10,8,2.2729736266634752
41,S10,9,2.552962645387908
41,S10,10,2.7528799450588624
41,S10,11,2.6769769026216537
41,S10,12,2.706909247565799
41,S10,13,2.6471382983072744
41,S10,14,2.7903243809728018
41,S10,15,2.758886876716237
41,S10,16,3.098233514906527
41,S10,17,3.1994778580929855
41,S10,18,3.4011569176267282
41,S10,19,3.4194323651978182
41,S10,20,3.1996661578607815
41,S10,21,2.9140619368090563
41,S10,22,2.4919975738110707
41,S10,23,2.242791629134982
41,S10,24,1.935988689079917
41,S11,1,1.7390218080140054
41,S11,2,1.6655830056266465
41,S11,3,1.6131517271358558
41,S11,4,1.624598199989961
41,S11,5,1.6377325038125004
41,S11,6,1.7894785005519165
41,S11,7,2.1627810397264375
41,S11,8,2.51379758979589
41,S11,9,2.6376313189991993
41,S11,10,2.763702252469485
41,S11,11,2.917013611116598
41,S11,12,2.930346477454733
41,S11,13,2.917823803642536
41,S11,14,2.7650714348742507
41,S11,15,3.1323177543315968
41,S11,16,3.4525693480079704
41,S11,17,3.4909742419613337
41,S11,18,3.591787754950164
41,S11,19,3.7546996352762614
41,S11,20,3.522323822199712
41,S11,21,3.1127336291207732
41,S11,22,2.614577057116531
41,S11,23,2.2266711505367565
41,S11,24,1.9583311702887414
41,S12,1,2.66566133026438
41,S12,2,2.430792109400481
41,S12,3,2.3124611332107285
41,S12,4,2.235098068712511
41,S12,5,2.460485489226515
41,S12,6,2.5903831397667774
41,S12,7,3.0414139606940447
41,S12,8,3.538444765842259
41,S12,9,3.7883066638352587
41,S12,10,4.040966841346047
41,S12,11,4.316917171433029
41,S12,12,4.160752849381133
41,S12,13,3.8699902698453528
41,S12,14,4.018354083837969
41,S12,15,4.1158889145460655
41,S12,16,4.4421819397404265
41,S12,17,5.217441849156659
41,S12,18,5.395982364997053
41,S12,19,5.489152006968598
41,S12,20,4.8722820007555745
41,S12,21,4.40720384428348
41,S12,22,3.8045285815551453
41,S12,23,3.3894551726750195
41,S12,24,2.958311776135423
42,S1,1,2.5452652240358744
42,S1,2,2.310230839819226
42,S1,3,2.3574783043703826
42,S1,4,2.280969640132077
42,S1,5,2.2385788568427607
42,S1,6,2.5845327650107324
42,S1,7,2.879259297353217
42,S1,8,3.294747416256722
42,S1,9,3.7506172538397746
42,S1,10,4.122824795582709
42,S1,11,3.8907185785034217
42,S1,12,3.8967353058700556
42,S1,13,3.892541351938664
42,S1,14,4.023388681217104
42,S1,15,4.121120661360593
42,S1,16,4.433750129045798
42,S1,17,4.755247259224842
42,S1,18,5.364679404621889
42,S1,19,5.420360813938978
42,S1,20,4.841536937543792
42,S1,21,4.573599554498963
42,S1,22,3.87199591622223
42,S1,23,3.07877817789399
42,S1,24,2.787575848137991
42,S2,1,2.0421108970024267
42,S2,2,1.845411172887379
42,S2,3,1.7467584352497756
42,S2,4,1.7855566053207201
42,S2,5,1.7725848782394376
42,S2,6,1.954594380205228
42,S2,7,2.3411569599789437
42,S2,8,2.806265289189595
42,S2,9,2.854725692991165
42,S2,10,3.0897021259244997
42,S2,11,3.366553836980874
42,S2,12,2.964594576260143
42,S2,13,3.0391152783234645
42,S2,14,3.070091002569162
42,S2,15,3.3053360018116567
42,S2,16,3.5307253565509096
42,S2,17,3.7347224337938507
42,S2,18,3.9893516653031744
42,S2,19,4.013623156594659
42,S2,20,4.013496975776417
42,S2,21,3.4338194988410136
42,S2,22,2.9987077133972098
42,S2,23,2.5140760712986703
42,S2,24,2.313003176347569
42,S3,1,2.3770744440830844
42,S3,2,2.1589459361182035
42,S3,3,2.0386579932875453
42,S3,4,1.9750289239488397
42,S3,5,2.0720340850503116
42,S3,6,2.4234216896037397
42,S3,7,2.579610590796808
42,S3,8,2.9877701861663506
42,S3,9,3.2890160044988432
42,S3,10,3.474876619049313
42,S3,11,3.7348348311022264
42,S3,12,3.518823160705185
42,S3,13,3.440896169014162
42,S3,14,3.808701532178727
42,S3,15,3.975259093495479
42,S3,16,4.002539362996679
42,S3,17,4.285388076130816
42,S3,18,4.758807811443023
42,S3,19,4.657027380225732
42,S3,20,4.4076932391175045
42,S3,21,3.98414082874861
42,S3,22,3.403843315806695
42,S3,23,3.076092535515924
42,S3,24,2.590420559578331
42,S4,1,1.7698112625367564
42,S4,2,1.7114874668510793
42,S4,3,1.6821691411875692
42,S4,4,1.5051413731377623
42,S4,5,1.5545795256442898
42,S4,6,1.820759364282062
42,S4,7,2.162062158775527
42,S4,8,2.424546200713309
42,S4,9,2.76242030904992
42,S4,10,2.860046672105839
42,S4,11,2.929936697220074
42,S4,12,2.716518709017035
42,S4,13,2.6701010776037544
42,S4,14,2.7582407707435723
42,S4,15,2.9962470954722096
42,S4,16,3.2813308052503722
42,S4,17,3.5147808015380355
42,S4,18,3.6630113261603836
42,S4,19,3.725093591621591
42,S4,20,3.5766303234787133
42,S4,21,2.9816670806424654
42,S4,22,2.607785307248328
42,S4,23,2.1567789396842816
42,S4,24,2.0338867473556195
42,S5,1,2.308127448184709
42,S5,2,2.1022753355271226
42,S5,3,2.0441801047288997
42,S5,4,2.0349853720646336
42,S5,5,2.0724743996357424
42,S5,6,2.1643588420061985
42,S5,7,2.525890617341739
42,S5,8,3.0408184377885066
42,S5,9,3.16094286704832
42,S5,10,3.6435662095524197
42,S5,11,3.6950159241443132
42,S5,12,3.325912435036205
42,S5,13,3.457383196591126
42,S5,14,3.4977573526595354
42,S5,15,3.5633928447846843
42,S5,16,4.125634437549484
42,S5,17,4.100703130198897
42,S5,18,4.385685144538187
42,S5,19,4.442072697556238
42,S5,20,4.5077871664229185
42,S5,21,3.8153111249832343
42,S5,22,3.256323021575444
42,S5,23,2.7690329555984268
42,S5,24,2.4377473132946594
42,S6,1,1.9270443757477502
42,S6,2,1.8311329669910554
42,S6,3,1.725797042240994
42,S6,4,1.5957952281391885
42,S6,5,1.646352018986642
42,S6,6,1.8199219018749133
42,S6,7,2.1008625097720754
42,S6,8,2.465792799562177
42,S6,9,2.9545706154673588
42,S6,10,3.114744449110947
42,S6,11,2.9270487895503594
42,S6,12,2.8576322450918825
42,S6,13,3.0142625429674856
42,S6,14,2.959622857081693
42,S6,15,3.300419977248195
42,S6,16,3.4097736911189673
42,S6,17,3.7108233928463217
42,S6,18,3.746555443775588
42,S6,19,3.829202808509998
42,S6,20,3.8773361549403167
42,S6,21,3.3062240024964145
42,S6,22,2.715726106107668
42,S6,23,2.4427091960416787
42,S6,24,2.1388589648692165
42,S7,1,2.0838264243698754
42,S7,2,1.9258936549853587
42,S7,3,1.974505860283216
42,S7,4,1.9090538847542937
42,S7,5,1.961559566578039
42,S7,6,2.159709114539913
42,S7,7,2.4390780800490877
42,S7,8,2.874516951250411
42,S7,9,3.0998734555853553
42,S7,10,3.4395723296156286
42,S7,11,3.258737580782364
42,S7,12,3.3415517579680065
42,S7,13,3.198016735666892
42,S7,14,3.170281699111729
42,S7,15,3.3463462278308116
42,S7,16,3.624581077304352
42,S7,17,3.9555681328949563
42,S7,18,4.428557141801667
42,S7,19,4.27942337214725
42,S7,20,3.975373322810887
42,S7,21,3.6326612080161915
42,S7,22,3.0834458311444646
42,S7,23,2.7254409735806964
42,S7,24,2.3424547591001414
42,S8,1,1.8219857617743798
42,S8,2,1.6654108156013978
42,S8,3,1.7141344046871008
42,S8,4,1.6254183548954444
42,S8,5,1.6595502098104364
42,S8,6,1.7962645095662677
42,S8,7,2.1468089684840628
42,S8,8,2.534568091316583
42,S8,9,2.819230600455077
42,S8,10,3.0520227691461583
42,S8,11,2.9382827297999903
42,S8,12,2.9245420050755055
42,S8,13,2.957607679178205
42,S8,14,2.774869719758781
42,S8,15,3.205488240610847
42,S8,16,3.2097615596511395
42,S8,17,3.401729507478145
42,S8,18,3.8410037846260536
42,S8,19,3.7035889286353023
42,S8,20,3.608877722788191
42,S8,21,3.1107004829488543
42,S8,22,2.691018719016142
42,S8,23,2.3391394871465243
42,S8,24,1.9743559306338172
42,S9,1,2.4956541374053596
42,S9,2,2.3795011572179483
42,S9,3,2.467546998610074
42,S9,4,2.2062524738118583
42,S9,5,2.347710331533373
42,S9,6,2.643398294945868
42,S9,7,3.106934848814875
42,S9,8,3.419492380525501
42,S9,9,4.120421902818163
42,S9,10,4.071090652032154
42,S9,11,4.188862048156945
42,S9,12,4.232927628785003
42,S9,13,4.1216462154147635
42,S9,14,4.205516206130199
42,S9,15,4.317329700991248
42,S9,16,4.5884876679417435
42,S9,17,5.122609587155967
42,S9,18,5.3074782948245485
42,S9,19,5.693857969464727
42,S9,20,5.366533830791362
42,S9,21,4.610052359748186
42,S9,22,3.77478450963899
42,S9,23,3.4240646784733344
42,S9,24,2.793183423493795
42,S10,1,1.8335905940292503
42,S10,2,1.7714505433248777
42,S10,3,1.6952589401553353
42,S10,4,1.748904978368423
42,S10,5,1.7479900754480537
42,S10,6,1.9534439333377576
42,S10,7,2.2862030919348615
42,S10,8,2.7258573909945656
42,S10,9,2.8480931810503303
42,S10,10,3.009085673699577
42,S10,11,3.007730629765077
42,S10,12,3.022480704817564
42,S10,13,3.012682726637552
42,S10,14,3.1611432015107486
42,S10,15,3.1702853864627984
42,S10,16,3.383985276545866
42,S10,17,3.7798769003721366
42,S10,18,4.0752062293906866
42,S10,19,4.2141734697189275
42,S10,20,3.812827456503925
42,S10,21,3.3123216226295464
42,S10,22,2.7536069686020803
42,S10,23,2.4740544074792905
42,S10,24,2.1375464385016447
42,S11,1,2.026810786335132
42,S11,2,1.8639636768004502
42,S11,3,1.8222537757932942
42,S11,4,1.8112807364310293
42,S11,5,1.933782311694819
42,S11,6,2.0519438079889465
42,S11,7,2.3849364849418966
42,S11,8,2.76538955721224
42,S11,9,3.049180242692143
42,S11,10,3.1747710505917066
42,S11,11,3.279743576221736
42,S11,12,3.134042314975153
42,S11,13,3.190683748824493
42,S11,14,3.1564632536558723
42,S11,15,3.322980831039853
42,S11,16,3.7511106021288834
42,S11,17,3.8199087360430295
42,S11,18,4.093927967187115
42,S11,19,4.243087997431585
42,S11,20,3.9486894656412064
42,S11,21,3.5410195642779643
42,S11,22,3.00588949097901
42,S11,23,2.6960177918168124
42,S11,24,2.283665952857152
42,S12,1,2.8633263689927664
42,S12,2,2.847144570648457
42,S12,3,2.520169073824541
42,S12,4,2.5678339680127613
42,S12,5,2.678216040364486
42,S12,6,3.021824633185332
42,S12,7,3.413240492799763
42,S12,8,4.050132602525481
42,S12,9,4.523985983146665
42,S12,10,4.468113037523587
42,S12,11,4.539429292332086
42,S12,12,4.588827860097341
42,S12,13,4.65950638455499
42,S12,14,4.77532030131364
42,S12,15,4.95865659042841
42,S12,16,5.3185575285931
42,S12,17,5.464390704287846
42,S12,18,5.702673238378815
42,S12,19,6.342164777219401
42,S12,20,5.801624835095422
42,S12,21,4.994224259031342
42,S12,22,4.0988216946453795
42,S12,23,3.8502349961773787
42,S12,24,3.1080081442162437
43,S1,1,0.7292314447189165
43,S1,2,0.6810240927047256
43,S1,3,0.6136236092761617
43,S1,4,0.6209838740048389
43,S1,5,0.6261747310024768
43,S1,6,0.7268420514618098
43,S1,7,0.7921630834495703
43,S1,8,0.9748476175571792
43,S1,9,1.044133369759745
43,S1,10,1.137768311252322
43,S1,11,1.148999484533641
43,S1,12,1.1075890821012302
43,S1,13,1.0588405735874076
43,S1,14,1.1506564845167195
43,S1,15,1.1799087616660182
43,S1,16,1.3273956086795358
43,S1,17,1.4348636950085814
43,S1,18,1.3811949192032962
43,S1,19,1.4712044661057775
43,S1,20,1.3623004076104277
43,S1,21,1.2693757435274502
43,S1,22,1.0590682624148484
43,S1,23,0.9200774520397305
43,S1,24,0.8124904471433964
43,S2,1,0.5706605239787588
43,S2,2,0.5196234407478165
43,S2,3,0.503442187291539
43,S2,4,0.5141712683995489
43,S2,5,0.4940965638266284
43,S2,6,0.5892644920539587
43,S2,7,0.6673544372094841
43,S2,8,0.756216371272152
43,S2,9,0.8339835655665417
43,S2,10,0.9278621270091516
43,S2,11,0.9355415462967934
43,S2,12,0.9085275247986823
43,S2,13,0.8749105981346998
43,S2,14,0.9014303358061818
43,S2,15,0.9699520598680503
43,S2,16,1.0017681963297311
43,S2,17,1.0995791596837001
43,S2,18,1.195301297396523
43,S2,19,1.1170203540222883
43,S2,20,1.0615206517436038
43,S2,21,1.001352020680806
43,S2,22,0.8444136171794274
43,S2,23,0.7312687598887189
43,S2,24,0.6061896454081785
43,S3,1,0.6794309911642578
43,S3,2,0.6109540497066479
43,S3,3,0.591029538699719
43,S3,4,0.6040121771662471
43,S3,5,0.5941437224954192
43,S3,6,0.6445151839714968
43,S3,7,0.78555020059005
43,S3,8,0.8592555378388851
43,S3,9,0.9664696023785171
43,S3,10,0.9821279060044836
43,S3,11,1.06424268631085
43,S3,12,1.0276083456010758
43,S3,13,1.03942218128751
43,S3,14,1.0342932245726244
43,S3,15,1.0696685294314974
43,S3,16,1.152871848543438
43,S3,17,1.2850466826312235
43,S3,18,1.262506607534894
43,S3,19,1.4185076130299548
43,S3,20,1.2377534542054638
43,S3,21,1.1702754441863983
43,S3,22,0.9384150076661649
43,S3,23,0.8424028342710205
43,S3,24,0.7016701764334492
43,S4,1,0.5088175638055514
43,S4,2,0.4775762182936997
43,S4,3,0.4731625594897424
43,S4,4,0.4265526755336419
43,S4,5,0.4665298039800625
43,S4,6,0.4919324653773504
43,S4,7,0.5818386323283459
43,S4,8,0.7117177498322182
43,S4,9,0.7427606575549494
43,S4,10,0.8126956294487238
43,S4,11,0.8434953128129178
43,S4,12,0.7545535995060827
43,S4,13,0.7756771199348006
43,S4,14,0.7562577899887669
43,S4,15,0.8797987297694833
43,S4,16,0.8784546919923529
43,S4,17,0.99991329366215
43,S4,18,1.0667615938183872
43,S4,19,1.080917082579605
43,S4,20,0.9602690601559175
43,S4,21,0.8400111286328589
43,S4,22,0.735353318218573
43,S4,23,0.6449345316588104
43,S4,24,0.5595947379158682
43,S5,1,0.6450312248179308
43,S5,2,0.5554917903578348
43,S5,3,0.5766488910670788
43,S5,4,0.5670852397911292
43,S5,5,0.5750185872552762
43,S5,6,0.6178962350642891
43,S5,7,0.7335159735458779
43,S5,8,0.8268642924398616
43,S5,9,0.8961271453538671
43,S5,10,0.9607396600248851
43,S5,11,0.9880170237502316
43,S5,12,0.9545506052212553
43,S5,13,0.9215079040304225
43,S5,14,0.9788754821852333
43,S5,15,1.0784410954137025
43,S5,16,1.1660629504060367
43,S5,17,1.2109812482932873
43,S5,18,1.2383108480638423
43,S5,19,1.2450193640719007
43,S5,20,1.2783554095907956
43,S5,21,1.0949925469621398
43,S5,22,0.938224540640986
43,S5,23,0.7761799462891659
43,S5,24,0.6905974730603088
43,S6,1,0.5126489215941876
43,S6,2,0.49482073717336544
43,S6,3,0.4650882510911826
43,S6,4,0.4598557009289272
43,S6,5,0.4956550344500859
43,S6,6,0.5553161354995911
43,S6,7,0.6149482624278129
43,S6,8,0.7213192840653309
43,S6,9,0.821737888896354
43,S6,10,0.8011142292355572
43,S6,11,0.8335253855807168
43,S6,12,0.8277636046238783
43,S6,13,0.8046518553818076
43,S6,14,0.8737056372860124
43,S6,15,0.8951298816512158
43,S6,16,0.9329847391484405
43,S6,17,1.0096528616252742
43,S6,18,1.0921012774528842
43,S6,19,1.0852621485716125
43,S6,20,1.0892570332153064
43,S6,21,0.9048074580076849
43,S6,22,0.8061284065032381
43,S6,23,0.6493513718179909
43,S6,24,0.6049573890662563
43,S7,1,0.570275095585143
43,S7,2,0.5552687928426103
43,S7,3,0.5355875165166691
43,S7,4,0.5199232049054149
43,S7,5,0.5227866739537363
43,S7,6,0.5899508857264538
43,S7,7,0.6637458044848021
43,S7,8,0.7918456764877041
43,S7,9,0.864799949137296
43,S7,10,0.8873067894555908
43,S7,11,0.9466493945442453
43,S7,12,0.8888886382828117
43,S7,13,0.9496227300523575
43,S7,14,0.9049164231266752
43,S7,15,1.023819727767635
43,S7,16,1.0478529534577479
43,S7,17,1.1406118987856262
43,S7,18,1.2065160010246911
43,S7,19,1.2089017762443501
43,S7,20,1.1185047772062457
43,S7,21,1.0342789616641967
43,S7,22,0.8730800966478717
43,S7,23,0.743770290555638
43,S7,24,0.6275014492096501
43,S8,1,0.5229793730137371
43,S8,2,0.48091614278203054
43,S8,3,0.4513441470900379
43,S8,4,0.4742592773499963
43,S8,5,0.4858382146046448
43,S8,6,0.5492566838650462
43,S8,7,0.6137362947069553
43,S8,8,0.6707357122686605
43,S8,9,0.8110318134568258
43,S8,10,0.8289820494591896
43,S8,11,0.8392434178421093
43,S8,12,0.8332975125846048
43,S8,13,0.7646014353910834
43,S8,14,0.8096235212376891
43,S8,15,0.8918300673930012
43,S8,16,0.9412241869222439
43,S8,17,1.0215517612336626
43,S8,18,1.0230145406536677
43,S8,19,1.133298352496885
43,S8,20,1.0581236832606928
43,S8,21,0.8674761115129875
43,S8,22,0.7822377158006196
43,S8,23,0.6441920484503676
43,S8,24,0.5796224808742323
43,S9,1,0.7072002883717552
43,S9,2,0.7201189163489896
43,S9,3,0.6742820992624349
43,S9,4,0.6311453091169361
43,S9,5,0.6845370598560845
43,S9,6,0.7297464904917447
43,S9,7,0.884808980427642
43,S9,8,1.038501667297537
43,S9,9,1.0778922055375117
43,S9,10,1.1872450498339548
43,S9,11,1.2217704136484075
43,S9,12,1.1836424345352006
43,S9,13,1.1176729788068214
43,S9,14,1.191162762829942
43,S9,15,1.2462987326885884
43,S9,16,1.3866950975519734
43,S9,17,1.482018880689929
43,S9,18,1.563641131728448
43,S9,19,1.4888011181077436
43,S9,20,1.4065061623464787
43,S9,21,1.220216352448424
43,S9,22,1.0446538687830484
43,S9,23,0.9080550283909763
43,S9,24,0.7976679300919474
43,S10,1,0.5321368458151985
43,S10,2,0.4840181608294865
43,S10,3,0.49965071815747414
43,S10,4,0.4963145052706044
43,S10,5,0.4979039093306543
43,S10,6,0.5738028285677292
43,S10,7,0.6194478285930045
43,S10,8,0.7477302111166928
43,S10,9,0.8042991555326268
43,S10,10,0.8444564703719541
43,S10,11,0.8800643520843011
43,S10,12,0.8131519265608378
43,S10,13,0.8356929955398638
43,S10,14,0.8269967839922056
43,S10,15,0.9166986722551446
43,S10,16,1.0086638597241682
43,S10,17,1.0652150764786357
43,S10,18,1.0950704473817245
43,S10,19,1.1820362346241602
43,S10,20,1.0960281225592967
43,S10,21,0.9057749394801573
43,S10,22,0.7717669896262626
43,S10,23,0.7182927746984249
43,S10,24,0.6256059758073249
43,S11,1,0.5567080819694282
43,S11,2,0.5674522661022561
43,S11,3,0.5027752522586676
43,S11,4,0.5270482338366851
43,S11,5,0.5180685127745985
43,S11,6,0.583940083420164
43,S11,7,0.6769365482801091
43,S11,8,0.8165164955941274
43,S11,9,0.845354404489844
43,S11,10,0.8709152168762113
43,S11,11,0.9335782553978114
43,S11,12,0.8784672410890884
43,S11,13,0.8807041982333421
43,S11,14,0.9209134987460054
43,S11,15,0.9676000573312362
43,S11,16,1.0499114543179675
43,S11,17,1.0707016209727775
43,S11,18,1.2341270788877676
43,S11,19,1.161187948940195
43,S11,20,1.1559330250668804
43,S11,21,1.0480595053081085
43,S11,22,0.8978737238106951
43,S11,23,0.7693170870731817
43,S11,24,0.6256401031680462
43,S12,1,0.8158737591163432
43,S12,2,0.7810402986837077
43,S12,3,0.7270570025526916
43,S12,4,0.7586636515057369
43,S12,5,0.7459097120947095
43,S12,6,0.7935315755982478
43,S12,7,0.965913397480814
43,S12,8,1.0636409630074601
43,S12,9,1.1677416886699121
43,S12,10,1.3295632998091205
43,S12,11,1.3028303178661118
43,S12,12,1.2429637443465198
43,S12,13,1.3014394497233588
43,S12,14,1.2763446011542319
43,S12,15,1.3962668234547824
43,S12,16,1.4269205153151847
43,S12,17,1.6361836194656314
43,S12,18,1.7382958530534713
43,S12,19,1.6551798676029645
43,S12,20,1.5627301124336224
43,S12,21,1.4263347453149615
43,S12,22,1.2130920119864064
43,S12,23,1.022839100507541
43,S12,24,0.8877942918731929
44,S1,1,4.23380116823002
44,S1,2,3.8653634152517853
44,S1,3,3.8119404898225797
44,S1,4,3.5850834315533673
44,S1,5,3.8957008667314263
44,S1,6,4.235210169862835
44,S1,7,4.927035678679412
44,S1,8,5.6511854654615234
44,S1,9,6.619448644541042
44,S1,10,7.044802425256807
44,S1,11,7.098248931782185
44,S1,12,6.686941695903322
44,S1,13,6.716814741768951
44,S1,14,6.5953784324691584
44,S1,15,6.866339314564105
44,S1,16,7.414650808325228
44,S1,17,7.965085036481047
44,S1,18,8.448652174252096
44,S1,19,9.01542010415707
44,S1,20,8.606635893092482
44,S1,21,7.305531932904193
44,S1,22,6.413211253059264
44,S1,23,5.392528285150172
44,S1,24,4.8845661265491245
44,S2,1,3.3284870178326185
44,S2,2,3.0342375917188336
44,S2,3,3.130024970213328
44,S2,4,2.883163702020393
44,S2,5,3.127355703885507
44,S2,6,3.290577589122721
44,S2,7,4.079385795915256
44,S2,8,4.568432917666118
44,S2,9,5.168775287179473
44,S2,10,5.319244190511025
44,S2,11,5.454497145840838
44,S2,12,5.006309293380585
44,S2,13,4.973556728810447
44,S2,14,5.238976841661356
44,S2,15,5.549885656699915
44,S2,16,6.258498762291076
44,S2,17,6.360069696124366
44,S2,18,6.85746317350405
44,S2,19,7.291297749068778
44,S2,20,6.717301462601222
44,S2,21,5.695264188363284
44,S2,22,4.963944683064818
44,S2,23,4.238152377902289
44,S2,24,3.653025457112336
44,S3,1,3.769758936138382
44,S3,2,3.599719947031302
44,S3,3,3.5965133390177066
44,S3,4,3.5539424790383265
44,S3,5,3.6129086166495648
44,S3,6,4.018540505855389
44,S3,7,4.736806255541423
44,S3,8,5.481717846961212
44,S3,9,6.020492501541248
44,S3,10,5.924262005245092
44,S3,11,6.517932925249455
44,S3,12,6.3922757938004615
44,S3,13,6.110203483103909
44,S3,14,6.2544656482609104
44,S3,15,6.281887847066785
44,S3,16,6.876127560248686
44,S3,17,7.340009547319465
44,S3,18,8.039319684794705
44,S3,19,8.445559209199807
44,S3,20,7.336918091776706
44,S3,21,6.949643005579639
44,S3,22,5.6583986367000465
44,S3,23,4.845237058871291
44,S3,24,4.156368652570418
44,S4,1,3.150882475471496
44,S4,2,2.935945440936345
44,S4,3,2.709734047206192
44,S4,4,2.691943235553335
44,S4,5,2.631836159127778
44,S4,6,3.1068197532282698
44,S4,7,3.4648123483836986
44,S4,8,4.247659097127651
44,S4,9,4.292236744015467
44,S4,10,4.6280957426069795
44,S4,11,4.666856147260737
44,S4,12,4.631879808299935
44,S4,13,4.652099290916028
44,S4,14,4.780284965975277
44,S4,15,5.0975559094145915
44,S4,16,5.404582499306443
44,S4,17,5.644963683944876
44,S4,18,6.075717676367135
44,S4,19,6.022345519708052
44,S4,20,6.180342606979193
44,S4,21,5.465185901083256
44,S4,22,4.441596598203918
44,S4,23,3.702948208826752
44,S4,24,3.1834995038047107
44,S5,1,3.6533715592946034
44,S5,2,3.4525961453346588
44,S5,3,3.5016318573094396
44,S5,4,3.4413815910641317
44,S5,5,3.3999115426934132
44,S5,6,3.8833348655193674
44,S5,7,4.371531647087663
44,S5,8,4.883171934433717
44,S5,9,5.682522327965423
44,S5,10,5.875210361587231
44,S5,11,5.756744459898928
44,S5,12,6.009373722625777
44,S5,13,5.522960124848829
44,S5,14,6.116033804770047
44,S5,15,6.119631283909746
44,S5,16,6.463539330070165
44,S5,17,7.0539788243849815
44,S5,18,7.547547288658605
44,S5,19,7.611864965146436
44,S5,20,6.971939785341943
44,S5,21,6.5645612272557194
44,S5,22,5.389963299470862
44,S5,23,4.559120218317456
44,S5,24,4.254769173017239
44,S6,1,3.33545706738951
44,S6,2,2.9378892436061523
44,S6,3,2.8522761600735325
44,S6,4,2.9260532604717002
44,S6,5,2.967230047414601
44,S6,6,3.1880690193614956
44,S6,7,3.65456443829936
44,S6,8,4.101400457390489
44,S6,9,4.692807040096351
44,S6,10,4.83600054586374
44,S6,11,5.190048789084895
44,S6,12,4.776989541345827
44,S6,13,5.043789760389731
44,S6,14,5.135925341656759
44,S6,15,5.4646767738192805
44,S6,16,5.6355041740791085
44,S6,17,6.043308921136202
44,S6,18,6.8175054265673385
44,S6,19,6.5171635206937
44,S6,20,6.16285590255287
44,S6,21,5.341961344413743
44,S6,22,4.570394385730577
44,S6,23,4.04980354291904
44,S6,24,3.640664031220264
44,S7,1,3.4122602195043816
44,S7,2,3.3331742204471384
44,S7,3,3.2905498112176486
44,S7,4,3.1084420329474676
44,S7,5,3.223695267812158
44,S7,6,3.5661013858723773
44,S7,7,4.0732249942152645
44,S7,8,4.668364643881028
44,S7,9,5.211626347289746
44,S7,10,5.751456546005093
44,S7,11,5.724285405321251
44,S7,12,5.503297190321868
44,S7,13,5.224582774176913
44,S7,14,5.348478576822966
44,S7,15,6.058657349002777
44,S7,16,6.336867396501892
44,S7,17,6.961633812582787
44,S7,18,7.030607688170378
44,S7,19,7.562255388983518
44,S7,20,6.787005293165735
44,S7,21,6.421952306675517
44,S7,22,5.282571747688865
44,S7,23,4.34933953282576
44,S7,24,3.878653443763698
44,S8,1,2.9703814606957764
44,S8,2,2.9359702547537783
44,S8,3,2.8042497339687498
44,S8,4,2.8665610808686073
44,S8,5,2.7390088095400777
44,S8,6,3.269930630455635
44,S8,7,3.637956551970721
44,S8,8,4.259453988598111
44,S8,9,4.828319671810987
44,S8,10,4.9900096028605025
44,S8,11,5.1544343333579
44,S8,12,4.749329363567233
44,S8,13,5.039332153780474
44,S8,14,5.088849348401146
44,S8,15,5.3060641191817535
44,S8,16,5.50808212151906
44,S8,17,5.73577117337999
44,S8,18,6.402358017376679
44,S8,19,6.363995435557746
44,S8,20,5.963245281729902
44,S8,21,5.498482969732711
44,S8,22,4.685396222834542
44,S8,23,3.961223002843289
44,S8,24,3.5224846890548442
44,S9,1,4.407970398379602
44,S9,2,4.134107868332633
44,S9,3,3.984123690984712
44,S9,4,3.790546643343545
44,S9,5,4.018429631420671
44,S9,6,4.586880146116334
44,S9,7,5.360647422237377
44,S9,8,6.196794789351017
44,S9,9,6.8602811993161135
44,S9,10,6.758461038452848
44,S9,11,7.038590044900028
44,S9,12,7.140230469899791
44,S9,13,7.158806585168338
44,S9,14,7.089111462521919
44,S9,15,7.07238379345229
44,S9,16,7.934525174891689
44,S9,17,8.759327715294582
44,S9,18,9.293540296739838
44,S9,19,9.182280017047663
44,S9,20,8.55138900323493
44,S9,21,8.080820279149638
44,S9,22,6.287041931841907
44,S9,23,5.392345367871039
44,S9,24,4.787303752109737
44,S10,1,3.298208103741873
44,S10,2,3.00909954177037
44,S10,3,2.7973914383526384
44,S10,4,2.975149912015942
44,S10,5,3.0607076786234564
44,S10,6,3.458758757623403
44,S10,7,3.960816503930658
44,S10,8,4.317426247868031
44,S10,9,5.069463024649192
44,S10,10,5.312220490015949
44,S10,11,5.351271610801291
44,S10,12,5.0386349877583685
44,S10,13,5.252052022400545
44,S10,14,5.03305804974416
44,S10,15,5.481463216944163
44,S10,16,5.626136332345135
44,S10,17,6.5878485891209095
44,S10,18,6.414484033665003
44,S10,19,7.129639414292593
44,S10,20,6.645517826103942
44,S10,21,5.804834266103156
44,S10,22,4.830573998094396
44,S10,23,4.3141020878776
44,S10,24,3.450935748390118
44,S11,1,3.455440190584476
44,S11,2,3.329453958406407
44,S11,3,3.0420937417467733
44,S11,4,2.997990270130407
44,S11,5,3.0712826377703797
44,S11,6,3.664285539214749
44,S11,7,4.105228391477399
44,S11,8,4.90775479373632
44,S11,9,5.394017007570529
44,S11,10,5.391176342433963
44,S11,11,5.345070646287986
44,S11,12,5.42044499245148
44,S11,13,5.33712340603119
44,S11,14,5.268829253460678
44,S11,15,5.686535440227606
44,S11,16,6.095603580757107
44,S11,17,6.551328641894732
44,S11,18,7.439120402904643
44,S11,19,7.494342724082049
44,S11,20,6.861595259396845
44,S11,21,5.901630330945297
44,S11,22,4.988756082824412
44,S11,23,4.5447125210423565
44,S11,24,3.767426497183751
44,S12,1,4.864908953775625
44,S12,2,4.648342288787444
44,S12,3,4.4433312841936585
44,S12,4,4.437007532612471
44,S12,5,4.426109909174041
44,S12,6,4.935447307447862
44,S12,7,5.787078109172882
44,S12,8,6.49270381340624
44,S12,9,7.012583254723724
44,S12,10,7.96270820758201
44,S12,11,8.041383533618161
44,S12,12,7.62600142258505
44,S12,13,7.834515968613483
44,S12,14,7.543541518802547
44,S12,15,8.598838921784987
44,S12,16,9.240449262121768
44,S12,17,9.050885522464736
44,S12,18,10.011054809095306
44,S12,19,10.504431817272245
44,S12,20,9.911516574601519
44,S12,21,8.807431248238544
44,S12,22,7.121158183292211
44,S12,23,6.053920624057478
44,S12,24,5.266842052671121
45,S1,1,0.0
45,S1,2,0.0
45,S1,3,0.0
45,S1,4,0.0
45,S1,5,0.0
45,S1,6,0.0
45,S1,7,0.0
45,S1,8,0.0
45,S1,9,0.0
45,S1,10,0.0
45,S1,11,0.0
45,S1,12,0.0
45,S1,13,0.0
45,S1,14,0.0
45,S1,15,0.0
45,S1,16,0.0
45,S1,17,0.0
45,S1,18,0.0
45,S1,19,0.0
45,S1,20,0.0
45,S1,21,0.0
45,S1,22,0.0
45,S1,23,0.0
45,S1,24,0.0
45,S2,1,0.0
45,S2,2,0.0
45,S2,3,0.0
45,S2,4,0.0
45,S2,5,0.0
45,S2,6,0.0
45,S2,7,0.0
45,S2,8,0.0
45,S2,9,0.0
45,S2,10,0.0
45,S2,11,0.0
45,S2,12,0.0
45,S2,13,0.0
45,S2,14,0.0
45,S2,15,0.0
45,S2,16,0.0
45,S2,17,0.0
45,S2,18,0.0
45,S2,19,0.0
45,S2,20,0.0
45,S2,21,0.0
45,S2,22,0.0
45,S2,23,0.0
45,S2,24,0.0
45,S3,1,0.0
45,S3,2,0.0
45,S3,3,0.0
45,S3,4,0.0
45,S3,5,0.0
45,S3,6,0.0
45,S3,7,0.0
45,S3,8,0.0
45,S3,9,0.0
45,S3,10,0.0
45,S3,11,0.0
45,S3,12,0.0
45,S3,13,0.0
45,S3,14,0.0
45,S3,15,0.0
45,S3,16,0.0
45,S3,17,0.0
45,S3,18,0.0
45,S3,19,0.0
45,S3,20,0.0
45,S3,21,0.0
45,S3,22,0.0
45,S3,23,0.0
45,S3,24,0.0
45,S4,1,0.0
45,S4,2,0.0
45,S4,3,0.0
45,S4,4,0.0
45,S4,5,0.0
45,S4,6,0.0
45,S4,7,0.0
45,S4,8,0.0
45,S4,9,0.0
45,S4,10,0.0
45,S4,11,0.0
45,S4,12,0.0
45,S4,13,0.0
45,S4,14,0.0
45,S4,15,0.0
45,S4,16,0.0
45,S4,17,0.0
45,S4,18,0.0
45,S4,19,0.0
45,S4,20,0.0
45,S4,21,0.0
45,S4,22,0.0
45,S4,23,0.0
45,S4,24,0.0
45,S5,1,0.0
45,S5,2,0.0
45,S5,3,0.0
45,S5,4,0.0
45,S5,5,0.0
45,S5,6,0.0
45,S5,7,0.0
45,S5,8,0.0
45,S5,9,0.0
45,S5,10,0.0
45,S5,11,0.0
45,S5,12,0.0
45,S5,13,0.0
45,S5,14,0.0
45,S5,15,0.0
45,S5,16,0.0
45,S5,17,0.0
45,S5,18,0.0
45,S5,19,0.0
45,S5,20,0.0
45,S5,21,0.0
45,S5,22,0.0
45,S5,23,0.0
45,S5,24,0.0
45,S6,1,0.0
45,S6,2,0.0
45,S6,3,0.0
45,S6,4,0.0
45,S6,5,0.0
45,S6,6,0.0
45,S6,7,0.0
45,S6,8,0.0
45,S6,9,0.0
45,S6,10,0.0
45,S6,11,0.0
45,S6,12,0.0
45,S6,13,0.0
45,S6,14,0.0
45,S6,15,0.0
45,S6,16,0.0
45,S6,17,0.0
45,S6,18,0.0
45,S6,19,0.0
45,S6,20,0.0
45,S6,21,0.0
45,S6,22,0.0
45,S6,23,0.0
45,S6,24,0.0
45,S7,1,0.0
45,S7,2,0.0
45,S7,3,0.0
45,S7,4,0.0
45,S7,5,0.0
45,S7,6,0.0
45,S7,7,0.0
45,S7,8,0.0
45,S7,9,0.0
45,S7,10,0.0
45,S7,11,0.0
45,S7,12,0.0
45,S7,13,0.0
45,S7,14,0.0
45,S7,15,0.0
45,S7,16,0.0
45,S7,17,0.0
45,S7,18,0.0
45,S7,19,0.0
45,S7,20,0.0
45,S7,21,0.0
45,S7,22,0.0
45,S7,23,0.0
45,S7,24,0.0
45,S8,1,0.0
45,S8,2,0.0
45,S8,3,0.0
45,S8,4,0.0
45,S8,5,0.0
45,S8,6,0.0
45,S8,7,0.0
45,S8,8,0.0
45,S8,9,0.0
45,S8,10,0.0
45,S8,11,0.0
45,S8,12,0.0
45,S8,13,0.0
45,S8,14,0.0
45,S8,15,0.0
45,S8,16,0.0
45,S8,17,0.0
45,S8,18,0.0
45,S8,19,0.0
45,S8,20,0.0
45,S8,21,0.0
45,S8,22,0.0
45,S8,23,0.0
45,S8,24,0.0
45,S9,1,0.0
45,S9,2,0.0
45,S9,3,0.0
45,S9,4,0.0
45,S9,5,0.0
45,S9,6,0.0
45,S9,7,0.0
45,S9,8,0.0
45,S9,9,0.0
45,S9,10,0.0
45,S9,11,0.0
45,S9,12,0.0
45,S9,13,0.0
45,S9,14,0.0
45,S9,15,0.0
45,S9,16,0.0
45,S9,17,0.0
45,S9,18,0.0
45,S9,19,0.0
45,S9,20,0.0
45,S9,21,0.0
45,S9,22,0.0
45,S9,23,0.0
45,S9,24,0.0
45,S10,1,0.0
45,S10,2,0.0
45,S10,3,0.0
45,S10,4,0.0
45,S10,5,0.0
45,S10,6,0.0
45,S10,7,0.0
45,S10,8,0.0
45,S10,9,0.0
45,S10,10,0.0
45,S10,11,0.0
45,S10,12,0.0
45,S10,13,0.0
45,S10,14,0.0
45,S10,15,0.0
45,S10,16,0.0
45,S10,17,0.0
45,S10,18,0.0
45,S10,19,0.0
45,S10,20,0.0
45,S10,21,0.0
45,S10,22,0.0
45,S10,23,0.0
45,S10,24,0.0
45,S11,1,0.0
45,S11,2,0.0
45,S11,3,0.0
45,S11,4,0.0
45,S11,5,0.0
45,S11,6,0.0
45,S11,7,0.0
45,S11,8,0.0
45,S11,9,0.0
45,S11,10,0.0
45,S11,11,0.0
45,S11,12,0.0
45,S11,13,0.0
45,S11,14,0.0
45,S11,15,0.0
45,S11,16,0.0
45,S11,17,0.0
45,S11,18,0.0
45,S11,19,0.0
45,S11,20,0.0
45,S11,21,0.0
45,S11,22,0.0
45,S11,23,0.0
45,S11,24,0.0
45,S12,1,0.0
45,S12,2,0.0
45,S12,3,0.0
45,S12,4,0.0
45,S12,5,0.0
45,S12,6,0.0
45,S12,7,0.0
45,S12,8,0.0
45,S12,9,0.0
45,S12,10,0.0
45,S12,11,0.0
45,S12,12,0.0
45,S12,13,0.0
45,S12,14,0.0
45,S12,15,0.0
45,S12,16,0.0
45,S12,17,0.0
45,S12,18,0.0
45,S12,19,0.0
45,S12,20,0.0
45,S12,21,0.0
45,S12,22,0.0
45,S12,23,0.0
45,S12,24,0.0
46,S1,1,0.0
46,S1,2,0.0
46,S1,3,0.0
46,S1,4,0.0
46,S1,5,0.0
46,S1,6,0.0
46,S1,7,0.0
46,S1,8,0.0
46,S1,9,0.0
46,S1,10,0.0
46,S1,11,0.0
46,S1,12,0.0
46,S1,13,0.0
46,S1,14,0.0
46,S1,15,0.0
46,S1,16,0.0
46,S1,17,0.0
46,S1,18,0.0
46,S1,19,0.0
46,S1,20,0.0
46,S1,21,0.0
46,S1,22,0.0
46,S1,23,0.0
46,S1,24,0.0
46,S2,1,0.0
46,S2,2,0.0
46,S2,3,0.0
46,S2,4,0.0
46,S2,5,0.0
46,S2,6,0.0
46,S2,7,0.0
46,S2,8,0.0
46,S2,9,0.0
46,S2,10,0.0
46,S2,11,0.0
46,S2,12,0.0
46,S2,13,0.0
46,S2,14,0.0
46,S2,15,0.0
46,S2,16,0.0
46,S2,17,0.0
46,S2,18,0.0
46,S2,19,0.0
46,S2,20,0.0
46,S2,21,0.0
46,S2,22,0.0
46,S2,23,0.0
46,S2,24,0.0
46,S3,1,0.0
46,S3,2,0.0
46,S3,3,0.0
46,S3,4,0.0
46,S3,5,0.0
46,S3,6,0.0
46,S3,7,0.0
46,S3,8,0.0
46,S3,9,0.0
46,S3,10,0.0
46,S3,11,0.0
46,S3,12,0.0
46,S3,13,0.0
46,S3,14,0.0
46,S3,15,0.0
46,S3,16,0.0
46,S3,17,0.0
46,S3,18,0.0
46,S3,19,0.0
46,S3,20,0.0
46,S3,21,0.0
46,S3,22,0.0
46,S3,23,0.0
46,S3,24,0.0
46,S4,1,0.0
46,S4,2,0.0
46,S4,3,0.0
46,S4,4,0.0
46,S4,5,0.0
46,S4,6,0.0
46,S4,7,0.0
46,S4,8,0.0
46,S4,9,0.0
46,S4,10,0.0
46,S4,11,0.0
46,S4,12,0.0
46,S4,13,0.0
46,S4,14,0.0
46,S4,15,0.0
46,S4,16,0.0
46,S4,17,0.0
46,S4,18,0.0
46,S4,19,0.0
46,S4,20,0.0
46,S4,21,0.0
46,S4,22,0.0
46,S4,23,0.0
46,S4,24,0.0
46,S5,1,0.0
46,S5,2,0.0
46,S5,3,0.0
46,S5,4,0.0
46,S5,5,0.0
46,S5,6,0.0
46,S5,7,0.0
46,S5,8,0.0
46,S5,9,0.0
46,S5,10,0.0
46,S5,11,0.0
46,S5,12,0.0
46,S5,13,0.0
46,S5,14,0.0
46,S5,15,0.0
46,S5,16,0.0
46,S5,17,0.0
46,S5,18,0.0
46,S5,19,0.0
46,S5,20,0.0
46,S5,21,0.0
46,S5,22,0.0
46,S5,23,0.0
46,S5,24,0.0
46,S6,1,0.0
46,S6,2,0.0
46,S6,3,0.0
46,S6,4,0.0
46,S6,5,0.0
46,S6,6,0.0
46,S6,7,0.0
46,S6,8,0.0
46,S6,9,0.0
46,S6,10,0.0
46,S6,11,0.0
46,S6,12,0.0
46,S6,13,0.0
46,S6,14,0.0
46,S6,15,0.0
46,S6,16,0.0
46,S6,17,0.0
46,S6,18,0.0
46,S6,19,0.0
46,S6,20,0.0
46,S6,21,0.0
46,S6,22,0.0
46,S6,23,0.0
46,S6,24,0.0
46,S7,1,0.0
46,S7,2,0.0
46,S7,3,0.0
46,S7,4,0.0
46,S7,5,0.0
46,S7,6,0.0
46,S7,7,0.0
46,S7,8,0.0
46,S7,9,0.0
46,S7,10,0.0
46,S7,11,0.0
46,S7,12,0.0
46,S7,13,0.0
46,S7,14,0.0
46,S7,15,0.0
46,S7,16,0.0
46,S7,17,0.0
46,S7,18,0.0
46,S7,19,0.0
46,S7,20,0.0
46,S7,21,0.0
46,S7,22,0.0
46,S7,23,0.0
46,S7,24,0.0
46,S8,1,0.0
46,S8,2,0.0
46,S8,3,0.0
46,S8,4,0.0
46,S8,5,0.0
46,S8,6,0.0
46,S8,7,0.0
46,S8,8,0.0
46,S8,9,0.0
46,S8,10,0.0
46,S8,11,0.0
46,S8,12,0.0
46,S8,13,0.0
46,S8,14,0.0
46,S8,15,0.0
46,S8,16,0.0
46,S8,17,0.0
46,S8,18,0.0
46,S8,19,0.0
46,S8,20,0.0
46,S8,21,0.0
46,S8,22,0.0
46,S8,23,0.0
46,S8,24,0.0
46,S9,1,0.0
46,S9,2,0.0
46,S9,3,0.0
46,S9,4,0.0
46,S9,5,0.0
46,S9,6,0.0
46,S9,7,0.0
46,S9,8,0.0
46,S9,9,0.0
46,S9,10,0.0
46,S9,11,0.0
46,S9,12,0.0
46,S9,13,0.0
46,S9,14,0.0
46,S9,15,0.0
46,S9,16,0.0
46,S9,17,0.0
46,S9,18,0.0
46,S9,19,0.0
46,S9,20,0.0
46,S9,21,0.0
46,S9,22,0.0
46,S9,23,0.0
46,S9,24,0.0
46,S10,1,0.0
46,S10,2,0.0
46,S10,3,0.0
46,S10,4,0.0
46,S10,5,0.0
46,S10,6,0.0
46,S10,7,0.0
46,S10,8,0.0
46,S10,9,0.0
46,S10,10,0.0
46,S10,11,0.0
46,S10,12,0.0
46,S10,13,0.0
46,S10,14,0.0
46,S10,15,0.0
46,S10,16,0.0
46,S10,17,0.0
46,S10,18,0.0
46,S10,19,0.0
46,S10,20,0.0
46,S10,21,0.0
46,S10,22,0.0
46,S10,23,0.0
46,S10,24,0.0
46,S11,1,0.0
46,S11,2,0.0
46,S11,3,0.0
46,S11,4,0.0
46,S11,5,0.0
46,S11,6,0.0
46,S11,7,0.0
46,S11,8,0.0
46,S11,9,0.0
46,S11,10,0.0
46,S11,11,0.0
46,S11,12,0.0
46,S11,13,0.0
46,S11,14,0.0
46,S11,15,0.0
46,S11,16,0.0
46,S11,17,0.0
46,S11,18,0.0
46,S11,19,0.0
46,S11,20,0.0
46,S11,21,0.0
46,S11,22,0.0
46,S11,23,0.0
46,S11,24,0.0
46,S12,1,0.0
46,S12,2,0.0
46,S12,3,0.0
46,S12,4,0.0
46,S12,5,0.0
46,S12,6,0.0
46,S12,7,0.0
46,S12,8,0.0
46,S12,9,0.0
46,S12,10,0.0
46,S12,11,0.0
46,S12,12,0.0
46,S12,13,0.0
46,S12,14,0.0
46,S12,15,0.0
46,S12,16,0.0
46,S12,17,0.0
46,S12,18,0.0
46,S12,19,0.0
46,S12,20,0.0
46,S12,21,0.0
46,S12,22,0.0
46,S12,23,0.0
46,S12,24,0.0
47,S1,1,14.69298478178527
47,S1,2,13.491330790921905
47,S1,3,13.090018571513458
47,S1,4,12.508387779744163
47,S1,5,12.6825214315953
47,S1,6,14.21059718811857
47,S1,7,16.67587716821707
47,S1,8,20.096133163264547
47,S1,9,22.12772549842999
47,S1,10,22.776462362306855
47,S1,11,22.440642139855896
47,S1,12,21.937707725017724
47,S1,13,22.519750512814614
47,S1,14,22.203262810584835
47,S1,15,23.910326668736754
47,S1,16,25.571714154019826
47,S1,17,28.86778615375438
47,S1,18,28.570942110863243
47,S1,19,31.599459292123363
47,S1,20,28.584781905906485
47,S1,21,24.19289327509624
47,S1,22,22.286874327784044
47,S1,23,18.675208974545342
47,S1,24,16.653940021762164
47,S2,1,11.367267522435998
47,S2,2,10.63161429405119
47,S2,3,10.663638189785312
47,S2,4,9.700135259458571
47,S2,5,10.96111800180519
47,S2,6,11.734276500528932
47,S2,7,13.779420766592173
47,S2,8,15.122551007755083
47,S2,9,17.316998354504662
47,S2,10,17.539785560350982
47,S2,11,18.336833697227746
47,S2,12,18.667232112687497
47,S2,13,17.460402724759465
47,S2,14,18.278416743494553
47,S2,15,18.505522563993463
47,S2,16,21.54605374923638
47,S2,17,21.673544899553516
47,S2,18,24.2873850937838
47,S2,19,23.988581431494293
47,S2,20,22.494967140221473
47,S2,21,19.71273362086328
47,S2,22,17.65651680792356
47,S2,23,14.317685154771912
47,S2,24,12.42647383425236
47,S3,1,12.540430348782355
47,S3,2,12.154447368143709
47,S3,3,11.857515634608127
47,S3,4,12.160656640750837
47,S3,5,11.707496870846727
47,S3,6,14.018340016547803
47,S3,7,16.038443860418425
47,S3,8,17.241821931809703
47,S3,9,19.778250701875994
47,S3,10,21.355521851613577
47,S3,11,21.858891445251963
47,S3,12,21.381706621704822
47,S3,13,21.003407830895917
47,S3,14,20.114903877003183
47,S3,15,22.588859808251758
47,S3,16,23.983324094530108
47,S3,17,24.529887218954425
47,S3,18,26.974306893386956
47,S3,19,26.945479263224634
47,S3,20,24.879650984180827
47,S3,21,23.10278432262368
47,S3,22,19.09449845787751
47,S3,23,17.318752292479875
47,S3,24,14.340355661135547
47,S4,1,9.688680080271029
47,S4,2,9.794354817832707
47,S4,3,9.150556438521077
47,S4,4,8.779123174796954
47,S4,5,8.887822158299036
47,S4,6,9.99758863439112
47,S4,7,11.259615609436072
47,S4,8,14.325147943324346
47,S4,9,15.54740692709967
47,S4,10,15.824264367440502
47,S4,11,16.764549715311425
47,S4,12,16.101564126153377
47,S4,13,15.939890958619403
47,S4,14,16.219156884375586
47,S4,15,17.80677803263704
47,S4,16,18.047199504434893
47,S4,17,19.101389832130366
47,S4,18,20.29395219758132
47,S4,19,22.021985061367157
47,S4,20,19.970948086994323
47,S4,21,18.587405617910065
47,S4,22,15.116973572377269
47,S4,23,12.44014254303714
47,S4,24,11.128026616822803
47,S5,1,12.632352830461011
47,S5,2,12.117283756671991
47,S5,3,11.268457473636342
47,S5,4,11.106678280842765
47,S5,5,11.993397395064829
47,S5,6,12.455066479632986
47,S5,7,15.240386705549136
47,S5,8,17.339847896042897
47,S5,9,19.317369782606875
47,S5,10,20.17785339851673
47,S5,11,20.555421099015653
47,S5,12,19.37519465731968
47,S5,13,18.81852142064348
47,S5,14,19.468757297645602
47,S5,15,21.117809101998166
47,S5,16,22.13349303554313
47,S5,17,23.17953646518995
47,S5,18,25.28560980103963
47,S5,19,26.235547219297
47,S5,20,25.275610384840782
47,S5,21,21.48123630485992
47,S5,22,19.117581467881738
47,S5,23,15.703286987603681
47,S5,24,14.168273485509433
47,S6,1,10.487807773890346
47,S6,2,10.409937339823815
47,S6,3,9.538683575325457
47,S6,4,9.513196586490638
47,S6,5,9.457791823585861
47,S6,6,10.71474325148879
47,S6,7,12.275178035429553
47,S6,8,14.925765200344681
47,S6,9,16.68684759943568
47,S6,10,16.29265635380618
47,S6,11,16.52776347438761
47,S6,12,17.216039624078785
47,S6,13,16.80890608313364
47,S6,14,17.200998805302753
47,S6,15,17.363919571359983
47,S6,16,18.590240828613123
47,S6,17,20.786104048955885
47,S6,18,22.049475560232715
47,S6,19,21.717400482780278
47,S6,20,21.104977573688064
47,S6,21,19.17732311844445
47,S6,22,16.303057984588545
47,S6,23,13.790109746515142
47,S6,24,12.257514603645427
47,S7,1,11.678487987432051
47,S7,2,11.220981542005664
47,S7,3,11.296172431520704
47,S7,4,10.954545340320852
47,S7,5,11.398082861742385
47,S7,6,12.351769397400133
47,S7,7,13.333598144787643
47,S7,8,16.319019648185172
47,S7,9,17.717820715947823
47,S7,10,19.51300234479027
47,S7,11,18.487774628929426
47,S7,12,18.23451082952212
47,S7,13,19.254081649934836
47,S7,14,19.804545114404263
47,S7,15,20.184199844330234
47,S7,16,21.311047841387094
47,S7,17,22.6566555269593
47,S7,18,25.002393968504794
47,S7,19,24.720061298141268
47,S7,20,23.96769573962601
47,S7,21,19.88318835937698
47,S7,22,17.086481152949794
47,S7,23,14.804361999297882
47,S7,24,13.076227641345525
47,S8,1,10.173717235270445
47,S8,2,10.214141388176749
47,S8,3,9.715112878894614
47,S8,4,9.071524417647055
47,S8,5,9.645683902888244
47,S8,6,10.769401506632052
47,S8,7,12.200221627453299
47,S8,8,14.407866750142835
47,S8,9,16.550456689627893
47,S8,10,16.234617523275993
47,S8,11,17.641008633458334
47,S8,12,16.95417226450054
47,S8,13,15.492437696264084
47,S8,14,17.12074668553513
47,S8,15,18.50652587440264
47,S8,16,18.091277245223335
47,S8,17,20.402380524182174
47,S8,18,20.914516982950524
47,S8,19,21.25187620560503
47,S8,20,21.09489144174673
47,S8,21,17.981318408574506
47,S8,22,15.074710003890004
47,S8,23,13.3457938971283
47,S8,24,12.248869292498146
47,S9,1,15.230285173808388
47,S9,2,13.987257095718052
47,S9,3,13.325190036410666
47,S9,4,13.564025270639906
47,S9,5,14.152605772416406
47,S9,6,15.02507782560248
47,S9,7,17.897407716922277
47,S9,8,19.81268307627155
47,S9,9,21.386750250963807
47,S9,10,22.549869674794152
47,S9,11,23.343339414049957
47,S9,12,23.003059305797407
47,S9,13,22.93709008300436
47,S9,14,24.57562851871459
47,S9,15,25.91859768401066
47,S9,16,27.94152114390064
47,S9,17,29.88225775114104
47,S9,18,30.582978659009527
47,S9,19,31.354509083179497
47,S9,20,28.565748839224078
47,S9,21,24.774894677136857
47,S9,22,21.68571626518312
47,S9,23,18.48724916872721
47,S9,24,16.21435692799141
47,S10,1,10.968362417847333
47,S10,2,10.081919613549212
47,S10,3,10.136434307055715
47,S10,4,9.875856163667226
47,S10,5,9.91578872161269
47,S10,6,10.914115129215286
47,S10,7,13.297434763750447
47,S10,8,14.962671885562614
47,S10,9,16.688197339337805
47,S10,10,17.270227911767012
47,S10,11,17.02205668020916
47,S10,12,16.809750474189933
47,S10,13,17.562349839679978
47,S10,14,17.444481046475303
47,S10,15,17.96374925248849
47,S10,16,19.29407453351779
47,S10,17,21.321465983981106
47,S10,18,23.602367803559783
47,S10,19,23.79053559187282
47,S10,20,22.076810499995368
47,S10,21,19.214448691099008
47,S10,22,16.428945320236025
47,S10,23,13.890293409030376
47,S10,24,12.045907999348039
47,S11,1,11.585245824610663
47,S11,2,10.444904408105478
47,S11,3,10.143405409616285
47,S11,4,10.240135089877409
47,S11,5,10.324673672925764
47,S11,6,12.49868371043801
47,S11,7,14.047626052706356
47,S11,8,16.60883417538284
47,S11,9,16.786036726000578
47,S11,10,17.78232811919312
47,S11,11,19.191998537871818
47,S11,12,19.16569698913649
47,S11,13,17.816446192498795
47,S11,14,18.971207693065004
47,S11,15,18.881935315529358
47,S11,16,20.576553373913818
47,S11,17,21.821433276593446
47,S11,18,24.452375845377006
47,S11,19,23.79750385246706
47,S11,20,22.69397543655434
47,S11,21,19.468903508170303
47,S11,22,17.923281275330705
47,S11,23,14.631299782366515
47,S11,24,12.996741400493203
47,S12,1,16.35464285060192
47,S12,2,14.825163470691225
47,S12,3,15.020057039103364
47,S12,4,14.77315431027255
47,S12,5,15.913791949220364
47,S12,6,17.491051467267187
47,S12,7,18.84447923151593
47,S12,8,21.60779729413007
47,S12,9,24.527254673141755
47,S12,10,27.511624610101826
47,S12,11,26.80212305917421
47,S12,12,26.7037777097554
47,S12,13,24.61647059850771
47,S12,14,25.84040518194381
47,S12,15,28.57661601013623
47,S12,16,31.140464274893805
47,S12,17,30.813886194115117
47,S12,18,34.682544943274245
47,S12,19,33.0999589221388
47,S12,20,31.018760950542188
47,S12,21,29.003166761741983
47,S12,22,24.791352040818516
47,S12,23,21.173585591825997
47,S12,24,18.871734535878307
48,S1,1,0.0
48,S1,2,0.0
48,S1,3,0.0
48,S1,4,0.0
48,S1,5,0.0
48,S1,6,0.0
48,S1,7,0.0
48,S1,8,0.0
48,S1,9,0.0
48,S1,10,0.0
48,S1,11,0.0
48,S1,12,0.0
48,S1,13,0.0
48,S1,14,0.0
48,S1,15,0.0
48,S1,16,0.0
48,S1,17,0.0
48,S1,18,0.0
48,S1,19,0.0
48,S1,20,0.0
48,S1,21,0.0
48,S1,22,0.0
48,S1,23,0.0
48,S1,24,0.0
48,S2,1,0.0
48,S2,2,0.0
48,S2,3,0.0
48,S2,4,0.0
48,S2,5,0.0
48,S2,6,0.0
48,S2,7,0.0
48,S2,8,0.0
48,S2,9,0.0
48,S2,10,0.0
48,S2,11,0.0
48,S2,12,0.0
48,S2,13,0.0
48,S2,14,0.0
48,S2,15,0.0
48,S2,16,0.0
48,S2,17,0.0
48,S2,18,0.0
48,S2,19,0.0
48,S2,20,0.0
48,S2,21,0.0
48,S2,22,0.0
48,S2,23,0.0
48,S2,24,0.0
48,S3,1,0.0
48,S3,2,0.0
48,S3,3,0.0
48,S3,4,0.0
48,S3,5,0.0
48,S3,6,0.0
48,S3,7,0.0
48,S3,8,0.0
48,S3,9,0.0
48,S3,10,0.0
48,S3,11,0.0
48,S3,12,0.0
48,S3,13,0.0
48,S3,14,0.0
48,S3,15,0.0
48,S3,16,0.0
48,S3,17,0.0
48,S3,18,0.0
48,S3,19,0.0
48,S3,20,0.0
48,S3,21,0.0
48,S3,22,0.0
48,S3,23,0.0
48,S3,24,0.0
48,S4,1,0.0
48,S4,2,0.0
48,S4,3,0.0
48,S4,4,0.0
48,S4,5,0.0
48,S4,6,0.0
48,S4,7,0.0
48,S4,8,0.0
48,S4,9,0.0
48,S4,10,0.0
48,S4,11,0.0
48,S4,12,0.0
48,S4,13,0.0
48,S4,14,0.0
48,S4,15,0.0
48,S4,16,0.0
48,S4,17,0.0
48,S4,18,0.0
48,S4,19,0.0
48,S4,20,0.0
48,S4,21,0.0
48,S4,22,0.0
48,S4,23,0.0
48,S4,24,0.0
48,S5,1,0.0
48,S5,2,0.0
48,S5,3,0.0
48,S5,4,0.0
48,S5,5,0.0
48,S5,6,0.0
48,S5,7,0.0
48,S5,8,0.0
48,S5,9,0.0
48,S5,10,0.0
48,S5,11,0.0
48,S5,12,0.0
48,S5,13,0.0
48,S5,14,0.0
48,S5,15,0.0
48,S5,16,0.0
48,S5,17,0.0
48,S5,18,0.0
48,S5,19,0.0
48,S5,20,0.0
48,S5,21,0.0
48,S5,22,0.0
48,S5,23,0.0
48,S5,24,0.0
48,S6,1,0.0
48,S6,2,0.0
48,S6,3,0.0
48,S6,4,0.0
48,S6,5,0.0
48,S6,6,0.0
48,S6,7,0.0
48,S6,8,0.0
48,S6,9,0.0
48,S6,10,0.0
48,S6,11,0.0
48,S6,12,0.0
48,S6,13,0.0
48,S6,14,0.0
48,S6,15,0.0
48,S6,16,0.0
48,S6,17,0.0
48,S6,18,0.0
48,S6,19,0.0
48,S6,20,0.0
48,S6,21,0.0
48,S6,22,0.0
48,S6,23,0.0
48,S6,24,0.0
48,S7,1,0.0
48,S7,2,0.0
48,S7,3,0.0
48,S7,4,0.0
48,S7,5,0.0
48,S7,6,0.0
48,S7,7,0.0
48,S7,8,0.0
48,S7,9,0.0
48,S7,10,0.0
48,S7,11,0.0
48,S7,12,0.0
48,S7,13,0.0
48,S7,14,0.0
48,S7,15,0.0
48,S7,16,0.0
48,S7,17,0.0
48,S7,18,0.0
48,S7,19,0.0
48,S7,20,0.0
48,S7,21,0.0
48,S7,22,0.0
48,S7,23,0.0
48,S7,24,0.0
48,S8,1,0.0
48,S8,2,0.0
48,S8,3,0.0
48,S8,4,0.0
48,S8,5,0.0
48,S8,6,0.0
48,S8,7,0.0
48,S8,8,0.0
48,S8,9,0.0
48,S8,10,0.0
48,S8,11,0.0
48,S8,12,0.0
48,S8,13,0.0
48,S8,14,0.0
48,S8,15,0.0
48,S8,16,0.0
48,S8,17,0.0
48,S8,18,0.0
48,S8,19,0.0
48,S8,20,0.0
48,S8,21,0.0
48,S8,22,0.0
48,S8,23,0.0
48,S8,24,0.0
48,S9,1,0.0
48,S9,2,0.0
48,S9,3,0.0
48,S9,4,0.0
48,S9,5,0.0
48,S9,6,0.0
48,S9,7,0.0
48,S9,8,0.0
48,S9,9,0.0
48,S9,10,0.0
48,S9,11,0.0
48,S9,12,0.0
48,S9,13,0.0
48,S9,14,0.0
48,S9,15,0.0
48,S9,16,0.0
48,S9,17,0.0
48,S9,18,0.0
48,S9,19,0.0
48,S9,20,0.0
48,S9,21,0.0
48,S9,22,0.0
48,S9,23,0.0
48,S9,24,0.0
48,S10,1,0.0
48,S10,2,0.0
48,S10,3,0.0
48,S10,4,0.0
48,S10,5,0.0
48,S10,6,0.0
48,S10,7,0.0
48,S10,8,0.0
48,S10,9,0.0
48,S10,10,0.0
48,S10,11,0.0
48,S10,12,0.0
48,S10,13,0.0
48,S10,14,0.0
48,S10,15,0.0
48,S10,16,0.0
48,S10,17,0.0
48,S10,18,0.0
48,S10,19,0.0
48,S10,20,0.0
48,S10,21,0.0
48,S10,22,0.0
48,S10,23,0.0
48,S10,24,0.0
48,S11,1,0.0
48,S11,2,0.0
48,S11,3,0.0
48,S11,4,0.0
48,S11,5,0.0
48,S11,6,0.0
48,S11,7,0.0
48,S11,8,0.0
48,S11,9,0.0
48,S11,10,0.0
48,S11,11,0.0
48,S11,12,0.0
48,S11,13,0.0
48,S11,14,0.0
48,S11,15,0.0
48,S11,16,0.0
48,S11,17,0.0
48,S11,18,0.0
48,S11,19,0.0
48,S11,20,0.0
48,S11,21,0.0
48,S11,22,0.0
48,S11,23,0.0
48,S11,24,0.0
48,S12,1,0.0
48,S12,2,0.0
48,S12,3,0.0
48,S12,4,0.0
48,S12,5,0.0
48,S12,6,0.0
48,S12,7,0.0
48,S12,8,0.0
48,S12,9,0.0
48,S12,10,0.0
48,S12,11,0.0
48,S12,12,0.0
48,S12,13,0.0
48,S12,14,0.0
48,S12,15,0.0
48,S12,16,0.0
48,S12,17,0.0
48,S12,18,0.0
48,S12,19,0.0
48,S12,20,0.0
48,S12,21,0.0
48,S12,22,0.0
48,S12,23,0.0
48,S12,24,0.0
49,S1,1,5.986973684879338
49,S1,2,5.208859678837554
49,S1,3,4.994483874881841
49,S1,4,4.9956267062211
49,S1,5,5.220502792559339
49,S1,6,5.718186913084674
49,S1,7,6.533501226038534
49,S1,8,8.025037129108224
49,S1,9,8.848254998355555
49,S1,10,9.390713445801664
49,S1,11,8.837489326901933
49,S1,12,9.410883819088388
49,S1,13,9.335742613834936
49,S1,14,8.923529462061923
49,S1,15,9.849643413425815
49,S1,16,10.441392291030605
49,S1,17,11.297365840396843
49,S1,18,11.504793395326155
49,S1,19,12.179113493766698
49,S1,20,11.310803247516777
49,S1,21,9.961820909668528
49,S1,22,8.356337264884102
49,S1,23,7.658772806134169
49,S1,24,6.179671476340778
49,S2,1,4.537287928313715
49,S2,2,4.319820505867443
49,S2,3,4.261624599925078
49,S2,4,4.198573330236444
49,S2,5,4.2979191591775905
49,S2,6,4.733208898617845
49,S2,7,5.146281796970913
49,S2,8,6.212289662553897
49,S2,9,6.657326861699413
49,S2,10,7.531414125765042
49,S2,11,7.355959197994228
49,S2,12,6.9049929106704715
49,S2,13,7.106101925250319
49,S2,14,7.349546760454241
49,S2,15,7.2766373785913965
49,S2,16,7.843887117861159
49,S2,17,9.052977477822553
49,S2,18,8.977443052212003
49,S2,19,9.811038432923029
49,S2,20,8.675470190867385
49,S2,21,8.16195965395416
49,S2,22,7.069503465729025
49,S2,23,6.038856537376346
49,S2,24,4.862941865298623
49,S3,1,5.370177414694201
49,S3,2,5.058594471354797
49,S3,3,4.663148094044617
49,S3,4,4.568323543965226
49,S3,5,4.979176739243485
49,S3,6,5.262253656793259
49,S3,7,6.043516410542065
49,S3,8,6.9822344376152055
49,S3,9,8.254816571338528
49,S3,10,8.654415503483477
49,S3,11,8.160158859927558
49,S3,12,7.900600019370947
49,S3,13,8.047643695821039
49,S3,14,8.489212963624933
49,S3,15,9.20012492377862
49,S3,16,9.902195741692632
49,S3,17,10.11467947172285
49,S3,18,10.78445339517402
49,S3,19,10.584947229345401
49,S3,20,10.65973180441137
49,S3,21,9.279743810386721
49,S3,22,7.760973562395325
49,S3,23,6.638614563273804
49,S3,24,6.012102397172783
49,S4,1,4.012903713987373
49,S4,2,3.8824201817629125
49,S4,3,3.8235245156108544
49,S4,4,3.5144061848396535
49,S4,5,3.7255362187417855
49,S4,6,4.32651585487149
49,S4,7,4.511437811311828
49,S4,8,5.394203601920716
49,S4,9,5.874765663863848
49,S4,10,6.6991088701888835
49,S4,11,6.389793387121485
49,S4,12,6.326962795054612
49,S4,13,6.5366419820364285
49,S4,14,6.156520212359761
49,S4,15,6.816471726790032
49,S4,16,7.553243844126534
49,S4,17,8.058910470464879
49,S4,18,8.368295615490661
49,S4,19,8.386967730839372
49,S4,20,7.71363844351021
49,S4,21,7.404718998121144
49,S4,22,5.903642737113613
49,S4,23,5.369645201264814
49,S4,24,4.47095518785362
49,S5,1,5.138223355332462
49,S5,2,4.9087748175764085
49,S5,3,4.62633344284006
49,S5,4,4.257361705408995
49,S5,5,4.398115290111901
49,S5,6,4.8744813611131175
49,S5,7,5.896669771599858
49,S5,8,6.760356914540066
49,S5,9,7.490841372946296
49,S5,10,8.119112620669823
49,S5,11,8.35069943684693
49,S5,12,8.009459334871424
49,S5,13,7.779103775383059
49,S5,14,8.145756297310944
49,S5,15,8.051750123720403
49,S5,16,9.287512112769527
49,S5,17,10.038103895444399
49,S5,18,10.56815468457028
49,S5,19,10.22841585714607
49,S5,20,10.350142730536803
49,S5,21,8.995328048261806
49,S5,22,7.251885045900039
49,S5,23,6.394262676902367
49,S5,24,5.427874565049644
49,S6,1,4.356844243800595
49,S6,2,4.04057893976241
49,S6,3,3.784336067483282
49,S6,4,3.908870396956014
49,S6,5,4.014279733870936
49,S6,6,4.21891158126541
49,S6,7,5.0759098952129875
49,S6,8,5.9849243234616525
49,S6,9,6.628028366185131
49,S6,10,6.873075143441942
49,S6,11,6.9024230443072865
49,S6,12,6.435307207092681
49,S6,13,6.680802450045617
49,S6,14,6.8348067095436225
49,S6,15,7.163539617323973
49,S6,16,8.165410130993942
49,S6,17,7.989574056373442
49,S6,18,8.481125411821786
49,S6,19,8.956518591567765
49,S6,20,8.059883359759588
49,S6,21,7.687684094392194
49,S6,22,6.557340052195152
49,S6,23,5.570179201356201
49,S6,24,4.984032499846411
49,S7,1,5.012137629328145
49,S7,2,4.697324150117615
49,S7,3,4.212354912314275
49,S7,4,4.240117473849792
49,S7,5,4.60756566060558
49,S7,6,4.848555784819425
49,S7,7,5.35475210643208
49,S7,8,6.232535038642805
49,S7,9,7.518066315576961
49,S7,10,7.780307913298565
49,S7,11,7.351333444996473
49,S7,12,7.545333131930559
49,S7,13,7.327666396722001
49,S7,14,7.547980041603541
49,S7,15,8.09913449863559
49,S7,16,8.334368405425689
49,S7,17,9.652006198631753
49,S7,18,10.149185255667492
49,S7,19,9.90748617365006
49,S7,20,9.474257157558238
49,S7,21,8.138937974894237
49,S7,22,6.876730117202873
49,S7,23,6.223762798875741
49,S7,24,5.1245318395994826
49,S8,1,4.028705356248048
49,S8,2,3.819522382478608
49,S8,3,3.98064050944443
49,S8,4,3.5803668857787274
49,S8,5,3.8145751447323835
49,S8,6,4.197748119882889
49,S8,7,4.750988856336034
49,S8,8,5.653483250037802
49,S8,9,6.301178825699495
49,S8,10,6.463650428196205
49,S8,11,6.522783939619576
49,S8,12,6.382419057727768
49,S8,13,6.8272686355126515
49,S8,14,6.513630958235993
49,S8,15,7.038779721461926
49,S8,16,7.903816625637595
49,S8,17,7.870626239586913
49,S8,18,8.385415503305333
49,S8,19,8.875300363966627
49,S8,20,8.102620716929135
49,S8,21,7.501967344630659
49,S8,22,6.450583188020864
49,S8,23,5.330676468047606
49,S8,24,4.536379001527198
49,S9,1,6.059304222758789
49,S9,2,5.697681106445834
49,S9,3,5.57285245576177
49,S9,4,5.371804927844587
49,S9,5,5.7755483662556095
49,S9,6,6.314750333405909
49,S9,7,6.869906809161077
49,S9,8,7.872946043302
49,S9,9,9.004635784866535
49,S9,10,9.474817137850453
49,S9,11,9.256403130588861
49,S9,12,9.78252634886145
49,S9,13,9.287006726208611
49,S9,14,9.31897180694353
49,S9,15,10.475698429791178
49,S9,16,11.211436326606824
49,S9,17,11.847177468181838
49,S9,18,12.489245939085485
49,S9,19,12.55488404449309
49,S9,20,11.886869628439921
49,S9,21,10.027246290131785
49,S9,22,8.883283085927673
49,S9,23,7.818803894560437
49,S9,24,6.647030703939999
49,S10,1,4.53903337182457
49,S10,2,4.008972426035643
49,S10,3,4.078302905556413
49,S10,4,3.8024272503654113
49,S10,5,4.026932366245722
49,S10,6,4.327818453483899
49,S10,7,5.1136769565851745
49,S10,8,5.673115199793606
49,S10,9,6.389102399294774
49,S10,10,6.868234397069202
49,S10,11,7.052896342740094
49,S10,12,6.740058114062451
49,S10,13,7.050215669296777
49,S10,14,7.26396892408533
49,S10,15,7.143907865406644
49,S10,16,8.033052994607141
49,S10,17,8.640928793297945
49,S10,18,9.430838149815616
49,S10,19,9.33953283828104
49,S10,20,8.500708452050102
49,S10,21,8.006392673514332
49,S10,22,6.492777599567348
49,S10,23,5.352793646231696
49,S10,24,4.706187246558215
49,S11,1,4.8561666326311625
49,S11,2,4.603834490275166
49,S11,3,4.419768805150444
49,S11,4,4.287811849298131
49,S11,5,4.272721966772583
49,S11,6,4.6314259442810295
49,S11,7,5.353632875032379
49,S11,8,6.372961360270429
49,S11,9,6.846877926562954
49,S11,10,7.384940845994629
49,S11,11,7.434418239642173
49,S11,12,7.248921094465856
49,S11,13,7.158646572851808
49,S11,14,7.269810133870362
49,S11,15,8.181372002436245
49,S11,16,8.359180204323772
49,S11,17,9.211515377317292
49,S11,18,9.987419144748827
49,S11,19,9.76338875166992
49,S11,20,9.059870293555605
49,S11,21,8.266168272316683
49,S11,22,7.233306500596937
49,S11,23,6.17373895211731
49,S11,24,5.469513392987001
49,S12,1,6.8583055995034155
49,S12,2,6.211103698548275
49,S12,3,5.782362179429545
49,S12,4,5.894009098608339
49,S12,5,6.273344135118416
49,S12,6,6.774084464952901
49,S12,7,7.39095942606084
49,S12,8,8.926087742460702
49,S12,9,9.761092489184021
49,S12,10,10.102627749712836
49,S12,11,11.013051520696305
49,S12,12,10.357074849543135
49,S12,13,10.07621562114966
49,S12,14,10.440225451485853
49,S12,15,11.604320944063621
49,S12,16,11.770616764160435
49,S12,17,12.30117116406294
49,S12,18,13.13189211694227
49,S12,19,13.549983881612295
49,S12,20,13.529218289206979
49,S12,21,11.16349778621999
49,S12,22,10.264618298943974
49,S12,23,8.667266708683185
49,S12,24,7.058828591229944
50,S1,1,10.006787288235243
50,S1,2,9.730313637468171
50,S1,3,8.882802447170292
50,S1,4,8.669647893497501
50,S1,5,9.76192072542644
50,S1,6,10.753023186806505
50,S1,7,12.152070557824333
50,S1,8,13.184611989058512
50,S1,9,15.928180661386163
50,S1,10,16.739059754383977
50,S1,11,16.162395209184314
50,S1,12,16.64469341373698
50,S1,13,15.410100316095306
50,S1,14,16.58924184728438
50,S1,15,17.606785981153365
50,S1,16,18.08989617087631
50,S1,17,19.32262479767938
50,S1,18,21.5473157309631
50,S1,19,20.72333244749152
50,S1,20,20.167292930886543
50,S1,21,18.346763178744627
50,S1,22,14.330525636368945
50,S1,23,12.655457927566973
50,S1,24,11.197291298634104
50,S2,1,7.705498667706068
50,S2,2,7.5396107962660475
50,S2,3,7.02354859277132
50,S2,4,6.7840573834975
50,S2,5,7.690818965726043
50,S2,6,8.247847643957662
50,S2,7,9.61799032284278
50,S2,8,10.638804873573969
50,S2,9,11.63961788397066
50,S2,10,12.490098157337727
50,S2,11,13.601378225336756
50,S2,12,12.149028182702114
50,S2,13,12.68703563916669
50,S2,14,12.229613470338556
50,S2,15,13.160000862439402
50,S2,16,14.768457804667818
50,S2,17,15.299653000078374
50,S2,18,16.83037563891342
50,S2,19,16.201350555458223
50,S2,20,15.027873814705266
50,S2,21,13.461471890814598
50,S2,22,12.172572332549134
50,S2,23,10.575277970223762
50,S2,24,8.901275279773527
50,S3,1,9.254008294157273
50,S3,2,8.884703717558162
50,S3,3,8.519682869583674
50,S3,4,8.478688314240838
50,S3,5,8.470444172137281
50,S3,6,9.4150218186603
50,S3,7,11.037328850884922
50,S3,8,13.164787028692949
50,S3,9,13.87329760777789
50,S3,10,15.33916540710346
50,S3,11,14.805563007609594
50,S3,12,15.031777590719878
50,S3,13,15.00861352676745
50,S3,14,14.476697300097578
50,S3,15,15.3368114226055
50,S3,16,16.130243706151177
50,S3,17,18.178284741244163
50,S3,18,18.310012250966878
50,S3,19,18.68153111501254
50,S3,20,18.46124013865775
50,S3,21,16.780218914770952
50,S3,22,14.10572071307982
50,S3,23,11.418427639067012
50,S3,24,10.7499223970127
50,S4,1,7.3497411500187
50,S4,2,6.559645766255397
50,S4,3,6.289522513843323
50,S4,4,6.533394288940033
50,S4,5,6.435486454762036
50,S4,6,7.322362944139441
50,S4,7,8.079139331161763
50,S4,8,10.055416172714358
50,S4,9,10.901804576023654
50,S4,10,11.116119422904855
50,S4,11,11.780964124018654
50,S4,12,11.655575823214363
50,S4,13,11.031938602733042
50,S4,14,11.728623092332539
50,S4,15,12.101505671214277
50,S4,16,12.607369901447731
50,S4,17,13.449054722078683
50,S4,18,14.904805353011735
50,S4,19,15.038379936415453
50,S4,20,14.21002012684686
50,S4,21,11.990328891932062
50,S4,22,10.22716985925903
50,S4,23,9.06776577900777
50,S4,24,7.9565023711663905
50,S5,1,8.848380084923427
50,S5,2,8.515120838385615
50,S5,3,7.748196743858467
50,S5,4,8.125585452998541
50,S5,5,7.880447261761192
50,S5,6,9.10413417185072
50,S5,7,10.155020723313674
50,S5,8,12.092391344841516
50,S5,9,12.973340187502833
50,S5,10,13.788701990272754
50,S5,11,14.21830259363803
50,S5,12,13.534287565113427
50,S5,13,13.551240951033831
50,S5,14,14.196066188189764
50,S5,15,14.967150550033898
50,S5,16,16.63105780903546
50,S5,17,16.859841719426893
50,S5,18,18.738965409139816
50,S5,19,18.10255495699356
50,S5,20,17.41408360440791
50,S5,21,14.733516382262133
50,S5,22,12.6885909515791
50,S5,23,10.971670775320268
50,S5,24,9.638106466132898
50,S6,1,7.9546322522837425
50,S6,2,6.951634279090451
50,S6,3,6.565018665958381
50,S6,4,6.419875318700696
50,S6,5,7.1235259543295335
50,S6,6,7.570596394007928
50,S6,7,8.576990633733647
50,S6,8,10.806427567422315
50,S6,9,11.649125757331722
50,S6,10,11.610809643711754
50,S6,11,11.91936865833905
50,S6,12,11.980942284217186
50,S6,13,11.818539799941433
50,S6,14,11.4666131573401
50,S6,15,12.608746028226886
50,S6,16,13.088063948374867
50,S6,17,14.849594890954293
50,S6,18,15.8923070181965
50,S6,19,15.76075469286917
50,S6,20,14.357237404054608
50,S6,21,13.734026037462781
50,S6,22,11.526579978831652
50,S6,23,9.576759404632005
50,S6,24,8.221961221134201
50,S7,1,8.74906006854212
50,S7,2,8.293740191326403
50,S7,3,7.37722001187987
50,S7,4,7.517378320073181
50,S7,5,7.405118763057669
50,S7,6,8.755671988880009
50,S7,7,9.872282023165758
50,S7,8,11.245330649812551
50,S7,9,12.543876610047102
50,S7,10,13.284008073382948
50,S7,11,13.150288134229376
50,S7,12,12.890503612890269
50,S7,13,13.53465954694639
50,S7,14,13.18786081804168
50,S7,15,13.58991159770624
50,S7,16,16.006723598719326
50,S7,17,16.061165816415436
50,S7,18,18.167043003900833
50,S7,19,18.601358151750482
50,S7,20,15.832572583047536
50,S7,21,14.08495280837551
50,S7,22,12.226313020531432
50,S7,23,11.079669426003674
50,S7,24,9.336829382239403
50,S8,1,7.071738489978587
50,S8,2,6.739009926669659
50,S8,3,6.63083796809195
50,S8,4,6.59542307677197
50,S8,5,7.045235015274246
50,S8,6,7.760997456902457
50,S8,7,8.728700925682377
50,S8,8,10.538323726181888
50,S8,9,10.74068759480517
50,S8,10,12.005566849700257
50,S8,11,12.256076651150966
50,S8,12,11.475057045398342
50,S8,13,10.99934493170172
50,S8,14,11.452029225676286
50,S8,15,12.040882250190467
50,S8,16,13.725915325576024
50,S8,17,13.856583113169966
50,S8,18,14.976953594823232
50,S8,19,15.590504832524621
50,S8,20,15.281222904905418
50,S8,21,12.776324231985571
50,S8,22,11.407285495824267
50,S8,23,9.042631679175651
50,S8,24,7.876643550249078
50,S9,1,11.080752331629911
50,S9,2,9.85907246587927
50,S9,3,9.496565627484848
50,S9,4,9.514167778631329
50,S9,5,9.547368258555396
50,S9,6,10.63463201800729
50,S9,7,12.39287884488512
50,S9,8,14.0942019758865
50,S9,9,16.51012599303215
50,S9,10,16.653397530202888
50,S9,11,17.30829917491049
50,S9,12,15.813091476917362
50,S9,13,16.03124811632338
50,S9,14,15.990115635456231
50,S9,15,17.207173148070623
50,S9,16,18.559212719185897
50,S9,17,20.884747682684868
50,S9,18,21.84012130273477
50,S9,19,23.0179156096559
50,S9,20,20.770842839083393
50,S9,21,17.523901555618952
50,S9,22,16.327492499818874
50,S9,23,14.065089194163749
50,S9,24,11.646153327003853
50,S10,1,7.932076027016498
50,S10,2,6.9191478491001694
50,S10,3,7.079120676233942
50,S10,4,7.090200473095569
50,S10,5,6.869757244521283
50,S10,6,7.761899726394019
50,S10,7,8.786523703426429
50,S10,8,10.881521958661676
50,S10,9,11.725074883319405
50,S10,10,11.872678469888644
50,S10,11,12.759426235877227
50,S10,12,11.588721928920002
50,S10,13,11.649572177873553
50,S10,14,11.949494932807704
50,S10,15,12.897402661938914
50,S10,16,14.52042180733436
50,S10,17,15.70467925387348
50,S10,18,16.536841037329026
50,S10,19,16.811960736511075
50,S10,20,15.781840643549197
50,S10,21,13.761148885389202
50,S10,22,11.267087822419592
50,S10,23,9.959580368359202
50,S10,24,8.64681457393207
50,S11,1,8.336927229231566
50,S11,2,7.414781163779227
50,S11,3,7.125886533647517
50,S11,4,7.13845169983601
50,S11,5,7.514623522622117
50,S11,6,8.675490371545253
50,S11,7,9.853102323083174
50,S11,8,10.825192448829196
50,S11,9,12.562339102628819
50,S11,10,13.404392518732877
50,S11,11,13.267120177841738
50,S11,12,12.886224018393836
50,S11,13,12.785055061608485
50,S11,14,12.989636452886165
50,S11,15,13.214147752095842
50,S11,16,14.887539768767518
50,S11,17,15.442440515094235
50,S11,18,17.74818866481167
50,S11,19,17.03399485484161
50,S11,20,17.124248751985053
50,S11,21,14.779810741367795
50,S11,22,12.018643300887321
50,S11,23,10.432148117549863
50,S11,24,8.860112207432172
50,S12,1,11.195408121937009
50,S12,2,11.018157408880677
50,S12,3,10.60882444739435
50,S12,4,10.541620204379548
50,S12,5,10.355868260976447
50,S12,6,11.589254564158585
50,S12,7,13.490902000024315
50,S12,8,16.336314998523243
50,S12,9,18.237278388722796
50,S12,10,18.37746956738077
50,S12,11,19.338844384994882
50,S12,12,19.06568807152653
50,S12,13,18.072682801330213
50,S12,14,18.812530618142176
50,S12,15,19.47718987650278
50,S12,16,21.76552442726817
50,S12,17,22.53781380689851
50,S12,18,23.65328650636624
50,S12,19,24.171195074780936
50,S12,20,21.92333364602981
50,S12,21,21.18127612008976
50,S12,22,17.201543980111698
50,S12,23,15.210620165867953
50,S12,24,13.470769640351032
51,S1,1,6.639273006467672
51,S1,2,6.2536143716304515
51,S1,3,5.935019936444632
51,S1,4,5.445310685192577
51,S1,5,6.064327504597967
51,S1,6,6.788185662104093
51,S1,7,7.035254162690166
51,S1,8,8.636445965349498
51,S1,9,9.098772963193625
51,S1,10,9.618601961254466
51,S1,11,10.051042209829934
51,S1,12,10.204254005425435
51,S1,13,10.017472925181405
51,S1,14,9.948284079612248
51,S1,15,10.344762224011793
51,S1,16,11.678431915231245
51,S1,17,12.028775687277673
51,S1,18,13.167607619341284
51,S1,19,13.08831718394735
51,S1,20,11.908564720290743
51,S1,21,11.17552609203983
51,S1,22,9.213903666383432
51,S1,23,8.143497765627174
51,S1,24,7.425167466553207
51,S2,1,5.275058812903372
51,S2,2,4.772141254752081
51,S2,3,4.449588221718377
51,S2,4,4.350281255127989
51,S2,5,4.404435677700478
51,S2,6,5.369889759134849
51,S2,7,5.862891340281329
51,S2,8,6.83097041887054
51,S2,9,7.334129634373391
51,S2,10,8.23868993537433
51,S2,11,8.353111770816517
51,S2,12,7.952163264853537
51,S2,13,7.550740117401475
51,S2,14,7.723211735607983
51,S2,15,8.422730706155036
51,S2,16,9.445100550457704
51,S2,17,9.907243866967223
51,S2,18,10.390256611660512
51,S2,19,10.276069648387749
51,S2,20,9.7200066713849
51,S2,21,8.393042005194381
51,S2,22,7.564190502737442
51,S2,23,6.74534606230327
51,S2,24,5.772523169244885
51,S3,1,6.1015734811642774
51,S3,2,5.733489504480897
51,S3,3,5.292768745282009
51,S3,4,5.093192969090099
51,S3,5,5.163667783188708
51,S3,6,5.819195044185407
51,S3,7,6.52340219867745
51,S3,8,8.02857115401178
51,S3,9,8.544108681462781
51,S3,10,9.41748923303579
51,S3,11,9.203728121459118
51,S3,12,9.578465512367684
51,S3,13,8.668194641981072
51,S3,14,9.062070056897108
51,S3,15,9.588070549768888
51,S3,16,10.242904899394505
51,S3,17,11.798936086601076
51,S3,18,12.030016262877663
51,S3,19,12.330557874138735
51,S3,20,11.852270382054753
51,S3,21,10.214709857748561
51,S3,22,8.491223052700047
51,S3,23,7.536970861050394
51,S3,24,6.230971943287398
51,S4,1,4.678076614318276
51,S4,2,4.2187683251005375
51,S4,3,4.234834199889757
51,S4,4,4.174720433151739
51,S4,5,4.289525811685545
51,S4,6,4.3916041531911745
51,S4,7,5.277508203733258
51,S4,8,6.213821906213935
51,S4,9,7.063206519537582
51,S4,10,7.423557155230141
51,S4,11,7.169373077660112
51,S4,12,7.209324881369263
51,S4,13,6.727732746034182
51,S4,14,7.031933341554622
51,S4,15,7.404583917515169
51,S4,16,7.758690134283367
51,S4,17,8.896606612166929
51,S4,18,9.601239442299496
51,S4,19,9.859285490406894
51,S4,20,9.217439761556594
51,S4,21,8.069233684837773
51,S4,22,6.976661325351234
51,S4,23,5.985428055250295
51,S4,24,4.9333229815434425
51,S5,1,5.817238596369918
51,S5,2,5.268346904349873
51,S5,3,5.093042628232852
51,S5,4,5.045755909083667
51,S5,5,5.3275499739523235
51,S5,6,5.607537454945132
51,S5,7,6.7270789473342125
51,S5,8,7.840198182442709
51,S5,9,8.551048228360532
51,S5,10,9.218589303325512
51,S5,11,9.27956350735443
51,S5,12,8.511342156049682
51,S5,13,8.552875841746415
51,S5,14,8.936719087733746
51,S5,15,9.269174992187532
51,S5,16,10.033602957488721
51,S5,17,11.034724317293259
51,S5,18,11.910856027176038
51,S5,19,12.260646941353572
51,S5,20,11.20820072758455
51,S5,21,9.334866116251881
51,S5,22,8.10715384221843
51,S5,23,6.778862751196323
51,S5,24,6.198034537005247
51,S6,1,4.745652314797075
51,S6,2,4.6607241007906905
51,S6,3,4.446055930208367
51,S6,4,4.445173410948395
51,S6,5,4.342221297193542
51,S6,6,4.775393991859401
51,S6,7,5.780286770080692
51,S6,8,6.348402448979973
51,S6,9,7.2681686052893495
51,S6,10,7.745960580768993
51,S6,11,7.809691827070665
51,S6,12,7.773371126456188
51,S6,13,7.53870046478737
51,S6,14,7.786914718380584
51,S6,15,8.224646844992797
51,S6,16,8.963289372481865
51,S6,17,9.152499184376799
51,S6,18,9.912704862002336
51,S6,19,10.150755177770302
51,S6,20,9.31116842279504
51,S6,21,8.286672989303373
51,S6,22,7.163908011525733
51,S6,23,5.90955187022828
51,S6,24,5.279534789034133
51,S7,1,5.3931371679043245
51,S7,2,5.057099339855053
51,S7,3,4.76132281669766
51,S7,4,4.606922050822407
51,S7,5,4.993033834480515
51,S7,6,5.2833354812763105
51,S7,7,6.268549786041009
51,S7,8,7.443443177583287
51,S7,9,7.7708425377066135
51,S7,10,8.383410647944991
51,S7,11,8.634458630631165
51,S7,12,8.136174929642719
51,S7,13,8.345554613264435
51,S7,14,8.446825880515956
51,S7,15,8.78639445281596
51,S7,16,9.175411040036657
51,S7,17,10.742031890803739
51,S7,18,11.065330207841624
51,S7,19,11.048223322050381
51,S7,20,10.922778923335912
51,S7,21,8.982532310589814
51,S7,22,8.233336650048814
51,S7,23,6.870544415058936
51,S7,24,6.200624853727254
51,S8,1,4.630954484725297
51,S8,2,4.158042329056332
51,S8,3,4.088886219913248
51,S8,4,4.297123444784945
51,S8,5,4.2974207683006025
51,S8,6,4.5188121257140414
51,S8,7,5.518282245354051
51,S8,8,6.081622673543959
51,S8,9,6.944933537837013
51,S8,10,7.550851073551505
51,S8,11,7.860839125756517
51,S8,12,7.133234504724747
51,S8,13,7.552874476712727
51,S8,14,7.020174665120772
51,S8,15,8.044885675909192
51,S8,16,8.382423908681309
51,S8,17,8.794724947438306
51,S8,18,9.167315194906
51,S8,19,10.057598176996622
51,S8,20,9.543304999507816
51,S8,21,8.261764847120974
51,S8,22,6.812723782578734
51,S8,23,5.875816008699551
51,S8,24,5.398633888414417
51,S9,1,6.600014414605161
51,S9,2,6.061476979008779
51,S9,3,5.914495028229964
51,S9,4,6.034219684537433
51,S9,5,6.3216374939702344
51,S9,6,6.660979787084562
51,S9,7,7.5674238905298
51,S9,8,9.115892201463684
51,S9,9,10.194942707944309
51,S9,10,10.994658623318468
51,S9,11,10.376283409864191
51,S9,12,10.672398027547887
51,S9,13,10.236884535073845
51,S9,14,10.511191906189197
51,S9,15,10.82580916901385
51,S9,16,12.138145402584623
51,S9,17,12.302607443635589
51,S9,18,13.94595598110549
51,S9,19,14.223650239956106
51,S9,20,12.574923114163662
51,S9,21,11.09352756746721
51,S9,22,9.633676736132088
51,S9,23,8.342596147617787
51,S9,24,7.442350827052452
51,S10,1,4.764973976695267
51,S10,2,4.366628011648737
51,S10,3,4.2757947463721475
51,S10,4,4.540901626361493
51,S10,5,4.286500665100269
51,S10,6,4.868319855944412
51,S10,7,5.6435965309011085
51,S10,8,6.746829219756851
51,S10,9,7.225450285560344
51,S10,10,7.943305270303196
51,S10,11,7.52094303952656
51,S10,12,7.892223083323035
51,S10,13,7.788721761616042
51,S10,14,8.08663924766805
51,S10,15,7.8466720516610495
51,S10,16,8.38225363627325
51,S10,17,9.548957583888624
51,S10,18,10.481694906389578
51,S10,19,10.316607555400934
51,S10,20,10.016109859670028
51,S10,21,8.440352536227708
51,S10,22,7.335033780525545
51,S10,23,6.459292676892181
51,S10,24,5.600651917188736
51,S11,1,5.399301042204897
51,S11,2,4.732647873999922
51,S11,3,4.508600822269147
51,S11,4,4.577720625177098
51,S11,5,4.614439939735183
51,S11,6,5.036214140373276
51,S11,7,5.740639815381226
51,S11,8,7.119789597895487
51,S11,9,8.180971597470185
51,S11,10,8.248707223380626
51,S11,11,8.426388697635572
51,S11,12,8.446295632343833
51,S11,13,7.840943979120583
51,S11,14,8.565816845890241
51,S11,15,8.505880937502685
51,S11,16,9.591325807912408
51,S11,17,10.072972233459302
51,S11,18,10.190994712663226
51,S11,19,10.569104654564104
51,S11,20,10.230052177396397
51,S11,21,9.395325590071527
51,S11,22,7.679301610168961
51,S11,23,6.949382575907011
51,S11,24,5.587656062410261
51,S12,1,7.6811905687065725
51,S12,2,7.2189682386736544
51,S12,3,6.63543955293485
51,S12,4,6.576181004077648
51,S12,5,6.743347241851473
51,S12,6,7.618468126697539
51,S12,7,8.563704435491506
51,S12,8,9.989958837027665
51,S12,9,11.273010886430637
51,S12,10,11.807814777821736
51,S12,11,11.796111253541106
51,S12,12,11.611005270671741
51,S12,13,11.653390485985168
51,S12,14,11.572447271458117
51,S12,15,12.936551818348855
51,S12,16,13.012870353561032
51,S12,17,14.891251186811221
51,S12,18,15.222849262977173
51,S12,19,14.959162417551397
51,S12,20,15.128161930795548
51,S12,21,12.349428140571437
51,S12,22,11.355795933324798
51,S12,23,9.482267122946912
51,S12,24,8.539858461683156
52,S1,1,1.5545880271013983
52,S1,2,1.4290996235983795
52,S1,3,1.453658889174614
52,S1,4,1.359832703067808
52,S1,5,1.4176456376565219
52,S1,6,1.6049009014689968
52,S1,7,1.8258402925647697
52,S1,8,2.216759240677532
52,S1,9,2.250035550940148
52,S1,10,2.5447409591485677
52,S1,11,2.5435891929692938
52,S1,12,2.4895536753972216
52,S1,13,2.322591990754996
52,S1,14,2.441668865323318
52,S1,15,2.735453416429197
52,S1,16,2.755801324995331
52,S1,17,3.178998352143864
52,S1,18,3.14233442719854
52,S1,19,3.3431516968388157
52,S1,20,3.13021427845075
52,S1,21,2.861381526923971
52,S1,22,2.368406284848164
52,S1,23,2.036883186703175
52,S1,24,1.7265753270782012
52,S2,1,1.2258128777006752
52,S2,2,1.1356305531188822
52,S2,3,1.1498092087142064
52,S2,4,1.1329236412865031
52,S2,5,1.1804652210579099
52,S2,6,1.2681315081000555
52,S2,7,1.4291745917138854
52,S2,8,1.6200081232838826
52,S2,9,1.9462261717343206
52,S2,10,2.0540059493523146
52,S2,11,2.0485596053637636
52,S2,12,1.963666520900832
52,S2,13,1.9909010399357059
52,S2,14,1.8976463652367044
52,S2,15,2.167515337358019
52,S2,16,2.3234615215591456
52,S2,17,2.466522750665199
52,S2,18,2.504430601481862
52,S2,19,2.6537576256664943
52,S2,20,2.3855984309418807
52,S2,21,2.2283234615937704
52,S2,22,1.8081979002827882
52,S2,23,1.5193674051857875
52,S2,24,1.3727292904853061
52,S3,1,1.4174293106536169
52,S3,2,1.386983108880841
52,S3,3,1.3402852808866854
52,S3,4,1.2490966849915803
52,S3,5,1.3099780461054216
52,S3,6,1.4935943980095234
52,S3,7,1.7276927520645706
52,S3,8,2.030231059483495
52,S3,9,2.0630396516294174
52,S3,10,2.182842688284932
52,S3,11,2.3535117021698717
52,S3,12,2.3343844214483034
52,S3,13,2.306999515310415
52,S3,14,2.157563572215652
52,S3,15,2.463021940396018
52,S3,16,2.589960109863612
52,S3,17,2.670001140560261
52,S3,18,2.9083841507896033
52,S3,19,2.9865073774122166
52,S3,20,2.8807722258778767
52,S3,21,2.524089048806635
52,S3,22,2.200346773061087
52,S3,23,1.8913581237236368
52,S3,24,1.5534778639982652
52,S4,1,1.151552126191668
52,S4,2,1.0279172492264084
52,S4,3,0.9988177705842133
52,S4,4,0.976896283527518
52,S4,5,1.069118257933805
52,S4,6,1.1590087165558063
52,S4,7,1.261719264489167
52,S4,8,1.4700341850760497
52,S4,9,1.6981897283715475
52,S4,10,1.6890188535936619
52,S4,11,1.8755385234260882
52,S4,12,1.718943918180665
52,S4,13,1.6513798207875667
52,S4,14,1.7835281315902072
52,S4,15,1.9350943149402262
52,S4,16,2.09682619533459
52,S4,17,2.130328844593063
52,S4,18,2.189296917649969
52,S4,19,2.271866580604931
52,S4,20,2.178763661166339
52,S4,21,1.9165150349297992
52,S4,22,1.5737072401741967
52,S4,23,1.4091533085425207
52,S4,24,1.1788029653720828
52,S5,1,1.415927297507167
52,S5,2,1.3032744230280908
52,S5,3,1.195084416279644
52,S5,4,1.208748062880257
52,S5,5,1.2920384379451062
52,S5,6,1.3275080607986445
52,S5,7,1.5668942180286265
52,S5,8,1.9468593711833715
52,S5,9,1.9788058471942207
52,S5,10,2.133589273499454
52,S5,11,2.2344586459969884
52,S5,12,2.222939543190932
52,S5,13,2.0278221519228796
52,S5,14,2.2647355804993534
52,S5,15,2.278164937247958
52,S5,16,2.3801644330885927
52,S5,17,2.5786884740549403
52,S5,18,2.6715086368374945
52,S5,19,2.7603155681975284
52,S5,20,2.8201498856157987
52,S5,21,2.3435936822663472
52,S5,22,1.9583355817326484
52,S5,23,1.75285174909769
52,S5,24,1.4751914405111655
52,S6,1,1.1756158813265134
52,S6,2,1.0602538895282798
52,S6,3,1.087291893577005
52,S6,4,1.0564522705506119
52,S6,5,1.082060025912856
52,S6,6,1.2093143881440966
52,S6,7,1.4233124365519267
52,S6,8,1.6195788511000426
52,S6,9,1.7969818443876715
52,S6,10,1.7774388765011067
52,S6,11,1.8797948373580418
52,S6,12,1.8313344036967474
52,S6,13,1.7904120184951124
52,S6,14,1.8882603496104717
52,S6,15,1.8905521347082843
52,S6,16,2.050972279149964
52,S6,17,2.301708943849713
52,S6,18,2.4213775132960706
52,S6,19,2.523495453463289
52,S6,20,2.34453500474904
52,S6,21,2.1029258635461323
52,S6,22,1.6590599473314402
52,S6,23,1.4351376890987226
52,S6,24,1.3677720507774325
52,S7,1,1.2404899339945308
52,S7,2,1.2663531279612603
52,S7,3,1.2074056798286223
52,S7,4,1.1629710731455036
52,S7,5,1.183636050465096
52,S7,6,1.27116898914064
52,S7,7,1.4907301867036515
52,S7,8,1.7503025864463206
52,S7,9,2.007066273022293
52,S7,10,2.154304348105139
52,S7,11,2.1710815773974677
52,S7,12,2.0695278439248157
52,S7,13,2.0331734136560096
52,S7,14,2.152218792661308
52,S7,15,2.1477139536766523
52,S7,16,2.2975025963497804
52,S7,17,2.5596137903118863
52,S7,18,2.7093827840030684
52,S7,19,2.6988622850884982
52,S7,20,2.614155737493455
52,S7,21,2.2331449288986245
52,S7,22,1.973831409973077
52,S7,23,1.6350689569080505
52,S7,24,1.4797815187243988
52,S8,1,1.1043124237383501
52,S8,2,1.0243371018629088
52,S8,3,1.019152583825531
52,S8,4,1.0470976023658158
52,S8,5,1.0118177908947592
52,S8,6,1.123083420621887
52,S8,7,1.2877940019801557
52,S8,8,1.5703356513950812
52,S8,9,1.687424447453899
52,S8,10,1.7993673929860896
52,S8,11,1.9074329988665044
52,S8,12,1.775260892923529
52,S8,13,1.7174773780932846
52,S8,14,1.8224460099135138
52,S8,15,1.9919001491833008
52,S8,16,2.088492854128337
52,S8,17,2.1724263281992617
52,S8,18,2.394620650037249
52,S8,19,2.4041503805315343
52,S8,20,2.1762224392803584
52,S8,21,1.9131992350037674
52,S8,22,1.6978860255814334
52,S8,23,1.5174392341695808
52,S8,24,1.3011023150718062
52,S9,1,1.6817654234154933
52,S9,2,1.4538517248453722
52,S9,3,1.5024734945775298
52,S9,4,1.4216840568171296
52,S9,5,1.4419426506853155
52,S9,6,1.5822930541107354
52,S9,7,1.9210017395049213
52,S9,8,2.1471605951292436
52,S9,9,2.385690097863168
52,S9,10,2.6677277006277125
52,S9,11,2.6599681113161955
52,S9,12,2.532270064378724
52,S9,13,2.401556435549816
52,S9,14,2.7025617918793907
52,S9,15,2.6744043719708364
52,S9,16,2.824967235296627
52,S9,17,3.0043090227529343
52,S9,18,3.245533648280671
52,S9,19,3.349620515553285
52,S9,20,3.30675877319243
52,S9,21,2.923166289355617
52,S9,22,2.398012267057083
52,S9,23,2.0091493849202733
52,S9,24,1.8804549547553364
52,S10,1,1.2450834667722452
52,S10,2,1.1026694735991738
52,S10,3,1.0510262098436853
52,S10,4,1.0442239644469717
52,S10,5,1.0868271749594816
52,S10,6,1.2277970943176355
52,S10,7,1.4409698414882917
52,S10,8,1.5543099702116694
52,S10,9,1.7378946733014191
52,S10,10,1.8251895166267502
52,S10,11,1.9297839593331163
52,S10,12,1.8935116709047117
52,S10,13,1.939790790350784
52,S10,14,1.9241323059833728
52,S10,15,1.9352138091013924
52,S10,16,2.1999885974951847
52,S10,17,2.3457968019637265
52,S10,18,2.4855734493513935
52,S10,19,2.4236947719227446
52,S10,20,2.3438033165819454
52,S10,21,2.0187577355163873
52,S10,22,1.7682731586754978
52,S10,23,1.5444815468578648
52,S10,24,1.3810859464051513
52,S11,1,1.3342932227408018
52,S11,2,1.2446558534791874
52,S11,3,1.177896377563377
52,S11,4,1.1829994287501453
52,S11,5,1.1741762916314742
52,S11,6,1.3487983532631416
52,S11,7,1.474787177573479
52,S11,8,1.7222958570739755
52,S11,9,1.858591726527879
52,S11,10,1.983595337088671
52,S11,11,1.9763443153091855
52,S11,12,2.0629178965237975
52,S11,13,2.0041067671183206
52,S11,14,2.056371880895021
52,S11,15,2.0613070971282768
52,S11,16,2.379615093494468
52,S11,17,2.3883413064369177
52,S11,18,2.5100416049809424
52,S11,19,2.5876216295188366
52,S11,20,2.4549113369351256
52,S11,21,2.20877223178509
52,S11,22,1.9791450021320585
52,S11,23,1.599975591774236
52,S11,24,1.420108484298345
52,S12,1,1.7888695900336438
52,S12,2,1.6728054499114187
52,S12,3,1.604590057201224
52,S12,4,1.571287899083026
52,S12,5,1.676530470452287
52,S12,6,1.7936684440747883
52,S12,7,2.1927385995749615
52,S12,8,2.515066499469457
52,S12,9,2.635457349006561
52,S12,10,2.790765172768225
52,S12,11,2.8228665298632407
52,S12,12,2.811918938205299
52,S12,13,2.754550621686675
52,S12,14,2.800080768960535
52,S12,15,2.9656967389573605
52,S12,16,3.12911091510148
52,S12,17,3.542108945773089
52,S12,18,3.5195442772349863
52,S12,19,3.8314126855759163
52,S12,20,3.678957703616626
52,S12,21,3.052682406481282
52,S12,22,2.7353462811761053
52,S12,23,2.2829922974983914
52,S12,24,1.9601633682074155
53,S1,1,6.494592681020464
53,S1,2,5.760227678200188
53,S1,3,5.8173646625552635
53,S1,4,5.8593975508820275
53,S1,5,5.907995978905147
53,S1,6,6.518675459985912
53,S1,7,7.303661973963352
53,S1,8,8.714625412685532
53,S1,9,9.480942923936649
53,S1,10,9.927948903144342
53,S1,11,10.631260902334995
53,S1,12,10.132868155476082
53,S1,13,9.5364729515904
53,S1,14,9.775470729641102
53,S1,15,10.329703308126858
53,S1,16,11.796151849986169
53,S1,17,12.577787501310478
53,S1,18,13.294979479684333
53,S1,19,12.942436982127722
53,S1,20,11.971308618515557
53,S1,21,10.964497748147922
53,S1,22,9.848473023539182
53,S1,23,8.15389462829664
53,S1,24,7.452176607528307
53,S2,1,4.942106910692346
53,S2,2,4.632723898072813
53,S2,3,4.702487751703427
53,S2,4,4.273462808917515
53,S2,5,4.848760848687003
53,S2,6,4.9110911000735324
53,S2,7,5.695206973039067
53,S2,8,7.122280731829369
53,S2,9,7.301005600426749
53,S2,10,8.280871077222715
53,S2,11,8.19441206017366
53,S2,12,7.614223371312119
53,S2,13,7.973161555581186
53,S2,14,7.770777263754985
53,S2,15,8.506207765106842
53,S2,16,9.306092246042205
53,S2,17,9.442439213859322
53,S2,18,10.810459708840867
53,S2,19,10.379195963819587
53,S2,20,9.959945471545936
53,S2,21,8.916010786998688
53,S2,22,7.502548371373803
53,S2,23,6.272389233570155
53,S2,24,5.816562884455334
53,S3,1,6.107169894182088
53,S3,2,5.6477374729026595
53,S3,3,5.414975483981
53,S3,4,5.337942034931887
53,S3,5,5.475771683673421
53,S3,6,5.927414070545801
53,S3,7,7.026473580340122
53,S3,8,7.8648564576840005
53,S3,9,8.543606199989831
53,S3,10,9.587782829482174
53,S3,11,9.721781179580807
53,S3,12,9.338234190174873
53,S3,13,8.959001308540545
53,S3,14,8.961309585953321
53,S3,15,10.27581060038822
53,S3,16,10.906512187161843
53,S3,17,11.814646310200793
53,S3,18,11.916767467155442
53,S3,19,12.035203585751402
53,S3,20,12.092082447979381
53,S3,21,9.80333177481061
53,S3,22,8.452256386974632
53,S3,23,7.655565440910407
53,S3,24,6.823284818714328
53,S4,1,4.585307821792946
53,S4,2,4.341001863951709
53,S4,3,3.8941421831618186
53,S4,4,4.04430409856405
53,S4,5,4.324710229341799
53,S4,6,4.783671575449241
53,S4,7,5.302856117324415
53,S4,8,5.9232645068991
53,S4,9,6.452490225828222
53,S4,10,7.398448946324368
53,S4,11,7.621649288950861
53,S4,12,7.131074175164281
53,S4,13,6.85432896902001
53,S4,14,7.25725747599871
53,S4,15,7.770293286004738
53,S4,16,8.262323856956833
53,S4,17,8.3889640182927
53,S4,18,9.437353254510125
53,S4,19,9.272684287109858
53,S4,20,8.520913464424904
53,S4,21,7.723232720311825
53,S4,22,6.80737666366533
53,S4,23,5.8401422515929395
53,S4,24,4.876223669461882
53,S5,1,5.735450342819862
53,S5,2,5.3848686715836465
53,S5,3,4.832797594874823
53,S5,4,5.052477241465596
53,S5,5,5.372764607465697
53,S5,6,5.930739084288699
53,S5,7,6.584465754575468
53,S5,8,7.607790783879106
53,S5,9,8.779153830848504
53,S5,10,8.480408170056414
53,S5,11,8.679141040376594
53,S5,12,8.89320992641576
53,S5,13,8.308996529077417
53,S5,14,8.81941871945843
53,S5,15,9.503041092181585
53,S5,16,9.785337373108817
53,S5,17,10.319272595122385
53,S5,18,11.74815017659536
53,S5,19,11.861427613459897
53,S5,20,10.955398642045981
53,S5,21,9.340774288232494
53,S5,22,8.394602033540277
53,S5,23,6.959429684308353
53,S5,24,6.120780197098392
53,S6,1,4.748800921051954
53,S6,2,4.411273180434586
53,S6,3,4.2785398674373365
53,S6,4,4.089610901270677
53,S6,5,4.527633683210001
53,S6,6,4.719385212170207
53,S6,7,5.76106967248802
53,S6,8,6.3404334112778375
53,S6,9,7.441772352406812
53,S6,10,7.8831166155634
53,S6,11,7.9278888048126275
53,S6,12,7.635541945446516
53,S6,13,7.474913818329389
53,S6,14,7.712328508807248
53,S6,15,8.24430152455931
53,S6,16,8.803242854696059
53,S6,17,9.682412294420425
53,S6,18,9.716474119420127
53,S6,19,10.118698504558711
53,S6,20,9.12946538981273
53,S6,21,7.958136268206307
53,S6,22,6.951748994421574
53,S6,23,5.803740571255952
53,S6,24,5.402857520177799
53,S7,1,5.533728664672148
53,S7,2,4.752307272515718
53,S7,3,5.005680146638085
53,S7,4,4.7994233297151565
53,S7,5,4.914863835946083
53,S7,6,5.176710356664872
53,S7,7,5.979499679556441
53,S7,8,7.410409522072517
53,S7,9,8.21373306226753
53,S7,10,8.510024549050097
53,S7,11,8.92971794369738
53,S7,12,8.61469374570317
53,S7,13,8.511444132743993
53,S7,14,8.114819970516889
53,S7,15,9.24473230548842
53,S7,16,9.412639623506848
53,S7,17,10.031633026736609
53,S7,18,10.441811115362986
53,S7,19,11.441510229354373
53,S7,20,10.333098508409297
53,S7,21,9.394131096992803
53,S7,22,7.769698065531776
53,S7,23,6.718257662256174
53,S7,24,6.114746511127667
53,S8,1,4.631437355481918
53,S8,2,4.3800358431106075
53,S8,3,4.128007598673678
53,S8,4,4.100307999215596
53,S8,5,4.235446921080086
53,S8,6,4.7743152062151575
53,S8,7,5.324459071022731
53,S8,8,6.645391144364795
53,S8,9,7.173157354509451
53,S8,10,7.610569568936767
53,S8,11,7.875787128546267
53,S8,12,7.4404213456454
53,S8,13,6.937287800143348
53,S8,14,7.670608148040591
53,S8,15,7.790308668142612
53,S8,16,8.050706327130667
53,S8,17,9.331772393261275
53,S8,18,9.897061729780733
53,S8,19,9.857200952654756
53,S8,20,9.312860092937072
53,S8,21,8.564225675488402
53,S8,22,6.956770327104161
53,S8,23,6.076211185963062
53,S8,24,5.3707881254519085
53,S9,1,6.536613308938268
53,S9,2,6.167399900989725
53,S9,3,6.185154915217936
53,S9,4,5.871050620700513
53,S9,5,6.272631958942518
53,S9,6,6.635794355449189
53,S9,7,8.08871470804075
53,S9,8,8.721025763153472
53,S9,9,10.39970818535719
53,S9,10,10.560284831931233
53,S9,11,11.068803863245696
53,S9,12,9.939766041267848
53,S9,13,9.919760969345608
53,S9,14,10.509706199483292
53,S9,15,11.687053099477275
53,S9,16,12.49840120219736
53,S9,17,12.276569915230432
53,S9,18,13.043065190588882
53,S9,19,14.585467531054336
53,S9,20,12.596684145601444
53,S9,21,12.095957246494748
53,S9,22,9.922854125376661
53,S9,23,8.747900577670821
53,S9,24,7.350026740800982
53,S10,1,4.94814026694313
53,S10,2,4.62522205800728
53,S10,3,4.6384382838965585
53,S10,4,4.296264798242949
53,S10,5,4.710303562720621
53,S10,6,4.888604517691169
53,S10,7,5.822448638075806
53,S10,8,6.857230851395863
53,S10,9,7.32682826312459
53,S10,10,8.053421634268242
53,S10,11,7.958618278363488
53,S10,12,7.879238708810808
53,S10,13,7.765790658856265
53,S10,14,7.998054386468327
53,S10,15,8.172623606500364
53,S10,16,8.447101900520556
53,S10,17,9.93597219858054
53,S10,18,9.714778105775846
53,S10,19,10.558014827326662
53,S10,20,9.189105026016128
53,S10,21,8.846962252485717
53,S10,22,7.138588050215911
53,S10,23,6.26883516909675
53,S10,24,5.709627049108977
53,S11,1,5.337208290773321
53,S11,2,4.869415997668653
53,S11,3,4.647644471627571
53,S11,4,4.822889893177255
53,S11,5,4.7387079065982185
53,S11,6,5.38307636778746
53,S11,7,6.03047832283897
53,S11,8,7.246381050815115
53,S11,9,8.117145782142558
53,S11,10,8.402834735027783
53,S11,11,8.549949572257978
53,S11,12,7.786985390577309
53,S11,13,7.733945895587151
53,S11,14,8.245451354075964
53,S11,15,8.47131234525999
53,S11,16,9.480728886304492
53,S11,17,10.089514618367506
53,S11,18,10.96157322829276
53,S11,19,11.197461795082733
53,S11,20,10.119271912536538
53,S11,21,9.36218272952427
53,S11,22,7.540946542215146
53,S11,23,6.819606597107516
53,S11,24,5.737039972685997
53,S12,1,7.576353331732555
53,S12,2,6.772864304117548
53,S12,3,6.47881898053519
53,S12,4,6.783424976396727
53,S12,5,7.047391140721572
53,S12,6,7.346985149975076
53,S12,7,8.871026266131695
53,S12,8,9.544582282716304
53,S12,9,11.112999223412414
53,S12,10,11.323173733187902
53,S12,11,11.507063044131423
53,S12,12,11.37244755011156
53,S12,13,10.886030341301348
53,S12,14,11.689829537102764
53,S12,15,11.965920221430451
53,S12,16,13.166793080012155
53,S12,17,13.737958003890048
53,S12,18,15.65813912565729
53,S12,19,15.585048549783632
53,S12,20,13.890469958135247
53,S12,21,12.968456134787816
53,S12,22,11.317436554038878
53,S12,23,9.603375849164753
53,S12,24,7.997699967617586
54,S1,1,1.4591247561038108
54,S1,2,1.3967989085366372
54,S1,3,1.2566212528948295
54,S1,4,1.3130796375978937
54,S1,5,1.3095133337076221
54,S1,6,1.4957860324189993
54,S1,7,1.664871573750773
54,S1,8,1.8896848325837023
54,S1,9,2.241880401722574
54,S1,10,2.2205415718365327
54,S1,11,2.381949207258317
54,S1,12,2.20460140368596
54,S1,13,2.291015556066356
54,S1,14,2.293672337433081
54,S1,15,2.553275698931781
54,S1,16,2.611436451408391
54,S1,17,2.702328361875232
54,S1,18,3.113228841171508
54,S1,19,3.0926270661979984
54,S1,20,2.9513578633141964
54,S1,21,2.6513968099622893
54,S1,22,2.088034433646814
54,S1,23,1.7904398204032972
54,S1,24,1.6522763803827272
54,S2,1,1.1468897691238615
54,S2,2,1.0855474865407886
54,S2,3,1.038479369708733
54,S2,4,0.9792184700025384
54,S2,5,1.0291167042366902
54,S2,6,1.158349089470116
54,S2,7,1.3828594368816856
54,S2,8,1.5705238617025485
54,S2,9,1.6482633780285814
54,S2,10,1.8594262536388617
54,S2,11,1.8426731623884716
54,S2,12,1.7133284174311831
54,S2,13,1.6908167552502877
54,S2,14,1.8661627050308833
54,S2,15,1.995867834654709
54,S2,16,2.158351759875902
54,S2,17,2.302696763578355
54,S2,18,2.3478830004490665
54,S2,19,2.4825779191803345
54,S2,20,2.298787539923003
54,S2,21,1.9246912187116276
54,S2,22,1.6823199923324215
54,S2,23,1.4751975841722402
54,S2,24,1.2742283527077347
54,S3,1,1.3850008464959254
54,S3,2,1.230134513816063
54,S3,3,1.2135936633426005
54,S3,4,1.1641006061703973
54,S3,5,1.1624618646077056
54,S3,6,1.411562961280057
54,S3,7,1.4904350076722364
54,S3,8,1.8528314232258063
54,S3,9,1.9236580710945712
54,S3,10,2.190431278874581
54,S3,11,2.091951515370307
54,S3,12,2.095223585283216
54,S3,13,2.0872956554083117
54,S3,14,2.1318497424902865
54,S3,15,2.2097807460082546
54,S3,16,2.5155915089850116
54,S3,17,2.539510569946533
54,S3,18,2.809372828293934
54,S3,19,2.7909549838365946
54,S3,20,2.5515771967336027
54,S3,21,2.2582640011197643
54,S3,22,2.035392858322503
54,S3,23,1.660518886114177
54,S3,24,1.4317514631667374
54,S4,1,1.035806476515146
54,S4,2,0.926144731475774
54,S4,3,0.8939503589209279
54,S4,4,0.9333711341278734
54,S4,5,0.9902084359638345
54,S4,6,1.0188767833063173
54,S4,7,1.1796825479285618
54,S4,8,1.4258799148864079
54,S4,9,1.5471075571774822
54,S4,10,1.680462920667253
54,S4,11,1.5828837111165897
54,S4,12,1.6676652827959129
54,S4,13,1.5904777919734354
54,S4,14,1.645119029349316
54,S4,15,1.7059510289724207
54,S4,16,1.8302616032262078
54,S4,17,2.009926386665479
54,S4,18,2.02802921773533
54,S4,19,2.118384039237481
54,S4,20,2.0997369405529205
54,S4,21,1.8567460112581857
54,S4,22,1.537457119863057
54,S4,23,1.3309121090495382
54,S4,24,1.1481873987481837
54,S5,1,1.332535881292458
54,S5,2,1.2006314492561956
54,S5,3,1.1092673165578801
54,S5,4,1.080905443680196
54,S5,5,1.1646115016725123
54,S5,6,1.2751740043764406
54,S5,7,1.4148403537476688
54,S5,8,1.7346898054104471
54,S5,9,1.8631756459789042
54,S5,10,1.9734082756839968
54,S5,11,2.092454145801685
54,S5,12,1.9758627954820926
54,S5,13,1.8973798162281288
54,S5,14,2.1007066609266576
54,S5,15,2.1485113725265177
54,S5,16,2.3840609756508284
54,S5,17,2.437580192471276
54,S5,18,2.604774853293948
54,S5,19,2.6510169884604085
54,S5,20,2.4049838426955645
54,S5,21,2.2481015252060845
54,S5,22,1.962823695779388
54,S5,23,1.6087753569737562
54,S5,24,1.396542099999537
54,S6,1,1.133203699175985
54,S6,2,0.9743661712871982
54,S6,3,0.9766049381396081
54,S6,4,0.9755032911117896
54,S6,5,1.0473018690881488
54,S6,6,1.1402664027620755
54,S6,7,1.3152143601938258
54,S6,8,1.5309825482538455
54,S6,9,1.6663623231034073
54,S6,10,1.778713163620725
54,S6,11,1.6980584117061805
54,S6,12,1.671539338243963
54,S6,13,1.6806816005730105
54,S6,14,1.7709877691209215
54,S6,15,1.787776441726108
54,S6,16,2.058176728454895
54,S6,17,2.1681081483477906
54,S6,18,2.1795094228487364
54,S6,19,2.3065751291584142
54,S6,20,2.2453070521240863
54,S6,21,1.8996091049762107
54,S6,22,1.666529521231803
54,S6,23,1.4258375872907292
54,S6,24,1.175002250950597
54,S7,1,1.177398578667315
54,S7,2,1.1646712073030316
54,S7,3,1.0936080689409695
54,S7,4,1.0413722794002644
54,S7,5,1.0662392920984467
54,S7,6,1.261487444317242
54,S7,7,1.375361943925684
54,S7,8,1.588730712269742
54,S7,9,1.8917454939880154
54,S7,10,1.9044591349609241
54,S7,11,1.915361739092379
54,S7,12,1.9821285721351511
54,S7,13,1.8655009596696353
54,S7,14,1.8360047465728844
54,S7,15,1.933879396080244
54,S7,16,2.1463795370806045
54,S7,17,2.3212901277379467
54,S7,18,2.5788948659337305
54,S7,19,2.5801640752633017
54,S7,20,2.389510448532909
54,S7,21,2.1934096620377703
54,S7,22,1.8409577428876989
54,S7,23,1.4686742636465653
54,S7,24,1.3581146277087466
54,S8,1,1.071506535928001
54,S8,2,1.023267324281204
54,S8,3,0.9961940270695374
54,S8,4,0.9194492566437571
54,S8,5,0.9430666292338702
54,S8,6,1.0550732589531102
54,S8,7,1.1851539452860642
54,S8,8,1.5097963232220848
54,S8,9,1.5548415541011538
54,S8,10,1.696445028020359
54,S8,11,1.703608197537679
54,S8,12,1.5958818173194822
54,S8,13,1.694278560457892
54,S8,14,1.7069905758338257
54,S8,15,1.7165214308385355
54,S8,16,1.8840752298302952
54,S8,17,2.0088862047612617
54,S8,18,2.2817963101631804
54,S8,19,2.222183823304689
54,S8,20,2.163364865946078
54,S8,21,1.835432130362614
54,S8,22,1.596363558702601
54,S8,23,1.360579248170582
54,S8,24,1.1932776657387971
54,S9,1,1.4448972179695134
54,S9,2,1.4767430926016578
54,S9,3,1.3533729410900184
54,S9,4,1.3449957069445058
54,S9,5,1.3571683695626904
54,S9,6,1.4732756326785403
54,S9,7,1.6711614655438354
54,S9,8,1.9936167197187271
54,S9,9,2.2904948491299346
54,S9,10,2.4332567520140658
54,S9,11,2.5371553855061735
54,S9,12,2.298150634453179
54,S9,13,2.4542407632439023
54,S9,14,2.502308781458343
54,S9,15,2.5644963871002
54,S9,16,2.706202471239784
54,S9,17,2.8724970907508482
54,S9,18,3.1331978164379244
54,S9,19,3.0553352565221443
54,S9,20,2.8588133897879535
54,S9,21,2.7154756505470212
54,S9,22,2.2893787724870664
54,S9,23,1.867180256833854
54,S9,24,1.6351221885368776
54,S10,1,1.1010829288392654
54,S10,2,1.0850340293040337
54,S10,3,1.0471616594208977
54,S10,4,1.0039721074352108
54,S10,5,1.0233682171343534
54,S10,6,1.1141715034578514
54,S10,7,1.2846003915499666
54,S10,8,1.5517168690859695
54,S10,9,1.721188699041854
54,S10,10,1.7769682221884915
54,S10,11,1.8246662161577087
54,S10,12,1.6736155523234872
54,S10,13,1.6604203969294018
54,S10,14,1.7779372501586141
54,S10,15,1.779077907689741
54,S10,16,2.0900025480320017
54,S10,17,2.175490540369636
54,S10,18,2.244210830438245
54,S10,19,2.42927586054959
54,S10,20,2.1965327016978384
54,S10,21,1.9198976196297541
54,S10,22,1.6757173096923792
54,S10,23,1.4785739940832394
54,S10,24,1.2001836292605617
54,S11,1,1.239464437926688
54,S11,2,1.1025059599842897
54,S11,3,1.063872802114219
54,S11,4,1.0089216466207833
54,S11,5,1.0435026114729653
54,S11,6,1.2545086783404178
54,S11,7,1.4331344101936505
54,S11,8,1.6086682547723765
54,S11,9,1.748143131895815
54,S11,10,1.9167376851376572
54,S11,11,1.8495346935227124
54,S11,12,1.7921578520687766
54,S11,13,1.7572010781193323
54,S11,14,1.932609091854948
54,S11,15,1.9552672636175144
54,S11,16,2.177828452077069
54,S11,17,2.314340395204061
54,S11,18,2.4368703565057364
54,S11,19,2.5510027747118524
54,S11,20,2.239729381867006
54,S11,21,1.9771672584612858
54,S11,22,1.7190390682317047
54,S11,23,1.574370475175216
54,S11,24,1.3500196910281477
54,S12,1,1.5923472137696595
54,S12,2,1.6130003633395618
54,S12,3,1.5762004426763885
54,S12,4,1.4320982018554917
54,S12,5,1.5029922502704367
54,S12,6,1.6479532385850477
54,S12,7,1.9396844007390306
54,S12,8,2.176141803260659
54,S12,9,2.475024693207712
54,S12,10,2.744580305448111
54,S12,11,2.68639397439374
54,S12,12,2.574054356423269
54,S12,13,2.525980262790135
54,S12,14,2.681380038028165
54,S12,15,2.8313255381058977
54,S12,16,2.9807910073866735
54,S12,17,3.3712238181814853
54,S12,18,3.519372481454422
54,S12,19,3.689037303311698
54,S12,20,3.408495031699313
54,S12,21,2.7869671431884644
54,S12,22,2.553534524159448
54,S12,23,2.125792377794535
54,S12,24,1.898310213302698
55,S1,1,2.0773313430673315
55,S1,2,1.9637115051394978
55,S1,3,1.8958242589092291
55,S1,4,1.9766469212155202
55,S1,5,1.9657074773802734
55,S1,6,2.097911692561619
55,S1,7,2.527158254288258
55,S1,8,3.0742972693026225
55,S1,9,3.2740171290668973
55,S1,10,3.304471750189205
55,S1,11,3.5983046347460963
55,S1,12,3.434492039753076
55,S1,13,3.3522127673146347
55,S1,14,3.387527603134454
55,S1,15,3.7241251465346044
55,S1,16,3.903448427118651
55,S1,17,4.387717724480208
55,S1,18,4.409468941868226
55,S1,19,4.428767076806737
55,S1,20,4.1089036514585855
55,S1,21,3.834528531104455
55,S1,22,3.1677538499050546
55,S1,23,2.829333826864178
55,S1,24,2.3641662738654903
55,S2,1,1.7258386054143764
55,S2,2,1.6273567059914902
55,S2,3,1.5124261043336962
55,S2,4,1.5786849899240836
55,S2,5,1.5807312879842303
55,S2,6,1.750284232414695
55,S2,7,2.066363406812815
55,S2,8,2.299381115934804
55,S2,9,2.4682557499337663
55,S2,10,2.7650116696403946
55,S2,11,2.7697435661255367
55,S2,12,2.5611484588186997
55,S2,13,2.530047264493996
55,S2,14,2.830869882232083
55,S2,15,2.890662444197715
55,S2,16,2.9552364922424865
55,S2,17,3.4876027362558473
55,S2,18,3.6250558233933954
55,S2,19,3.727556137332414
55,S2,20,3.3112429206182252
55,S2,21,2.867167668054596
55,S2,22,2.490467470122481
55,S2,23,2.1620758668946816
55,S2,24,1.876866991727782
55,S3,1,2.0289496853526017
55,S3,2,1.8271559273837077
55,S3,3,1.798505887772956
55,S3,4,1.7338434276498207
55,S3,5,1.7802333223766873
55,S3,6,1.9410290423447194
55,S3,7,2.231944392807071
55,S3,8,2.681357332677212
55,S3,9,2.9041522641176085
55,S3,10,3.075663077568028
55,S3,11,3.366465865600028
55,S3,12,3.0503730031059866
55,S3,13,3.006042385667006
55,S3,14,3.170670499255264
55,S3,15,3.318557064378899
55,S3,16,3.571647905143148
55,S3,17,3.7087830307916136
55,S3,18,3.9747094417776703
55,S3,19,4.265438874389973
55,S3,20,4.069464298467984
55,S3,21,3.497972829986919
55,S3,22,3.0531619222524067
55,S3,23,2.5503062825460856
55,S3,24,2.180031224335249
55,S4,1,1.5175589089743438
55,S4,2,1.4820823891319883
55,S4,3,1.328911154801388
55,S4,4,1.3940947398760535
55,S4,5,1.3542565254373955
55,S4,6,1.5536271206473646
55,S4,7,1.8526819778875478
55,S4,8,2.0908538702369124
55,S4,9,2.4176329067937163
55,S4,10,2.5023041929748406
55,S4,11,2.547508461824764
55,S4,12,2.3667788580816667
55,S4,13,2.438754488685926
55,S4,14,2.4024054378142856
55,S4,15,2.619415559786302
55,S4,16,2.6980046249415772
55,S4,17,3.0577398467879027
55,S4,18,3.240669771942606
55,S4,19,3.3163342274303993
55,S4,20,3.1720291763408444
55,S4,21,2.7160343312248405
55,S4,22,2.2249866592745797
55,S4,23,1.9374412016581952
55,S4,24,1.7907911414352016
55,S5,1,1.8639620326439506
55,S5,2,1.7170039912869421
55,S5,3,1.7785742316537632
55,S5,4,1.6713411468028636
55,S5,5,1.785479890909629
55,S5,6,1.83530927238802
55,S5,7,2.2556852051558502
55,S5,8,2.607289052856932
55,S5,9,2.8846092055107224
55,S5,10,2.972722266155074
55,S5,11,3.125114800571474
55,S5,12,2.875516435907612
55,S5,13,3.06129313127161
55,S5,14,2.900348313585996
55,S5,15,3.317016184107193
55,S5,16,3.278613239948014
55,S5,17,3.7854682998269045
55,S5,18,3.7693754202976093
55,S5,19,3.9668673765883526
55,S5,20,3.632495474561579
55,S5,21,3.148137528905352
55,S5,22,2.7347137621667397
55,S5,23,2.4987280051638114
55,S5,24,2.1486842988447052
55,S6,1,1.6878958312870613
55,S6,2,1.4948288420836369
55,S6,3,1.4735347699296175
55,S6,4,1.451264190754488
55,S6,5,1.478281872434724
55,S6,6,1.728211666546871
55,S6,7,1.883234761083196
55,S6,8,2.271042004833426
55,S6,9,2.4913308636457336
55,S6,10,2.487178544381175
55,S6,11,2.553919812736478
55,S6,12,2.434845272107878
55,S6,13,2.5102267429348313
55,S6,14,2.5334221898301488
55,S6,15,2.6196786075442287
55,S6,16,2.944443801068058
55,S6,17,3.189947728187729
55,S6,18,3.171272931579211
55,S6,19,3.3738431574585803
55,S6,20,3.2888045155902947
55,S6,21,2.7593531662950275
55,S6,22,2.395489852128344
55,S6,23,2.1513986308416038
55,S6,24,1.8365492603813036
55,S7,1,1.8925527780316482
55,S7,2,1.712167442592174
55,S7,3,1.7055375917209759
55,S7,4,1.6512670891726944
55,S7,5,1.6135983547753419
55,S7,6,1.7962260924118738
55,S7,7,1.9992836841552628
55,S7,8,2.5263531972050774
55,S7,9,2.774745642523564
55,S7,10,2.817850474630757
55,S7,11,2.892022512573432
55,S7,12,2.850535858644377
55,S7,13,2.8992586532495603
55,S7,14,2.8434538892295573
55,S7,15,2.929004193576924
55,S7,16,3.225307808605922
55,S7,17,3.4673877455149587
55,S7,18,3.8019917891439565
55,S7,19,3.9398379768824805
55,S7,20,3.735514555084979
55,S7,21,3.1366728942335973
55,S7,22,2.7464286571793077
55,S7,23,2.3859724630164703
55,S7,24,2.0415892830255586
55,S8,1,1.5562099378261394
55,S8,2,1.5382705108928028
55,S8,3,1.3846863808414767
55,S8,4,1.3665839215156066
55,S8,5,1.4042090047437905
55,S8,6,1.572076478358986
55,S8,7,1.8588558597448317
55,S8,8,2.0568224419125434
55,S8,9,2.4059331333251595
55,S8,10,2.573872648153771
55,S8,11,2.5148051563124096
55,S8,12,2.4397312665198623
55,S8,13,2.522263844416426
55,S8,14,2.4972501590244036
55,S8,15,2.6135676584959833
55,S8,16,2.899012618340862
55,S8,17,3.0033625013204515
55,S8,18,3.1483561004282756
55,S8,19,3.3840768072891807
55,S8,20,3.0887910727407952
55,S8,21,2.777830030293136
55,S8,22,2.441919311406047
55,S8,23,2.1030259088366776
55,S8,24,1.6983758330967347
55,S9,1,2.350566027682837
55,S9,2,2.1773910076064755
55,S9,3,1.990817758392043
55,S9,4,2.02231090233421
55,S9,5,2.0658529076339893
55,S9,6,2.4114919550619485
55,S9,7,2.5572603310569217
55,S9,8,3.058424312882696
55,S9,9,3.470661605268722
55,S9,10,3.7414007403634173
55,S9,11,3.5519907769165284
55,S9,12,3.5188461992075215
55,S9,13,3.61247484456277
55,S9,14,3.593696754972988
55,S9,15,3.62963846113421
55,S9,16,4.049767596229344
55,S9,17,4.567579463714346
55,S9,18,4.8266492419165505
55,S9,19,4.623115330023855
55,S9,20,4.557734198051981
55,S9,21,3.7628717163903
55,S9,22,3.2816336947718128
55,S9,23,2.9808637697806386
55,S9,24,2.4214349383016267
55,S10,1,1.6790998036751186
55,S10,2,1.538529783233271
55,S10,3,1.4453442546885384
55,S10,4,1.5417286066023383
55,S10,5,1.517706567020936
55,S10,6,1.6917764423441835
55,S10,7,1.965377387071975
55,S10,8,2.2082245237742337
55,S10,9,2.4760495737082815
55,S10,10,2.730439536698662
55,S10,11,2.6291092626768857
55,S10,12,2.649163282684465
55,S10,13,2.5316826575419493
55,S10,14,2.5015893426964695
55,S10,15,2.657043758335753
55,S10,16,3.0941226512640547
55,S10,17,3.1087769560680663
55,S10,18,3.563354118001924
55,S10,19,3.416009048737251
55,S10,20,3.343830192032898
55,S10,21,2.7691049255305815
55,S10,22,2.519868988571533
55,S10,23,2.1821967301946823
55,S10,24,1.819112350555674
55,S11,1,1.7442273122354366
55,S11,2,1.6102609173026092
55,S11,3,1.5456976744453836
55,S11,4,1.6457138301186043
55,S11,5,1.5768429917067615
55,S11,6,1.786492156809749
55,S11,7,1.9740278961443054
55,S11,8,2.3501108782018805
55,S11,9,2.7134344466494507
55,S11,10,2.848668109390011
55,S11,11,2.791481209395223
55,S11,12,2.809075202185479
55,S11,13,2.6288340424266243
55,S11,14,2.9239382182215445
55,S11,15,2.873249693246132
55,S11,16,3.0619785861856372
55,S11,17,3.5006158847707933
55,S11,18,3.6564887205915695
55,S11,19,3.5755820316565066
55,S11,20,3.349608447738818
55,S11,21,2.9427111736543727
55,S11,22,2.5566004257603425
55,S11,23,2.2337670817454525
55,S11,24,2.0285093950162847
55,S12,1,2.594548425854663
55,S12,2,2.4630827120532275
55,S12,3,2.2321046018674924
55,S12,4,2.2006486146244177
55,S12,5,2.249581835229799
55,S12,6,2.5984717117726768
55,S12,7,2.91934562708591
55,S12,8,3.2422592404876758
55,S12,9,3.666680239704419
55,S12,10,4.075669169335418
55,S12,11,3.9589926143131797
55,S12,12,4.096951265729522
55,S12,13,3.733259925831628
55,S12,14,4.100151537007981
55,S12,15,4.272101646100145
55,S12,16,4.747631853497131
55,S12,17,4.819768528869281
55,S12,18,4.948030809718431
55,S12,19,5.142945719955268
55,S12,20,4.861677672803505
55,S12,21,4.583179135541903
55,S12,22,3.5491571134467716
55,S12,23,3.08280150908519
55,S12,24,2.6767675847979304
56,S1,1,2.520807902543133
56,S1,2,2.3803914421178813
56,S1,3,2.199879376158524
56,S1,4,2.160984456132783
56,S1,5,2.1803101879855693
56,S1,6,2.558818230971724
56,S1,7,2.950712229218641
56,S1,8,3.2828901198554514
56,S1,9,3.552463300465582
56,S1,10,3.867616447455245
56,S1,11,3.935752012199099
56,S1,12,3.826763179054828
56,S1,13,3.6476102565273862
56,S1,14,3.685895505428598
56,S1,15,3.9443284986433746
56,S1,16,4.395542154601496
56,S1,17,4.640958579980015
56,S1,18,5.089494044233754
56,S1,19,4.926014126935089
56,S1,20,4.919545081121713
56,S1,21,4.1556995975970015
56,S1,22,3.7132373461532984
56,S1,23,3.1208021997800985
56,S1,24,2.779699984042134
56,S2,1,1.8814231190196582
56,S2,2,1.8563985679601076
56,S2,3,1.6506673260115143
56,S2,4,1.6569859643667202
56,S2,5,1.785122165373844
56,S2,6,1.8897163798451704
56,S2,7,2.2523083347438986
56,S2,8,2.6498855731181967
56,S2,9,2.848094268162905
56,S2,10,2.920356020643012
56,S2,11,3.1211446768755557
56,S2,12,2.8937281692306676
56,S2,13,2.826239950198089
56,S2,14,3.0379296278804824
56,S2,15,3.188341313512312
56,S2,16,3.414461618414941
56,S2,17,3.577879772016687
56,S2,18,3.989232639862111
56,S2,19,3.8931282592408145
56,S2,20,3.627121204136535
56,S2,21,3.2211797094615475
56,S2,22,2.894197840320698
56,S2,23,2.4698756616059936
56,S2,24,2.207028662076838
56,S3,1,2.255270581217008
56,S3,2,2.08666248918518
56,S3,3,1.9258727493663448
56,S3,4,1.975103476337231
56,S3,5,2.1438762220692102
56,S3,6,2.1784070073105632
56,S3,7,2.597797668325848
56,S3,8,3.034020126535028
56,S3,9,3.3741616953019262
56,S3,10,3.6061311966110594
56,S3,11,3.698600613211111
56,S3,12,3.5002728010022004
56,S3,13,3.5457708920361473
56,S3,14,3.4068895718645016
56,S3,15,3.5916152009215705
56,S3,16,3.827998556999996
56,S3,17,4.423824860258594
56,S3,18,4.627386052890446
56,S3,19,4.752769369868273
56,S3,20,4.425128093270278
56,S3,21,3.959166550528238
56,S3,22,3.313206579332488
56,S3,23,2.7004929098437853
56,S3,24,2.4051948847741507
56,S4,1,1.7991025810696413
56,S4,2,1.5507780346872653
56,S4,3,1.54974145032704
56,S4,4,1.540852915323481
56,S4,5,1.6108658681424817
56,S4,6,1.7593413966433362
56,S4,7,2.070629979144368
56,S4,8,2.2351906516792583
56,S4,9,2.4619146784869215
56,S4,10,2.8146698816884963
56,S4,11,2.791030924688283
56,S4,12,2.7478665897252577
56,S4,13,2.775136953205142
56,S4,14,2.7384997531946196
56,S4,15,3.015254860713293
56,S4,16,3.041433032700043
56,S4,17,3.3142164623371317
56,S4,18,3.3833218491585617
56,S4,19,3.5516875920166164
56,S4,20,3.491233961721303
56,S4,21,3.018288140959569
56,S4,22,2.4794398135160827
56,S4,23,2.223845085868233
56,S4,24,1.9223187831793784
56,S5,1,2.1217941416841564
56,S5,2,1.9909251982234977
56,S5,3,1.9967534712631252
56,S5,4,1.818030533096807
56,S5,5,1.9880428540132573
56,S5,6,2.2268773670048163
56,S5,7,2.4433490537725775
56,S5,8,2.987783460673008
56,S5,9,3.2955890982236022
56,S5,10,3.290810920733635
56,S5,11,3.5856016606948113
56,S5,12,3.1629898046650506
56,S5,13,3.4266937685245775
56,S5,14,3.478983915183156
56,S5,15,3.583912589700168
56,S5,16,3.724099958686422
56,S5,17,4.191941355629577
56,S5,18,4.535187661854123
56,S5,19,4.53061665824071
56,S5,20,4.224715886909369
56,S5,21,3.8183794938417996
56,S5,22,3.3025924808161253
56,S5,23,2.815444033929146
56,S5,24,2.3102314860822384
56,S6,1,1.9035985967367237
56,S6,2,1.6987758842512894
56,S6,3,1.6178810743054597
56,S6,4,1.609000856846139
56,S6,5,1.6873835701356528
56,S6,6,1.8646292698746165
56,S6,7,2.1974806471238564
56,S6,8,2.571887658701528
56,S6,9,2.6469727224875546
56,S6,10,2.764800078890833
56,S6,11,2.908773928822511
56,S6,12,2.8602917967069206
56,S6,13,2.719868482075104
56,S6,14,2.7965303168550637
56,S6,15,3.1572867209745996
56,S6,16,3.2550070410703835
56,S6,17,3.5369292158970356
56,S6,18,3.7972891955159516
56,S6,19,3.716340058577216
56,S6,20,3.4534292505681323
56,S6,21,3.280662351688827
56,S6,22,2.817715118426713
56,S6,23,2.2628111407055114
56,S6,24,2.1069074470879365
56,S7,1,2.0888582315755
56,S7,2,1.8370899890913392
56,S7,3,1.760922042934192
56,S7,4,1.7337892726599289
56,S7,5,1.9193293282579036
56,S7,6,2.0478990174970537
56,S7,7,2.284366043311394
56,S7,8,2.6039053852866694
56,S7,9,3.0428401087601817
56,S7,10,3.195066332831244
56,S7,11,3.3838965229665248
56,S7,12,3.02956977802132
56,S7,13,3.2422717457617933
56,S7,14,3.1554606058716224
56,S7,15,3.529944079483947
56,S7,16,3.5502218413395634
56,S7,17,3.810256050312949
56,S7,18,4.18847747976622
56,S7,19,4.1787600812208
56,S7,20,3.8261523672806477
56,S7,21,3.606679651869017
56,S7,22,3.026078234896242
56,S7,23,2.6951953163392592
56,S7,24,2.1498328904538986
56,S8,1,1.7983097685080263
56,S8,2,1.6739545398527609
56,S8,3,1.5911379734531563
56,S8,4,1.529976964548203
56,S8,5,1.6351799655534145
56,S8,6,1.746831078663745
56,S8,7,2.0346746997746306
56,S8,8,2.4256377905281035
56,S8,9,2.6815141600799905
56,S8,10,2.9186563707302207
56,S8,11,2.9071726876294344
56,S8,12,2.84936512930025
56,S8,13,2.794429656186946
56,S8,14,2.876015309823521
56,S8,15,2.9359842941808716
56,S8,16,3.369648377995649
56,S8,17,3.328450772128611
56,S8,18,3.7465835913194128
56,S8,19,3.623037784838984
56,S8,20,3.337455236482224
56,S8,21,2.953454200967243
56,S8,22,2.549043914468262
56,S8,23,2.26537884570183
56,S8,24,1.908784206570903
56,S9,1,2.578105102516692
56,S9,2,2.4140716921682457
56,S9,3,2.185959517700165
56,S9,4,2.138311029222069
56,S9,5,2.369343881896554
56,S9,6,2.547097747862627
56,S9,7,2.8601409576745542
56,S9,8,3.312363108328204
56,S9,9,3.630661176573738
56,S9,10,3.984706789655075
56,S9,11,3.9558089117305943
56,S9,12,3.93379814771802
56,S9,13,4.063406134537206
56,S9,14,4.014613519097776
56,S9,15,4.263361259334472
56,S9,16,4.486988179905033
56,S9,17,4.815710533492519
56,S9,18,5.105051521581768
56,S9,19,5.55477227609699
56,S9,20,4.995965378435827
56,S9,21,4.187468066801617
56,S9,22,3.77962977188965
56,S9,23,3.3724850999516462
56,S9,24,2.801380310437917
56,S10,1,1.8503499170236426
56,S10,2,1.660463177697471
56,S10,3,1.6733569953903973
56,S10,4,1.5802370518934208
56,S10,5,1.7365570734011013
56,S10,6,1.9441271164400953
56,S10,7,2.1875179414838586
56,S10,8,2.557792373897046
56,S10,9,2.8666226443562945
56,S10,10,2.79882566390767
56,S10,11,3.0946616993555005
56,S10,12,2.769922726057373
56,S10,13,2.936534283214348
56,S10,14,3.0079408656665083
56,S10,15,3.222606719569352
56,S10,16,3.42307155217059
56,S10,17,3.5797600972921275
56,S10,18,3.676315257843364
56,S10,19,3.7659831669487533
56,S10,20,3.763799246244794
56,S10,21,3.178913612105914
56,S10,22,2.8511643256213017
56,S10,23,2.3209434717266273
56,S10,24,2.0260189856415005
56,S11,1,2.0005148697208552
56,S11,2,1.8189726490084295
56,S11,3,1.8203377083415273
56,S11,4,1.7740247141955978
56,S11,5,1.7406142785849053
56,S11,6,2.0836116344535025
56,S11,7,2.3773477298092867
56,S11,8,2.6043660488806886
56,S11,9,3.006124679269585
56,S11,10,3.2022839282485465
56,S11,11,3.1358481560374485
56,S11,12,3.2048641467811647
56,S11,13,3.0951175074228963
56,S11,14,3.136107472884325
56,S11,15,3.330199283726901
56,S11,16,3.686664191952521
56,S11,17,3.8407431003694525
56,S11,18,3.917937847300303
56,S11,19,4.112539397977794
56,S11,20,3.9480307927589386
56,S11,21,3.553839543566715
56,S11,22,2.8366174972658627
56,S11,23,2.5471943246816537
56,S11,24,2.220684069578769
56,S12,1,2.8968710269288724
56,S12,2,2.7062974860190447
56,S12,3,2.4220666541526237
56,S12,4,2.3706698835557063
56,S12,5,2.4655952019606047
56,S12,6,2.940124989707164
56,S12,7,3.178273374994405
56,S12,8,3.8750610224566078
56,S12,9,4.2168524069118405
56,S12,10,4.228769878781022
56,S12,11,4.3806590410464485
56,S12,12,4.34670937369817
56,S12,13,4.45709817980067
56,S12,14,4.399216259376637
56,S12,15,4.761004949050856
56,S12,16,5.071219869875814
56,S12,17,5.3924779781295324
56,S12,18,6.011402902821418
56,S12,19,5.612224648333284
56,S12,20,5.450004132971412
56,S12,21,4.823922861419509
56,S12,22,4.227264004624981
56,S12,23,3.557093205190608
56,S12,24,3.137345036139593
57,S1,1,2.219899797781856
57,S1,2,1.9852305509702808
57,S1,3,1.897274855958238
57,S1,4,1.8433880796254147
57,S1,5,1.941164270673322
57,S1,6,2.0790721500924816
57,S1,7,2.5209723535044604
57,S1,8,2.926147510726265
57,S1,9,3.07386301560786
57,S1,10,3.37098375041967
57,S1,11,3.3967373767345745
57,S1,12,3.3783830414880285
57,S1,13,3.300428665099761
57,S1,14,3.325403804724337
57,S1,15,3.694313443994226
57,S1,16,4.055705290664322
57,S1,17,4.29732722481935
57,S1,18,4.401430811155859
57,S1,19,4.563285820142194
57,S1,20,4.163552849917042
57,S1,21,3.5727820295848547
57,S1,22,3.32290721453192
57,S1,23,2.7459480665549236
57,S1,24,2.2850708200845267
57,S2,1,1.7110482980518167
57,S2,2,1.6130872121998856
57,S2,3,1.4691834347308843
57,S2,4,1.5024273374578405
57,S2,5,1.5197432514930684
57,S2,6,1.6698327214408848
57,S2,7,1.9650423739974423
57,S2,8,2.1981057330609515
57,S2,9,2.5139711224551866
57,S2,10,2.59259360217131
57,S2,11,2.758776113507104
57,S2,12,2.5363375972809212
57,S2,13,2.677238645472374
57,S2,14,2.586230643760101
57,S2,15,2.721327689258864
57,S2,16,3.0129126000529527
57,S2,17,3.3672519387062927
57,S2,18,3.3038826590625163
57,S2,19,3.695456534445437
57,S2,20,3.2092768885471608
57,S2,21,2.815772811857609
57,S2,22,2.4196928916483174
57,S2,23,2.1651306483027435
57,S2,24,1.9319041210024497
57,S3,1,1.9638168229801314
57,S3,2,1.8455368841447897
57,S3,3,1.7034750801838534
57,S3,4,1.7484914210994436
57,S3,5,1.742794309729602
57,S3,6,2.014159943896571
57,S3,7,2.293412960313829
57,S3,8,2.725290758831389
57,S3,9,2.802941582023421
57,S3,10,2.9838834284684506
57,S3,11,3.053130961426319
57,S3,12,3.0273839023094338
57,S3,13,3.138854493658072
57,S3,14,3.138736044773869
57,S3,15,3.370259983883685
57,S3,16,3.572757019708783
57,S3,17,3.88842047617884
57,S3,18,4.039431100322688
57,S3,19,4.199889652631262
57,S3,20,3.9600273817553986
57,S3,21,3.471978826309759
57,S3,22,2.7692835585134574
57,S3,23,2.4551505546120156
57,S3,24,2.1393847865659508
57,S4,1,1.5785281761072334
57,S4,2,1.3549068636136887
57,S4,3,1.3757292981290201
57,S4,4,1.3688824052458701
57,S4,5,1.428164156579415
57,S4,6,1.5270342993911266
57,S4,7,1.7113197853054734
57,S4,8,2.0394072689238705
57,S4,9,2.34385079187362
57,S4,10,2.2874443632463755
57,S4,11,2.5559591407762356
57,S4,12,2.2553255930675955
57,S4,13,2.2851741308327504
57,S4,14,2.3740380254002242
57,S4,15,2.50918466304954
57,S4,16,2.869319187439573
57,S4,17,2.9298233327362713
57,S4,18,3.180979357052081
57,S4,19,3.1681772816191187
57,S4,20,2.8661148547885054
57,S4,21,2.7317290815804895
57,S4,22,2.238104908465081
57,S4,23,1.975285593779931
57,S4,24,1.7335716109034336
57,S5,1,1.8064172154735576
57,S5,2,1.722627770457586
57,S5,3,1.6692561973668778
57,S5,4,1.7285646806459811
57,S5,5,1.7784705307212458
57,S5,6,1.9863495222300225
57,S5,7,2.1976823042375804
57,S5,8,2.6467439514326245
57,S5,9,2.7648281386947504
57,S5,10,2.9586583138771307
57,S5,11,2.9554149383234942
57,S5,12,2.933077426350436
57,S5,13,2.9330112715809515
57,S5,14,2.8361254089155175
57,S5,15,3.035321957915758
57,S5,16,3.22830955780433
57,S5,17,3.636929898026232
57,S5,18,3.8319514209303693
57,S5,19,4.095895241283399
57,S5,20,3.6977175426295985
57,S5,21,3.127949883889445
57,S5,22,2.8234709401281344
57,S5,23,2.4834383730749496
57,S5,24,2.0200455854019843
57,S6,1,1.651339248563932
57,S6,2,1.558762801552506
57,S6,3,1.4262161383633607
57,S6,4,1.4296721182793721
57,S6,5,1.5081184407399317
57,S6,6,1.650648004277315
57,S6,7,1.8751503120083186
57,S6,8,2.1555506243342295
57,S6,9,2.410139036537313
57,S6,10,2.4863099534075257
57,S6,11,2.5493741320852292
57,S6,12,2.5901927374502534
57,S6,13,2.490643847911619
57,S6,14,2.6140757761999986
57,S6,15,2.765147518598744
57,S6,16,2.8960243700318276
57,S6,17,3.094406273596635
57,S6,18,3.3133573253154074
57,S6,19,3.4832184792817893
57,S6,20,3.1557467362861997
57,S6,21,2.8777461395735267
57,S6,22,2.429142952726258
57,S6,23,2.1416126051513436
57,S6,24,1.7485330613788546
57,S7,1,1.8056189246621064
57,S7,2,1.6036180212159947
57,S7,3,1.532204014876307
57,S7,4,1.5428484132753273
57,S7,5,1.5573890869017448
57,S7,6,1.8461192992499837
57,S7,7,2.158528752957544
57,S7,8,2.53550214045679
57,S7,9,2.627945861829254
57,S7,10,2.839908856367439
57,S7,11,2.925785779404215
57,S7,12,2.80895560253835
57,S7,13,2.630115628734412
57,S7,14,2.764213982708578
57,S7,15,3.0312530679988323
57,S7,16,3.35795247472866
57,S7,17,3.3038270049182805
57,S7,18,3.642025045787325
57,S7,19,3.7474319592921304
57,S7,20,3.6143264367928207
57,S7,21,3.135167957860488
57,S7,22,2.734957529111563
57,S7,23,2.2317545222908217
57,S7,24,2.0515719323111794
57,S8,1,1.5527952355041839
57,S8,2,1.4001541309456957
57,S8,3,1.3767998778014439
57,S8,4,1.3418064503142673
57,S8,5,1.4469427811533402
57,S8,6,1.523336265250232
57,S8,7,1.8191448949546123
57,S8,8,2.066907698785955
57,S8,9,2.266093204874249
57,S8,10,2.5027037604430578
57,S8,11,2.6478081042607426
57,S8,12,2.5522345255260754
57,S8,13,2.4653909673174628
57,S8,14,2.3833631826471073
57,S8,15,2.738287088090167
57,S8,16,2.906842726192552
57,S8,17,2.900241738642508
57,S8,18,3.185508041063482
57,S8,19,3.1984801292899476
57,S8,20,3.0610828130806595
57,S8,21,2.7843493151092105
57,S8,22,2.434739401199978
57,S8,23,1.9736098384020646
57,S8,24,1.7885456316874058
57,S9,1,2.161145430882169
57,S9,2,2.052562055801082
57,S9,3,1.9409168469976088
57,S9,4,2.070779554961049
57,S9,5,2.0706637957537253
57,S9,6,2.354950895656454
57,S9,7,2.5291779175892826
57,S9,8,2.9326819908393267
57,S9,9,3.246466044191282
57,S9,10,3.6554501038250478
57,S9,11,3.549625563176901
57,S9,12,3.4890745446542724
57,S9,13,3.6212748151446115
57,S9,14,3.5368952071555926
57,S9,15,3.599049271453892
57,S9,16,3.8981006227029233
57,S9,17,4.422305286918638
57,S9,18,4.601087487913436
57,S9,19,4.82183080654235
57,S9,20,4.242650083061497
57,S9,21,4.002433917970798
57,S9,22,3.341179215795092
57,S9,23,2.8558621419592014
57,S9,24,2.5982018171079715
57,S10,1,1.5939043703200109
57,S10,2,1.5353684680696134
57,S10,3,1.5111751223827503
57,S10,4,1.5197613082097878
57,S10,5,1.5525920677314702
57,S10,6,1.607433608263562
57,S10,7,1.9533773999332469
57,S10,8,2.1644219051299687
57,S10,9,2.4721594120996553
57,S10,10,2.524316995723224
57,S10,11,2.7676323844695228
57,S10,12,2.690769761989148
57,S10,13,2.520113609741202
57,S10,14,2.6623644601633405
57,S10,15,2.825161271690767
57,S10,16,2.858838184553666
57,S10,17,3.0659883694697974
57,S10,18,3.387570254193444
57,S10,19,3.4315581535601107
57,S10,20,3.3734465884750757
57,S10,21,2.86597678834245
57,S10,22,2.409255531585183
57,S10,23,2.069602776059127
57,S10,24,1.8023611923049374
57,S11,1,1.7386170460639572
57,S11,2,1.5549016292125766
57,S11,3,1.5908569283449887
57,S11,4,1.5971021125642315
57,S11,5,1.6516175608130044
57,S11,6,1.6985228388782536
57,S11,7,2.1204871301689026
57,S11,8,2.3873297633656256
57,S11,9,2.6944145062799656
57,S11,10,2.6990101733261675
57,S11,11,2.944528013216518
57,S11,12,2.6412671508228556
57,S11,13,2.833632400150031
57,S11,14,2.816984123487824
57,S11,15,2.911679656451118
57,S11,16,3.2161466492387105
57,S11,17,3.454376109873911
57,S11,18,3.5406230485301875
57,S11,19,3.7255285578516775
57,S11,20,3.480519520721611
57,S11,21,3.0317049642134295
57,S11,22,2.647548328685549
57,S11,23,2.293917084987861
57,S11,24,1.963785734857914
57,S12,1,2.479792536473329
57,S12,2,2.4151943094150226
57,S12,3,2.137746832715287
57,S12,4,2.2591142965095883
57,S12,5,2.234519767915001
57,S12,6,2.413723882520732
57,S12,7,3.0061440238002386
57,S12,8,3.4385227866386714
57,S12,9,3.8632014751064716
57,S12,10,3.719366592887722
57,S12,11,4.039302499101666
57,S12,12,3.97065773736842
57,S12,13,3.82085670359899
57,S12,14,3.911326419626873
57,S12,15,4.351220613257245
57,S12,16,4.28434609558573
57,S12,17,4.76822238706415
57,S12,18,5.023174143340491
57,S12,19,4.9261047474783375
57,S12,20,4.947614526114306
57,S12,21,4.248000648323725
57,S12,22,3.7443770889329557
57,S12,23,3.233419264598216
57,S12,24,2.782315851089394
