ren_id,scenario,t,avail_mw
R1,S1,1,34.25762919514003
R1,S1,2,37.54125936132052
R1,S1,3,40.88729186234956
R1,S1,4,43.082347262091794
R1,S1,5,48.922707100428184
R1,S1,6,47.191676131984394
R1,S1,7,46.10945165878216
R1,S1,8,50.49368421152535
R1,S1,9,50.40112523015662
R1,S1,10,52.29254916967734
R1,S1,11,54.966069441596595
R1,S1,12,52.96925264480178
R1,S1,13,58.65381734433141
R1,S1,14,58.07348828745971
R1,S1,15,56.56180435048543
R1,S1,16,50.586427569279564
R1,S1,17,51.439832384933915
R1,S1,18,48.77272374798633
R1,S1,19,38.74268721794957
R1,S1,20,37.56410913006399
R1,S1,21,36.51615665073574
R1,S1,22,34.56712135399564
R1,S1,23,35.61376555747191
R1,S1,24,32.712936140432014
R1,S2,1,35.97590612066902
R1,S2,2,39.25894581794962
R1,S2,3,40.732543484678274
R1,S2,4,43.2157607721723
R1,S2,5,46.199044535643495
R1,S2,6,50.98783094641273
R1,S2,7,48.92754892936138
R1,S2,8,47.692080643761486
R1,S2,9,52.4228456654529
R1,S2,10,53.50132925611622
R1,S2,11,56.078750007702254
R1,S2,12,56.31166711125574
R1,S2,13,58.58042156311787
R1,S2,14,57.7492732251229
R1,S2,15,54.253329024410576
R1,S2,16,54.777276594151154
R1,S2,17,53.17112133661315
R1,S2,18,51.298886098055384
R1,S2,19,38.957536873716094
R1,S2,20,36.9295898512025
R1,S2,21,37.57179910191525
R1,S2,22,36.24430960589991
R1,S2,23,34.27968743141132
R1,S2,24,32.97586682139229
R1,S3,1,33.22020755422532
R1,S3,2,37.21153023255832
R1,S3,3,39.337615027248454
R1,S3,4,42.32022181042428
R1,S3,5,44.571270050576764
R1,S3,6,49.341151973408415
R1,S3,7,46.846000855360174
R1,S3,8,49.131402696531204
R1,S3,9,52.56868530193853
R1,S3,10,50.61174255811276
R1,S3,11,54.93190854877205
R1,S3,12,57.74029172830108
R1,S3,13,54.51110047610485
R1,S3,14,56.15746070313243
R1,S3,15,54.61100130327302
R1,S3,16,55.04912367203699
R1,S3,17,52.0041576848426
R1,S3,18,47.37172562440685
R1,S3,19,38.19349168773835
R1,S3,20,36.56781782711374
R1,S3,21,37.648123848628664
R1,S3,22,35.01068021234706
R1,S3,23,33.07923374690615
R1,S3,24,32.702496528483636
R1,S4,1,35.93876327344161
R1,S4,2,37.383624234668495
R1,S4,3,41.46594984580064
R1,S4,4,42.15833854349265
R1,S4,5,45.309927886738706
R1,S4,6,49.23386306037315
R1,S4,7,44.29079246669883
R1,S4,8,48.50556466145456
R1,S4,9,52.39713784520763
R1,S4,10,53.09929243701728
R1,S4,11,53.37201024801472
R1,S4,12,57.285342509551555
R1,S4,13,54.92849101907385
R1,S4,14,53.8269433390821
R1,S4,15,55.069056565656105
R1,S4,16,52.96600917249334
R1,S4,17,50.71675430090911
R1,S4,18,50.09635375613104
R1,S4,19,38.22853136325112
R1,S4,20,36.17304387196263
R1,S4,21,36.138612245157525
R1,S4,22,33.95788064795238
R1,S4,23,36.12934714691344
R1,S4,24,33.548936187223624
R1,S5,1,35.916683601862985
R1,S5,2,39.066133296397744
R1,S5,3,40.75417850227356
R1,S5,4,43.57947755010635
R1,S5,5,44.567805955994096
R1,S5,6,49.60236568905691
R1,S5,7,48.911903541238644
R1,S5,8,49.47557670439998
R1,S5,9,48.410056790063415
R1,S5,10,50.7367671744109
R1,S5,11,65.6672495480213
R1,S5,12,62.00000507989211
R1,S5,13,67.27225221143468
R1,S5,14,62.501588698376814
R1,S5,15,56.50324587465207
R1,S5,16,50.93017539771594
R1,S5,17,50.99867477777084
R1,S5,18,47.25110437362884
R1,S5,19,40.347862180900385
R1,S5,20,36.894079163667165
R1,S5,21,36.044377500116525
R1,S5,22,33.97330361631714
R1,S5,23,34.08184311546173
R1,S5,24,34.2873858655842
R1,S6,1,34.07686821369942
R1,S6,2,37.2946873738268
R1,S6,3,39.31323901276075
R1,S6,4,43.11360989596935
R1,S6,5,47.28478766191775
R1,S6,6,51.63792704114213
R1,S6,7,46.320132297011206
R1,S6,8,50.08877153388724
R1,S6,9,48.4436037474523
R1,S6,10,50.26198264881328
R1,S6,11,54.60604642408903
R1,S6,12,56.794694426096044
R1,S6,13,58.49578486726396
R1,S6,14,57.85823668057492
R1,S6,15,54.91624430981335
R1,S6,16,52.672711687530246
R1,S6,17,50.44614252687572
R1,S6,18,47.97940076078724
R1,S6,19,39.41036665408894
R1,S6,20,36.33043208426146
R1,S6,21,35.4043727246188
R1,S6,22,36.4058958515714
R1,S6,23,33.06220986214227
R1,S6,24,32.92939959553798
R1,S7,1,35.91791252195342
R1,S7,2,38.15659662855962
R1,S7,3,39.627118365765206
R1,S7,4,43.84639932713231
R1,S7,5,45.20731522826438
R1,S7,6,51.71900701603858
R1,S7,7,48.11741817782959
R1,S7,8,47.35142005782893
R1,S7,9,47.62011206299221
R1,S7,10,53.71325970983211
R1,S7,11,54.51131395041018
R1,S7,12,56.65198770850402
R1,S7,13,59.80752883934928
R1,S7,14,57.905756191030584
R1,S7,15,54.62596765550468
R1,S7,16,53.62874715461453
R1,S7,17,49.43727816728597
R1,S7,18,49.201311050179875
R1,S7,19,39.22896236267388
R1,S7,20,39.19169634634544
R1,S7,21,38.30171246827234
R1,S7,22,37.27148294962769
R1,S7,23,35.64374408791358
R1,S7,24,34.067922186245774
R1,S8,1,33.98938770789386
R1,S8,2,37.026008218828125
R1,S8,3,40.414566293299366
R1,S8,4,42.92649330395479
R1,S8,5,48.58107811663712
R1,S8,6,48.74564312103164
R1,S8,7,48.35875332484406
R1,S8,8,47.360674583451335
R1,S8,9,50.18172708539029
R1,S8,10,50.65490829671614
R1,S8,11,55.496920715262924
R1,S8,12,56.629656441533506
R1,S8,13,54.307311616001286
R1,S8,14,55.31649389922873
R1,S8,15,54.6254956327429
R1,S8,16,52.1019488056826
R1,S8,17,50.816085985257814
R1,S8,18,49.81204580431538
R1,S8,19,39.93115157019958
R1,S8,20,35.67976589412498
R1,S8,21,36.91492098363252
R1,S8,22,35.7620909693095
R1,S8,23,33.23717448024507
R1,S8,24,32.179737540513834
R1,S9,1,33.50844376780012
R1,S9,2,36.03775154350691
R1,S9,3,38.982901077021864
R1,S9,4,44.15274008400808
R1,S9,5,44.777515363873285
R1,S9,6,50.60758303287711
R1,S9,7,46.898609002915684
R1,S9,8,46.78139341921784
R1,S9,9,48.328265414680075
R1,S9,10,51.633893342789186
R1,S9,11,62.91090379039872
R1,S9,12,63.47857109857586
R1,S9,13,68.3803171656619
R1,S9,14,62.12438422623961
R1,S9,15,53.15533975089535
R1,S9,16,52.46461947933836
R1,S9,17,49.91796109839372
R1,S9,18,48.379819671154564
R1,S9,19,40.17855082364277
R1,S9,20,39.230158666192615
R1,S9,21,35.96716370885556
R1,S9,22,35.56085229002311
R1,S9,23,33.241862856030046
R1,S9,24,32.32053738002775
R1,S10,1,33.90731550340905
R1,S10,2,37.18006988756941
R1,S10,3,40.69071385621164
R1,S10,4,45.843290660927586
R1,S10,5,46.76392260816237
R1,S10,6,51.087200575295306
R1,S10,7,47.1732520811042
R1,S10,8,49.31888146112327
R1,S10,9,51.10941834699792
R1,S10,10,54.23930866087948
R1,S10,11,51.79083864287035
R1,S10,12,53.16844240757971
R1,S10,13,56.91855985984411
R1,S10,14,56.04094630949746
R1,S10,15,53.6906401620885
R1,S10,16,53.48563775061893
R1,S10,17,49.14833985147243
R1,S10,18,51.44444589136866
R1,S10,19,38.68526696447743
R1,S10,20,38.29011188183557
R1,S10,21,35.82573557056402
R1,S10,22,34.44595519639918
R1,S10,23,34.99481814611842
R1,S10,24,35.44213712866281
R1,S11,1,36.39748346770077
R1,S11,2,37.78631161618006
R1,S11,3,41.82538489814707
R1,S11,4,45.833243237478754
R1,S11,5,44.62797987157134
R1,S11,6,50.65890062741196
R1,S11,7,48.4364572796093
R1,S11,8,50.45720742279875
R1,S11,9,50.02722174705916
R1,S11,10,53.53770629593018
R1,S11,11,54.60001878802407
R1,S11,12,52.64828146534468
R1,S11,13,58.273965168612534
R1,S11,14,55.55433302356375
R1,S11,15,51.46368881910686
R1,S11,16,52.22930408525051
R1,S11,17,49.19163457482258
R1,S11,18,51.39893843579659
R1,S11,19,37.80144927409837
R1,S11,20,36.06120085406887
R1,S11,21,35.85214274365683
R1,S11,22,34.96198226494411
R1,S11,23,34.922391675227246
R1,S11,24,33.243037296863044
R1,S12,1,11.990602499273725
R1,S12,2,13.64774614385021
R1,S12,3,14.869630237109062
R1,S12,4,15.961274483165731
R1,S12,5,16.871791639060568
R1,S12,6,17.09175012368467
R1,S12,7,16.94358911749497
R1,S12,8,16.835429685279188
R1,S12,9,16.93410002863242
R1,S12,10,18.8909180322722
R1,S12,11,19.28428825254485
R1,S12,12,18.791991750700788
R1,S12,13,20.32996000092245
R1,S12,14,19.073927346155145
R1,S12,15,19.192565914404923
R1,S12,16,18.088243605336956
R1,S12,17,17.166485671394867
R1,S12,18,17.641871934691636
R1,S12,19,13.66760715441473
R1,S12,20,12.574964464502514
R1,S12,21,13.103998137659305
R1,S12,22,11.999470367257087
R1,S12,23,12.593050229949966
R1,S12,24,12.279159356546106
R2,S1,1,0.0
R2,S1,2,0.0
R2,S1,3,0.0
R2,S1,4,0.0
R2,S1,5,0.0
R2,S1,6,0.0
R2,S1,7,22.231427316812034
R2,S1,8,24.29297827052235
R2,S1,9,26.8721053789948
R2,S1,10,27.861580257293536
R2,S1,11,30.256681192113664
R2,S1,12,33.46826190785733
R2,S1,13,32.47977183030252
R2,S1,14,29.694553754414503
R2,S1,15,29.230910906112406
R2,S1,16,26.855284339383974
R2,S1,17,23.180531974410744
R2,S1,18,20.63295546596043
R2,S1,19,0.0
R2,S1,20,0.0
R2,S1,21,0.0
R2,S1,22,0.0
R2,S1,23,0.0
R2,S1,24,0.0
R2,S2,1,0.0
R2,S2,2,0.0
R2,S2,3,0.0
R2,S2,4,0.0
R2,S2,5,0.0
R2,S2,6,0.0
R2,S2,7,21.961867326990625
R2,S2,8,24.276557769225523
R2,S2,9,25.302934732298596
R2,S2,10,26.735430165614115
R2,S2,11,31.668853142892083
R2,S2,12,33.54312541216999
R2,S2,13,32.40345706894388
R2,S2,14,30.569782707878186
R2,S2,15,27.924903404958915
R2,S2,16,26.30596280159385
R2,S2,17,24.743127280069398
R2,S2,18,20.59738891500853
R2,S2,19,0.0
R2,S2,20,0.0
R2,S2,21,0.0
R2,S2,22,0.0
R2,S2,23,0.0
R2,S2,24,0.0
R2,S3,1,0.0
R2,S3,2,0.0
R2,S3,3,0.0
R2,S3,4,0.0
R2,S3,5,0.0
R2,S3,6,0.0
R2,S3,7,21.439786312970877
R2,S3,8,23.713941295835507
R2,S3,9,26.460750029620044
R2,S3,10,27.298388559044106
R2,S3,11,29.35057055124435
R2,S3,12,30.80580244955753
R2,S3,13,33.4167702457554
R2,S3,14,30.58976166031087
R2,S3,15,29.200818134544708
R2,S3,16,24.802013610277044
R2,S3,17,22.743984078801756
R2,S3,18,21.927849181939294
R2,S3,19,0.0
R2,S3,20,0.0
R2,S3,21,0.0
R2,S3,22,0.0
R2,S3,23,0.0
R2,S3,24,0.0
R2,S4,1,0.0
R2,S4,2,0.0
R2,S4,3,0.0
R2,S4,4,0.0
R2,S4,5,0.0
R2,S4,6,0.0
R2,S4,7,20.72089191882183
R2,S4,8,24.585652983912542
R2,S4,9,26.37820657640821
R2,S4,10,28.77659175022795
R2,S4,11,31.50966343665038
R2,S4,12,32.877279942518356
R2,S4,13,31.28814173030383
R2,S4,14,31.606948639179635
R2,S4,15,28.074997807233153
R2,S4,16,26.64427383641468
R2,S4,17,23.970772756166443
R2,S4,18,20.69622162669966
R2,S4,19,0.0
R2,S4,20,0.0
R2,S4,21,0.0
R2,S4,22,0.0
R2,S4,23,0.0
R2,S4,24,0.0
R2,S5,1,0.0
R2,S5,2,0.0
R2,S5,3,0.0
R2,S5,4,0.0
R2,S5,5,0.0
R2,S5,6,0.0
R2,S5,7,22.349556764794674
R2,S5,8,23.199743717017725
R2,S5,9,24.706418802568315
R2,S5,10,29.362274525448502
R2,S5,11,39.84204645158596
R2,S5,12,42.97714232472051
R2,S5,13,41.63563249200924
R2,S5,14,39.77698344127383
R2,S5,15,28.08277895007291
R2,S5,16,26.892944120100708
R2,S5,17,24.73499456929999
R2,S5,18,21.90279936581964
R2,S5,19,0.0
R2,S5,20,0.0
R2,S5,21,0.0
R2,S5,22,0.0
R2,S5,23,0.0
R2,S5,24,0.0
R2,S6,1,0.0
R2,S6,2,0.0
R2,S6,3,0.0
R2,S6,4,0.0
R2,S6,5,0.0
R2,S6,6,0.0
R2,S6,7,21.356562697891896
R2,S6,8,23.910404486142898
R2,S6,9,26.62069231076139
R2,S6,10,27.55014750802823
R2,S6,11,29.34240407686266
R2,S6,12,31.173972601226534
R2,S6,13,32.99288713806597
R2,S6,14,29.369884578785438
R2,S6,15,27.965358629149605
R2,S6,16,26.539842162693507
R2,S6,17,23.15989114537008
R2,S6,18,20.787696091424195
R2,S6,19,0.0
R2,S6,20,0.0
R2,S6,21,0.0
R2,S6,22,0.0
R2,S6,23,0.0
R2,S6,24,0.0
R2,S7,1,0.0
R2,S7,2,0.0
R2,S7,3,0.0
R2,S7,4,0.0
R2,S7,5,0.0
R2,S7,6,0.0
R2,S7,7,20.88353845356505
R2,S7,8,22.71477337488264
R2,S7,9,25.628949748865665
R2,S7,10,29.205721638553314
R2,S7,11,29.92414902497172
R2,S7,12,32.510019004491085
R2,S7,13,32.94725765663134
R2,S7,14,29.503593357626713
R2,S7,15,27.02949996436754
R2,S7,16,24.64291599456365
R2,S7,17,22.647908726951695
R2,S7,18,22.355517998220037
R2,S7,19,0.0
R2,S7,20,0.0
R2,S7,21,0.0
R2,S7,22,0.0
R2,S7,23,0.0
R2,S7,24,0.0
R2,S8,1,0.0
R2,S8,2,0.0
R2,S8,3,0.0
R2,S8,4,0.0
R2,S8,5,0.0
R2,S8,6,0.0
R2,S8,7,21.691766727827773
R2,S8,8,24.591004135007058
R2,S8,9,26.4481464603355
R2,S8,10,26.772087357555215
R2,S8,11,29.435447029728905
R2,S8,12,32.0098983072871
R2,S8,13,33.14319246498039
R2,S8,14,29.390425772799254
R2,S8,15,26.9083858434758
R2,S8,16,26.518402328338837
R2,S8,17,22.627996766008874
R2,S8,18,22.354159865614637
R2,S8,19,0.0
R2,S8,20,0.0
R2,S8,21,0.0
R2,S8,22,0.0
R2,S8,23,0.0
R2,S8,24,0.0
R2,S9,1,0.0
R2,S9,2,0.0
R2,S9,3,0.0
R2,S9,4,0.0
R2,S9,5,0.0
R2,S9,6,0.0
R2,S9,7,21.56436805619089
R2,S9,8,23.139093852231778
R2,S9,9,25.242399134960788
R2,S9,10,27.65507565781635
R2,S9,11,40.15644865215097
R2,S9,12,42.1688708272392
R2,S9,13,43.63285457928736
R2,S9,14,40.33472327235795
R2,S9,15,26.815489715822643
R2,S9,16,24.505862793942516
R2,S9,17,22.813806523136044
R2,S9,18,21.686585920546946
R2,S9,19,0.0
R2,S9,20,0.0
R2,S9,21,0.0
R2,S9,22,0.0
R2,S9,23,0.0
R2,S9,24,0.0
R2,S10,1,0.0
R2,S10,2,0.0
R2,S10,3,0.0
R2,S10,4,0.0
R2,S10,5,0.0
R2,S10,6,0.0
R2,S10,7,20.86009950758756
R2,S10,8,23.724474836790936
R2,S10,9,26.106538358634523
R2,S10,10,29.34240718623614
R2,S10,11,31.031510085902912
R2,S10,12,32.05272260703591
R2,S10,13,32.89441425166062
R2,S10,14,30.469521628291577
R2,S10,15,27.09665738517552
R2,S10,16,26.7476331364796
R2,S10,17,22.593160129421594
R2,S10,18,21.676160132353544
R2,S10,19,0.0
R2,S10,20,0.0
R2,S10,21,0.0
R2,S10,22,0.0
R2,S10,23,0.0
R2,S10,24,0.0
R2,S11,1,0.0
R2,S11,2,0.0
R2,S11,3,0.0
R2,S11,4,0.0
R2,S11,5,0.0
R2,S11,6,0.0
R2,S11,7,22.149570102163032
R2,S11,8,22.704876893325483
R2,S11,9,26.688601134425856
R2,S11,10,28.36015941430246
R2,S11,11,31.612231743304246
R2,S11,12,30.93818718475508
R2,S11,13,33.48516179317307
R2,S11,14,30.383617959332618
R2,S11,15,27.19193834560084
R2,S11,16,26.03972886893413
R2,S11,17,22.93649865855891
R2,S11,18,22.306316307904723
R2,S11,19,0.0
R2,S11,20,0.0
R2,S11,21,0.0
R2,S11,22,0.0
R2,S11,23,0.0
R2,S11,24,0.0
R2,S12,1,0.0
R2,S12,2,0.0
R2,S12,3,0.0
R2,S12,4,0.0
R2,S12,5,0.0
R2,S12,6,0.0
R2,S12,7,7.678962518436846
R2,S12,8,8.42506471816483
R2,S12,9,9.287926796874412
R2,S12,10,9.639835146889736
R2,S12,11,10.662693490694984
R2,S12,12,11.085245611242426
R2,S12,13,11.750603950807504
R2,S12,14,10.300912211999984
R2,S12,15,10.018406714475839
R2,S12,16,9.419714586521435
R2,S12,17,7.919138500887452
R2,S12,18,7.149289233029672
R2,S12,19,0.0
R2,S12,20,0.0
R2,S12,21,0.0
R2,S12,22,0.0
R2,S12,23,0.0
R2,S12,24,0.0
R3,S1,1,35.073596257158655
R3,S1,2,38.10985372991666
R3,S1,3,42.224416154863796
R3,S1,4,48.35336754689398
R3,S1,5,47.541050854321334
R3,S1,6,52.892391010283916
R3,S1,7,47.0067643441771
R3,S1,8,48.47919914835394
R3,S1,9,54.20814385404402
R3,S1,10,55.07346759349678
R3,S1,11,55.58403957648024
R3,S1,12,58.21577886732804
R3,S1,13,59.87171613946126
R3,S1,14,60.53683097808696
R3,S1,15,58.479907349417964
R3,S1,16,54.602360652622245
R3,S1,17,53.74546321719765
R3,S1,18,52.90599847928978
R3,S1,19,41.697647662632626
R3,S1,20,38.606605586842406
R3,S1,21,36.71648459912008
R3,S1,22,38.90160903703921
R3,S1,23,37.85761647110072
R3,S1,24,35.30678570002916
R3,S2,1,36.87453162523028
R3,S2,2,40.56291265776616
R3,S2,3,44.99355019972994
R3,S2,4,44.73264015868989
R3,S2,5,48.66754627626278
R3,S2,6,50.94945711322454
R3,S2,7,48.12603167719151
R3,S2,8,53.12789752748562
R3,S2,9,53.236530410376545
R3,S2,10,52.333036928396545
R3,S2,11,57.00888263240914
R3,S2,12,57.63858075503625
R3,S2,13,59.3504681724943
R3,S2,14,57.12328809770411
R3,S2,15,59.66549183424459
R3,S2,16,56.86721943003608
R3,S2,17,54.20836876761938
R3,S2,18,52.833770539678554
R3,S2,19,38.74838634929843
R3,S2,20,38.37446186480844
R3,S2,21,39.25351951541123
R3,S2,22,36.15671586640294
R3,S2,23,37.27585739707459
R3,S2,24,37.09039191815674
R3,S3,1,35.64599264689959
R3,S3,2,39.09906077903252
R3,S3,3,41.536106699606805
R3,S3,4,47.41896785824105
R3,S3,5,49.8069984952469
R3,S3,6,53.4225285535676
R3,S3,7,50.27214107528759
R3,S3,8,51.30606588488178
R3,S3,9,52.46939502884271
R3,S3,10,54.63931689823415
R3,S3,11,54.215812589366614
R3,S3,12,59.246176648905866
R3,S3,13,58.445954771633765
R3,S3,14,60.018619125968854
R3,S3,15,55.06782565763305
R3,S3,16,53.25897010582086
R3,S3,17,51.71229191363879
R3,S3,18,54.377246133840195
R3,S3,19,40.394251526634385
R3,S3,20,39.927357081710234
R3,S3,21,38.292857197233964
R3,S3,22,37.15440616344067
R3,S3,23,37.933365716371995
R3,S3,24,34.16188954675967
R3,S4,1,35.469655090426826
R3,S4,2,41.32229080457402
R3,S4,3,45.04856052110603
R3,S4,4,47.85219483866143
R3,S4,5,46.8033569416114
R3,S4,6,51.16362971887568
R3,S4,7,49.21526640083145
R3,S4,8,51.06760289214142
R3,S4,9,52.07019754957049
R3,S4,10,54.380513896105064
R3,S4,11,56.72044283508513
R3,S4,12,57.39452331253739
R3,S4,13,62.793830899500584
R3,S4,14,56.55799352999888
R3,S4,15,54.96392984658197
R3,S4,16,57.40335815143988
R3,S4,17,51.400170982727275
R3,S4,18,52.36662897113251
R3,S4,19,40.35060993931595
R3,S4,20,38.64899261078386
R3,S4,21,38.87271372485117
R3,S4,22,36.115037329325745
R3,S4,23,37.75689709296134
R3,S4,24,37.27218262793816
R3,S5,1,35.77493525893944
R3,S5,2,41.40344599951008
R3,S5,3,42.02917269280139
R3,S5,4,48.1486034427088
R3,S5,5,48.985166280581325
R3,S5,6,52.57661231055459
R3,S5,7,50.97362055755884
R3,S5,8,51.37628219292541
R3,S5,9,54.518451540565614
R3,S5,10,55.29919311966555
R3,S5,11,64.15791195505562
R3,S5,12,69.302946764097
R3,S5,13,66.86190179829929
R3,S5,14,65.20826446237432
R3,S5,15,56.44357581074138
R3,S5,16,57.142245459703844
R3,S5,17,55.92205809833393
R3,S5,18,53.40226688806426
R3,S5,19,40.962634355024015
R3,S5,20,39.5485605426572
R3,S5,21,36.88549077274986
R3,S5,22,37.031730974977336
R3,S5,23,35.693405368784866
R3,S5,24,34.6900381482871
R3,S6,1,38.45383507362239
R3,S6,2,40.32637224328263
R3,S6,3,42.90288652283968
R3,S6,4,45.58288400973359
R3,S6,5,50.2046770920777
R3,S6,6,53.02210846229816
R3,S6,7,48.377890324748805
R3,S6,8,51.93528458548319
R3,S6,9,55.38915961680655
R3,S6,10,52.40350548899598
R3,S6,11,56.398013970018745
R3,S6,12,61.06596761186821
R3,S6,13,59.7723485780021
R3,S6,14,59.19093278009155
R3,S6,15,56.15551318779946
R3,S6,16,55.08927880661983
R3,S6,17,55.262331700447206
R3,S6,18,53.94786642260576
R3,S6,19,40.837073064989696
R3,S6,20,39.29246566279178
R3,S6,21,37.68388373150592
R3,S6,22,38.434581842125446
R3,S6,23,35.33650066053494
R3,S6,24,37.23166052549569
R3,S7,1,37.221898739018556
R3,S7,2,40.42775815126204
R3,S7,3,44.19065423634964
R3,S7,4,45.54545595598313
R3,S7,5,49.662817079623885
R3,S7,6,51.94359759642932
R3,S7,7,49.51683634181096
R3,S7,8,48.68446161192556
R3,S7,9,52.78325625041096
R3,S7,10,52.80961748608761
R3,S7,11,54.85588496164894
R3,S7,12,57.977699470687064
R3,S7,13,60.00949454209693
R3,S7,14,57.00733193286762
R3,S7,15,55.04759215150387
R3,S7,16,56.7910498822573
R3,S7,17,51.7056106937052
R3,S7,18,52.829535466229004
R3,S7,19,41.193766033049215
R3,S7,20,38.370567084131686
R3,S7,21,40.17429500121589
R3,S7,22,36.06138024307461
R3,S7,23,37.26129410964349
R3,S7,24,36.43800855738269
R3,S8,1,38.33948140063234
R3,S8,2,38.48948925658015
R3,S8,3,43.82851993262168
R3,S8,4,46.20392398505584
R3,S8,5,48.115689451176536
R3,S8,6,53.62640237387855
R3,S8,7,47.67005717146542
R3,S8,8,50.932486364434745
R3,S8,9,55.054797298861935
R3,S8,10,55.03432334673513
R3,S8,11,57.212755336434455
R3,S8,12,55.621554111525946
R3,S8,13,57.75125670128415
R3,S8,14,58.37286249684457
R3,S8,15,58.0719795432866
R3,S8,16,53.9970079452443
R3,S8,17,51.43978819347621
R3,S8,18,52.22452131900181
R3,S8,19,42.457723394504086
R3,S8,20,37.81557781938206
R3,S8,21,37.9575657773511
R3,S8,22,37.83436400048341
R3,S8,23,36.241848093309876
R3,S8,24,36.699894228623926
R3,S9,1,36.17885114331213
R3,S9,2,40.60139552844166
R3,S9,3,44.604391054777025
R3,S9,4,46.99664679041407
R3,S9,5,47.77972009759364
R3,S9,6,53.693953329443275
R3,S9,7,48.81557199405277
R3,S9,8,52.37457022170086
R3,S9,9,50.4775350782703
R3,S9,10,56.25151936048553
R3,S9,11,67.4613832278592
R3,S9,12,69.64278504642188
R3,S9,13,68.13744476490011
R3,S9,14,70.28928412871028
R3,S9,15,55.3705205504918
R3,S9,16,53.6409937595935
R3,S9,17,53.94784018334096
R3,S9,18,49.8942128992646
R3,S9,19,38.57193439256561
R3,S9,20,38.399626800829814
R3,S9,21,38.46031107836229
R3,S9,22,35.856297436854774
R3,S9,23,35.556530591896426
R3,S9,24,34.29446904493722
R3,S10,1,35.13403659128551
R3,S10,2,39.44815223970338
R3,S10,3,43.80795251509939
R3,S10,4,48.1908379742975
R3,S10,5,49.93291487373197
R3,S10,6,53.31067035585339
R3,S10,7,46.97559978515193
R3,S10,8,48.68164092879399
R3,S10,9,53.71893813084651
R3,S10,10,56.81177021266164
R3,S10,11,54.04705745954129
R3,S10,12,57.060880001659626
R3,S10,13,62.6618379293712
R3,S10,14,58.34659240799178
R3,S10,15,57.33219934278028
R3,S10,16,53.26381673831649
R3,S10,17,55.02213105691911
R3,S10,18,53.64158721843631
R3,S10,19,39.02102401526399
R3,S10,20,38.84726237417671
R3,S10,21,36.78968596519
R3,S10,22,36.34756113619236
R3,S10,23,37.86239981776825
R3,S10,24,36.00065405366792
R3,S11,1,36.23618598279105
R3,S11,2,41.02119968220179
R3,S11,3,42.685243468549345
R3,S11,4,46.47711606299288
R3,S11,5,49.25349044882378
R3,S11,6,54.21078138835322
R3,S11,7,47.336266438369364
R3,S11,8,51.85022879636095
R3,S11,9,54.12946365488883
R3,S11,10,52.451260133733975
R3,S11,11,54.6873989289664
R3,S11,12,56.51352111994408
R3,S11,13,57.847425375081315
R3,S11,14,57.31376887477734
R3,S11,15,58.14352693119151
R3,S11,16,58.0265443819897
R3,S11,17,52.90294414721968
R3,S11,18,52.53860345591018
R3,S11,19,40.8251110165198
R3,S11,20,40.186675822586906
R3,S11,21,37.94693748153059
R3,S11,22,36.7484236113095
R3,S11,23,37.99141971259945
R3,S11,24,33.85444009784103
R3,S12,1,12.535763241544338
R3,S12,2,13.392981088683976
R3,S12,3,15.537548600366762
R3,S12,4,15.34712695116305
R3,S12,5,16.491541061981234
R3,S12,6,18.571584718438388
R3,S12,7,17.304857490927542
R3,S12,8,17.175192987921722
R3,S12,9,17.87851033557578
R3,S12,10,18.71550622500542
R3,S12,11,20.58897718829422
R3,S12,12,20.249251132068274
R3,S12,13,21.156166293382167
R3,S12,14,20.746575823203226
R3,S12,15,19.441205564627307
R3,S12,16,20.11307899327364
R3,S12,17,18.580879513882234
R3,S12,18,18.426595530986813
R3,S12,19,13.540639474110362
R3,S12,20,13.693802854244035
R3,S12,21,13.649404083994964
R3,S12,22,13.295481336630665
R3,S12,23,13.072084908041724
R3,S12,24,12.92126498318248
R4,S1,1,0.0
R4,S1,2,0.0
R4,S1,3,0.0
R4,S1,4,0.0
R4,S1,5,0.0
R4,S1,6,0.0
R4,S1,7,23.55460857495621
R4,S1,8,24.766029046998106
R4,S1,9,26.18820243950304
R4,S1,10,28.85060680522969
R4,S1,11,31.579385276885404
R4,S1,12,32.966657846563976
R4,S1,13,35.17769769799777
R4,S1,14,33.05611685414902
R4,S1,15,28.030707179071367
R4,S1,16,26.076368123981524
R4,S1,17,25.552013535271083
R4,S1,18,22.738173259345892
R4,S1,19,0.0
R4,S1,20,0.0
R4,S1,21,0.0
R4,S1,22,0.0
R4,S1,23,0.0
R4,S1,24,0.0
R4,S2,1,0.0
R4,S2,2,0.0
R4,S2,3,0.0
R4,S2,4,0.0
R4,S2,5,0.0
R4,S2,6,0.0
R4,S2,7,21.839915728111805
R4,S2,8,25.15718713524178
R4,S2,9,25.97792109010413
R4,S2,10,30.76355694959076
R4,S2,11,33.01948250192169
R4,S2,12,32.679330304032206
R4,S2,13,32.44517461714058
R4,S2,14,32.228783933641296
R4,S2,15,30.570752917671605
R4,S2,16,27.17168245816066
R4,S2,17,23.980486821951967
R4,S2,18,22.199166059444963
R4,S2,19,0.0
R4,S2,20,0.0
R4,S2,21,0.0
R4,S2,22,0.0
R4,S2,23,0.0
R4,S2,24,0.0
R4,S3,1,0.0
R4,S3,2,0.0
R4,S3,3,0.0
R4,S3,4,0.0
R4,S3,5,0.0
R4,S3,6,0.0
R4,S3,7,22.954744193539142
R4,S3,8,23.664784803615735
R4,S3,9,27.285782224205445
R4,S3,10,28.827224258252848
R4,S3,11,30.699328005806542
R4,S3,12,32.80766176384935
R4,S3,13,32.561543088701335
R4,S3,14,32.695905775041304
R4,S3,15,29.669655996448686
R4,S3,16,25.902567050699396
R4,S3,17,23.93010306468613
R4,S3,18,23.372331693173162
R4,S3,19,0.0
R4,S3,20,0.0
R4,S3,21,0.0
R4,S3,22,0.0
R4,S3,23,0.0
R4,S3,24,0.0
R4,S4,1,0.0
R4,S4,2,0.0
R4,S4,3,0.0
R4,S4,4,0.0
R4,S4,5,0.0
R4,S4,6,0.0
R4,S4,7,22.842453717798815
R4,S4,8,25.832876969080882
R4,S4,9,27.845179963904823
R4,S4,10,29.405081649117854
R4,S4,11,32.99046591261478
R4,S4,12,32.683561072631676
R4,S4,13,33.9087164348666
R4,S4,14,33.23553753784801
R4,S4,15,30.556916459943025
R4,S4,16,25.833143648450754
R4,S4,17,24.791739397789854
R4,S4,18,22.655879282348522
R4,S4,19,0.0
R4,S4,20,0.0
R4,S4,21,0.0
R4,S4,22,0.0
R4,S4,23,0.0
R4,S4,24,0.0
R4,S5,1,0.0
R4,S5,2,0.0
R4,S5,3,0.0
R4,S5,4,0.0
R4,S5,5,0.0
R4,S5,6,0.0
R4,S5,7,21.617154869565685
R4,S5,8,23.5885107914055
R4,S5,9,25.99155748461604
R4,S5,10,30.59919328891033
R4,S5,11,41.074127920880535
R4,S5,12,42.54067283828971
R4,S5,13,44.29082090598439
R4,S5,14,42.92163466399257
R4,S5,15,29.024158733199513
R4,S5,16,26.762122578512734
R4,S5,17,23.58168585849898
R4,S5,18,22.11204708038771
R4,S5,19,0.0
R4,S5,20,0.0
R4,S5,21,0.0
R4,S5,22,0.0
R4,S5,23,0.0
R4,S5,24,0.0
R4,S6,1,0.0
R4,S6,2,0.0
R4,S6,3,0.0
R4,S6,4,0.0
R4,S6,5,0.0
R4,S6,6,0.0
R4,S6,7,23.500112639421516
R4,S6,8,25.916815558766565
R4,S6,9,26.9947849327074
R4,S6,10,29.088076515792896
R4,S6,11,32.097471763241884
R4,S6,12,33.837618603199196
R4,S6,13,34.64899681622133
R4,S6,14,31.920135706705885
R4,S6,15,28.838600045446864
R4,S6,16,27.75042112234561
R4,S6,17,24.66178208354097
R4,S6,18,22.597390384693778
R4,S6,19,0.0
R4,S6,20,0.0
R4,S6,21,0.0
R4,S6,22,0.0
R4,S6,23,0.0
R4,S6,24,0.0
R4,S7,1,0.0
R4,S7,2,0.0
R4,S7,3,0.0
R4,S7,4,0.0
R4,S7,5,0.0
R4,S7,6,0.0
R4,S7,7,21.66870942578376
R4,S7,8,25.9590940246497
R4,S7,9,26.25671080615965
R4,S7,10,30.15903198915628
R4,S7,11,30.53352037768888
R4,S7,12,35.33473559404645
R4,S7,13,32.4212083196116
R4,S7,14,30.66545319090305
R4,S7,15,28.0387689062278
R4,S7,16,26.276966998736388
R4,S7,17,24.2249122745138
R4,S7,18,21.866997369671026
R4,S7,19,0.0
R4,S7,20,0.0
R4,S7,21,0.0
R4,S7,22,0.0
R4,S7,23,0.0
R4,S7,24,0.0
R4,S8,1,0.0
R4,S8,2,0.0
R4,S8,3,0.0
R4,S8,4,0.0
R4,S8,5,0.0
R4,S8,6,0.0
R4,S8,7,23.079648576823672
R4,S8,8,24.107153724660964
R4,S8,9,26.218340451229377
R4,S8,10,28.695618665141378
R4,S8,11,32.37631706942429
R4,S8,12,32.79455853169818
R4,S8,13,32.89782665702458
R4,S8,14,32.26600679316323
R4,S8,15,29.61290176995578
R4,S8,16,28.4458978570553
R4,S8,17,25.472232646056117
R4,S8,18,22.373805099259318
R4,S8,19,0.0
R4,S8,20,0.0
R4,S8,21,0.0
R4,S8,22,0.0
R4,S8,23,0.0
R4,S8,24,0.0
R4,S9,1,0.0
R4,S9,2,0.0
R4,S9,3,0.0
R4,S9,4,0.0
R4,S9,5,0.0
R4,S9,6,0.0
R4,S9,7,21.775969832206396
R4,S9,8,24.65221726689495
R4,S9,9,27.76848249117751
R4,S9,10,28.30829594625832
R4,S9,11,43.591200191046475
R4,S9,12,42.51336217047945
R4,S9,13,42.26622000540703
R4,S9,14,40.504430608933916
R4,S9,15,30.197637009979225
R4,S9,16,26.52458124961736
R4,S9,17,23.80052522197153
R4,S9,18,23.30720411601437
R4,S9,19,0.0
R4,S9,20,0.0
R4,S9,21,0.0
R4,S9,22,0.0
R4,S9,23,0.0
R4,S9,24,0.0
R4,S10,1,0.0
R4,S10,2,0.0
R4,S10,3,0.0
R4,S10,4,0.0
R4,S10,5,0.0
R4,S10,6,0.0
R4,S10,7,21.38330910081931
R4,S10,8,25.370749265816627
R4,S10,9,25.890316686439938
R4,S10,10,28.59148028214171
R4,S10,11,31.55278716042937
R4,S10,12,33.977197557407756
R4,S10,13,32.873796062057664
R4,S10,14,31.831908340431607
R4,S10,15,29.970256359502784
R4,S10,16,27.500153233554943
R4,S10,17,25.276131163532487
R4,S10,18,22.82437865255416
R4,S10,19,0.0
R4,S10,20,0.0
R4,S10,21,0.0
R4,S10,22,0.0
R4,S10,23,0.0
R4,S10,24,0.0
R4,S11,1,0.0
R4,S11,2,0.0
R4,S11,3,0.0
R4,S11,4,0.0
R4,S11,5,0.0
R4,S11,6,0.0
R4,S11,7,21.74077359207549
R4,S11,8,24.999030264157383
R4,S11,9,28.48095053338554
R4,S11,10,28.06078917815312
R4,S11,11,32.72151763919128
R4,S11,12,35.50731893220045
R4,S11,13,32.78996673517778
R4,S11,14,30.866938312912577
R4,S11,15,30.84375392934027
R4,S11,16,26.179596937759097
R4,S11,17,24.97227294381259
R4,S11,18,21.84028907981553
R4,S11,19,0.0
R4,S11,20,0.0
R4,S11,21,0.0
R4,S11,22,0.0
R4,S11,23,0.0
R4,S11,24,0.0
R4,S12,1,0.0
R4,S12,2,0.0
R4,S12,3,0.0
R4,S12,4,0.0
R4,S12,5,0.0
R4,S12,6,0.0
R4,S12,7,8.027198751501281
R4,S12,8,8.58232208896696
R4,S12,9,9.329422631763334
R4,S12,10,9.96533554251538
R4,S12,11,10.607085866125988
R4,S12,12,12.342134380461838
R4,S12,13,11.913110004384908
R4,S12,14,10.762438199721428
R4,S12,15,10.524851552062978
R4,S12,16,9.481569833840094
R4,S12,17,8.48796418899658
R4,S12,18,7.843019531752166
R4,S12,19,0.0
R4,S12,20,0.0
R4,S12,21,0.0
R4,S12,22,0.0
R4,S12,23,0.0
R4,S12,24,0.0
R5,S1,1,39.02847109581871
R5,S1,2,43.09281138866776
R5,S1,3,45.861053269639726
R5,S1,4,48.32177921802947
R5,S1,5,49.29838871604239
R5,S1,6,54.24922375715903
R5,S1,7,52.88652300457046
R5,S1,8,56.20534837483608
R5,S1,9,54.23188900969191
R5,S1,10,56.00588816382968
R5,S1,11,57.7645265171064
R5,S1,12,62.270610269976636
R5,S1,13,65.35008558332379
R5,S1,14,62.80922952456586
R5,S1,15,58.3775878546227
R5,S1,16,58.17020021943505
R5,S1,17,55.46764498179752
R5,S1,18,55.707537938371665
R5,S1,19,41.254536270797495
R5,S1,20,43.333212810367435
R5,S1,21,40.06033587393698
R5,S1,22,41.18209376982596
R5,S1,23,36.70700775391226
R5,S1,24,36.793791449591836
R5,S2,1,37.259645963916476
R5,S2,2,43.51295478854084
R5,S2,3,43.783919315843164
R5,S2,4,50.04130356499574
R5,S2,5,51.03497463915585
R5,S2,6,56.07801137631086
R5,S2,7,52.9547913311857
R5,S2,8,55.6126805246327
R5,S2,9,56.44932619923922
R5,S2,10,58.42988145811827
R5,S2,11,62.28131636122609
R5,S2,12,62.15735320738356
R5,S2,13,62.81206096154939
R5,S2,14,63.736436928105974
R5,S2,15,60.438973421025594
R5,S2,16,56.47883049902378
R5,S2,17,57.57667045517385
R5,S2,18,54.61278281396662
R5,S2,19,43.15983798141
R5,S2,20,40.02713698529411
R5,S2,21,39.88001797042475
R5,S2,22,38.870714095783406
R5,S2,23,37.06405925065482
R5,S2,24,35.82581219929019
R5,S3,1,38.4831110925038
R5,S3,2,42.080771689485665
R5,S3,3,45.70815130253976
R5,S3,4,46.63299007700012
R5,S3,5,50.077825955194136
R5,S3,6,56.73077551106367
R5,S3,7,49.77581262177066
R5,S3,8,51.214174009192654
R5,S3,9,56.679359837362455
R5,S3,10,56.20770795921357
R5,S3,11,57.30369057730275
R5,S3,12,62.985376826455926
R5,S3,13,61.301529329079834
R5,S3,14,61.54245927986151
R5,S3,15,61.56852552471565
R5,S3,16,60.933132544658264
R5,S3,17,57.56412931885992
R5,S3,18,54.740631658890614
R5,S3,19,42.409216188174135
R5,S3,20,40.4660399030727
R5,S3,21,41.64121808491765
R5,S3,22,37.611475495146095
R5,S3,23,40.06311704540915
R5,S3,24,39.00386175514601
R5,S4,1,37.5169376121007
R5,S4,2,40.79294792692608
R5,S4,3,44.07642329299155
R5,S4,4,48.4933462155659
R5,S4,5,51.84745490690096
R5,S4,6,55.34183207617419
R5,S4,7,52.33089597616781
R5,S4,8,53.62056688699445
R5,S4,9,53.534284508339425
R5,S4,10,55.26138625244752
R5,S4,11,62.06153246972795
R5,S4,12,61.473086856685576
R5,S4,13,63.97928757145794
R5,S4,14,62.44882862525314
R5,S4,15,58.015271956522405
R5,S4,16,55.63819087504694
R5,S4,17,59.3450477549772
R5,S4,18,53.7304674701035
R5,S4,19,41.21222422038553
R5,S4,20,43.05253544375738
R5,S4,21,39.465208364830474
R5,S4,22,41.021668526635814
R5,S4,23,39.66637433624318
R5,S4,24,36.46640253051907
R5,S5,1,37.292420261163215
R5,S5,2,41.44421665758287
R5,S5,3,47.00886380720227
R5,S5,4,50.052380118209975
R5,S5,5,49.39413187733997
R5,S5,6,57.26468766304245
R5,S5,7,50.34788729615317
R5,S5,8,53.765200264535224
R5,S5,9,53.259591516415945
R5,S5,10,56.56837632540616
R5,S5,11,69.90333370428651
R5,S5,12,71.52272227042755
R5,S5,13,72.30621396745319
R5,S5,14,72.97937381448399
R5,S5,15,61.57111594278528
R5,S5,16,61.10288881858319
R5,S5,17,57.69745946731542
R5,S5,18,53.81123649372622
R5,S5,19,41.18634693478633
R5,S5,20,43.584550967640254
R5,S5,21,40.44020876034765
R5,S5,22,38.36727472325112
R5,S5,23,39.76260052332821
R5,S5,24,37.13695940350077
R5,S6,1,40.12970166868845
R5,S6,2,42.54642906914546
R5,S6,3,44.49676234845408
R5,S6,4,50.117667066551164
R5,S6,5,52.1433635685162
R5,S6,6,53.37510549224778
R5,S6,7,53.68880308472618
R5,S6,8,52.79984879149667
R5,S6,9,54.635604876767076
R5,S6,10,57.908192029782725
R5,S6,11,59.806350363934875
R5,S6,12,63.30878337491889
R5,S6,13,60.35770677317706
R5,S6,14,61.21059776058961
R5,S6,15,57.66863041233885
R5,S6,16,56.07758700924891
R5,S6,17,58.45009155594442
R5,S6,18,54.31038220492174
R5,S6,19,44.090474581477565
R5,S6,20,43.12832088122023
R5,S6,21,39.27038454828846
R5,S6,22,39.677411592319714
R5,S6,23,38.49767088956106
R5,S6,24,38.30949023924459
R5,S7,1,38.45350951221979
R5,S7,2,43.022077074796314
R5,S7,3,45.376841281468266
R5,S7,4,49.1972995688593
R5,S7,5,51.25803470481588
R5,S7,6,52.81562305031923
R5,S7,7,49.15742935530855
R5,S7,8,55.351483504197084
R5,S7,9,55.06256785675576
R5,S7,10,59.326280775887845
R5,S7,11,59.59632517544424
R5,S7,12,63.305505359399305
R5,S7,13,64.05291729577758
R5,S7,14,58.63680302465891
R5,S7,15,60.85618062418521
R5,S7,16,58.01525668607549
R5,S7,17,54.392713132240566
R5,S7,18,54.81911853425617
R5,S7,19,43.76379119690139
R5,S7,20,42.610167502303774
R5,S7,21,39.87065549365626
R5,S7,22,41.04027594508424
R5,S7,23,38.27232143382282
R5,S7,24,36.9555049641782
R5,S8,1,40.13235389359828
R5,S8,2,42.27398227295549
R5,S8,3,47.30439799614839
R5,S8,4,50.2290411731842
R5,S8,5,49.91710348502086
R5,S8,6,55.32940117325778
R5,S8,7,52.25339257519935
R5,S8,8,51.74081581487434
R5,S8,9,54.56555753981084
R5,S8,10,55.969787245996066
R5,S8,11,57.88842327790077
R5,S8,12,63.244752249652095
R5,S8,13,62.98488132316199
R5,S8,14,63.69935826345669
R5,S8,15,61.304208311005496
R5,S8,16,58.922867101966695
R5,S8,17,54.44733933960454
R5,S8,18,52.846294206496516
R5,S8,19,42.72943096030481
R5,S8,20,40.739697079746534
R5,S8,21,41.883718690825305
R5,S8,22,38.4972907251365
R5,S8,23,37.138809908046575
R5,S8,24,36.872225399574894
R5,S9,1,37.823939133091926
R5,S9,2,43.26588597941006
R5,S9,3,43.85979064127673
R5,S9,4,49.54438518056028
R5,S9,5,49.682213156507956
R5,S9,6,55.918425365085554
R5,S9,7,50.35894532625469
R5,S9,8,51.42245084464073
R5,S9,9,56.64674441803449
R5,S9,10,58.64125092755088
R5,S9,11,66.42659622968601
R5,S9,12,70.54446382827656
R5,S9,13,74.05613527772337
R5,S9,14,69.82180636008184
R5,S9,15,61.79849410343863
R5,S9,16,56.07676847788104
R5,S9,17,55.35654134394521
R5,S9,18,56.528567650707686
R5,S9,19,43.56298690124174
R5,S9,20,43.38041232738089
R5,S9,21,38.71606701935115
R5,S9,22,40.84801471211586
R5,S9,23,40.012423760498365
R5,S9,24,38.83758324873634
R5,S10,1,37.022779490790796
R5,S10,2,42.99652250341331
R5,S10,3,46.886219115264176
R5,S10,4,50.24511885231625
R5,S10,5,49.338290031787054
R5,S10,6,55.84461818775422
R5,S10,7,51.95923869515517
R5,S10,8,52.994553460637306
R5,S10,9,54.165355950944075
R5,S10,10,59.386459626538205
R5,S10,11,58.93703551933835
R5,S10,12,62.28533265901119
R5,S10,13,64.54352051417236
R5,S10,14,60.64861716094693
R5,S10,15,57.80026741920477
R5,S10,16,57.50667648588513
R5,S10,17,54.93839347355372
R5,S10,18,54.25431411068514
R5,S10,19,43.63416430488153
R5,S10,20,42.780924625382276
R5,S10,21,42.05392843843534
R5,S10,22,37.93094555454632
R5,S10,23,37.20403729291252
R5,S10,24,36.835211690582526
R5,S11,1,38.225347543172575
R5,S11,2,42.117158918760474
R5,S11,3,45.63655059103234
R5,S11,4,50.22912946358941
R5,S11,5,51.167410772170484
R5,S11,6,55.63389409120624
R5,S11,7,50.921295728560985
R5,S11,8,53.177542933288734
R5,S11,9,54.57431258922162
R5,S11,10,59.484441266888325
R5,S11,11,60.910611782521975
R5,S11,12,58.86655347120725
R5,S11,13,60.72284056311935
R5,S11,14,63.00011900859248
R5,S11,15,58.91715996974808
R5,S11,16,60.88994245745534
R5,S11,17,57.747010424698416
R5,S11,18,56.04162201544244
R5,S11,19,43.12735992112281
R5,S11,20,40.860107874161585
R5,S11,21,41.42153236804609
R5,S11,22,39.06927051082303
R5,S11,23,36.691178655572116
R5,S11,24,37.103070128347284
R5,S12,1,13.541834274617708
R5,S12,2,15.3109146793208
R5,S12,3,15.170173432090538
R5,S12,4,16.36508863242003
R5,S12,5,17.951470289354706
R5,S12,6,19.434319181640593
R5,S12,7,18.677991615670784
R5,S12,8,18.475406082211123
R5,S12,9,19.467815889940766
R5,S12,10,20.711458801145262
R5,S12,11,21.55901219069072
R5,S12,12,22.109067279120797
R5,S12,13,21.470912188853585
R5,S12,14,22.360895169596343
R5,S12,15,21.942526114096655
R5,S12,16,21.08057096564087
R5,S12,17,20.50025105167935
R5,S12,18,18.868343196475188
R5,S12,19,14.341735942932065
R5,S12,20,15.154315450093158
R5,S12,21,14.258603663098093
R5,S12,22,13.315344988466558
R5,S12,23,14.083546837806368
R5,S12,24,13.145248228500739
R6,S1,1,0.0
R6,S1,2,0.0
R6,S1,3,0.0
R6,S1,4,0.0
R6,S1,5,0.0
R6,S1,6,0.0
R6,S1,7,24.171855209787307
R6,S1,8,26.909110093084905
R6,S1,9,28.187026981427856
R6,S1,10,30.50930958903768
R6,S1,11,32.91919314918167
R6,S1,12,34.88860199924351
R6,S1,13,34.86993848535978
R6,S1,14,32.90232141306147
R6,S1,15,30.052284045465257
R6,S1,16,28.31618671435385
R6,S1,17,25.42627622166854
R6,S1,18,22.59825045522871
R6,S1,19,0.0
R6,S1,20,0.0
R6,S1,21,0.0
R6,S1,22,0.0
R6,S1,23,0.0
R6,S1,24,0.0
R6,S2,1,0.0
R6,S2,2,0.0
R6,S2,3,0.0
R6,S2,4,0.0
R6,S2,5,0.0
R6,S2,6,0.0
R6,S2,7,23.578107555811716
R6,S2,8,26.39887527433916
R6,S2,9,29.741660663300767
R6,S2,10,30.244236843046007
R6,S2,11,33.12261624313569
R6,S2,12,35.64788432496717
R6,S2,13,35.73529736965508
R6,S2,14,34.243541150315295
R6,S2,15,31.36050726671429
R6,S2,16,27.76873218440387
R6,S2,17,25.464257002726363
R6,S2,18,22.910821581169305
R6,S2,19,0.0
R6,S2,20,0.0
R6,S2,21,0.0
R6,S2,22,0.0
R6,S2,23,0.0
R6,S2,24,0.0
R6,S3,1,0.0
R6,S3,2,0.0
R6,S3,3,0.0
R6,S3,4,0.0
R6,S3,5,0.0
R6,S3,6,0.0
R6,S3,7,22.952814766374996
R6,S3,8,25.1225900404103
R6,S3,9,28.10730751174978
R6,S3,10,32.447977174987074
R6,S3,11,34.21633556534267
R6,S3,12,35.91410787984938
R6,S3,13,35.746509564178375
R6,S3,14,32.35958440791607
R6,S3,15,30.005742171878143
R6,S3,16,27.45030474389613
R6,S3,17,25.808666870083332
R6,S3,18,22.487914703203394
R6,S3,19,0.0
R6,S3,20,0.0
R6,S3,21,0.0
R6,S3,22,0.0
R6,S3,23,0.0
R6,S3,24,0.0
R6,S4,1,0.0
R6,S4,2,0.0
R6,S4,3,0.0
R6,S4,4,0.0
R6,S4,5,0.0
R6,S4,6,0.0
R6,S4,7,22.636547673039495
R6,S4,8,26.077016255012236
R6,S4,9,28.4124750263617
R6,S4,10,32.164737882465694
R6,S4,11,32.26586766476118
R6,S4,12,37.58331263526979
R6,S4,13,34.18753727082721
R6,S4,14,33.46322428037178
R6,S4,15,31.69877825908448
R6,S4,16,29.0598409347041
R6,S4,17,26.927744695315088
R6,S4,18,23.70418183226873
R6,S4,19,0.0
R6,S4,20,0.0
R6,S4,21,0.0
R6,S4,22,0.0
R6,S4,23,0.0
R6,S4,24,0.0
R6,S5,1,0.0
R6,S5,2,0.0
R6,S5,3,0.0
R6,S5,4,0.0
R6,S5,5,0.0
R6,S5,6,0.0
R6,S5,7,23.405285943759168
R6,S5,8,25.845228509858426
R6,S5,9,28.783812704911956
R6,S5,10,31.83008493325156
R6,S5,11,45.477704893076684
R6,S5,12,45.658691058450145
R6,S5,13,47.935130739709095
R6,S5,14,45.072277347263714
R6,S5,15,31.382986667539406
R6,S5,16,27.43795950132135
R6,S5,17,26.254573176429492
R6,S5,18,22.88731008302424
R6,S5,19,0.0
R6,S5,20,0.0
R6,S5,21,0.0
R6,S5,22,0.0
R6,S5,23,0.0
R6,S5,24,0.0
R6,S6,1,0.0
R6,S6,2,0.0
R6,S6,3,0.0
R6,S6,4,0.0
R6,S6,5,0.0
R6,S6,6,0.0
R6,S6,7,23.048432265051794
R6,S6,8,26.321849749438325
R6,S6,9,28.11659939373167
R6,S6,10,31.086912328895643
R6,S6,11,32.576395809871045
R6,S6,12,36.759555701802334
R6,S6,13,36.67073831685116
R6,S6,14,33.74215028684348
R6,S6,15,31.767444856568243
R6,S6,16,29.61803575770404
R6,S6,17,25.415745006897062
R6,S6,18,24.738260728910213
R6,S6,19,0.0
R6,S6,20,0.0
R6,S6,21,0.0
R6,S6,22,0.0
R6,S6,23,0.0
R6,S6,24,0.0
R6,S7,1,0.0
R6,S7,2,0.0
R6,S7,3,0.0
R6,S7,4,0.0
R6,S7,5,0.0
R6,S7,6,0.0
R6,S7,7,22.561210873142553
R6,S7,8,26.70753852081354
R6,S7,9,28.250802230880232
R6,S7,10,30.605142301821903
R6,S7,11,33.81155770399585
R6,S7,12,34.14868428500687
R6,S7,13,36.831057193676685
R6,S7,14,34.13780413385694
R6,S7,15,29.73697527514669
R6,S7,16,28.98095211288796
R6,S7,17,24.911292355722303
R6,S7,18,23.752769021998784
R6,S7,19,0.0
R6,S7,20,0.0
R6,S7,21,0.0
R6,S7,22,0.0
R6,S7,23,0.0
R6,S7,24,0.0
R6,S8,1,0.0
R6,S8,2,0.0
R6,S8,3,0.0
R6,S8,4,0.0
R6,S8,5,0.0
R6,S8,6,0.0
R6,S8,7,23.81119101255326
R6,S8,8,25.32198548870752
R6,S8,9,27.93269971305613
R6,S8,10,31.93870253318241
R6,S8,11,31.94956528911209
R6,S8,12,34.22178816587598
R6,S8,13,34.20970762984075
R6,S8,14,32.91343330694046
R6,S8,15,32.02677713283205
R6,S8,16,27.593168018025644
R6,S8,17,26.256550468257583
R6,S8,18,24.011823427207375
R6,S8,19,0.0
R6,S8,20,0.0
R6,S8,21,0.0
R6,S8,22,0.0
R6,S8,23,0.0
R6,S8,24,0.0
R6,S9,1,0.0
R6,S9,2,0.0
R6,S9,3,0.0
R6,S9,4,0.0
R6,S9,5,0.0
R6,S9,6,0.0
R6,S9,7,22.71150739735226
R6,S9,8,24.76558218614727
R6,S9,9,29.285655156298198
R6,S9,10,31.816403734734
R6,S9,11,44.222080947159014
R6,S9,12,46.07018458964603
R6,S9,13,48.25407568953532
R6,S9,14,41.868721003115006
R6,S9,15,29.42402899582101
R6,S9,16,28.353001706265132
R6,S9,17,25.510728498853638
R6,S9,18,23.280831203332436
R6,S9,19,0.0
R6,S9,20,0.0
R6,S9,21,0.0
R6,S9,22,0.0
R6,S9,23,0.0
R6,S9,24,0.0
R6,S10,1,0.0
R6,S10,2,0.0
R6,S10,3,0.0
R6,S10,4,0.0
R6,S10,5,0.0
R6,S10,6,0.0
R6,S10,7,24.48470364971042
R6,S10,8,26.93008074669948
R6,S10,9,28.716075740924556
R6,S10,10,30.303962706792024
R6,S10,11,33.76103975259272
R6,S10,12,35.4989298386245
R6,S10,13,34.68159900333637
R6,S10,14,32.03928132885065
R6,S10,15,29.789711556562597
R6,S10,16,28.122767536464412
R6,S10,17,25.20591618139218
R6,S10,18,23.680220942307585
R6,S10,19,0.0
R6,S10,20,0.0
R6,S10,21,0.0
R6,S10,22,0.0
R6,S10,23,0.0
R6,S10,24,0.0
R6,S11,1,0.0
R6,S11,2,0.0
R6,S11,3,0.0
R6,S11,4,0.0
R6,S11,5,0.0
R6,S11,6,0.0
R6,S11,7,23.26487273427039
R6,S11,8,26.818141386445348
R6,S11,9,29.30718662190281
R6,S11,10,31.657245778758345
R6,S11,11,32.45393582384843
R6,S11,12,37.13543077456932
R6,S11,13,35.78348566879996
R6,S11,14,32.867270560990946
R6,S11,15,32.053753434967604
R6,S11,16,27.839621184501226
R6,S11,17,25.532589101165108
R6,S11,18,23.426352308850753
R6,S11,19,0.0
R6,S11,20,0.0
R6,S11,21,0.0
R6,S11,22,0.0
R6,S11,23,0.0
R6,S11,24,0.0
R6,S12,1,0.0
R6,S12,2,0.0
R6,S12,3,0.0
R6,S12,4,0.0
R6,S12,5,0.0
R6,S12,6,0.0
R6,S12,7,8.135424834333314
R6,S12,8,8.692863875471263
R6,S12,9,9.788289905449407
R6,S12,10,11.263784712044089
R6,S12,11,11.125347035322545
R6,S12,12,12.872912297997024
R6,S12,13,12.163380259835893
R6,S12,14,11.115031729347802
R6,S12,15,10.75040229129616
R6,S12,16,9.62242854828961
R6,S12,17,8.730556419051457
R6,S12,18,8.63876050979662
R6,S12,19,0.0
R6,S12,20,0.0
R6,S12,21,0.0
R6,S12,22,0.0
R6,S12,23,0.0
R6,S12,24,0.0
R7,S1,1,41.47104177042305
R7,S1,2,44.362795612663405
R7,S1,3,45.36073404227034
R7,S1,4,52.831853899531566
R7,S1,5,54.27063074861028
R7,S1,6,57.261077417479136
R7,S1,7,51.745811451557685
R7,S1,8,54.7376548852972
R7,S1,9,58.14363178713342
R7,S1,10,59.622955232701784
R7,S1,11,62.51403127299262
R7,S1,12,63.713929737440374
R7,S1,13,63.6272781459592
R7,S1,14,61.39006010942181
R7,S1,15,64.24371218261788
R7,S1,16,63.21921516277011
R7,S1,17,59.253550669494665
R7,S1,18,57.62879414060169
R7,S1,19,42.60849441245136
R7,S1,20,41.719739499719864
R7,S1,21,42.74936514545659
R7,S1,22,42.59725581949231
R7,S1,23,39.14417055104782
R7,S1,24,38.68136402051697
R7,S2,1,39.18562035561857
R7,S2,2,43.80014616940352
R7,S2,3,47.21586063227676
R7,S2,4,50.57292482899325
R7,S2,5,54.89301894740029
R7,S2,6,54.714392903261
R7,S2,7,53.74569757741693
R7,S2,8,53.734957676329614
R7,S2,9,58.445173832677554
R7,S2,10,62.232990120054176
R7,S2,11,61.663319870131545
R7,S2,12,67.41954730768096
R7,S2,13,64.52199249443431
R7,S2,14,61.840446258572236
R7,S2,15,61.08922029249315
R7,S2,16,63.79841247734971
R7,S2,17,61.13776307125627
R7,S2,18,55.00980760580047
R7,S2,19,43.93292676422728
R7,S2,20,41.718189410508494
R7,S2,21,42.183682281582065
R7,S2,22,40.586539590212766
R7,S2,23,41.60502746018883
R7,S2,24,38.30638223816979
R7,S3,1,41.88301661369694
R7,S3,2,43.26926125009007
R7,S3,3,46.39683429436626
R7,S3,4,52.03635728905836
R7,S3,5,53.955918114964376
R7,S3,6,58.373784223643796
R7,S3,7,52.149959952601925
R7,S3,8,54.1147745549191
R7,S3,9,60.780272910367096
R7,S3,10,61.86020784697452
R7,S3,11,64.86591987474482
R7,S3,12,63.06565338911477
R7,S3,13,64.59973836170735
R7,S3,14,62.71398217657301
R7,S3,15,61.49896375463966
R7,S3,16,60.69998404765431
R7,S3,17,59.14279972951564
R7,S3,18,59.7576116648149
R7,S3,19,43.68902467591553
R7,S3,20,45.40819391868571
R7,S3,21,42.4157409111162
R7,S3,22,39.52760209720039
R7,S3,23,38.766429509372195
R7,S3,24,38.482298297430845
R7,S4,1,40.256181652540185
R7,S4,2,46.10876031673948
R7,S4,3,46.09380301609571
R7,S4,4,51.74457128216792
R7,S4,5,56.323811113873965
R7,S4,6,59.55882437744048
R7,S4,7,54.91380527753636
R7,S4,8,53.507695885791435
R7,S4,9,58.97355775265718
R7,S4,10,61.116515193931185
R7,S4,11,62.87915441619848
R7,S4,12,61.584969179001504
R7,S4,13,67.40412218767347
R7,S4,14,63.316182674041194
R7,S4,15,61.052999849015464
R7,S4,16,59.3735031670828
R7,S4,17,61.41727978042595
R7,S4,18,59.259768458631065
R7,S4,19,45.03308335810753
R7,S4,20,44.61393104364242
R7,S4,21,43.466350843089955
R7,S4,22,41.09712955486893
R7,S4,23,41.93943078016993
R7,S4,24,37.422569203659876
R7,S5,1,41.07300504409357
R7,S5,2,43.28737979286231
R7,S5,3,48.15632419290055
R7,S5,4,53.136479476818764
R7,S5,5,54.072030195498236
R7,S5,6,57.018965867143784
R7,S5,7,56.20564390095337
R7,S5,8,56.93496333038001
R7,S5,9,56.36882944223915
R7,S5,10,59.12961257137647
R7,S5,11,69.94950087166133
R7,S5,12,73.00724095798243
R7,S5,13,79.34873306498754
R7,S5,14,75.97595393070246
R7,S5,15,62.38970906934393
R7,S5,16,59.85866724749651
R7,S5,17,60.44666349647281
R7,S5,18,59.825977220200144
R7,S5,19,46.54042122132484
R7,S5,20,43.04782645084765
R7,S5,21,41.027283754415954
R7,S5,22,41.473142867897714
R7,S5,23,39.26919054698281
R7,S5,24,38.63955929218564
R7,S6,1,38.65790741332417
R7,S6,2,42.44855512247063
R7,S6,3,45.71075587987736
R7,S6,4,49.778478100087774
R7,S6,5,54.63414128031421
R7,S6,6,54.73546885669787
R7,S6,7,55.89050192101243
R7,S6,8,53.79356436755606
R7,S6,9,57.19490652464571
R7,S6,10,59.17832693542299
R7,S6,11,65.35776573165161
R7,S6,12,63.43671620953501
R7,S6,13,67.38580534870242
R7,S6,14,61.49688998114902
R7,S6,15,65.10971999148543
R7,S6,16,63.220286791972306
R7,S6,17,56.59772591999703
R7,S6,18,57.06849426720131
R7,S6,19,46.43665339529281
R7,S6,20,44.14439783283679
R7,S6,21,43.43397157954396
R7,S6,22,41.181036641039256
R7,S6,23,38.67370295373084
R7,S6,24,39.66282775998904
R7,S7,1,41.10210746179633
R7,S7,2,45.30865394120349
R7,S7,3,47.25833462880186
R7,S7,4,51.72773974469643
R7,S7,5,51.958447345294466
R7,S7,6,59.9419614949743
R7,S7,7,53.69886901311785
R7,S7,8,53.57560238035434
R7,S7,9,55.66023042044222
R7,S7,10,60.03592297232615
R7,S7,11,60.42132194923138
R7,S7,12,61.83578592935153
R7,S7,13,68.63164182836607
R7,S7,14,67.048467306264
R7,S7,15,64.57708561938054
R7,S7,16,60.70289867290147
R7,S7,17,59.720834757191945
R7,S7,18,58.47284782242582
R7,S7,19,43.783186161052036
R7,S7,20,44.252266272264464
R7,S7,21,42.01480877367385
R7,S7,22,43.242074440190436
R7,S7,23,40.948979152988464
R7,S7,24,40.10990308966233
R7,S8,1,39.8832037632931
R7,S8,2,42.71850797272328
R7,S8,3,48.41667329174059
R7,S8,4,50.165628305753906
R7,S8,5,56.29727709278885
R7,S8,6,55.726611677250204
R7,S8,7,52.617829854085514
R7,S8,8,54.64920846879986
R7,S8,9,60.8322833205111
R7,S8,10,60.006788789568404
R7,S8,11,60.64592768736581
R7,S8,12,66.9522145229389
R7,S8,13,66.45231330921732
R7,S8,14,61.72799058996774
R7,S8,15,63.46511650612682
R7,S8,16,60.109062721916885
R7,S8,17,58.54717529539129
R7,S8,18,58.77705730583328
R7,S8,19,42.88874893902616
R7,S8,20,44.962579748255685
R7,S8,21,44.18561504351053
R7,S8,22,40.723494658372246
R7,S8,23,40.17917865464176
R7,S8,24,39.81171440687466
R7,S9,1,40.80746452136009
R7,S9,2,42.03430839292043
R7,S9,3,45.458878343728195
R7,S9,4,50.22485690094103
R7,S9,5,56.771174263357025
R7,S9,6,57.15850602227009
R7,S9,7,56.4410645195837
R7,S9,8,55.93920079900062
R7,S9,9,56.677752683449825
R7,S9,10,62.7296170341771
R7,S9,11,76.68319318570657
R7,S9,12,74.46455321250541
R7,S9,13,80.0011274736972
R7,S9,14,72.37876624413262
R7,S9,15,62.1187783324669
R7,S9,16,62.85743266298716
R7,S9,17,57.80760746791515
R7,S9,18,59.6412342225013
R7,S9,19,43.005736660533394
R7,S9,20,41.58417972709031
R7,S9,21,42.62291308021047
R7,S9,22,41.40162437809482
R7,S9,23,40.4352015448568
R7,S9,24,39.57450072964368
R7,S10,1,39.321273365162334
R7,S10,2,44.468518569606296
R7,S10,3,46.95920581828364
R7,S10,4,51.772104444253344
R7,S10,5,52.50245927507328
R7,S10,6,58.31087642996118
R7,S10,7,52.579920087415175
R7,S10,8,57.57421436191214
R7,S10,9,57.72830425942192
R7,S10,10,61.71120518592578
R7,S10,11,60.70011114597758
R7,S10,12,65.73887953542777
R7,S10,13,66.62447511393006
R7,S10,14,66.24163323023112
R7,S10,15,59.76011518281801
R7,S10,16,61.342651632899944
R7,S10,17,61.270701983278514
R7,S10,18,57.796008760103554
R7,S10,19,44.45709814936901
R7,S10,20,44.87471954056563
R7,S10,21,41.57517522495356
R7,S10,22,41.707601404550815
R7,S10,23,39.83978668725824
R7,S10,24,39.289789402842224
R7,S11,1,42.56120072428291
R7,S11,2,44.486117914215356
R7,S11,3,46.801620378898576
R7,S11,4,51.356136071647
R7,S11,5,54.920358376197505
R7,S11,6,56.87303483577171
R7,S11,7,55.93761967951936
R7,S11,8,56.79801402423565
R7,S11,9,56.68528533834307
R7,S11,10,63.14676405809431
R7,S11,11,64.33102443423059
R7,S11,12,64.99230615663305
R7,S11,13,67.92013034790341
R7,S11,14,63.262393670547794
R7,S11,15,62.31784492861647
R7,S11,16,61.763273386412045
R7,S11,17,57.233249989229996
R7,S11,18,55.0813480633408
R7,S11,19,46.70150062333984
R7,S11,20,45.60682864252098
R7,S11,21,42.1736489116562
R7,S11,22,41.05268382528105
R7,S11,23,40.634231185127845
R7,S11,24,40.60592297934722
R7,S12,1,14.216800344214557
R7,S12,2,15.237786429653914
R7,S12,3,16.12492543320233
R7,S12,4,18.277417057025126
R7,S12,5,18.05710675026871
R7,S12,6,20.28245235653661
R7,S12,7,19.540010183567304
R7,S12,8,19.584133914021585
R7,S12,9,21.12020169310306
R7,S12,10,20.982897264470637
R7,S12,11,22.343171122345947
R7,S12,12,21.700287401373313
R7,S12,13,22.595139035877573
R7,S12,14,22.81548695998387
R7,S12,15,21.31929435511886
R7,S12,16,20.407884378512943
R7,S12,17,21.37628781181132
R7,S12,18,19.920196956651765
R7,S12,19,15.639170117136224
R7,S12,20,14.888384937463211
R7,S12,21,15.570565081322984
R7,S12,22,15.225453735142
R7,S12,23,13.8751717742651
R7,S12,24,13.699480594544537
R8,S1,1,0.0
R8,S1,2,0.0
R8,S1,3,0.0
R8,S1,4,0.0
R8,S1,5,0.0
R8,S1,6,0.0
R8,S1,7,25.166671125323255
R8,S1,8,26.264948534307525
R8,S1,9,29.347699748645006
R8,S1,10,33.202963150839786
R8,S1,11,35.21603672977259
R8,S1,12,38.34521594840458
R8,S1,13,38.080503231766926
R8,S1,14,35.41664093149423
R8,S1,15,33.41595730702819
R8,S1,16,29.593370302831165
R8,S1,17,28.653521044898838
R8,S1,18,24.100443390843928
R8,S1,19,0.0
R8,S1,20,0.0
R8,S1,21,0.0
R8,S1,22,0.0
R8,S1,23,0.0
R8,S1,24,0.0
R8,S2,1,0.0
R8,S2,2,0.0
R8,S2,3,0.0
R8,S2,4,0.0
R8,S2,5,0.0
R8,S2,6,0.0
R8,S2,7,24.461565083350663
R8,S2,8,26.775649657052895
R8,S2,9,30.76560417669383
R8,S2,10,31.69261740799357
R8,S2,11,34.58226120764082
R8,S2,12,38.68128767265001
R8,S2,13,35.84169386457885
R8,S2,14,34.11470679044597
R8,S2,15,32.847456344132176
R8,S2,16,31.167867868969847
R8,S2,17,27.59282748956083
R8,S2,18,24.83465473316323
R8,S2,19,0.0
R8,S2,20,0.0
R8,S2,21,0.0
R8,S2,22,0.0
R8,S2,23,0.0
R8,S2,24,0.0
R8,S3,1,0.0
R8,S3,2,0.0
R8,S3,3,0.0
R8,S3,4,0.0
R8,S3,5,0.0
R8,S3,6,0.0
R8,S3,7,23.533104070700862
R8,S3,8,28.64618542713844
R8,S3,9,30.292357533252808
R8,S3,10,31.73135743106366
R8,S3,11,36.647716813143525
R8,S3,12,36.59454130254614
R8,S3,13,37.093126086095154
R8,S3,14,35.12584069704806
R8,S3,15,33.92358748561894
R8,S3,16,29.81600831721795
R8,S3,17,26.29612070798451
R8,S3,18,24.337858615447033
R8,S3,19,0.0
R8,S3,20,0.0
R8,S3,21,0.0
R8,S3,22,0.0
R8,S3,23,0.0
R8,S3,24,0.0
R8,S4,1,0.0
R8,S4,2,0.0
R8,S4,3,0.0
R8,S4,4,0.0
R8,S4,5,0.0
R8,S4,6,0.0
R8,S4,7,25.280931818301447
R8,S4,8,27.283600558979803
R8,S4,9,30.29228332559193
R8,S4,10,33.43933341289537
R8,S4,11,35.766931642606316
R8,S4,12,37.820161451161596
R8,S4,13,37.038438402845316
R8,S4,14,34.320069623770266
R8,S4,15,31.05479411319384
R8,S4,16,29.843354621015735
R8,S4,17,26.256609701009875
R8,S4,18,23.653559080127724
R8,S4,19,0.0
R8,S4,20,0.0
R8,S4,21,0.0
R8,S4,22,0.0
R8,S4,23,0.0
R8,S4,24,0.0
R8,S5,1,0.0
R8,S5,2,0.0
R8,S5,3,0.0
R8,S5,4,0.0
R8,S5,5,0.0
R8,S5,6,0.0
R8,S5,7,24.02809676887129
R8,S5,8,28.078313032263313
R8,S5,9,29.480445480954778
R8,S5,10,32.593099476838184
R8,S5,11,44.84505390077025
R8,S5,12,47.288163097471426
R8,S5,13,47.30562326085113
R8,S5,14,47.98252300021681
R8,S5,15,31.895390611286356
R8,S5,16,30.54646925393833
R8,S5,17,26.879882429565253
R8,S5,18,23.848498008668365
R8,S5,19,0.0
R8,S5,20,0.0
R8,S5,21,0.0
R8,S5,22,0.0
R8,S5,23,0.0
R8,S5,24,0.0
R8,S6,1,0.0
R8,S6,2,0.0
R8,S6,3,0.0
R8,S6,4,0.0
R8,S6,5,0.0
R8,S6,6,0.0
R8,S6,7,23.679315899815577
R8,S6,8,26.392432341420367
R8,S6,9,30.74316904464252
R8,S6,10,32.235316628799914
R8,S6,11,34.62501597559057
R8,S6,12,39.052099388150886
R8,S6,13,38.117856995363596
R8,S6,14,36.15098030189563
R8,S6,15,32.99803493337204
R8,S6,16,30.61836404569659
R8,S6,17,27.54553118389035
R8,S6,18,24.81904864064721
R8,S6,19,0.0
R8,S6,20,0.0
R8,S6,21,0.0
R8,S6,22,0.0
R8,S6,23,0.0
R8,S6,24,0.0
R8,S7,1,0.0
R8,S7,2,0.0
R8,S7,3,0.0
R8,S7,4,0.0
R8,S7,5,0.0
R8,S7,6,0.0
R8,S7,7,25.47850731334309
R8,S7,8,26.577277261072876
R8,S7,9,28.511497944220327
R8,S7,10,30.877781210130777
R8,S7,11,33.8650315798738
R8,S7,12,38.743664495490265
R8,S7,13,38.459829434866016
R8,S7,14,35.95355649218204
R8,S7,15,32.78056245517723
R8,S7,16,30.58461634099357
R8,S7,17,27.028865887169957
R8,S7,18,25.201795256215828
R8,S7,19,0.0
R8,S7,20,0.0
R8,S7,21,0.0
R8,S7,22,0.0
R8,S7,23,0.0
R8,S7,24,0.0
R8,S8,1,0.0
R8,S8,2,0.0
R8,S8,3,0.0
R8,S8,4,0.0
R8,S8,5,0.0
R8,S8,6,0.0
R8,S8,7,25.360486130373957
R8,S8,8,26.186473837501453
R8,S8,9,29.426005862845148
R8,S8,10,31.028208263590052
R8,S8,11,34.241512398717596
R8,S8,12,35.93048881386709
R8,S8,13,36.1430830955046
R8,S8,14,33.496175337877474
R8,S8,15,32.525489277292664
R8,S8,16,28.41595062872165
R8,S8,17,26.883186141702886
R8,S8,18,25.958705280325844
R8,S8,19,0.0
R8,S8,20,0.0
R8,S8,21,0.0
R8,S8,22,0.0
R8,S8,23,0.0
R8,S8,24,0.0
R8,S9,1,0.0
R8,S9,2,0.0
R8,S9,3,0.0
R8,S9,4,0.0
R8,S9,5,0.0
R8,S9,6,0.0
R8,S9,7,25.276735697012704
R8,S9,8,27.94561775784621
R8,S9,9,29.031404024577522
R8,S9,10,32.11830740725775
R8,S9,11,46.1119374143975
R8,S9,12,46.97484727191705
R8,S9,13,47.558048549240624
R8,S9,14,48.22909917140611
R8,S9,15,30.939253539084323
R8,S9,16,29.93962210825915
R8,S9,17,26.91072517960542
R8,S9,18,25.247014127289575
R8,S9,19,0.0
R8,S9,20,0.0
R8,S9,21,0.0
R8,S9,22,0.0
R8,S9,23,0.0
R8,S9,24,0.0
R8,S10,1,0.0
R8,S10,2,0.0
R8,S10,3,0.0
R8,S10,4,0.0
R8,S10,5,0.0
R8,S10,6,0.0
R8,S10,7,24.12331752658385
R8,S10,8,28.45743057190219
R8,S10,9,29.11380497870605
R8,S10,10,32.201916286066314
R8,S10,11,34.99721143337961
R8,S10,12,38.586871026310945
R8,S10,13,38.09801931525861
R8,S10,14,34.12376012246899
R8,S10,15,30.91140895236686
R8,S10,16,29.01369733648406
R8,S10,17,26.044830386240545
R8,S10,18,25.13440640119745
R8,S10,19,0.0
R8,S10,20,0.0
R8,S10,21,0.0
R8,S10,22,0.0
R8,S10,23,0.0
R8,S10,24,0.0
R8,S11,1,0.0
R8,S11,2,0.0
R8,S11,3,0.0
R8,S11,4,0.0
R8,S11,5,0.0
R8,S11,6,0.0
R8,S11,7,25.841188535075965
R8,S11,8,28.177737148829774
R8,S11,9,29.598013360799634
R8,S11,10,33.84126919789285
R8,S11,11,36.6087822132888
R8,S11,12,39.3239441601942
R8,S11,13,36.912113868887666
R8,S11,14,34.152222335212834
R8,S11,15,30.811342819218872
R8,S11,16,29.622565739130273
R8,S11,17,28.067272065198907
R8,S11,18,25.475096319683974
R8,S11,19,0.0
R8,S11,20,0.0
R8,S11,21,0.0
R8,S11,22,0.0
R8,S11,23,0.0
R8,S11,24,0.0
R8,S12,1,0.0
R8,S12,2,0.0
R8,S12,3,0.0
R8,S12,4,0.0
R8,S12,5,0.0
R8,S12,6,0.0
R8,S12,7,8.317270241588025
R8,S12,8,9.930070995225698
R8,S12,9,10.628367384281749
R8,S12,10,11.63177061774226
R8,S12,11,11.836985399199376
R8,S12,12,12.577388183633639
R8,S12,13,12.587974226017169
R8,S12,14,12.372550717791684
R8,S12,15,11.078312575072568
R8,S12,16,10.75913784194081
R8,S12,17,9.179254532831047
R8,S12,18,8.631719088052026
R8,S12,19,0.0
R8,S12,20,0.0
R8,S12,21,0.0
R8,S12,22,0.0
R8,S12,23,0.0
R8,S12,24,0.0
R9,S1,1,43.93779974702353
R9,S1,2,45.13446205546384
R9,S1,3,51.58866248495831
R9,S1,4,54.83528757815776
R9,S1,5,55.9105392866707
R9,S1,6,61.8377337551333
R9,S1,7,54.325858939369645
R9,S1,8,55.926891947036935
R9,S1,9,58.92569106056303
R9,S1,10,62.40235332432939
R9,S1,11,66.61115286096364
R9,S1,12,68.27847640946173
R9,S1,13,69.27917513474993
R9,S1,14,68.85252986391873
R9,S1,15,64.5557890580118
R9,S1,16,63.09402036715172
R9,S1,17,62.12734516052776
R9,S1,18,58.23428889309094
R9,S1,19,48.275762975699095
R9,S1,20,47.74715734711558
R9,S1,21,44.874135080355124
R9,S1,22,41.560657444997716
R9,S1,23,41.60090167173754
R9,S1,24,39.478438068479
R9,S2,1,43.041650449948406
R9,S2,2,46.82813323499173
R9,S2,3,48.77336859109433
R9,S2,4,51.349416542119506
R9,S2,5,57.45551270073177
R9,S2,6,58.349427207609935
R9,S2,7,57.1667140469182
R9,S2,8,55.902724426064545
R9,S2,9,63.39198148184862
R9,S2,10,64.4475457839725
R9,S2,11,63.29673843093693
R9,S2,12,68.08786680922198
R9,S2,13,67.57362193652732
R9,S2,14,68.775053578881
R9,S2,15,68.37560591150861
R9,S2,16,66.50182629986693
R9,S2,17,61.38716586709208
R9,S2,18,60.64191133059593
R9,S2,19,45.03970586269371
R9,S2,20,46.08798230518262
R9,S2,21,45.45008149636739
R9,S2,22,45.49500419059135
R9,S2,23,40.824595692308854
R9,S2,24,41.11744968527079
R9,S3,1,42.89507019783568
R9,S3,2,45.716858161061346
R9,S3,3,50.99904679487133
R9,S3,4,53.78932364756822
R9,S3,5,58.9812262989796
R9,S3,6,62.68905279177208
R9,S3,7,56.31024125498953
R9,S3,8,56.54373319236157
R9,S3,9,59.544695121120725
R9,S3,10,63.59188949293089
R9,S3,11,66.18496406894153
R9,S3,12,69.4913958600501
R9,S3,13,69.84249709590476
R9,S3,14,69.59971386260344
R9,S3,15,68.05834375195872
R9,S3,16,63.23070334070743
R9,S3,17,64.86095655900662
R9,S3,18,61.93580131745293
R9,S3,19,45.29912628151538
R9,S3,20,44.501200156829945
R9,S3,21,44.43839323584078
R9,S3,22,42.33466642877605
R9,S3,23,42.35722230814976
R9,S3,24,42.26654483889811
R9,S4,1,42.66317052558091
R9,S4,2,47.72475433902601
R9,S4,3,47.97957638455211
R9,S4,4,55.629116196337996
R9,S4,5,56.89066727374199
R9,S4,6,62.08252868080299
R9,S4,7,59.001202996697685
R9,S4,8,59.79961756679253
R9,S4,9,62.96172177709662
R9,S4,10,64.30550280987661
R9,S4,11,64.46616796834728
R9,S4,12,66.16504851614222
R9,S4,13,66.46716439455605
R9,S4,14,67.70562716933486
R9,S4,15,66.15587154644717
R9,S4,16,64.32450185859727
R9,S4,17,61.51911172932817
R9,S4,18,62.23356294075074
R9,S4,19,47.05743714259594
R9,S4,20,47.85597450202545
R9,S4,21,46.41452959264251
R9,S4,22,44.84578059515262
R9,S4,23,43.143279029887196
R9,S4,24,41.711308788853316
R9,S5,1,43.83556027728968
R9,S5,2,46.385176025069
R9,S5,3,50.55320846486773
R9,S5,4,54.570123759683185
R9,S5,5,56.66541136077525
R9,S5,6,59.73518057069096
R9,S5,7,56.94854992641092
R9,S5,8,58.70642221471916
R9,S5,9,60.251057087598944
R9,S5,10,62.677505390378315
R9,S5,11,74.3435250603224
R9,S5,12,81.40572061602097
R9,S5,13,79.69848987824899
R9,S5,14,79.5733231046276
R9,S5,15,64.86462664261616
R9,S5,16,63.95340183420896
R9,S5,17,64.706519415703
R9,S5,18,60.162953241885106
R9,S5,19,47.9495490318874
R9,S5,20,43.597965541671925
R9,S5,21,44.18769089030124
R9,S5,22,42.52508817400007
R9,S5,23,42.31140846866728
R9,S5,24,40.690145517204265
R9,S6,1,43.736838013734065
R9,S6,2,48.205952767914624
R9,S6,3,49.07304217259953
R9,S6,4,52.22040569538607
R9,S6,5,57.537709846402976
R9,S6,6,62.58453981495358
R9,S6,7,56.18417220709738
R9,S6,8,57.59128157582235
R9,S6,9,59.162911976927674
R9,S6,10,61.8563958388967
R9,S6,11,65.06807505963673
R9,S6,12,64.05081076418553
R9,S6,13,72.32955477651993
R9,S6,14,69.50016402671366
R9,S6,15,68.29010178682547
R9,S6,16,63.73141480676455
R9,S6,17,60.98837456637613
R9,S6,18,57.65330956352473
R9,S6,19,47.9706659123784
R9,S6,20,44.368960293267776
R9,S6,21,45.57853334341069
R9,S6,22,44.594440450603926
R9,S6,23,43.978333237666796
R9,S6,24,42.35437321716022
R9,S7,1,42.373032082562524
R9,S7,2,46.090197420527396
R9,S7,3,50.035063160220595
R9,S7,4,55.26590796205187
R9,S7,5,57.90115363327022
R9,S7,6,59.79903161386477
R9,S7,7,58.29293375251941
R9,S7,8,56.79517605538386
R9,S7,9,60.187262223164424
R9,S7,10,62.69110285781667
R9,S7,11,62.915925098353185
R9,S7,12,66.50122799501018
R9,S7,13,69.84845602888393
R9,S7,14,69.13999818098574
R9,S7,15,67.26365997058677
R9,S7,16,62.59771907964428
R9,S7,17,62.926906176024275
R9,S7,18,62.4779658157039
R9,S7,19,47.49163356432244
R9,S7,20,45.45792319943395
R9,S7,21,46.26365508167061
R9,S7,22,43.41730542002844
R9,S7,23,41.07514390044827
R9,S7,24,42.10341851483231
R9,S8,1,40.59022525341209
R9,S8,2,47.054254945154504
R9,S8,3,47.82085148419225
R9,S8,4,55.50196659215005
R9,S8,5,58.056203218214556
R9,S8,6,62.985668389576716
R9,S8,7,56.40697017448119
R9,S8,8,56.44492821403805
R9,S8,9,62.98075552258422
R9,S8,10,64.21806807435819
R9,S8,11,62.21730967195699
R9,S8,12,64.35545615669871
R9,S8,13,68.8477157052825
R9,S8,14,66.78011286076163
R9,S8,15,63.86049373945103
R9,S8,16,66.19809782066696
R9,S8,17,63.90780012030297
R9,S8,18,59.035311880934096
R9,S8,19,45.253628124848596
R9,S8,20,44.80541440524724
R9,S8,21,43.90903979334143
R9,S8,22,45.06745798858407
R9,S8,23,44.03497378419855
R9,S8,24,42.252732865232126
R9,S9,1,41.440460327435744
R9,S9,2,48.3411103149622
R9,S9,3,50.43833320791087
R9,S9,4,51.98337351887331
R9,S9,5,55.931183807903274
R9,S9,6,60.066428647314254
R9,S9,7,54.44622875486644
R9,S9,8,56.749455996987145
R9,S9,9,61.14598293848385
R9,S9,10,66.01778991313336
R9,S9,11,74.40330342770527
R9,S9,12,77.2269593208128
R9,S9,13,76.770040136116
R9,S9,14,76.70213106907438
R9,S9,15,63.41204859367807
R9,S9,16,66.16659515925295
R9,S9,17,64.81871768982755
R9,S9,18,63.102190464446494
R9,S9,19,46.57058685139248
R9,S9,20,44.75258220408909
R9,S9,21,45.14217172041166
R9,S9,22,43.56279850259463
R9,S9,23,43.17948455472402
R9,S9,24,42.5172612519711
R9,S10,1,44.45183145607442
R9,S10,2,46.11602719536542
R9,S10,3,47.83039170213862
R9,S10,4,54.8467885713748
R9,S10,5,58.076872534583856
R9,S10,6,61.83832963832982
R9,S10,7,55.74739403042577
R9,S10,8,56.73352759775341
R9,S10,9,61.25322581025616
R9,S10,10,61.58751163458373
R9,S10,11,67.91607185289281
R9,S10,12,68.31567529267612
R9,S10,13,70.36680714760114
R9,S10,14,69.70918183724297
R9,S10,15,62.90584816527831
R9,S10,16,64.09933505826312
R9,S10,17,62.948060595222486
R9,S10,18,57.70226111005992
R9,S10,19,48.38290870387722
R9,S10,20,45.1838536589829
R9,S10,21,44.95483694875045
R9,S10,22,43.48406291629834
R9,S10,23,42.83085029536909
R9,S10,24,39.79311303354834
R9,S11,1,42.435163363009416
R9,S11,2,45.449786105512494
R9,S11,3,47.380700347458585
R9,S11,4,51.5182110806202
R9,S11,5,57.784544863533526
R9,S11,6,61.284982331954836
R9,S11,7,56.864322327392244
R9,S11,8,56.9503240577172
R9,S11,9,60.177127915613966
R9,S11,10,61.112072479667276
R9,S11,11,64.9510836622071
R9,S11,12,64.07809906629153
R9,S11,13,66.96292775278208
R9,S11,14,69.74165283300005
R9,S11,15,64.22542185163269
R9,S11,16,63.607958260165475
R9,S11,17,60.38676189909536
R9,S11,18,61.01708631864385
R9,S11,19,47.22250149584196
R9,S11,20,46.4112422386866
R9,S11,21,46.54730502346255
R9,S11,22,41.72417128066534
R9,S11,23,42.015664507099494
R9,S11,24,40.481601944234086
R9,S12,1,14.502226118742087
R9,S12,2,16.36839339597067
R9,S12,3,16.824013894955478
R9,S12,4,19.429397764276796
R9,S12,5,20.68157500426982
R9,S12,6,22.086388907162174
R9,S12,7,20.429926073237702
R9,S12,8,20.899916390796783
R9,S12,9,21.26010038417369
R9,S12,10,22.39566529141085
R9,S12,11,23.40152145610886
R9,S12,12,24.570232016942775
R9,S12,13,24.957228749062995
R9,S12,14,23.287680769196296
R9,S12,15,23.500381836117477
R9,S12,16,22.53887488416694
R9,S12,17,22.630900564522765
R9,S12,18,20.890274173085672
R9,S12,19,17.167830091404582
R9,S12,20,15.624197009166016
R9,S12,21,15.827186732900905
R9,S12,22,15.329800968650371
R9,S12,23,14.324108924807724
R9,S12,24,14.862246593625985
R10,S1,1,0.0
R10,S1,2,0.0
R10,S1,3,0.0
R10,S1,4,0.0
R10,S1,5,0.0
R10,S1,6,0.0
R10,S1,7,20.96513170267496
R10,S1,8,22.900522758969597
R10,S1,9,24.632574889461896
R10,S1,10,26.4237163117217
R10,S1,11,28.909406181374152
R10,S1,12,31.86945694098444
R10,S1,13,29.701052322437462
R10,S1,14,27.33229660827237
R10,S1,15,25.31589547169478
R10,S1,16,25.37957258386917
R10,S1,17,21.7304913911461
R10,S1,18,19.286662481057977
R10,S1,19,0.0
R10,S1,20,0.0
R10,S1,21,0.0
R10,S1,22,0.0
R10,S1,23,0.0
R10,S1,24,0.0
R10,S2,1,0.0
R10,S2,2,0.0
R10,S2,3,0.0
R10,S2,4,0.0
R10,S2,5,0.0
R10,S2,6,0.0
R10,S2,7,20.809051563403283
R10,S2,8,21.675004869770472
R10,S2,9,25.559625767420037
R10,S2,10,25.709742237076654
R10,S2,11,27.766485670318932
R10,S2,12,29.783265979337582
R10,S2,13,31.48920874081895
R10,S2,14,27.803521671294703
R10,S2,15,26.044996893388856
R10,S2,16,24.100923935018397
R10,S2,17,21.58616817419052
R10,S2,18,20.79174203414212
R10,S2,19,0.0
R10,S2,20,0.0
R10,S2,21,0.0
R10,S2,22,0.0
R10,S2,23,0.0
R10,S2,24,0.0
R10,S3,1,0.0
R10,S3,2,0.0
R10,S3,3,0.0
R10,S3,4,0.0
R10,S3,5,0.0
R10,S3,6,0.0
R10,S3,7,19.866700285060514
R10,S3,8,23.167965301121882
R10,S3,9,23.27860889569066
R10,S3,10,26.468263935079634
R10,S3,11,27.34664115544014
R10,S3,12,31.75704145743719
R10,S3,13,30.402252033750603
R10,S3,14,29.451265949080938
R10,S3,15,26.161308145103774
R10,S3,16,24.86096461501132
R10,S3,17,22.248225611417322
R10,S3,18,20.237892409592224
R10,S3,19,0.0
R10,S3,20,0.0
R10,S3,21,0.0
R10,S3,22,0.0
R10,S3,23,0.0
R10,S3,24,0.0
R10,S4,1,0.0
R10,S4,2,0.0
R10,S4,3,0.0
R10,S4,4,0.0
R10,S4,5,0.0
R10,S4,6,0.0
R10,S4,7,19.923616378995085
R10,S4,8,21.245375972707894
R10,S4,9,25.25070388850704
R10,S4,10,27.10427988050807
R10,S4,11,28.763040170783324
R10,S4,12,30.642656798103694
R10,S4,13,30.92519298503492
R10,S4,14,28.9869162031292
R10,S4,15,26.634156393580724
R10,S4,16,25.01422567024629
R10,S4,17,22.107897521594086
R10,S4,18,20.07926793814561
R10,S4,19,0.0
R10,S4,20,0.0
R10,S4,21,0.0
R10,S4,22,0.0
R10,S4,23,0.0
R10,S4,24,0.0
R10,S5,1,0.0
R10,S5,2,0.0
R10,S5,3,0.0
R10,S5,4,0.0
R10,S5,5,0.0
R10,S5,6,0.0
R10,S5,7,20.891108051098353
R10,S5,8,23.408826420830025
R10,S5,9,23.40221041109413
R10,S5,10,27.321176839360554
R10,S5,11,37.68199023097314
R10,S5,12,40.81465842650376
R10,S5,13,41.33782084289458
R10,S5,14,38.61845249062798
R10,S5,15,27.352275791615387
R10,S5,16,24.87215126429008
R10,S5,17,21.56514599331924
R10,S5,18,20.595664788548596
R10,S5,19,0.0
R10,S5,20,0.0
R10,S5,21,0.0
R10,S5,22,0.0
R10,S5,23,0.0
R10,S5,24,0.0
R10,S6,1,0.0
R10,S6,2,0.0
R10,S6,3,0.0
R10,S6,4,0.0
R10,S6,5,0.0
R10,S6,6,0.0
R10,S6,7,20.123247245501265
R10,S6,8,23.2464076623035
R10,S6,9,24.457737207027424
R10,S6,10,26.668434746089336
R10,S6,11,29.066323191643395
R10,S6,12,32.089115422926135
R10,S6,13,29.956842541472636
R10,S6,14,27.378785561026906
R10,S6,15,27.279913284928046
R10,S6,16,23.338626489210515
R10,S6,17,21.517973694583247
R10,S6,18,19.52457537621517
R10,S6,19,0.0
R10,S6,20,0.0
R10,S6,21,0.0
R10,S6,22,0.0
R10,S6,23,0.0
R10,S6,24,0.0
R10,S7,1,0.0
R10,S7,2,0.0
R10,S7,3,0.0
R10,S7,4,0.0
R10,S7,5,0.0
R10,S7,6,0.0
R10,S7,7,19.228289773965685
R10,S7,8,21.648130680546693
R10,S7,9,24.464783908937832
R10,S7,10,27.027779281865833
R10,S7,11,29.8644568393186
R10,S7,12,31.914133768045126
R10,S7,13,29.220212664440666
R10,S7,14,28.400644499147067
R10,S7,15,25.296151423068558
R10,S7,16,23.569117697255674
R10,S7,17,21.790146141201923
R10,S7,18,20.73205227648909
R10,S7,19,0.0
R10,S7,20,0.0
R10,S7,21,0.0
R10,S7,22,0.0
R10,S7,23,0.0
R10,S7,24,0.0
R10,S8,1,0.0
R10,S8,2,0.0
R10,S8,3,0.0
R10,S8,4,0.0
R10,S8,5,0.0
R10,S8,6,0.0
R10,S8,7,21.195603375025694
R10,S8,8,22.72754172157922
R10,S8,9,23.558398512994025
R10,S8,10,27.812904226045063
R10,S8,11,28.438520600627214
R10,S8,12,30.22730880624517
R10,S8,13,31.273010819767936
R10,S8,14,27.68718981140617
R10,S8,15,25.34507088760962
R10,S8,16,25.503353350731697
R10,S8,17,22.550832395353066
R10,S8,18,20.02897307577121
R10,S8,19,0.0
R10,S8,20,0.0
R10,S8,21,0.0
R10,S8,22,0.0
R10,S8,23,0.0
R10,S8,24,0.0
R10,S9,1,0.0
R10,S9,2,0.0
R10,S9,3,0.0
R10,S9,4,0.0
R10,S9,5,0.0
R10,S9,6,0.0
R10,S9,7,20.099855493251866
R10,S9,8,21.499069325754917
R10,S9,9,23.268775961058946
R10,S9,10,27.05972138758742
R10,S9,11,39.25158937445083
R10,S9,12,38.149930322918294
R10,S9,13,39.126618924864815
R10,S9,14,38.40068362561768
R10,S9,15,26.06512939484306
R10,S9,16,23.230896417131138
R10,S9,17,23.1549076299391
R10,S9,18,19.810117489946858
R10,S9,19,0.0
R10,S9,20,0.0
R10,S9,21,0.0
R10,S9,22,0.0
R10,S9,23,0.0
R10,S9,24,0.0
R10,S10,1,0.0
R10,S10,2,0.0
R10,S10,3,0.0
R10,S10,4,0.0
R10,S10,5,0.0
R10,S10,6,0.0
R10,S10,7,19.520795944651034
R10,S10,8,22.869915311859437
R10,S10,9,24.591317929843694
R10,S10,10,25.8215248469221
R10,S10,11,29.0928796202207
R10,S10,12,30.56897708286005
R10,S10,13,31.640342925406152
R10,S10,14,29.596247455756945
R10,S10,15,25.775282137084723
R10,S10,16,25.426643483261653
R10,S10,17,22.36770959367014
R10,S10,18,20.417655019189432
R10,S10,19,0.0
R10,S10,20,0.0
R10,S10,21,0.0
R10,S10,22,0.0
R10,S10,23,0.0
R10,S10,24,0.0
R10,S11,1,0.0
R10,S11,2,0.0
R10,S11,3,0.0
R10,S11,4,0.0
R10,S11,5,0.0
R10,S11,6,0.0
R10,S11,7,21.083272194071725
R10,S11,8,22.521919216771973
R10,S11,9,24.706907873463837
R10,S11,10,25.329411866274967
R10,S11,11,29.73698790343398
R10,S11,12,31.2827756679148
R10,S11,13,31.807026189684585
R10,S11,14,29.90834641488652
R10,S11,15,26.202654774195604
R10,S11,16,25.110585316768866
R10,S11,17,23.285184841963254
R10,S11,18,20.675499973910913
R10,S11,19,0.0
R10,S11,20,0.0
R10,S11,21,0.0
R10,S11,22,0.0
R10,S11,23,0.0
R10,S11,24,0.0
R10,S12,1,0.0
R10,S12,2,0.0
R10,S12,3,0.0
R10,S12,4,0.0
R10,S12,5,0.0
R10,S12,6,0.0
R10,S12,7,7.228889959748716
R10,S12,8,7.89656864293672
R10,S12,9,8.487474019309722
R10,S12,10,9.495408686429656
R10,S12,11,10.277930436730873
R10,S12,12,11.116820994126607
R10,S12,13,10.69284994064414
R10,S12,14,10.087687472035562
R10,S12,15,8.896541030103593
R10,S12,16,8.325919274646433
R10,S12,17,7.972864696043804
R10,S12,18,7.051985237309744
R10,S12,19,0.0
R10,S12,20,0.0
R10,S12,21,0.0
R10,S12,22,0.0
R10,S12,23,0.0
R10,S12,24,0.0
R11,S1,1,33.34148966237133
R11,S1,2,37.1624778786735
R11,S1,3,41.77455438827674
R11,S1,4,42.601566246539576
R11,S1,5,45.65775380257737
R11,S1,6,47.89459374329925
R11,S1,7,48.9441269425253
R11,S1,8,48.00155794168545
R11,S1,9,49.98758696904395
R11,S1,10,49.96483224039951
R11,S1,11,55.817210174924064
R11,S1,12,54.40210369968523
R11,S1,13,57.91986385988271
R11,S1,14,55.778540607152735
R11,S1,15,53.18839270113936
R11,S1,16,53.985785372067085
R11,S1,17,50.83403576531714
R11,S1,18,48.00128617002761
R11,S1,19,39.7813141877749
R11,S1,20,37.1553115966691
R11,S1,21,36.30175503588784
R11,S1,22,37.429741972192026
R11,S1,23,36.19507212845741
R11,S1,24,34.787152613809255
R11,S2,1,35.05586630769746
R11,S2,2,39.1531046143544
R11,S2,3,41.24799748759207
R11,S2,4,44.54453330113933
R11,S2,5,44.83325751433633
R11,S2,6,47.40916509488985
R11,S2,7,48.69888138450394
R11,S2,8,46.337470860487564
R11,S2,9,49.864202727478954
R11,S2,10,51.354544329087815
R11,S2,11,56.14112267325591
R11,S2,12,52.648373227849895
R11,S2,13,55.70735130394244
R11,S2,14,56.192488840539106
R11,S2,15,54.30237201410926
R11,S2,16,52.0567361925014
R11,S2,17,50.66248237132035
R11,S2,18,50.209297877964154
R11,S2,19,37.67171107672803
R11,S2,20,37.361286058346565
R11,S2,21,36.680098689658884
R11,S2,22,34.80325119494339
R11,S2,23,35.877982423474016
R11,S2,24,35.187382573172165
R11,S3,1,35.9504012538305
R11,S3,2,37.79036210243113
R11,S3,3,40.30011791920929
R11,S3,4,42.371200863051584
R11,S3,5,46.728223859145935
R11,S3,6,48.24455508966307
R11,S3,7,45.53666094404565
R11,S3,8,50.66044917985357
R11,S3,9,49.58327407237656
R11,S3,10,53.04377557890113
R11,S3,11,56.27068597206521
R11,S3,12,54.69442215707896
R11,S3,13,55.94619253358953
R11,S3,14,56.93259890303683
R11,S3,15,52.49821917848799
R11,S3,16,53.834406627063586
R11,S3,17,49.135029234266
R11,S3,18,49.009898210106
R11,S3,19,37.52525826301883
R11,S3,20,38.00882779401697
R11,S3,21,35.88201437450656
R11,S3,22,34.1120015176528
R11,S3,23,36.265660285369
R11,S3,24,32.1621027013303
R11,S4,1,35.25441694456144
R11,S4,2,38.42160904651272
R11,S4,3,41.9167312378842
R11,S4,4,44.498264546251576
R11,S4,5,45.992447241934535
R11,S4,6,48.715059453214856
R11,S4,7,48.10567066327424
R11,S4,8,50.671488012816525
R11,S4,9,50.171931502067714
R11,S4,10,50.86445285565316
R11,S4,11,52.62797749669257
R11,S4,12,56.397196355614284
R11,S4,13,54.62446123071213
R11,S4,14,54.7982871851336
R11,S4,15,55.12272906986928
R11,S4,16,50.65319813044877
R11,S4,17,51.041656725848256
R11,S4,18,47.88146409093101
R11,S4,19,36.8726058651517
R11,S4,20,36.5907086472493
R11,S4,21,37.55510891123597
R11,S4,22,34.99505637852776
R11,S4,23,36.09079902734894
R11,S4,24,32.925306200860234
R11,S5,1,34.39959243952054
R11,S5,2,36.1792783000484
R11,S5,3,39.61057674344902
R11,S5,4,43.72998787132628
R11,S5,5,44.678877553167496
R11,S5,6,48.390052401467955
R11,S5,7,44.479762618728024
R11,S5,8,49.9793184072182
R11,S5,9,51.44749407402756
R11,S5,10,51.1609133117009
R11,S5,11,60.53174444215458
R11,S5,12,65.6224172654637
R11,S5,13,65.10951725272805
R11,S5,14,66.69937838663151
R11,S5,15,56.012936769647034
R11,S5,16,50.35974642867723
R11,S5,17,53.10659152934543
R11,S5,18,49.0160612098987
R11,S5,19,38.78218482858606
R11,S5,20,36.57755653473744
R11,S5,21,38.28942195145913
R11,S5,22,36.945796333879045
R11,S5,23,33.85684220343222
R11,S5,24,33.94259094941874
R11,S6,1,36.29584710690742
R11,S6,2,36.1953684261694
R11,S6,3,38.88991691298694
R11,S6,4,43.60745185359019
R11,S6,5,45.34139085909611
R11,S6,6,50.717913883736394
R11,S6,7,45.03319971838879
R11,S6,8,47.50659493990409
R11,S6,9,49.5348341983148
R11,S6,10,53.52853774857127
R11,S6,11,55.52876354512279
R11,S6,12,55.05583386968854
R11,S6,13,55.03281179306154
R11,S6,14,53.86930656002809
R11,S6,15,51.98667873609865
R11,S6,16,50.62433553802809
R11,S6,17,51.61362977923107
R11,S6,18,47.960926408489236
R11,S6,19,39.79996298918251
R11,S6,20,38.39890241747751
R11,S6,21,37.991056977908684
R11,S6,22,37.406838047599535
R11,S6,23,34.53953519885589
R11,S6,24,34.15534975868765
R11,S7,1,36.40971866887782
R11,S7,2,37.64367190092252
R11,S7,3,41.39430807267157
R11,S7,4,43.37146274988021
R11,S7,5,45.7785527954956
R11,S7,6,48.123983616439446
R11,S7,7,44.8044486273799
R11,S7,8,50.71859149137983
R11,S7,9,47.70934145265678
R11,S7,10,54.25752440343383
R11,S7,11,51.00032052864488
R11,S7,12,57.09697780757422
R11,S7,13,58.30283233610464
R11,S7,14,55.00561212474344
R11,S7,15,56.038243264537904
R11,S7,16,50.26145492771583
R11,S7,17,50.965678818544276
R11,S7,18,49.29606305609832
R11,S7,19,37.050230307181366
R11,S7,20,37.7970899428209
R11,S7,21,36.384475495720004
R11,S7,22,34.604693100034844
R11,S7,23,35.71453169812121
R11,S7,24,33.73932609548711
R11,S8,1,34.010906769190576
R11,S8,2,37.78960143531716
R11,S8,3,42.79504438774148
R11,S8,4,42.1231742320243
R11,S8,5,46.249264325032286
R11,S8,6,51.615693924317675
R11,S8,7,47.470469499190145
R11,S8,8,47.74900851460403
R11,S8,9,50.43150667103855
R11,S8,10,50.70151827409398
R11,S8,11,52.01406423094991
R11,S8,12,57.07351436551916
R11,S8,13,54.681488965154344
R11,S8,14,58.22966782998601
R11,S8,15,54.05924523135811
R11,S8,16,54.525126159975564
R11,S8,17,50.040940211890394
R11,S8,18,49.9694779616589
R11,S8,19,39.08178672042272
R11,S8,20,38.98136057823175
R11,S8,21,37.68477198464711
R11,S8,22,34.00860049925202
R11,S8,23,33.61583595401352
R11,S8,24,34.19954533735562
R11,S9,1,35.460740182693094
R11,S9,2,38.17174560280705
R11,S9,3,40.99458236872859
R11,S9,4,42.259090335463654
R11,S9,5,44.447065704301664
R11,S9,6,51.87094334121364
R11,S9,7,46.0584841163335
R11,S9,8,49.46961973693274
R11,S9,9,49.52617577184685
R11,S9,10,50.99228499646894
R11,S9,11,63.63350442926379
R11,S9,12,63.282098268673145
R11,S9,13,65.3843543220353
R11,S9,14,63.14563062220081
R11,S9,15,55.951508897403926
R11,S9,16,51.89576007997479
R11,S9,17,53.167768765993955
R11,S9,18,49.776489631842836
R11,S9,19,38.080738472651504
R11,S9,20,35.852535520003904
R11,S9,21,37.607529605637836
R11,S9,22,34.95133691326837
R11,S9,23,35.75057857491736
R11,S9,24,33.304261854587466
R11,S10,1,36.70251782928085
R11,S10,2,37.87045032619851
R11,S10,3,41.50282806946535
R11,S10,4,45.819121469543326
R11,S10,5,44.56438064685197
R11,S10,6,48.498951174312324
R11,S10,7,45.97746783130987
R11,S10,8,47.694507774238744
R11,S10,9,48.214286820357216
R11,S10,10,51.554776166124235
R11,S10,11,52.111188712782166
R11,S10,12,57.6524300947981
R11,S10,13,54.74944025531247
R11,S10,14,53.66239578769944
R11,S10,15,52.77426403593212
R11,S10,16,52.05518077264623
R11,S10,17,52.326651333120864
R11,S10,18,48.612177275778514
R11,S10,19,39.75738704503969
R11,S10,20,37.574051828186796
R11,S10,21,37.28039898926863
R11,S10,22,34.497217295877746
R11,S10,23,34.316432864891766
R11,S10,24,34.5227075544285
R11,S11,1,33.810979825283525
R11,S11,2,36.799106143588645
R11,S11,3,40.600303630079026
R11,S11,4,42.0616270265469
R11,S11,5,47.64952096772028
R11,S11,6,50.20273376123432
R11,S11,7,47.53859061287165
R11,S11,8,47.04312874211436
R11,S11,9,52.4888414652401
R11,S11,10,51.542710238465574
R11,S11,11,51.692861173338194
R11,S11,12,54.92814321239302
R11,S11,13,59.74351061533832
R11,S11,14,54.08522704960366
R11,S11,15,53.140602349584526
R11,S11,16,53.49990471298309
R11,S11,17,51.77208879780689
R11,S11,18,50.78855971211311
R11,S11,19,39.93976259067178
R11,S11,20,38.75328699524031
R11,S11,21,37.598872186297086
R11,S11,22,35.731456300343226
R11,S11,23,35.09236809026621
R11,S11,24,33.81066001011016
R11,S12,1,12.072497280444228
R11,S12,2,13.531850770675637
R11,S12,3,13.785285339047528
R11,S12,4,15.446021632020182
R11,S12,5,15.684153262790003
R11,S12,6,17.423555963410404
R11,S12,7,15.765887578003452
R11,S12,8,17.389906618915216
R11,S12,9,16.809129044402543
R11,S12,10,18.19701767558213
R11,S12,11,18.72439344123756
R11,S12,12,20.29844899458871
R11,S12,13,20.97330675667638
R11,S12,14,19.757999201597432
R11,S12,15,18.13143793946574
R11,S12,16,19.27670500482541
R11,S12,17,17.664221800878245
R11,S12,18,16.629234213426074
R11,S12,19,13.975929669834612
R11,S12,20,13.039475975382306
R11,S12,21,13.144761021949089
R11,S12,22,12.556119789503645
R11,S12,23,11.57302598737305
R11,S12,24,11.438266568927219
R12,S1,1,0.0
R12,S1,2,0.0
R12,S1,3,0.0
R12,S1,4,0.0
R12,S1,5,0.0
R12,S1,6,0.0
R12,S1,7,20.391529404677616
R12,S1,8,24.19075047381798
R12,S1,9,24.511457027734505
R12,S1,10,26.9618777338372
R12,S1,11,30.31957095236068
R12,S1,12,33.13385596346959
R12,S1,13,32.916857773677535
R12,S1,14,30.05297181970581
R12,S1,15,29.191168306898437
R12,S1,16,26.896885184676833
R12,S1,17,24.062337390139042
R12,S1,18,21.01400521263954
R12,S1,19,0.0
R12,S1,20,0.0
R12,S1,21,0.0
R12,S1,22,0.0
R12,S1,23,0.0
R12,S1,24,0.0
R12,S2,1,0.0
R12,S2,2,0.0
R12,S2,3,0.0
R12,S2,4,0.0
R12,S2,5,0.0
R12,S2,6,0.0
R12,S2,7,21.551674554639554
R12,S2,8,23.322676080428003
R12,S2,9,26.67959307557886
R12,S2,10,26.74198837240539
R12,S2,11,29.884311377716507
R12,S2,12,32.822467024333065
R12,S2,13,31.821742739996296
R12,S2,14,31.487015603779245
R12,S2,15,27.48443015700126
R12,S2,16,26.54954951348716
R12,S2,17,24.093365176622626
R12,S2,18,20.934679224407603
R12,S2,19,0.0
R12,S2,20,0.0
R12,S2,21,0.0
R12,S2,22,0.0
R12,S2,23,0.0
R12,S2,24,0.0
R12,S3,1,0.0
R12,S3,2,0.0
R12,S3,3,0.0
R12,S3,4,0.0
R12,S3,5,0.0
R12,S3,6,0.0
R12,S3,7,21.0425844878426
R12,S3,8,24.748732431685095
R12,S3,9,25.29194388331803
R12,S3,10,28.153008434935764
R12,S3,11,29.102009377363977
R12,S3,12,31.26590347572287
R12,S3,13,33.44161705624621
R12,S3,14,29.12926231998509
R12,S3,15,28.27202809970972
R12,S3,16,24.843033331981086
R12,S3,17,24.450530673101724
R12,S3,18,22.31611418658386
R12,S3,19,0.0
R12,S3,20,0.0
R12,S3,21,0.0
R12,S3,22,0.0
R12,S3,23,0.0
R12,S3,24,0.0
R12,S4,1,0.0
R12,S4,2,0.0
R12,S4,3,0.0
R12,S4,4,0.0
R12,S4,5,0.0
R12,S4,6,0.0
R12,S4,7,20.592765242751316
R12,S4,8,24.55831529805412
R12,S4,9,25.866433436072544
R12,S4,10,27.12085655413757
R12,S4,11,29.06141802150252
R12,S4,12,31.552005501315776
R12,S4,13,33.9649302558648
R12,S4,14,30.605582157453654
R12,S4,15,29.224044923867044
R12,S4,16,26.37706463602761
R12,S4,17,22.94400868621431
R12,S4,18,22.19494391371136
R12,S4,19,0.0
R12,S4,20,0.0
R12,S4,21,0.0
R12,S4,22,0.0
R12,S4,23,0.0
R12,S4,24,0.0
R12,S5,1,0.0
R12,S5,2,0.0
R12,S5,3,0.0
R12,S5,4,0.0
R12,S5,5,0.0
R12,S5,6,0.0
R12,S5,7,21.056141476588213
R12,S5,8,24.635575969982618
R12,S5,9,25.06105099162276
R12,S5,10,27.847581797537103
R12,S5,11,39.73420798347989
R12,S5,12,42.88570051452225
R12,S5,13,42.23476312911904
R12,S5,14,39.919199639622484
R12,S5,15,28.082253128861396
R12,S5,16,26.78661325195693
R12,S5,17,23.12989015405982
R12,S5,18,20.59387483035855
R12,S5,19,0.0
R12,S5,20,0.0
R12,S5,21,0.0
R12,S5,22,0.0
R12,S5,23,0.0
R12,S5,24,0.0
R12,S6,1,0.0
R12,S6,2,0.0
R12,S6,3,0.0
R12,S6,4,0.0
R12,S6,5,0.0
R12,S6,6,0.0
R12,S6,7,20.308905721966145
R12,S6,8,24.187578378720115
R12,S6,9,25.30701543836086
R12,S6,10,28.75738342244414
R12,S6,11,30.70537074269245
R12,S6,12,33.5689722990288
R12,S6,13,31.622314162545788
R12,S6,14,30.438616807784157
R12,S6,15,28.944795879938276
R12,S6,16,25.285017578025325
R12,S6,17,24.115615238709097
R12,S6,18,21.48776624173107
R12,S6,19,0.0
R12,S6,20,0.0
R12,S6,21,0.0
R12,S6,22,0.0
R12,S6,23,0.0
R12,S6,24,0.0
R12,S7,1,0.0
R12,S7,2,0.0
R12,S7,3,0.0
R12,S7,4,0.0
R12,S7,5,0.0
R12,S7,6,0.0
R12,S7,7,20.557628383019626
R12,S7,8,23.29968903980877
R12,S7,9,25.298058468583424
R12,S7,10,27.403723899488067
R12,S7,11,30.635313340475488
R12,S7,12,31.198535018152562
R12,S7,13,33.409781124137254
R12,S7,14,29.947337277948364
R12,S7,15,26.705010065166736
R12,S7,16,25.440868893909276
R12,S7,17,24.46059126400597
R12,S7,18,20.30608424876487
R12,S7,19,0.0
R12,S7,20,0.0
R12,S7,21,0.0
R12,S7,22,0.0
R12,S7,23,0.0
R12,S7,24,0.0
R12,S8,1,0.0
R12,S8,2,0.0
R12,S8,3,0.0
R12,S8,4,0.0
R12,S8,5,0.0
R12,S8,6,0.0
R12,S8,7,22.09416552010278
R12,S8,8,22.814338711604485
R12,S8,9,24.82903382423148
R12,S8,10,28.815914279209597
R12,S8,11,30.987998026177113
R12,S8,12,32.047883103969276
R12,S8,13,33.33961828510185
R12,S8,14,28.743560219326987
R12,S8,15,27.781095427515428
R12,S8,16,25.804597070182005
R12,S8,17,23.424264584210146
R12,S8,18,20.613891241804794
R12,S8,19,0.0
R12,S8,20,0.0
R12,S8,21,0.0
R12,S8,22,0.0
R12,S8,23,0.0
R12,S8,24,0.0
R12,S9,1,0.0
R12,S9,2,0.0
R12,S9,3,0.0
R12,S9,4,0.0
R12,S9,5,0.0
R12,S9,6,0.0
R12,S9,7,21.737752383476522
R12,S9,8,22.76393378257912
R12,S9,9,25.237132504424412
R12,S9,10,28.00774353884512
R12,S9,11,41.123647385031504
R12,S9,12,43.269377894395454
R12,S9,13,41.16849283042268
R12,S9,14,38.01465009298963
R12,S9,15,27.17880929440712
R12,S9,16,26.481586466714905
R12,S9,17,24.614779489592337
R12,S9,18,21.619596125469492
R12,S9,19,0.0
R12,S9,20,0.0
R12,S9,21,0.0
R12,S9,22,0.0
R12,S9,23,0.0
R12,S9,24,0.0
R12,S10,1,0.0
R12,S10,2,0.0
R12,S10,3,0.0
R12,S10,4,0.0
R12,S10,5,0.0
R12,S10,6,0.0
R12,S10,7,21.61130378531304
R12,S10,8,24.17561266577999
R12,S10,9,25.136152896892902
R12,S10,10,28.790709506636325
R12,S10,11,31.11424402715681
R12,S10,12,32.26804382037846
R12,S10,13,32.813530652076636
R12,S10,14,29.716879249859442
R12,S10,15,28.579682945819023
R12,S10,16,26.04257941982861
R12,S10,17,24.535389271308706
R12,S10,18,21.87500045456569
R12,S10,19,0.0
R12,S10,20,0.0
R12,S10,21,0.0
R12,S10,22,0.0
R12,S10,23,0.0
R12,S10,24,0.0
R12,S11,1,0.0
R12,S11,2,0.0
R12,S11,3,0.0
R12,S11,4,0.0
R12,S11,5,0.0
R12,S11,6,0.0
R12,S11,7,22.129930034226934
R12,S11,8,23.875402701819624
R12,S11,9,25.217582693949325
R12,S11,10,27.22823684620218
R12,S11,11,31.677215327789373
R12,S11,12,31.245784659581975
R12,S11,13,31.790700559540916
R12,S11,14,28.78081020298587
R12,S11,15,27.811888094893185
R12,S11,16,24.590746729893446
R12,S11,17,24.167327004411185
R12,S11,18,20.526232628394315
R12,S11,19,0.0
R12,S11,20,0.0
R12,S11,21,0.0
R12,S11,22,0.0
R12,S11,23,0.0
R12,S11,24,0.0
R12,S12,1,0.0
R12,S12,2,0.0
R12,S12,3,0.0
R12,S12,4,0.0
R12,S12,5,0.0
R12,S12,6,0.0
R12,S12,7,7.18324715480192
R12,S12,8,8.224130855231985
R12,S12,9,8.952270666777942
R12,S12,10,9.625291331713502
R12,S12,11,10.410919150083426
R12,S12,12,11.668603044122607
R12,S12,13,11.732531599211347
R12,S12,14,10.099057000131289
R12,S12,15,9.857675535889193
R12,S12,16,9.316876829052976
R12,S12,17,8.08511698137277
R12,S12,18,7.71633112222487
R12,S12,19,0.0
R12,S12,20,0.0
R12,S12,21,0.0
R12,S12,22,0.0
R12,S12,23,0.0
R12,S12,24,0.0
R13,S1,1,35.066484091721314
R13,S1,2,40.49834337745813
R13,S1,3,44.700983426931316
R13,S1,4,46.87046067585882
R13,S1,5,46.76027228985351
R13,S1,6,50.65489364385702
R13,S1,7,50.54383992450181
R13,S1,8,51.980551971876785
R13,S1,9,50.94471267356739
R13,S1,10,52.358381601082826
R13,S1,11,54.19604441271263
R13,S1,12,58.22359928551523
R13,S1,13,62.42514296665334
R13,S1,14,60.10797065656858
R13,S1,15,56.288208733196996
R13,S1,16,54.642602565642754
R13,S1,17,53.01866785220991
R13,S1,18,51.801138347651275
R13,S1,19,41.57426222697375
R13,S1,20,41.228399487442154
R13,S1,21,37.95740615742864
R13,S1,22,37.254722158711544
R13,S1,23,35.917718679548635
R13,S1,24,37.39505703802527
R13,S2,1,36.920695385492294
R13,S2,2,41.30416056289205
R13,S2,3,41.52559068142066
R13,S2,4,48.0265512018113
R13,S2,5,49.20216660845302
R13,S2,6,49.614109489950316
R13,S2,7,47.54495433330715
R13,S2,8,50.19452374988538
R13,S2,9,55.44236402304008
R13,S2,10,56.123187446058324
R13,S2,11,57.03694634133672
R13,S2,12,56.69992197655063
R13,S2,13,59.22342656524218
R13,S2,14,58.997354436883775
R13,S2,15,57.685535528898825
R13,S2,16,55.44138165407363
R13,S2,17,53.95849868667267
R13,S2,18,51.93942642553122
R13,S2,19,40.05525365778005
R13,S2,20,39.92597634822747
R13,S2,21,40.29327735691551
R13,S2,22,36.971650480619786
R13,S2,23,36.319348901769224
R13,S2,24,34.72691947182989
R13,S3,1,38.63852543917356
R13,S3,2,39.416866837373426
R13,S3,3,45.048772126040284
R13,S3,4,44.291027832245675
R13,S3,5,50.512605218793254
R13,S3,6,52.459914111039026
R13,S3,7,49.37042060396979
R13,S3,8,51.958382131167916
R13,S3,9,51.70420181692219
R13,S3,10,52.34852860407625
R13,S3,11,54.2365378987515
R13,S3,12,57.33511203666781
R13,S3,13,58.68845103228274
R13,S3,14,57.63133936645885
R13,S3,15,54.30924624900373
R13,S3,16,55.25185947993182
R13,S3,17,54.604693456235395
R13,S3,18,52.89655457618361
R13,S3,19,41.62505891300933
R13,S3,20,39.354161960469426
R13,S3,21,40.303422895755546
R13,S3,22,37.95252946817983
R13,S3,23,36.16457381472599
R13,S3,24,36.97957495723103
R13,S4,1,35.83694566805234
R13,S4,2,38.60469732145652
R13,S4,3,43.235568319746996
R13,S4,4,44.346691172550806
R13,S4,5,47.79774150763781
R13,S4,6,50.02148309263369
R13,S4,7,51.585635222250275
R13,S4,8,52.82002302614251
R13,S4,9,50.27522743240296
R13,S4,10,56.37106152678711
R13,S4,11,54.96316956328135
R13,S4,12,56.92633566187566
R13,S4,13,57.792451738344035
R13,S4,14,59.27088442824532
R13,S4,15,56.59005781844684
R13,S4,16,55.36829589785518
R13,S4,17,55.81686898121357
R13,S4,18,54.75792811396972
R13,S4,19,39.52219156374308
R13,S4,20,39.252342647117956
R13,S4,21,40.439759286736354
R13,S4,22,36.54526940108064
R13,S4,23,35.858391469913485
R13,S4,24,34.57196812350985
R13,S5,1,38.64634211920696
R13,S5,2,40.524414198601804
R13,S5,3,42.53144782478756
R13,S5,4,47.93825149278333
R13,S5,5,50.72170098091258
R13,S5,6,51.168005860071794
R13,S5,7,50.3358129549268
R13,S5,8,53.30136307636103
R13,S5,9,54.00140491873488
R13,S5,10,55.234149194577384
R13,S5,11,68.5787299920666
R13,S5,12,68.0380680960899
R13,S5,13,68.93792341688169
R13,S5,14,65.21832025382884
R13,S5,15,58.99912494745686
R13,S5,16,54.44720660402431
R13,S5,17,51.31974253545732
R13,S5,18,50.08597767593505
R13,S5,19,41.80003314593253
R13,S5,20,39.24008139319321
R13,S5,21,40.33753875802842
R13,S5,22,38.89263246727784
R13,S5,23,37.35984344113395
R13,S5,24,35.91702051984745
R13,S6,1,36.668638868290785
R13,S6,2,38.75420501748648
R13,S6,3,43.63909395857115
R13,S6,4,45.57488017899539
R13,S6,5,49.199954355884934
R13,S6,6,54.30610196471056
R13,S6,7,48.62528493110066
R13,S6,8,50.431018589139704
R13,S6,9,54.20561138573709
R13,S6,10,52.59751636940516
R13,S6,11,56.843789099562834
R13,S6,12,56.81488485847677
R13,S6,13,58.83828994584933
R13,S6,14,57.364531739727035
R13,S6,15,58.52066458959073
R13,S6,16,55.28926726550665
R13,S6,17,52.778685452206176
R13,S6,18,54.61470632461118
R13,S6,19,41.66746174003287
R13,S6,20,40.51287547514848
R13,S6,21,36.713651724478375
R13,S6,22,38.81593307189165
R13,S6,23,37.71723315660484
R13,S6,24,36.52319426938044
R13,S7,1,35.77403020814882
R13,S7,2,40.402111142275274
R13,S7,3,43.818736486022516
R13,S7,4,48.06539836351922
R13,S7,5,51.15842091199236
R13,S7,6,54.043026778504
R13,S7,7,48.89990539446138
R13,S7,8,50.53347118743423
R13,S7,9,52.6887425734607
R13,S7,10,57.272386415086594
R13,S7,11,54.83274597669235
R13,S7,12,59.89126829020546
R13,S7,13,62.03307878285389
R13,S7,14,57.86063860376248
R13,S7,15,56.464076294993625
R13,S7,16,53.35639930654499
R13,S7,17,52.661373741084915
R13,S7,18,51.07206794008387
R13,S7,19,40.18139468197152
R13,S7,20,39.579650729065584
R13,S7,21,38.75194885819596
R13,S7,22,36.94672304379429
R13,S7,23,37.7798293884898
R13,S7,24,34.56741159533028
R13,S8,1,36.87072869596271
R13,S8,2,40.96563521793269
R13,S8,3,42.57816072084763
R13,S8,4,45.690815492902715
R13,S8,5,47.70977811739628
R13,S8,6,53.41526284991538
R13,S8,7,50.78343746824172
R13,S8,8,48.888213449177485
R13,S8,9,52.22168202127428
R13,S8,10,56.23037495091287
R13,S8,11,57.664937373909424
R13,S8,12,59.074831969298906
R13,S8,13,62.03130903556944
R13,S8,14,61.18214020092057
R13,S8,15,54.336407515891736
R13,S8,16,56.18266466850164
R13,S8,17,55.81010815984685
R13,S8,18,53.69249044389087
R13,S8,19,41.99670464266669
R13,S8,20,41.51196626211998
R13,S8,21,38.37276456304687
R13,S8,22,38.75633032230618
R13,S8,23,34.83603439234592
R13,S8,24,34.856407847651916
R13,S9,1,38.303767253996604
R13,S9,2,41.771497085495476
R13,S9,3,41.13388179698131
R13,S9,4,47.97036533541273
R13,S9,5,51.41700196852623
R13,S9,6,54.204354299428104
R13,S9,7,49.40576524488434
R13,S9,8,49.49272824410787
R13,S9,9,53.89499231336677
R13,S9,10,52.65597069234488
R13,S9,11,67.21738463564688
R13,S9,12,66.9546552779299
R13,S9,13,67.84938698336568
R13,S9,14,65.76444931671406
R13,S9,15,59.36603595187573
R13,S9,16,56.26218148406454
R13,S9,17,56.3402967097705
R13,S9,18,50.479397569353885
R13,S9,19,41.24815607895901
R13,S9,20,40.4419917878715
R13,S9,21,39.0027540984696
R13,S9,22,35.80516019836302
R13,S9,23,34.97514570874109
R13,S9,24,33.92049793482044
R13,S10,1,37.73717405769472
R13,S10,2,40.17087275278469
R13,S10,3,41.761290009855216
R13,S10,4,43.77309133003954
R13,S10,5,48.525996882497935
R13,S10,6,54.6764128691718
R13,S10,7,48.110664148610844
R13,S10,8,51.69254709238897
R13,S10,9,52.8708798250699
R13,S10,10,56.98873001716574
R13,S10,11,58.61461346539798
R13,S10,12,61.094411688728364
R13,S10,13,61.12391966003155
R13,S10,14,55.86778393600078
R13,S10,15,59.14163885266723
R13,S10,16,53.81585275132132
R13,S10,17,55.466324576937026
R13,S10,18,52.73831109115235
R13,S10,19,42.16072076307769
R13,S10,20,40.62333964669447
R13,S10,21,39.908801678905924
R13,S10,22,37.258767626060504
R13,S10,23,37.49633912375193
R13,S10,24,37.33576646402182
R13,S11,1,38.62184341237285
R13,S11,2,41.77001027924908
R13,S11,3,42.877124874499586
R13,S11,4,45.85712075667065
R13,S11,5,48.67803689143843
R13,S11,6,53.63062368023575
R13,S11,7,46.97127578533088
R13,S11,8,52.93070345584011
R13,S11,9,54.49586430509835
R13,S11,10,54.44275705308281
R13,S11,11,56.110655755409155
R13,S11,12,57.70584548022987
R13,S11,13,62.89647717641639
R13,S11,14,61.3937743969969
R13,S11,15,58.68714675842668
R13,S11,16,56.31347545062201
R13,S11,17,56.161832970336214
R13,S11,18,54.261762133945524
R13,S11,19,39.30923289821383
R13,S11,20,37.70239998370872
R13,S11,21,37.785294207848345
R13,S11,22,39.27299905557119
R13,S11,23,37.56904956231234
R13,S11,24,36.05903821498912
R13,S12,1,13.33370294654652
R13,S12,2,13.512621723179304
R13,S12,3,14.840015879611602
R13,S12,4,16.384528199342416
R13,S12,5,16.502693026043364
R13,S12,6,19.021062759170867
R13,S12,7,17.31465717852739
R13,S12,8,17.64710495294636
R13,S12,9,18.953039675973443
R13,S12,10,19.47960714231406
R13,S12,11,19.834441554223094
R13,S12,12,19.82405328220545
R13,S12,13,21.25483395528769
R13,S12,14,20.407343561806794
R13,S12,15,19.373719413206064
R13,S12,16,20.219049403668073
R13,S12,17,17.986469618484815
R13,S12,18,17.919240105134794
R13,S12,19,14.038127158304855
R13,S12,20,14.144292878185093
R13,S12,21,13.137886723536644
R13,S12,22,13.533951119757056
R13,S12,23,12.35812910538768
R13,S12,24,12.498924798573633
R14,S1,1,0.0
R14,S1,2,0.0
R14,S1,3,0.0
R14,S1,4,0.0
R14,S1,5,0.0
R14,S1,6,0.0
R14,S1,7,22.54484498279676
R14,S1,8,25.177419842265323
R14,S1,9,26.530473629506748
R14,S1,10,30.80973194703288
R14,S1,11,30.37640367730335
R14,S1,12,35.519101519779525
R14,S1,13,32.837338736561556
R14,S1,14,30.224167572828424
R14,S1,15,30.655452816992703
R14,S1,16,27.832614442097114
R14,S1,17,24.250746969109663
R14,S1,18,22.559334250377375
R14,S1,19,0.0
R14,S1,20,0.0
R14,S1,21,0.0
R14,S1,22,0.0
R14,S1,23,0.0
R14,S1,24,0.0
R14,S2,1,0.0
R14,S2,2,0.0
R14,S2,3,0.0
R14,S2,4,0.0
R14,S2,5,0.0
R14,S2,6,0.0
R14,S2,7,22.091184296488123
R14,S2,8,24.081280512732643
R14,S2,9,26.14479428217953
R14,S2,10,28.051464396081684
R14,S2,11,31.916337242839347
R14,S2,12,32.58382271350276
R14,S2,13,33.681927057514535
R14,S2,14,31.71406831488011
R14,S2,15,29.735998039266004
R14,S2,16,26.79308086953784
R14,S2,17,24.287400034621264
R14,S2,18,22.98529767298876
R14,S2,19,0.0
R14,S2,20,0.0
R14,S2,21,0.0
R14,S2,22,0.0
R14,S2,23,0.0
R14,S2,24,0.0
R14,S3,1,0.0
R14,S3,2,0.0
R14,S3,3,0.0
R14,S3,4,0.0
R14,S3,5,0.0
R14,S3,6,0.0
R14,S3,7,23.152407564120573
R14,S3,8,25.992887957953528
R14,S3,9,27.796013830134147
R14,S3,10,29.393321577991696
R14,S3,11,32.09864515677413
R14,S3,12,35.375222440221904
R14,S3,13,33.17163820626521
R14,S3,14,32.11035033083104
R14,S3,15,28.61375712016651
R14,S3,16,26.63524484712212
R14,S3,17,25.6702920177731
R14,S3,18,21.758814734722083
R14,S3,19,0.0
R14,S3,20,0.0
R14,S3,21,0.0
R14,S3,22,0.0
R14,S3,23,0.0
R14,S3,24,0.0
R14,S4,1,0.0
R14,S4,2,0.0
R14,S4,3,0.0
R14,S4,4,0.0
R14,S4,5,0.0
R14,S4,6,0.0
R14,S4,7,23.050158343785615
R14,S4,8,24.795399148662284
R14,S4,9,26.292711763835385
R14,S4,10,29.110314327187854
R14,S4,11,32.06350553860542
R14,S4,12,35.3926810721477
R14,S4,13,32.7375146543285
R14,S4,14,33.129678155065605
R14,S4,15,29.706420589455238
R14,S4,16,28.31090148224768
R14,S4,17,24.764832672700624
R14,S4,18,22.13024491496126
R14,S4,19,0.0
R14,S4,20,0.0
R14,S4,21,0.0
R14,S4,22,0.0
R14,S4,23,0.0
R14,S4,24,0.0
R14,S5,1,0.0
R14,S5,2,0.0
R14,S5,3,0.0
R14,S5,4,0.0
R14,S5,5,0.0
R14,S5,6,0.0
R14,S5,7,22.87930705527353
R14,S5,8,24.478622009287413
R14,S5,9,26.350526806663197
R14,S5,10,28.946762016062266
R14,S5,11,41.61480036752895
R14,S5,12,45.395762865922215
R14,S5,13,45.44670779608861
R14,S5,14,42.02744296214722
R14,S5,15,29.341665642973023
R14,S5,16,25.918656146126057
R14,S5,17,25.88178220989633
R14,S5,18,22.419238719508204
R14,S5,19,0.0
R14,S5,20,0.0
R14,S5,21,0.0
R14,S5,22,0.0
R14,S5,23,0.0
R14,S5,24,0.0
R14,S6,1,0.0
R14,S6,2,0.0
R14,S6,3,0.0
R14,S6,4,0.0
R14,S6,5,0.0
R14,S6,6,0.0
R14,S6,7,23.312301569282607
R14,S6,8,23.91676649564075
R14,S6,9,26.667066966986933
R14,S6,10,28.30672836245737
R14,S6,11,33.31022753748557
R14,S6,12,34.65693384773612
R14,S6,13,35.741066259552426
R14,S6,14,32.47005025260619
R14,S6,15,30.91134549486053
R14,S6,16,26.029509094467347
R14,S6,17,25.141208571680234
R14,S6,18,21.63128329790419
R14,S6,19,0.0
R14,S6,20,0.0
R14,S6,21,0.0
R14,S6,22,0.0
R14,S6,23,0.0
R14,S6,24,0.0
R14,S7,1,0.0
R14,S7,2,0.0
R14,S7,3,0.0
R14,S7,4,0.0
R14,S7,5,0.0
R14,S7,6,0.0
R14,S7,7,22.728127807389622
R14,S7,8,24.3706289462773
R14,S7,9,27.33703752912883
R14,S7,10,29.727565143044558
R14,S7,11,33.223308609314415
R14,S7,12,34.02234913140914
R14,S7,13,35.36012949176406
R14,S7,14,32.74791437259825
R14,S7,15,30.046802240576138
R14,S7,16,28.275189841805723
R14,S7,17,24.071853907556406
R14,S7,18,22.217814781053473
R14,S7,19,0.0
R14,S7,20,0.0
R14,S7,21,0.0
R14,S7,22,0.0
R14,S7,23,0.0
R14,S7,24,0.0
R14,S8,1,0.0
R14,S8,2,0.0
R14,S8,3,0.0
R14,S8,4,0.0
R14,S8,5,0.0
R14,S8,6,0.0
R14,S8,7,23.34793428537852
R14,S8,8,23.60042869222057
R14,S8,9,27.473868911932794
R14,S8,10,29.541547813593994
R14,S8,11,32.932756353654995
R14,S8,12,32.90797534206495
R14,S8,13,33.1206106373639
R14,S8,14,32.768329224119434
R14,S8,15,30.829841497102574
R14,S8,16,26.597816217858362
R14,S8,17,24.43719253057962
R14,S8,18,21.936133662941565
R14,S8,19,0.0
R14,S8,20,0.0
R14,S8,21,0.0
R14,S8,22,0.0
R14,S8,23,0.0
R14,S8,24,0.0
R14,S9,1,0.0
R14,S9,2,0.0
R14,S9,3,0.0
R14,S9,4,0.0
R14,S9,5,0.0
R14,S9,6,0.0
R14,S9,7,22.268742800002432
R14,S9,8,23.62772321177763
R14,S9,9,26.192157855061726
R14,S9,10,28.9802921085603
R14,S9,11,42.58721059800654
R14,S9,12,46.28839929838852
R14,S9,13,43.249942492699994
R14,S9,14,40.7365782969887
R14,S9,15,29.962316528962113
R14,S9,16,25.824914352516952
R14,S9,17,23.71621830917156
R14,S9,18,23.08646700313211
R14,S9,19,0.0
R14,S9,20,0.0
R14,S9,21,0.0
R14,S9,22,0.0
R14,S9,23,0.0
R14,S9,24,0.0
R14,S10,1,0.0
R14,S10,2,0.0
R14,S10,3,0.0
R14,S10,4,0.0
R14,S10,5,0.0
R14,S10,6,0.0
R14,S10,7,22.305129750352126
R14,S10,8,25.00679701994671
R14,S10,9,26.163917999644436
R14,S10,10,28.08847798639623
R14,S10,11,30.580918862945136
R14,S10,12,34.98880660320732
R14,S10,13,33.309958487131404
R14,S10,14,32.292981399289886
R14,S10,15,30.66214970972143
R14,S10,16,25.798276838426997
R14,S10,17,24.144026084622823
R14,S10,18,22.17113907490994
R14,S10,19,0.0
R14,S10,20,0.0
R14,S10,21,0.0
R14,S10,22,0.0
R14,S10,23,0.0
R14,S10,24,0.0
R14,S11,1,0.0
R14,S11,2,0.0
R14,S11,3,0.0
R14,S11,4,0.0
R14,S11,5,0.0
R14,S11,6,0.0
R14,S11,7,23.2322408130981
R14,S11,8,25.711068255994086
R14,S11,9,26.37475589377011
R14,S11,10,28.91258690360271
R14,S11,11,31.7061276023302
R14,S11,12,33.44560388747553
R14,S11,13,35.64398196518
R14,S11,14,30.226477514279036
R14,S11,15,29.62466886686338
R14,S11,16,26.416802979738513
R14,S11,17,25.268019427759402
R14,S11,18,22.25543580087448
R14,S11,19,0.0
R14,S11,20,0.0
R14,S11,21,0.0
R14,S11,22,0.0
R14,S11,23,0.0
R14,S11,24,0.0
R14,S12,1,0.0
R14,S12,2,0.0
R14,S12,3,0.0
R14,S12,4,0.0
R14,S12,5,0.0
R14,S12,6,0.0
R14,S12,7,7.606076794231439
R14,S12,8,8.88031732389885
R14,S12,9,9.720936247523747
R14,S12,10,10.087726467293923
R14,S12,11,10.600375113974945
R14,S12,12,12.309084099543986
R14,S12,13,11.913351385537636
R14,S12,14,11.26794612550927
R14,S12,15,10.691568011908185
R14,S12,16,9.953475144219016
R14,S12,17,8.793724581543879
R14,S12,18,7.841367421544812
R14,S12,19,0.0
R14,S12,20,0.0
R14,S12,21,0.0
R14,S12,22,0.0
R14,S12,23,0.0
R14,S12,24,0.0
R15,S1,1,38.330105631822825
R15,S1,2,40.40234863712185
R15,S1,3,45.67122534199277
R15,S1,4,46.255079996641996
R15,S1,5,51.27902045653701
R15,S1,6,53.2214249256939
R15,S1,7,50.419524877110156
R15,S1,8,52.21482316212544
R15,S1,9,56.973778062588096
R15,S1,10,54.870346318225025
R15,S1,11,59.60768322146334
R15,S1,12,61.07172598693062
R15,S1,13,64.99365520694016
R15,S1,14,62.71198909359498
R15,S1,15,58.217650630925306
R15,S1,16,58.297309909597395
R15,S1,17,56.9351554440588
R15,S1,18,52.83113958999791
R15,S1,19,42.12618830415809
R15,S1,20,39.929536185353285
R15,S1,21,40.578020756440516
R15,S1,22,39.20613624654386
R15,S1,23,39.703270179713165
R15,S1,24,39.090724689848955
R15,S2,1,37.15625648020381
R15,S2,2,41.11960649025923
R15,S2,3,45.14737335714609
R15,S2,4,46.74262855304261
R15,S2,5,49.89979967650513
R15,S2,6,57.28467288965907
R15,S2,7,49.09776906357164
R15,S2,8,52.87617206630203
R15,S2,9,56.44090520531905
R15,S2,10,55.2507343121134
R15,S2,11,62.02430566397694
R15,S2,12,63.67426777123724
R15,S2,13,66.44511589028022
R15,S2,14,60.12026769939093
R15,S2,15,60.02493277524611
R15,S2,16,55.362112596309515
R15,S2,17,57.256920130336134
R15,S2,18,53.16545869212108
R15,S2,19,43.19290764649112
R15,S2,20,39.75631251409383
R15,S2,21,39.11020856594678
R15,S2,22,40.38690926576588
R15,S2,23,39.95416414050187
R15,S2,24,38.93220062232265
R15,S3,1,37.181105455829574
R15,S3,2,40.048855432563336
R15,S3,3,47.237645232724546
R15,S3,4,49.261047854465254
R15,S3,5,49.9671150161503
R15,S3,6,53.580476665022324
R15,S3,7,49.79091202554662
R15,S3,8,53.902116976773556
R15,S3,9,55.78493300460527
R15,S3,10,56.078047227883246
R15,S3,11,57.276107183934386
R15,S3,12,62.91320442932751
R15,S3,13,63.63499786248994
R15,S3,14,59.60450730213627
R15,S3,15,59.839643579554
R15,S3,16,59.57512753231711
R15,S3,17,54.28016664802043
R15,S3,18,52.34809733996533
R15,S3,19,43.71265976665858
R15,S3,20,40.05138100527801
R15,S3,21,41.32940833287012
R15,S3,22,39.4767988042485
R15,S3,23,39.53962176778919
R15,S3,24,37.89741276980466
R15,S4,1,39.77715719045964
R15,S4,2,41.530893255510634
R15,S4,3,44.4407685576542
R15,S4,4,50.76002449927617
R15,S4,5,52.949703664310896
R15,S4,6,55.13853331521413
R15,S4,7,49.74799238810277
R15,S4,8,55.575398831772084
R15,S4,9,58.144390934470856
R15,S4,10,54.8055644987906
R15,S4,11,58.93612623278108
R15,S4,12,63.1159857462426
R15,S4,13,63.355766362175885
R15,S4,14,63.73621663128969
R15,S4,15,58.54122149596936
R15,S4,16,57.710602191211365
R15,S4,17,57.862144200548215
R15,S4,18,55.5212149500805
R15,S4,19,43.33252118163934
R15,S4,20,43.2808261619927
R15,S4,21,39.33054682220526
R15,S4,22,41.24229146406273
R15,S4,23,38.004747468051946
R15,S4,24,36.353216241001476
R15,S5,1,40.2172337326159
R15,S5,2,43.186861031997914
R15,S5,3,45.094007493590816
R15,S5,4,48.632559743875724
R15,S5,5,53.669792995699076
R15,S5,6,57.071087104581466
R15,S5,7,49.65307386064651
R15,S5,8,52.87044707331929
R15,S5,9,56.67683759270585
R15,S5,10,55.24423147631548
R15,S5,11,68.61986667321574
R15,S5,12,74.42439208841274
R15,S5,13,71.6291386807741
R15,S5,14,70.44096979504317
R15,S5,15,61.996647095785995
R15,S5,16,56.891655903303366
R15,S5,17,57.4767662503488
R15,S5,18,57.14618640543981
R15,S5,19,43.56788620999495
R15,S5,20,42.877173087899436
R15,S5,21,39.20657364606222
R15,S5,22,40.8203199181066
R15,S5,23,36.74515339023597
R15,S5,24,37.81116003856708
R15,S6,1,38.8820743393877
R15,S6,2,41.43707937407589
R15,S6,3,42.99789328622469
R15,S6,4,49.372620036407824
R15,S6,5,53.64097489352306
R15,S6,6,56.96275865107411
R15,S6,7,50.74578539382482
R15,S6,8,52.38038264436687
R15,S6,9,56.56489378834352
R15,S6,10,55.05098527796319
R15,S6,11,61.51328112803166
R15,S6,12,60.200555736514104
R15,S6,13,61.70780639659837
R15,S6,14,63.765298106789416
R15,S6,15,62.798972855639335
R15,S6,16,56.2840435497662
R15,S6,17,57.67935392618007
R15,S6,18,56.61524320808805
R15,S6,19,43.91047802291125
R15,S6,20,40.781952467375824
R15,S6,21,38.71375974115066
R15,S6,22,40.8523474903297
R15,S6,23,37.47118389112196
R15,S6,24,37.96267288780935
R15,S7,1,37.63080272799486
R15,S7,2,42.70799590761955
R15,S7,3,43.93267112128987
R15,S7,4,46.95299383611846
R15,S7,5,53.177039750261265
R15,S7,6,52.98010828564387
R15,S7,7,53.94140012444881
R15,S7,8,51.36247068898734
R15,S7,9,54.29686745303942
R15,S7,10,57.54703307817112
R15,S7,11,59.671143941550945
R15,S7,12,59.94534715347897
R15,S7,13,66.26096451561887
R15,S7,14,60.826889211916416
R15,S7,15,58.75900521637784
R15,S7,16,59.34036245009836
R15,S7,17,54.36461878742825
R15,S7,18,57.138173876598614
R15,S7,19,43.082875492081094
R15,S7,20,40.68420459979873
R15,S7,21,42.32595811416285
R15,S7,22,38.23342015686324
R15,S7,23,39.1231135643786
R15,S7,24,36.04110807741602
R15,S8,1,37.65147917265985
R15,S8,2,41.58772487804625
R15,S8,3,43.02941212914902
R15,S8,4,50.212144541486985
R15,S8,5,51.6589035439607
R15,S8,6,55.82700206861242
R15,S8,7,51.253782009596755
R15,S8,8,54.35515610084088
R15,S8,9,53.727501937251844
R15,S8,10,54.70450020020202
R15,S8,11,56.880584781708215
R15,S8,12,60.819934453562475
R15,S8,13,62.76024150544715
R15,S8,14,61.009536938785665
R15,S8,15,58.251921114722116
R15,S8,16,57.68890704543548
R15,S8,17,54.5751535344272
R15,S8,18,53.61778155112515
R15,S8,19,41.45230177916257
R15,S8,20,42.884644864593646
R15,S8,21,42.25715241107824
R15,S8,22,39.46418488497801
R15,S8,23,36.92229948202683
R15,S8,24,38.380305823379146
R15,S9,1,40.003825257081374
R15,S9,2,40.15030666211111
R15,S9,3,46.16579137749961
R15,S9,4,46.75102597036781
R15,S9,5,52.38847585612574
R15,S9,6,55.464719163266906
R15,S9,7,49.64990642664324
R15,S9,8,55.41375555794981
R15,S9,9,55.02416668875309
R15,S9,10,58.66199513151248
R15,S9,11,70.55324926070878
R15,S9,12,70.7518874844344
R15,S9,13,75.87623962436363
R15,S9,14,72.71890092532492
R15,S9,15,57.41756942347515
R15,S9,16,58.96058774951524
R15,S9,17,56.450211989429086
R15,S9,18,55.886105272718694
R15,S9,19,44.47657287260512
R15,S9,20,41.10373194173953
R15,S9,21,39.985442595095435
R15,S9,22,40.63658502000166
R15,S9,23,40.27456219018768
R15,S9,24,39.32187952574556
R15,S10,1,37.83097039732792
R15,S10,2,42.642262287260934
R15,S10,3,43.945667492243274
R15,S10,4,50.15826376705356
R15,S10,5,49.52543416641267
R15,S10,6,57.142392017819795
R15,S10,7,51.598749656586655
R15,S10,8,54.62778733907152
R15,S10,9,54.49792267370464
R15,S10,10,56.545132763953255
R15,S10,11,62.32669503573073
R15,S10,12,58.41546992232311
R15,S10,13,65.10737484109657
R15,S10,14,61.306301295419985
R15,S10,15,58.22230429309442
R15,S10,16,55.84746208304669
R15,S10,17,59.34493633633493
R15,S10,18,56.217814408315604
R15,S10,19,44.65367356525368
R15,S10,20,42.12083134245516
R15,S10,21,42.40539725430825
R15,S10,22,37.82361822838268
R15,S10,23,38.14244490369741
R15,S10,24,36.3701012015535
R15,S11,1,38.59186904743664
R15,S11,2,40.94331365155457
R15,S11,3,43.22437067259214
R15,S11,4,48.635568459991944
R15,S11,5,50.090745245697946
R15,S11,6,55.66011052266866
R15,S11,7,53.13710572000354
R15,S11,8,51.99091774084915
R15,S11,9,53.72741213673966
R15,S11,10,59.89681189178383
R15,S11,11,61.54490051428245
R15,S11,12,60.30568544885522
R15,S11,13,65.49949899780528
R15,S11,14,64.31780247488695
R15,S11,15,57.68152920168782
R15,S11,16,59.88988210066113
R15,S11,17,57.58220638324291
R15,S11,18,53.10739659207508
R15,S11,19,44.3016852633623
R15,S11,20,43.12145849670594
R15,S11,21,38.93257866476498
R15,S11,22,39.81880743049437
R15,S11,23,38.75744720108307
R15,S11,24,36.681634345667774
R15,S12,1,13.545830813731374
R15,S12,2,14.553714782102155
R15,S12,3,15.160838833076891
R15,S12,4,17.693889739333944
R15,S12,5,18.49570493515178
R15,S12,6,19.522565961736376
R15,S12,7,17.861896217910513
R15,S12,8,18.854199868603054
R15,S12,9,19.073740777612112
R15,S12,10,21.058418926921153
R15,S12,11,21.630921881476016
R15,S12,12,21.54006707355625
R15,S12,13,21.45654365917047
R15,S12,14,21.687035287764104
R15,S12,15,21.03609136856883
R15,S12,16,20.60418886337465
R15,S12,17,20.529983053248735
R15,S12,18,18.473999615662667
R15,S12,19,14.721234456060628
R15,S12,20,15.263138534217177
R15,S12,21,14.726230338395856
R15,S12,22,13.711420912175521
R15,S12,23,14.093821368617908
R15,S12,24,13.36340642123029
R16,S1,1,0.0
R16,S1,2,0.0
R16,S1,3,0.0
R16,S1,4,0.0
R16,S1,5,0.0
R16,S1,6,0.0
R16,S1,7,24.5475521957783
R16,S1,8,26.471096365211515
R16,S1,9,28.24387827826216
R16,S1,10,30.687612225228975
R16,S1,11,31.939342588291044
R16,S1,12,35.24622344577744
R16,S1,13,34.70552544013815
R16,S1,14,34.35065553195098
R16,S1,15,31.351269978244474
R16,S1,16,27.14463916961953
R16,S1,17,26.123436686366965
R16,S1,18,22.561878057033816
R16,S1,19,0.0
R16,S1,20,0.0
R16,S1,21,0.0
R16,S1,22,0.0
R16,S1,23,0.0
R16,S1,24,0.0
R16,S2,1,0.0
R16,S2,2,0.0
R16,S2,3,0.0
R16,S2,4,0.0
R16,S2,5,0.0
R16,S2,6,0.0
R16,S2,7,22.649956141343452
R16,S2,8,25.903625953373655
R16,S2,9,27.582891976275764
R16,S2,10,29.678035113565738
R16,S2,11,33.71972392476647
R16,S2,12,34.21975560751313
R16,S2,13,37.60425068229107
R16,S2,14,32.36626131329856
R16,S2,15,32.41968662650485
R16,S2,16,27.722190795751967
R16,S2,17,25.420692039695183
R16,S2,18,24.46231627395609
R16,S2,19,0.0
R16,S2,20,0.0
R16,S2,21,0.0
R16,S2,22,0.0
R16,S2,23,0.0
R16,S2,24,0.0
R16,S3,1,0.0
R16,S3,2,0.0
R16,S3,3,0.0
R16,S3,4,0.0
R16,S3,5,0.0
R16,S3,6,0.0
R16,S3,7,24.489008780944744
R16,S3,8,26.325808716006865
R16,S3,9,29.44064761272506
R16,S3,10,30.53366895491278
R16,S3,11,33.461343868954394
R16,S3,12,35.14100190146411
R16,S3,13,36.4707604259287
R16,S3,14,33.41221542161291
R16,S3,15,30.76111163526316
R16,S3,16,28.900529482592507
R16,S3,17,25.847284359142378
R16,S3,18,24.135866906957077
R16,S3,19,0.0
R16,S3,20,0.0
R16,S3,21,0.0
R16,S3,22,0.0
R16,S3,23,0.0
R16,S3,24,0.0
R16,S4,1,0.0
R16,S4,2,0.0
R16,S4,3,0.0
R16,S4,4,0.0
R16,S4,5,0.0
R16,S4,6,0.0
R16,S4,7,22.764848099370834
R16,S4,8,24.86857704402511
R16,S4,9,29.87758712428743
R16,S4,10,29.61959807445376
R16,S4,11,32.57226414135762
R16,S4,12,35.33388623921817
R16,S4,13,34.41036358527813
R16,S4,14,32.475465844618476
R16,S4,15,30.99624075967821
R16,S4,16,27.98134548073065
R16,S4,17,24.79511195314991
R16,S4,18,24.516710483182017
R16,S4,19,0.0
R16,S4,20,0.0
R16,S4,21,0.0
R16,S4,22,0.0
R16,S4,23,0.0
R16,S4,24,0.0
R16,S5,1,0.0
R16,S5,2,0.0
R16,S5,3,0.0
R16,S5,4,0.0
R16,S5,5,0.0
R16,S5,6,0.0
R16,S5,7,23.074088219656996
R16,S5,8,26.518502051726063
R16,S5,9,29.055301049056485
R16,S5,10,30.48743703746851
R16,S5,11,44.234407076050005
R16,S5,12,48.11076202884264
R16,S5,13,45.44983169027478
R16,S5,14,43.591168618103275
R16,S5,15,30.016120485547127
R16,S5,16,29.31147098302041
R16,S5,17,27.251292752935374
R16,S5,18,23.91653678408547
R16,S5,19,0.0
R16,S5,20,0.0
R16,S5,21,0.0
R16,S5,22,0.0
R16,S5,23,0.0
R16,S5,24,0.0
R16,S6,1,0.0
R16,S6,2,0.0
R16,S6,3,0.0
R16,S6,4,0.0
R16,S6,5,0.0
R16,S6,6,0.0
R16,S6,7,23.02489425221104
R16,S6,8,26.154042373710052
R16,S6,9,28.274938438206878
R16,S6,10,29.98581760083942
R16,S6,11,33.8138809284272
R16,S6,12,34.382692262597686
R16,S6,13,34.30234685855649
R16,S6,14,33.70915815172631
R16,S6,15,30.460968015551156
R16,S6,16,29.021085343702822
R16,S6,17,25.548869374077526
R16,S6,18,22.7834912043913
R16,S6,19,0.0
R16,S6,20,0.0
R16,S6,21,0.0
R16,S6,22,0.0
R16,S6,23,0.0
R16,S6,24,0.0
R16,S7,1,0.0
R16,S7,2,0.0
R16,S7,3,0.0
R16,S7,4,0.0
R16,S7,5,0.0
R16,S7,6,0.0
R16,S7,7,23.15698328639123
R16,S7,8,26.46576213494267
R16,S7,9,29.136468693882033
R16,S7,10,31.37831110622621
R16,S7,11,32.3376996751054
R16,S7,12,36.88480060449748
R16,S7,13,35.58220358709607
R16,S7,14,32.209244369799215
R16,S7,15,29.41915985491532
R16,S7,16,29.58257310935477
R16,S7,17,26.98338154440821
R16,S7,18,24.618291385473878
R16,S7,19,0.0
R16,S7,20,0.0
R16,S7,21,0.0
R16,S7,22,0.0
R16,S7,23,0.0
R16,S7,24,0.0
R16,S8,1,0.0
R16,S8,2,0.0
R16,S8,3,0.0
R16,S8,4,0.0
R16,S8,5,0.0
R16,S8,6,0.0
R16,S8,7,23.973331391379812
R16,S8,8,25.8480405115486
R16,S8,9,27.1273407236442
R16,S8,10,30.662094135486843
R16,S8,11,32.425531001971464
R16,S8,12,34.93394661183869
R16,S8,13,35.48164095976432
R16,S8,14,34.86278654140816
R16,S8,15,30.87007940440186
R16,S8,16,28.616002819922578
R16,S8,17,24.83142124058683
R16,S8,18,23.45870268159536
R16,S8,19,0.0
R16,S8,20,0.0
R16,S8,21,0.0
R16,S8,22,0.0
R16,S8,23,0.0
R16,S8,24,0.0
R16,S9,1,0.0
R16,S9,2,0.0
R16,S9,3,0.0
R16,S9,4,0.0
R16,S9,5,0.0
R16,S9,6,0.0
R16,S9,7,23.92847283689666
R16,S9,8,26.8800413161256
R16,S9,9,28.470666691379257
R16,S9,10,29.816358585720476
R16,S9,11,43.32713640415134
R16,S9,12,47.50623966533229
R16,S9,13,46.759117276531114
R16,S9,14,42.59961902831414
R16,S9,15,31.12597344552896
R16,S9,16,27.095096472125384
R16,S9,17,26.150738596660638
R16,S9,18,23.41404356013302
R16,S9,19,0.0
R16,S9,20,0.0
R16,S9,21,0.0
R16,S9,22,0.0
R16,S9,23,0.0
R16,S9,24,0.0
R16,S10,1,0.0
R16,S10,2,0.0
R16,S10,3,0.0
R16,S10,4,0.0
R16,S10,5,0.0
R16,S10,6,0.0
R16,S10,7,23.023520633346358
R16,S10,8,25.57176809546156
R16,S10,9,28.236349995086023
R16,S10,10,31.97256579541539
R16,S10,11,34.298514725676014
R16,S10,12,36.93414282421113
R16,S10,13,35.11628288466755
R16,S10,14,32.42810828496953
R16,S10,15,31.934674552094062
R16,S10,16,29.013390071640394
R16,S10,17,25.822350184400772
R16,S10,18,22.603474947820263
R16,S10,19,0.0
R16,S10,20,0.0
R16,S10,21,0.0
R16,S10,22,0.0
R16,S10,23,0.0
R16,S10,24,0.0
R16,S11,1,0.0
R16,S11,2,0.0
R16,S11,3,0.0
R16,S11,4,0.0
R16,S11,5,0.0
R16,S11,6,0.0
R16,S11,7,22.946232759491537
R16,S11,8,27.31850535297505
R16,S11,9,28.56681038912995
R16,S11,10,31.748579435474888
R16,S11,11,33.47594958202912
R16,S11,12,35.67024688143987
R16,S11,13,34.21002061506532
R16,S11,14,33.093118537620555
R16,S11,15,30.66518718758341
R16,S11,16,28.028840830244633
R16,S11,17,25.086384792485898
R16,S11,18,24.36288904829881
R16,S11,19,0.0
R16,S11,20,0.0
R16,S11,21,0.0
R16,S11,22,0.0
R16,S11,23,0.0
R16,S11,24,0.0
R16,S12,1,0.0
R16,S12,2,0.0
R16,S12,3,0.0
R16,S12,4,0.0
R16,S12,5,0.0
R16,S12,6,0.0
R16,S12,7,8.64884719295622
R16,S12,8,9.075071200158895
R16,S12,9,9.772605621255353
R16,S12,10,11.291971465256735
R16,S12,11,11.61687458618642
R16,S12,12,12.243395066497209
R16,S12,13,12.943244267852865
R16,S12,14,11.594181366086914
R16,S12,15,11.101114455545558
R16,S12,16,9.613974528503066
R16,S12,17,9.02994409677373
R16,S12,18,8.36201865469935
R16,S12,19,0.0
R16,S12,20,0.0
R16,S12,21,0.0
R16,S12,22,0.0
R16,S12,23,0.0
R16,S12,24,0.0
R17,S1,1,38.96427761464147
R17,S1,2,42.83667985700437
R17,S1,3,47.690205693034244
R17,S1,4,52.23065403611313
R17,S1,5,54.47834043666411
R17,S1,6,57.530323456265116
R17,S1,7,54.38211910034448
R17,S1,8,57.74200169843942
R17,S1,9,58.39158013390521
R17,S1,10,60.33017221914656
R17,S1,11,63.3538444814714
R17,S1,12,65.61207438497141
R17,S1,13,65.96343599569926
R17,S1,14,64.87616907055062
R17,S1,15,61.92514016572621
R17,S1,16,59.04301072109324
R17,S1,17,58.0872532035676
R17,S1,18,54.91281028407824
R17,S1,19,42.881169675284745
R17,S1,20,45.300111668169485
R17,S1,21,40.70787900732433
R17,S1,22,40.50226362461852
R17,S1,23,41.071427250849766
R17,S1,24,39.90847897049857
R17,S2,1,42.283550690042595
R17,S2,2,45.2349803267936
R17,S2,3,45.56218651465289
R17,S2,4,49.798495143682175
R17,S2,5,55.1169253262091
R17,S2,6,55.60184808025663
R17,S2,7,52.501848501396324
R17,S2,8,55.57120174455814
R17,S2,9,57.686265481205396
R17,S2,10,60.33129289096311
R17,S2,11,62.08661277729069
R17,S2,12,62.949197396887435
R17,S2,13,68.41832080905938
R17,S2,14,67.66822994152474
R17,S2,15,65.45410873125907
R17,S2,16,60.99987569953129
R17,S2,17,60.47884789844057
R17,S2,18,59.12653554663917
R17,S2,19,44.8503977357878
R17,S2,20,44.29070967472979
R17,S2,21,44.60641780524644
R17,S2,22,42.04979561939469
R17,S2,23,39.029210268077364
R17,S2,24,39.63126106566298
R17,S3,1,39.74048208865829
R17,S3,2,42.42182599724666
R17,S3,3,49.59596128897866
R17,S3,4,49.35697456578897
R17,S3,5,53.35021116849511
R17,S3,6,56.25689642732076
R17,S3,7,53.36105129156852
R17,S3,8,58.14582194668459
R17,S3,9,59.22787887193334
R17,S3,10,62.93599504596754
R17,S3,11,63.52975366729808
R17,S3,12,67.03507988855708
R17,S3,13,67.07995339758162
R17,S3,14,61.82282843782852
R17,S3,15,60.035801906018584
R17,S3,16,62.790305921127825
R17,S3,17,60.13357741798499
R17,S3,18,59.28415893579713
R17,S3,19,45.56844933043457
R17,S3,20,42.20487420272431
R17,S3,21,41.50383488376859
R17,S3,22,40.055192070951456
R17,S3,23,38.70060875940095
R17,S3,24,39.395001041007674
R17,S4,1,39.90489250348325
R17,S4,2,46.155472074622836
R17,S4,3,48.74782401589027
R17,S4,4,52.8240117329926
R17,S4,5,56.47881230602916
R17,S4,6,56.82038049331936
R17,S4,7,52.77618916631343
R17,S4,8,56.65689462180815
R17,S4,9,56.766835609492865
R17,S4,10,60.19248025704808
R17,S4,11,61.38951949146781
R17,S4,12,63.52325228968126
R17,S4,13,65.53885061000223
R17,S4,14,67.26778155274414
R17,S4,15,65.32571905425587
R17,S4,16,62.276774668967825
R17,S4,17,56.482060764566484
R17,S4,18,54.84228423729465
R17,S4,19,44.312091740094424
R17,S4,20,43.67871659085716
R17,S4,21,44.185329828263136
R17,S4,22,43.24546255356468
R17,S4,23,40.37260608902904
R17,S4,24,39.344950911877106
R17,S5,1,41.635195658092826
R17,S5,2,45.116763659519506
R17,S5,3,48.268937019196166
R17,S5,4,51.258156279363526
R17,S5,5,56.74631253110449
R17,S5,6,57.846355644188506
R17,S5,7,53.03597871589948
R17,S5,8,56.573729619846084
R17,S5,9,60.67587513439242
R17,S5,10,59.11341927816364
R17,S5,11,76.0819057979032
R17,S5,12,77.54093134895638
R17,S5,13,75.30587411631828
R17,S5,14,74.70235571609199
R17,S5,15,63.762221866673386
R17,S5,16,62.909005239763275
R17,S5,17,57.35175872496015
R17,S5,18,59.442567440510885
R17,S5,19,43.35769937069566
R17,S5,20,43.60125035460176
R17,S5,21,41.999235769716805
R17,S5,22,39.814000658411466
R17,S5,23,40.75302556745382
R17,S5,24,40.30574066813508
R17,S6,1,38.91480980923927
R17,S6,2,44.624736429343436
R17,S6,3,46.33309691074894
R17,S6,4,52.96126077134595
R17,S6,5,54.484515106736275
R17,S6,6,57.705650141190226
R17,S6,7,53.27351522122126
R17,S6,8,58.50142850957236
R17,S6,9,56.49526018627647
R17,S6,10,60.01114590072117
R17,S6,11,60.06847600657412
R17,S6,12,63.5123250121087
R17,S6,13,64.974910009927
R17,S6,14,65.4536909369133
R17,S6,15,61.12828019845329
R17,S6,16,60.46464128133926
R17,S6,17,61.21705489170851
R17,S6,18,57.47015065208063
R17,S6,19,46.55190983270584
R17,S6,20,43.11332027179708
R17,S6,21,44.38951457661524
R17,S6,22,41.8669217790912
R17,S6,23,39.39324087789601
R17,S6,24,38.23021122628725
R17,S7,1,40.28940405559692
R17,S7,2,45.80916662348494
R17,S7,3,48.40921234450583
R17,S7,4,50.467082368667455
R17,S7,5,53.20595725460771
R17,S7,6,58.70876066034555
R17,S7,7,52.52810506694329
R17,S7,8,58.732010974917166
R17,S7,9,57.26274402719903
R17,S7,10,62.02880374800387
R17,S7,11,59.3321301084467
R17,S7,12,63.80916097760628
R17,S7,13,66.18928122097643
R17,S7,14,65.54648673884667
R17,S7,15,65.52415352191946
R17,S7,16,60.59387880843728
R17,S7,17,59.3847687213253
R17,S7,18,55.529122854665246
R17,S7,19,44.62519514629403
R17,S7,20,45.51536239280318
R17,S7,21,42.61549714390319
R17,S7,22,42.020860554446394
R17,S7,23,42.22423581816092
R17,S7,24,37.40799132541408
R17,S8,1,39.044480323749184
R17,S8,2,45.88775413461954
R17,S8,3,45.59393976520853
R17,S8,4,51.62738998583951
R17,S8,5,53.267354771901225
R17,S8,6,59.82187605344094
R17,S8,7,53.61213582310748
R17,S8,8,53.664526822521026
R17,S8,9,56.946548818094556
R17,S8,10,58.3010450357224
R17,S8,11,64.96112033610883
R17,S8,12,65.11514224607244
R17,S8,13,67.27317136900639
R17,S8,14,67.42754691399871
R17,S8,15,61.63174410846372
R17,S8,16,60.01286467586873
R17,S8,17,60.27506428409209
R17,S8,18,55.43532928332578
R17,S8,19,45.19942120265245
R17,S8,20,42.04541701687496
R17,S8,21,43.20210118784233
R17,S8,22,42.786012889267205
R17,S8,23,41.34142431567512
R17,S8,24,40.73684180549727
R17,S9,1,41.259132418398714
R17,S9,2,45.45819032136643
R17,S9,3,46.48297458712409
R17,S9,4,50.0043478361518
R17,S9,5,56.635161873111066
R17,S9,6,54.90599556926696
R17,S9,7,52.86014240071569
R17,S9,8,58.35321850377003
R17,S9,9,58.01009043907958
R17,S9,10,62.46482459132016
R17,S9,11,75.52916681564457
R17,S9,12,76.91826391504934
R17,S9,13,80.12397408812309
R17,S9,14,74.86169291287315
R17,S9,15,64.15390697349142
R17,S9,16,63.09433314719666
R17,S9,17,57.7730641349682
R17,S9,18,55.82603299719066
R17,S9,19,43.42909219762595
R17,S9,20,44.53833110599965
R17,S9,21,41.01536227747555
R17,S9,22,41.62686758605114
R17,S9,23,41.070233398274276
R17,S9,24,41.194370102103804
R17,S10,1,39.210432008697566
R17,S10,2,42.50610747578229
R17,S10,3,45.327578144041176
R17,S10,4,49.85031590341505
R17,S10,5,53.9945519718983
R17,S10,6,54.87804065108656
R17,S10,7,56.75558598740871
R17,S10,8,54.098551523687036
R17,S10,9,60.197709975304114
R17,S10,10,58.70281072658824
R17,S10,11,60.41206905758931
R17,S10,12,67.24882736966097
R17,S10,13,68.43607586453885
R17,S10,14,65.78539643967642
R17,S10,15,63.48377638134522
R17,S10,16,63.5625256783558
R17,S10,17,59.18649108559979
R17,S10,18,56.03871317425697
R17,S10,19,44.7961504325714
R17,S10,20,43.57517118066458
R17,S10,21,41.07277569782576
R17,S10,22,43.0419855964124
R17,S10,23,40.335390583860864
R17,S10,24,38.35650412644705
R17,S11,1,40.41421168955153
R17,S11,2,42.787342910390166
R17,S11,3,45.738997084330265
R17,S11,4,48.583724636673956
R17,S11,5,56.85482468794606
R17,S11,6,58.32343463468129
R17,S11,7,56.163826801792084
R17,S11,8,57.71635736090356
R17,S11,9,59.58259784716035
R17,S11,10,62.26293497850436
R17,S11,11,59.48088482384262
R17,S11,12,67.40875887535326
R17,S11,13,65.93096035347051
R17,S11,14,67.25181586363296
R17,S11,15,64.02705806879418
R17,S11,16,58.920496773050374
R17,S11,17,58.790744505079736
R17,S11,18,55.925556529887636
R17,S11,19,42.82260267814202
R17,S11,20,44.19880302546557
R17,S11,21,42.939832806269685
R17,S11,22,41.78799095411961
R17,S11,23,41.348517970898705
R17,S11,24,41.10510915497928
R17,S12,1,14.82802162116912
R17,S12,2,15.021044508030931
R17,S12,3,16.46318573943499
R17,S12,4,18.50722974562832
R17,S12,5,19.427096404026432
R17,S12,6,20.584977152086882
R17,S12,7,18.40000995809612
R17,S12,8,19.50908997219533
R17,S12,9,19.843919703165298
R17,S12,10,21.14056765596235
R17,S12,11,22.303691430214148
R17,S12,12,22.31709820755037
R17,S12,13,23.496951710935413
R17,S12,14,22.81490992935287
R17,S12,15,22.243336287517202
R17,S12,16,21.684924315090367
R17,S12,17,21.28964064717616
R17,S12,18,19.281694122767014
R17,S12,19,15.320596256840767
R17,S12,20,14.864169028597136
R17,S12,21,15.017831648585798
R17,S12,22,14.61169495307767
R17,S12,23,13.439193353837632
R17,S12,24,13.397155702039973
R18,S1,1,0.0
R18,S1,2,0.0
R18,S1,3,0.0
R18,S1,4,0.0
R18,S1,5,0.0
R18,S1,6,0.0
R18,S1,7,25.039670353201164
R18,S1,8,27.963025338594488
R18,S1,9,31.243864540676185
R18,S1,10,33.147724353195855
R18,S1,11,33.39078711715379
R18,S1,12,35.702484177162326
R18,S1,13,38.050819875605185
R18,S1,14,35.08217455988109
R18,S1,15,32.35150528787824
R18,S1,16,29.81652875326523
R18,S1,17,26.109524258751712
R18,S1,18,25.94827047078241
R18,S1,19,0.0
R18,S1,20,0.0
R18,S1,21,0.0
R18,S1,22,0.0
R18,S1,23,0.0
R18,S1,24,0.0
R18,S2,1,0.0
R18,S2,2,0.0
R18,S2,3,0.0
R18,S2,4,0.0
R18,S2,5,0.0
R18,S2,6,0.0
R18,S2,7,23.752044924560213
R18,S2,8,28.39477343759908
R18,S2,9,28.53584304130842
R18,S2,10,31.3937347028722
R18,S2,11,36.08427996586947
R18,S2,12,36.1898386561276
R18,S2,13,38.49504295648406
R18,S2,14,35.11339496039256
R18,S2,15,33.90248168619122
R18,S2,16,29.052668210985704
R18,S2,17,27.114828283511677
R18,S2,18,24.54482620564733
R18,S2,19,0.0
R18,S2,20,0.0
R18,S2,21,0.0
R18,S2,22,0.0
R18,S2,23,0.0
R18,S2,24,0.0
R18,S3,1,0.0
R18,S3,2,0.0
R18,S3,3,0.0
R18,S3,4,0.0
R18,S3,5,0.0
R18,S3,6,0.0
R18,S3,7,25.35863413093931
R18,S3,8,27.54623761874358
R18,S3,9,30.315519686556264
R18,S3,10,32.72165442507698
R18,S3,11,35.46762310107881
R18,S3,12,37.94093154282061
R18,S3,13,37.16531839269899
R18,S3,14,35.38606443248111
R18,S3,15,31.50520155599205
R18,S3,16,29.83948344301605
R18,S3,17,26.37056656067045
R18,S3,18,23.557689423993715
R18,S3,19,0.0
R18,S3,20,0.0
R18,S3,21,0.0
R18,S3,22,0.0
R18,S3,23,0.0
R18,S3,24,0.0
R18,S4,1,0.0
R18,S4,2,0.0
R18,S4,3,0.0
R18,S4,4,0.0
R18,S4,5,0.0
R18,S4,6,0.0
R18,S4,7,24.83146719534373
R18,S4,8,27.235317469088596
R18,S4,9,29.29516850355524
R18,S4,10,31.249757758140632
R18,S4,11,34.029603264693165
R18,S4,12,37.98729168652261
R18,S4,13,36.17507654046828
R18,S4,14,34.036742075966615
R18,S4,15,32.35244148275784
R18,S4,16,30.897620720629007
R18,S4,17,27.180778582883907
R18,S4,18,23.691801251846798
R18,S4,19,0.0
R18,S4,20,0.0
R18,S4,21,0.0
R18,S4,22,0.0
R18,S4,23,0.0
R18,S4,24,0.0
R18,S5,1,0.0
R18,S5,2,0.0
R18,S5,3,0.0
R18,S5,4,0.0
R18,S5,5,0.0
R18,S5,6,0.0
R18,S5,7,23.588802457628287
R18,S5,8,26.355123027001206
R18,S5,9,29.81805619712113
R18,S5,10,32.00309791908386
R18,S5,11,45.17949090704256
R18,S5,12,50.64318042185749
R18,S5,13,48.12679395924598
R18,S5,14,46.84101452621222
R18,S5,15,31.43938630075456
R18,S5,16,29.973383719889593
R18,S5,17,26.56220479431134
R18,S5,18,24.253805910048627
R18,S5,19,0.0
R18,S5,20,0.0
R18,S5,21,0.0
R18,S5,22,0.0
R18,S5,23,0.0
R18,S5,24,0.0
R18,S6,1,0.0
R18,S6,2,0.0
R18,S6,3,0.0
R18,S6,4,0.0
R18,S6,5,0.0
R18,S6,6,0.0
R18,S6,7,24.115056684166596
R18,S6,8,26.884035350669944
R18,S6,9,31.039096266012066
R18,S6,10,33.310045997377294
R18,S6,11,35.90849882944771
R18,S6,12,37.20861716880563
R18,S6,13,36.74412651607626
R18,S6,14,33.24909115090362
R18,S6,15,30.79254564324146
R18,S6,16,31.10562847817146
R18,S6,17,26.64835193149717
R18,S6,18,25.713273762274753
R18,S6,19,0.0
R18,S6,20,0.0
R18,S6,21,0.0
R18,S6,22,0.0
R18,S6,23,0.0
R18,S6,24,0.0
R18,S7,1,0.0
R18,S7,2,0.0
R18,S7,3,0.0
R18,S7,4,0.0
R18,S7,5,0.0
R18,S7,6,0.0
R18,S7,7,24.205424775118427
R18,S7,8,27.130358263189507
R18,S7,9,29.260436749215604
R18,S7,10,31.198174441231487
R18,S7,11,34.150918682551996
R18,S7,12,36.55686013996283
R18,S7,13,39.26903057331123
R18,S7,14,35.575539357775895
R18,S7,15,31.019488506813268
R18,S7,16,30.4418769483811
R18,S7,17,26.748834369347954
R18,S7,18,25.36066434538024
R18,S7,19,0.0
R18,S7,20,0.0
R18,S7,21,0.0
R18,S7,22,0.0
R18,S7,23,0.0
R18,S7,24,0.0
R18,S8,1,0.0
R18,S8,2,0.0
R18,S8,3,0.0
R18,S8,4,0.0
R18,S8,5,0.0
R18,S8,6,0.0
R18,S8,7,24.482297513596038
R18,S8,8,26.39971324224802
R18,S8,9,31.061367032554852
R18,S8,10,32.30103023506385
R18,S8,11,36.032866794575625
R18,S8,12,36.57809387860652
R18,S8,13,38.657082312847514
R18,S8,14,33.256219498990085
R18,S8,15,33.55197633433167
R18,S8,16,30.322320296877496
R18,S8,17,27.343756298950932
R18,S8,18,24.63484285050051
R18,S8,19,0.0
R18,S8,20,0.0
R18,S8,21,0.0
R18,S8,22,0.0
R18,S8,23,0.0
R18,S8,24,0.0
R18,S9,1,0.0
R18,S9,2,0.0
R18,S9,3,0.0
R18,S9,4,0.0
R18,S9,5,0.0
R18,S9,6,0.0
R18,S9,7,24.523639975377765
R18,S9,8,25.942049985653654
R18,S9,9,31.294260174076044
R18,S9,10,31.667691564327917
R18,S9,11,45.069625611348016
R18,S9,12,48.73113722210167
R18,S9,13,47.729749126383574
R18,S9,14,47.45722841459876
R18,S9,15,31.40818810302658
R18,S9,16,30.32818400793713
R18,S9,17,28.280401309128653
R18,S9,18,24.385517608581534
R18,S9,19,0.0
R18,S9,20,0.0
R18,S9,21,0.0
R18,S9,22,0.0
R18,S9,23,0.0
R18,S9,24,0.0
R18,S10,1,0.0
R18,S10,2,0.0
R18,S10,3,0.0
R18,S10,4,0.0
R18,S10,5,0.0
R18,S10,6,0.0
R18,S10,7,25.765247196369067
R18,S10,8,26.021740274705415
R18,S10,9,30.92723827329665
R18,S10,10,30.844005185046754
R18,S10,11,34.339390927755915
R18,S10,12,38.69503289057547
R18,S10,13,39.058457838799214
R18,S10,14,34.345443879151496
R18,S10,15,33.18657454408513
R18,S10,16,29.599849336278332
R18,S10,17,26.287917133588724
R18,S10,18,23.69853147730153
R18,S10,19,0.0
R18,S10,20,0.0
R18,S10,21,0.0
R18,S10,22,0.0
R18,S10,23,0.0
R18,S10,24,0.0
R18,S11,1,0.0
R18,S11,2,0.0
R18,S11,3,0.0
R18,S11,4,0.0
R18,S11,5,0.0
R18,S11,6,0.0
R18,S11,7,25.18130813018055
R18,S11,8,26.989341104605835
R18,S11,9,30.04534538168965
R18,S11,10,32.95578732216864
R18,S11,11,34.49374537003037
R18,S11,12,37.643148965890575
R18,S11,13,36.49011197487662
R18,S11,14,36.3704271392636
R18,S11,15,33.0351245781341
R18,S11,16,31.234430264122803
R18,S11,17,26.27676459931842
R18,S11,18,23.911187725931544
R18,S11,19,0.0
R18,S11,20,0.0
R18,S11,21,0.0
R18,S11,22,0.0
R18,S11,23,0.0
R18,S11,24,0.0
R18,S12,1,0.0
R18,S12,2,0.0
R18,S12,3,0.0
R18,S12,4,0.0
R18,S12,5,0.0
R18,S12,6,0.0
R18,S12,7,8.312894190261597
R18,S12,8,9.332524867166322
R18,S12,9,10.140277282809292
R18,S12,10,11.392525931892372
R18,S12,11,11.639545948878629
R18,S12,12,12.733409214545489
R18,S12,13,12.956079244523965
R18,S12,14,12.276399381933153
R18,S12,15,11.077032199209265
R18,S12,16,10.637171976288037
R18,S12,17,9.87242901986569
R18,S12,18,8.549974710052131
R18,S12,19,0.0
R18,S12,20,0.0
R18,S12,21,0.0
R18,S12,22,0.0
R18,S12,23,0.0
R18,S12,24,0.0
R19,S1,1,44.50646575445257
R19,S1,2,44.869950903433214
R19,S1,3,51.08793258674003
R19,S1,4,53.86994573198283
R19,S1,5,53.879755722325896
R19,S1,6,57.806713413437066
R19,S1,7,55.17461290291725
R19,S1,8,60.20117554644836
R19,S1,9,61.920658766499585
R19,S1,10,61.47618268694232
R19,S1,11,65.24532373942797
R19,S1,12,66.45867859157467
R19,S1,13,70.83466892057841
R19,S1,14,68.72591301015443
R19,S1,15,64.77922185144155
R19,S1,16,66.2217479246613
R19,S1,17,64.39087095829012
R19,S1,18,62.00418856761725
R19,S1,19,47.824294628177675
R19,S1,20,46.22962448023587
R19,S1,21,43.586990309399866
R19,S1,22,44.363264526311234
R19,S1,23,44.05174994006977
R19,S1,24,40.139668983398565
R19,S2,1,44.59366286898321
R19,S2,2,47.4362783128528
R19,S2,3,47.3784962874645
R19,S2,4,53.03020759469491
R19,S2,5,54.81552004868311
R19,S2,6,61.71200152740176
R19,S2,7,59.118204755547836
R19,S2,8,59.93642347576642
R19,S2,9,61.05534664887751
R19,S2,10,62.344862595431636
R19,S2,11,67.8732819313862
R19,S2,12,65.10929902984783
R19,S2,13,67.69711543048753
R19,S2,14,65.29892701530875
R19,S2,15,67.42641269550438
R19,S2,16,61.799716740866046
R19,S2,17,64.46597309121812
R19,S2,18,57.88699195289775
R19,S2,19,48.5862004510206
R19,S2,20,45.43239254086799
R19,S2,21,43.85013653318926
R19,S2,22,43.33011942711095
R19,S2,23,43.500650388611675
R19,S2,24,39.97569039710345
R19,S3,1,42.5321049456859
R19,S3,2,47.14969933574124
R19,S3,3,50.74151875235752
R19,S3,4,55.41468063422908
R19,S3,5,57.526800669044476
R19,S3,6,62.697578948337984
R19,S3,7,57.69808308445026
R19,S3,8,57.88553430733511
R19,S3,9,58.59107637642956
R19,S3,10,65.31134953598793
R19,S3,11,64.2521003832384
R19,S3,12,70.35851888405392
R19,S3,13,69.47572899444533
R19,S3,14,69.09505409762298
R19,S3,15,62.60936135910182
R19,S3,16,64.4479358356643
R19,S3,17,63.35606338971402
R19,S3,18,57.94262655899665
R19,S3,19,45.935965890529424
R19,S3,20,47.294628088435395
R19,S3,21,43.28341737824381
R19,S3,22,42.841987509382314
R19,S3,23,43.72438100466994
R19,S3,24,41.69109481905726
R19,S4,1,41.93929047721504
R19,S4,2,47.134375925122974
R19,S4,3,50.498601922021635
R19,S4,4,55.29265834280456
R19,S4,5,58.94704710638594
R19,S4,6,59.50902675167861
R19,S4,7,56.857400719738486
R19,S4,8,61.756102165185524
R19,S4,9,61.80954166282746
R19,S4,10,60.316757424856995
R19,S4,11,63.01774059679568
R19,S4,12,65.10526814076282
R19,S4,13,67.67673497590289
R19,S4,14,70.64951011854272
R19,S4,15,62.78621886700789
R19,S4,16,64.7453767308148
R19,S4,17,58.986144547404294
R19,S4,18,58.75595403751232
R19,S4,19,44.74495070490875
R19,S4,20,46.91979255083668
R19,S4,21,46.01832006078222
R19,S4,22,42.33051925703842
R19,S4,23,43.8327212114395
R19,S4,24,41.8772311452138
R19,S5,1,42.657783479957956
R19,S5,2,46.55350796690275
R19,S5,3,47.14142544046155
R19,S5,4,51.191046176686
R19,S5,5,59.45108682599967
R19,S5,6,59.89715970316829
R19,S5,7,54.245381720776784
R19,S5,8,60.73577953483558
R19,S5,9,62.51779602756793
R19,S5,10,64.0021161487121
R19,S5,11,78.66419702461144
R19,S5,12,77.39074349748554
R19,S5,13,79.82732735041539
R19,S5,14,75.44096054574644
R19,S5,15,67.26339710019978
R19,S5,16,62.14882070465145
R19,S5,17,62.80225343408498
R19,S5,18,59.76024188395426
R19,S5,19,48.232418256221194
R19,S5,20,45.47030460059866
R19,S5,21,43.257015612624585
R19,S5,22,44.8223270948964
R19,S5,23,41.213807634060366
R19,S5,24,39.89121895825939
R19,S6,1,40.482946731937695
R19,S6,2,47.582925934186434
R19,S6,3,51.19464329277691
R19,S6,4,53.32983309043436
R19,S6,5,58.38866663227489
R19,S6,6,59.82104606938702
R19,S6,7,54.1009718596215
R19,S6,8,57.64409393206655
R19,S6,9,63.77867156312639
R19,S6,10,62.72770376113353
R19,S6,11,67.86418372538333
R19,S6,12,69.79626871014504
R19,S6,13,69.49384717505744
R19,S6,14,69.47786439057816
R19,S6,15,66.68518650218199
R19,S6,16,62.13729001350922
R19,S6,17,60.61927180964891
R19,S6,18,60.35624673055036
R19,S6,19,48.61069975364473
R19,S6,20,47.09045712450948
R19,S6,21,46.4155200793783
R19,S6,22,43.68268349898581
R19,S6,23,43.033131556967476
R19,S6,24,39.14434116242571
R19,S7,1,41.04461495660368
R19,S7,2,45.936544161960505
R19,S7,3,49.8137318862774
R19,S7,4,52.13638575234744
R19,S7,5,56.16604132805531
R19,S7,6,60.32225509757851
R19,S7,7,54.95370952029311
R19,S7,8,59.764312798148595
R19,S7,9,60.78168678880311
R19,S7,10,64.50601859099031
R19,S7,11,62.40287941035081
R19,S7,12,65.04037750593932
R19,S7,13,69.26860767780389
R19,S7,14,67.25677880896919
R19,S7,15,63.1974500655654
R19,S7,16,65.95112340815474
R19,S7,17,64.90985319503505
R19,S7,18,63.14871450726508
R19,S7,19,44.971224113626526
R19,S7,20,46.26683310205887
R19,S7,21,45.99806939934462
R19,S7,22,42.42597832427657
R19,S7,23,41.29335938209
R19,S7,24,39.60655953035391
R19,S8,1,44.03346382666888
R19,S8,2,43.92960833096023
R19,S8,3,49.79685868092671
R19,S8,4,55.32337472878175
R19,S8,5,54.68212953809305
R19,S8,6,59.66921673013814
R19,S8,7,58.70933291130655
R19,S8,8,56.155869512992254
R19,S8,9,59.86586960601406
R19,S8,10,64.95744724398484
R19,S8,11,67.81935042346163
R19,S8,12,69.82986700217046
R19,S8,13,68.98986735650334
R19,S8,14,64.70987760408825
R19,S8,15,68.00914931995688
R19,S8,16,64.15121745519716
R19,S8,17,61.65207516362266
R19,S8,18,60.848071357546296
R19,S8,19,45.03735536308889
R19,S8,20,43.44780139167951
R19,S8,21,46.68100203311427
R19,S8,22,45.32719394794294
R19,S8,23,44.1564213541793
R19,S8,24,42.26219571402378
R19,S9,1,42.088175066505926
R19,S9,2,48.271036251150065
R19,S9,3,48.268938960984556
R19,S9,4,54.644565193405825
R19,S9,5,58.48420478465993
R19,S9,6,60.202508921319044
R19,S9,7,59.439904857717536
R19,S9,8,60.45589050518796
R19,S9,9,61.08652921409906
R19,S9,10,60.9510928612371
R19,S9,11,76.0784003858001
R19,S9,12,78.64499306295001
R19,S9,13,77.0127539580237
R19,S9,14,80.67935671357885
R19,S9,15,65.32675823966271
R19,S9,16,63.80709458992678
R19,S9,17,63.85105897401086
R19,S9,18,60.0051758789624
R19,S9,19,44.47763072085958
R19,S9,20,43.4266239550982
R19,S9,21,44.21459704950883
R19,S9,22,41.77402055703934
R19,S9,23,40.39933351342966
R19,S9,24,39.84614497700048
R19,S10,1,43.05403101609524
R19,S10,2,44.92457779118095
R19,S10,3,49.44839705596657
R19,S10,4,53.87565797038523
R19,S10,5,56.51914826763442
R19,S10,6,58.97809444500572
R19,S10,7,55.08504311444987
R19,S10,8,56.32453480587831
R19,S10,9,60.27390525844497
R19,S10,10,61.426068935883045
R19,S10,11,63.08159472316522
R19,S10,12,68.47293484513676
R19,S10,13,67.43701045189971
R19,S10,14,65.68297589165432
R19,S10,15,68.87905048328253
R19,S10,16,62.65626175432587
R19,S10,17,59.27047574653461
R19,S10,18,57.529286743510184
R19,S10,19,44.640753017359096
R19,S10,20,43.477474761256666
R19,S10,21,44.12648880672116
R19,S10,22,43.7021645465331
R19,S10,23,40.89157992247449
R19,S10,24,40.40474018102457
R19,S11,1,42.104233579120766
R19,S11,2,44.974006469409446
R19,S11,3,51.586561583845494
R19,S11,4,50.57179024528211
R19,S11,5,55.09320035660509
R19,S11,6,60.60288778009292
R19,S11,7,57.88252142882065
R19,S11,8,56.087379514466335
R19,S11,9,59.82378618724834
R19,S11,10,63.52006991926749
R19,S11,11,64.52750279942825
R19,S11,12,65.9963850335239
R19,S11,13,69.58156511553561
R19,S11,14,65.9860074779333
R19,S11,15,66.93603244565463
R19,S11,16,61.96923419094338
R19,S11,17,64.6598460652891
R19,S11,18,63.02676991335793
R19,S11,19,47.90564530727826
R19,S11,20,46.217108943480426
R19,S11,21,45.86638814023621
R19,S11,22,44.44899205026963
R19,S11,23,43.10825528370457
R19,S11,24,39.08375023549931
R19,S12,1,14.288808239410107
R19,S12,2,16.904801177254434
R19,S12,3,17.21135371441758
R19,S12,4,17.703729727601665
R19,S12,5,19.00148375596076
R19,S12,6,20.644465333597925
R19,S12,7,20.187775420209626
R19,S12,8,19.78064957348619
R19,S12,9,20.331974244108746
R19,S12,10,21.871450658669684
R19,S12,11,22.07508851765174
R19,S12,12,23.33942675967311
R19,S12,13,23.39163944012631
R19,S12,14,23.040273469669238
R19,S12,15,22.694022533136042
R19,S12,16,23.337232348201088
R19,S12,17,21.973885375275287
R19,S12,18,20.626803374495886
R19,S12,19,15.836859471142633
R19,S12,20,15.526796892502363
R19,S12,21,14.904933309057817
R19,S12,22,15.257973672282358
R19,S12,23,14.692742909401
R19,S12,24,14.815097184497576
R20,S1,1,0.0
R20,S1,2,0.0
R20,S1,3,0.0
R20,S1,4,0.0
R20,S1,5,0.0
R20,S1,6,0.0
R20,S1,7,19.46463602430622
R20,S1,8,22.504032174902704
R20,S1,9,23.38516829403042
R20,S1,10,26.613560448116367
R20,S1,11,29.969128431746668
R20,S1,12,29.690390897862986
R20,S1,13,30.8333419005523
R20,S1,14,29.928812538978928
R20,S1,15,26.60799212433216
R20,S1,16,24.042377351911362
R20,S1,17,22.373151908820894
R20,S1,18,19.522814822373597
R20,S1,19,0.0
R20,S1,20,0.0
R20,S1,21,0.0
R20,S1,22,0.0
R20,S1,23,0.0
R20,S1,24,0.0
R20,S2,1,0.0
R20,S2,2,0.0
R20,S2,3,0.0
R20,S2,4,0.0
R20,S2,5,0.0
R20,S2,6,0.0
R20,S2,7,19.422846279667947
R20,S2,8,23.027195556475615
R20,S2,9,24.481404748601978
R20,S2,10,27.205403158530807
R20,S2,11,28.66928565018402
R20,S2,12,31.452457723979425
R20,S2,13,30.94076735325547
R20,S2,14,28.796998011170732
R20,S2,15,27.504750396915934
R20,S2,16,23.313962460214082
R20,S2,17,21.59057041490914
R20,S2,18,19.302700889908508
R20,S2,19,0.0
R20,S2,20,0.0
R20,S2,21,0.0
R20,S2,22,0.0
R20,S2,23,0.0
R20,S2,24,0.0
R20,S3,1,0.0
R20,S3,2,0.0
R20,S3,3,0.0
R20,S3,4,0.0
R20,S3,5,0.0
R20,S3,6,0.0
R20,S3,7,20.28071042799172
R20,S3,8,22.28726005557878
R20,S3,9,23.92655722372177
R20,S3,10,27.33010119182895
R20,S3,11,27.9285480692105
R20,S3,12,30.073747214296656
R20,S3,13,29.18710774719481
R20,S3,14,27.784193364783643
R20,S3,15,27.647820326600737
R20,S3,16,24.48111951144794
R20,S3,17,22.021071354215923
R20,S3,18,20.354498902335504
R20,S3,19,0.0
R20,S3,20,0.0
R20,S3,21,0.0
R20,S3,22,0.0
R20,S3,23,0.0
R20,S3,24,0.0
R20,S4,1,0.0
R20,S4,2,0.0
R20,S4,3,0.0
R20,S4,4,0.0
R20,S4,5,0.0
R20,S4,6,0.0
R20,S4,7,19.682612635482066
R20,S4,8,23.07199701976288
R20,S4,9,24.04945940188531
R20,S4,10,27.739626653001956
R20,S4,11,29.283288365753048
R20,S4,12,31.75843024559511
R20,S4,13,30.926455084035556
R20,S4,14,27.26824363899079
R20,S4,15,25.705005497311696
R20,S4,16,24.160830976175575
R20,S4,17,21.60888232908953
R20,S4,18,20.65883335329679
R20,S4,19,0.0
R20,S4,20,0.0
R20,S4,21,0.0
R20,S4,22,0.0
R20,S4,23,0.0
R20,S4,24,0.0
R20,S5,1,0.0
R20,S5,2,0.0
R20,S5,3,0.0
R20,S5,4,0.0
R20,S5,5,0.0
R20,S5,6,0.0
R20,S5,7,19.68239124987065
R20,S5,8,22.833523707819523
R20,S5,9,25.60088001246283
R20,S5,10,25.804836695380153
R20,S5,11,37.12418672083311
R20,S5,12,40.487866573430225
R20,S5,13,41.103652070363616
R20,S5,14,38.13060121297377
R20,S5,15,27.17500794293677
R20,S5,16,25.21716119777479
R20,S5,17,23.238324918321464
R20,S5,18,21.200030827534277
R20,S5,19,0.0
R20,S5,20,0.0
R20,S5,21,0.0
R20,S5,22,0.0
R20,S5,23,0.0
R20,S5,24,0.0
R20,S6,1,0.0
R20,S6,2,0.0
R20,S6,3,0.0
R20,S6,4,0.0
R20,S6,5,0.0
R20,S6,6,0.0
R20,S6,7,19.74779412199442
R20,S6,8,21.329025646487707
R20,S6,9,24.37751929377234
R20,S6,10,25.571350554254167
R20,S6,11,28.590126874765243
R20,S6,12,30.00373253270062
R20,S6,13,31.179108278209526
R20,S6,14,28.2147954222631
R20,S6,15,25.453423998792452
R20,S6,16,25.13352104607088
R20,S6,17,21.324543007432272
R20,S6,18,19.40166513158582
R20,S6,19,0.0
R20,S6,20,0.0
R20,S6,21,0.0
R20,S6,22,0.0
R20,S6,23,0.0
R20,S6,24,0.0
R20,S7,1,0.0
R20,S7,2,0.0
R20,S7,3,0.0
R20,S7,4,0.0
R20,S7,5,0.0
R20,S7,6,0.0
R20,S7,7,21.07382821009446
R20,S7,8,22.828868954259093
R20,S7,9,23.786782400990635
R20,S7,10,26.39345249788164
R20,S7,11,29.440870760797942
R20,S7,12,29.902195726830616
R20,S7,13,31.682576725449504
R20,S7,14,29.593708284463077
R20,S7,15,25.206505821726385
R20,S7,16,24.104953481333673
R20,S7,17,22.39919602162554
R20,S7,18,20.67138770879428
R20,S7,19,0.0
R20,S7,20,0.0
R20,S7,21,0.0
R20,S7,22,0.0
R20,S7,23,0.0
R20,S7,24,0.0
R20,S8,1,0.0
R20,S8,2,0.0
R20,S8,3,0.0
R20,S8,4,0.0
R20,S8,5,0.0
R20,S8,6,0.0
R20,S8,7,20.906794255450734
R20,S8,8,22.513143084246384
R20,S8,9,24.55779824709143
R20,S8,10,27.810017325614808
R20,S8,11,29.797114438489835
R20,S8,12,32.2117107445633
R20,S8,13,30.892072125508182
R20,S8,14,29.586384625171462
R20,S8,15,26.104140406477566
R20,S8,16,25.198113901806227
R20,S8,17,21.600324409260057
R20,S8,18,20.62502173028926
R20,S8,19,0.0
R20,S8,20,0.0
R20,S8,21,0.0
R20,S8,22,0.0
R20,S8,23,0.0
R20,S8,24,0.0
R20,S9,1,0.0
R20,S9,2,0.0
R20,S9,3,0.0
R20,S9,4,0.0
R20,S9,5,0.0
R20,S9,6,0.0
R20,S9,7,19.798903265115456
R20,S9,8,23.00386782691075
R20,S9,9,24.35243979513249
R20,S9,10,26.578146188106665
R20,S9,11,39.41731797836588
R20,S9,12,40.47399998661769
R20,S9,13,40.59998629792629
R20,S9,14,38.6015123902747
R20,S9,15,26.636041287740838
R20,S9,16,24.75069338438126
R20,S9,17,23.078390068231208
R20,S9,18,20.68000530845797
R20,S9,19,0.0
R20,S9,20,0.0
R20,S9,21,0.0
R20,S9,22,0.0
R20,S9,23,0.0
R20,S9,24,0.0
R20,S10,1,0.0
R20,S10,2,0.0
R20,S10,3,0.0
R20,S10,4,0.0
R20,S10,5,0.0
R20,S10,6,0.0
R20,S10,7,20.589986646900517
R20,S10,8,21.87260864375745
R20,S10,9,24.57779242898784
R20,S10,10,25.67926197272126
R20,S10,11,29.801480104310166
R20,S10,12,29.904267301874796
R20,S10,13,30.997617764422706
R20,S10,14,29.681211787325484
R20,S10,15,27.173876625423635
R20,S10,16,25.11762736324547
R20,S10,17,23.291394434317635
R20,S10,18,21.111084443899745
R20,S10,19,0.0
R20,S10,20,0.0
R20,S10,21,0.0
R20,S10,22,0.0
R20,S10,23,0.0
R20,S10,24,0.0
R20,S11,1,0.0
R20,S11,2,0.0
R20,S11,3,0.0
R20,S11,4,0.0
R20,S11,5,0.0
R20,S11,6,0.0
R20,S11,7,19.530770151083054
R20,S11,8,22.044140839831883
R20,S11,9,23.914168158369563
R20,S11,10,25.67533568392761
R20,S11,11,27.578876711088267
R20,S11,12,31.273754778702305
R20,S11,13,32.06392496673357
R20,S11,14,29.235365472494987
R20,S11,15,26.954474867043366
R20,S11,16,23.38060294579605
R20,S11,17,21.385251425348393
R20,S11,18,20.521660341829193
R20,S11,19,0.0
R20,S11,20,0.0
R20,S11,21,0.0
R20,S11,22,0.0
R20,S11,23,0.0
R20,S11,24,0.0
R20,S12,1,0.0
R20,S12,2,0.0
R20,S12,3,0.0
R20,S12,4,0.0
R20,S12,5,0.0
R20,S12,6,0.0
R20,S12,7,6.890197111486232
R20,S12,8,7.456452141465395
R20,S12,9,8.18384124512968
R20,S12,10,9.608804900063385
R20,S12,11,9.611219161914672
R20,S12,12,10.306707328398016
R20,S12,13,10.39625155030707
R20,S12,14,9.69744767233703
R20,S12,15,8.94624341683398
R20,S12,16,8.661756023217418
R20,S12,17,7.541999791921592
R20,S12,18,7.265045519975899
R20,S12,19,0.0
R20,S12,20,0.0
R20,S12,21,0.0
R20,S12,22,0.0
R20,S12,23,0.0
R20,S12,24,0.0
R21,S1,1,35.273435014542855
R21,S1,2,37.58275786780016
R21,S1,3,39.425218571927104
R21,S1,4,44.69262888557061
R21,S1,5,45.95871489935703
R21,S1,6,48.09913765020375
R21,S1,7,48.638222227129
R21,S1,8,49.419970185673364
R21,S1,9,51.699753228417656
R21,S1,10,51.34597611092445
R21,S1,11,55.82052353331668
R21,S1,12,56.95840290335016
R21,S1,13,56.43832484038776
R21,S1,14,55.43983111300063
R21,S1,15,53.81378067682853
R21,S1,16,50.176485619078676
R21,S1,17,53.38980561856344
R21,S1,18,50.0182238058975
R21,S1,19,40.245826758325215
R21,S1,20,37.46236897924461
R21,S1,21,34.79030452498761
R21,S1,22,36.39892726577079
R21,S1,23,35.50974403730226
R21,S1,24,32.98573416323297
R21,S2,1,36.04325694824267
R21,S2,2,39.494346576761735
R21,S2,3,41.48574287033915
R21,S2,4,42.77511152552379
R21,S2,5,46.77856026605267
R21,S2,6,47.728375533062916
R21,S2,7,47.25830203631157
R21,S2,8,49.940242298132084
R21,S2,9,50.26031536450882
R21,S2,10,50.47863387935445
R21,S2,11,53.16608090382705
R21,S2,12,57.09590856230136
R21,S2,13,54.28590374832559
R21,S2,14,56.72547342192509
R21,S2,15,52.286114300061605
R21,S2,16,51.88002191966953
R21,S2,17,49.32041811540346
R21,S2,18,47.78619425188646
R21,S2,19,39.73101522700831
R21,S2,20,36.61406383020972
R21,S2,21,36.715940350081524
R21,S2,22,34.535052676773944
R21,S2,23,33.6692252877077
R21,S2,24,34.2036573103464
R21,S3,1,35.9758515119625
R21,S3,2,37.75216380891048
R21,S3,3,40.28915831280527
R21,S3,4,43.598175355992446
R21,S3,5,47.50222645518467
R21,S3,6,51.1103975997277
R21,S3,7,45.44443749105932
R21,S3,8,48.2712249067394
R21,S3,9,48.019318470228654
R21,S3,10,49.69959317942683
R21,S3,11,53.1378263355364
R21,S3,12,57.826585335784145
R21,S3,13,56.4650467461649
R21,S3,14,53.10341128081711
R21,S3,15,52.58023531821275
R21,S3,16,50.01331735990815
R21,S3,17,51.02120444421136
R21,S3,18,50.248472652652005
R21,S3,19,36.86425471245439
R21,S3,20,36.426261540135755
R21,S3,21,37.77096178041286
R21,S3,22,37.093403020834174
R21,S3,23,33.28050933266898
R21,S3,24,33.10144597552491
R21,S4,1,35.25426762295245
R21,S4,2,36.363828466727504
R21,S4,3,41.44957117638672
R21,S4,4,43.38188615883157
R21,S4,5,47.52294442356543
R21,S4,6,48.184156618034855
R21,S4,7,45.60764411769263
R21,S4,8,48.287659511023044
R21,S4,9,49.76050996528709
R21,S4,10,52.731189631854924
R21,S4,11,51.77386868253631
R21,S4,12,57.491445056047354
R21,S4,13,57.95796425978333
R21,S4,14,53.886795313854364
R21,S4,15,52.453319085640594
R21,S4,16,53.29214084330476
R21,S4,17,49.0038384095803
R21,S4,18,47.7367059943237
R21,S4,19,37.620211788504605
R21,S4,20,36.85413821875631
R21,S4,21,38.246920116804205
R21,S4,22,34.57419254425213
R21,S4,23,33.332250741777834
R21,S4,24,34.03147111339901
R21,S5,1,36.522351557533405
R21,S5,2,37.1673689000028
R21,S5,3,39.944234928943445
R21,S5,4,42.154305123132275
R21,S5,5,47.094049722942025
R21,S5,6,51.8924698048041
R21,S5,7,48.68739713334363
R21,S5,8,46.39938216719654
R21,S5,9,51.95587976625713
R21,S5,10,52.738077373804806
R21,S5,11,63.398547713534654
R21,S5,12,65.05975974567636
R21,S5,13,63.22774118690369
R21,S5,14,64.97799211089306
R21,S5,15,54.06552703689397
R21,S5,16,54.71376285530212
R21,S5,17,49.32584068564959
R21,S5,18,49.226791569380005
R21,S5,19,37.95263984323975
R21,S5,20,37.788956487094175
R21,S5,21,36.82041118610239
R21,S5,22,37.34999341141704
R21,S5,23,33.44230605275336
R21,S5,24,32.64017511331246
R21,S6,1,34.42686592656161
R21,S6,2,38.76588471902841
R21,S6,3,42.28957903349413
R21,S6,4,43.54751800556559
R21,S6,5,48.37655518768209
R21,S6,6,47.472858297460284
R21,S6,7,48.33507044325967
R21,S6,8,48.5576465356859
R21,S6,9,51.27069943293215
R21,S6,10,52.01720202474862
R21,S6,11,54.14422740615277
R21,S6,12,57.248814736022744
R21,S6,13,58.083738925890884
R21,S6,14,56.52980158079909
R21,S6,15,52.50953184352216
R21,S6,16,53.983850571606744
R21,S6,17,51.40102362517468
R21,S6,18,48.177210689472176
R21,S6,19,39.605314377444195
R21,S6,20,37.16923894804933
R21,S6,21,37.01265058644139
R21,S6,22,35.37950487662284
R21,S6,23,35.324455682072404
R21,S6,24,32.574600898577415
R21,S7,1,36.23156605493585
R21,S7,2,36.9440524279383
R21,S7,3,41.96775946409443
R21,S7,4,44.72464605182191
R21,S7,5,48.79259162730738
R21,S7,6,50.3971275848572
R21,S7,7,46.44865843988168
R21,S7,8,47.4983432410218
R21,S7,9,50.370725948247326
R21,S7,10,52.777910263046124
R21,S7,11,54.623582757494205
R21,S7,12,53.369586943747
R21,S7,13,54.974335340281854
R21,S7,14,54.01463617546847
R21,S7,15,56.53800809454424
R21,S7,16,50.66618590860923
R21,S7,17,51.73134148797935
R21,S7,18,51.70674896259689
R21,S7,19,38.408984213085795
R21,S7,20,37.08699860894918
R21,S7,21,35.905946548635804
R21,S7,22,34.20928253657635
R21,S7,23,33.41476135476395
R21,S7,24,33.89189139878514
R21,S8,1,33.9681426143681
R21,S8,2,38.34378398338854
R21,S8,3,39.245645349310735
R21,S8,4,44.725401521769285
R21,S8,5,46.16035044716956
R21,S8,6,51.95846737572468
R21,S8,7,47.014068264648664
R21,S8,8,48.97434066142086
R21,S8,9,49.55495113592335
R21,S8,10,50.16287418194513
R21,S8,11,55.27757273346064
R21,S8,12,53.33100055743921
R21,S8,13,54.26618045738766
R21,S8,14,56.553841581216105
R21,S8,15,56.35160152080386
R21,S8,16,55.143167222868406
R21,S8,17,49.854426420251656
R21,S8,18,50.49882608762682
R21,S8,19,40.20635162504344
R21,S8,20,38.1004752573038
R21,S8,21,37.50130727266163
R21,S8,22,37.27018042311574
R21,S8,23,34.134493768200315
R21,S8,24,34.64334291791606
R21,S9,1,34.44673785046375
R21,S9,2,38.22463390146356
R21,S9,3,39.06123530660101
R21,S9,4,44.42055614623743
R21,S9,5,47.90158245206465
R21,S9,6,50.304953596850964
R21,S9,7,46.55173043041165
R21,S9,8,47.144693079006935
R21,S9,9,52.605576112793806
R21,S9,10,51.161634147450634
R21,S9,11,63.439369574919255
R21,S9,12,67.67224136127253
R21,S9,13,65.24736772538928
R21,S9,14,64.42498873201974
R21,S9,15,53.74838108801258
R21,S9,16,52.18888603002548
R21,S9,17,52.664796377089964
R21,S9,18,47.647492062286744
R21,S9,19,39.904365257653836
R21,S9,20,36.81396637936597
R21,S9,21,35.666770352738254
R21,S9,22,36.846066157539404
R21,S9,23,33.678222157133725
R21,S9,24,34.70276002331129
R21,S10,1,34.026535879911044
R21,S10,2,37.92451868854531
R21,S10,3,39.47409024986122
R21,S10,4,45.40625331519368
R21,S10,5,44.47712356742123
R21,S10,6,47.874069416951855
R21,S10,7,47.71932619402123
R21,S10,8,48.923304736654565
R21,S10,9,48.73775368202473
R21,S10,10,52.15856975210432
R21,S10,11,52.298443645600365
R21,S10,12,56.17843562005014
R21,S10,13,57.00252490290208
R21,S10,14,53.922505902130354
R21,S10,15,52.20072091378592
R21,S10,16,51.673636047277256
R21,S10,17,52.994463941514695
R21,S10,18,50.17156923607394
R21,S10,19,37.67211715390193
R21,S10,20,35.973685923877916
R21,S10,21,36.311431961222446
R21,S10,22,34.922381772689604
R21,S10,23,35.656416124855035
R21,S10,24,34.6458440629651
R21,S11,1,36.19914746381416
R21,S11,2,37.58161460933618
R21,S11,3,39.593961988528726
R21,S11,4,41.81846774610755
R21,S11,5,44.98408738168042
R21,S11,6,48.589027009935975
R21,S11,7,45.672720528385334
R21,S11,8,48.45886847768723
R21,S11,9,51.887831870698676
R21,S11,10,53.4682052312386
R21,S11,11,53.93483140674506
R21,S11,12,57.45719999840152
R21,S11,13,58.877487815216355
R21,S11,14,53.51068065207471
R21,S11,15,52.73155979141268
R21,S11,16,53.3218275279765
R21,S11,17,52.923240335760774
R21,S11,18,48.53460811986203
R21,S11,19,37.46892180385163
R21,S11,20,36.308541489326466
R21,S11,21,35.35718846522312
R21,S11,22,35.08207311694936
R21,S11,23,35.63993319918712
R21,S11,24,35.02531181218559
R21,S12,1,12.085722380034138
R21,S12,2,13.00727873601575
R21,S12,3,14.579474176989594
R21,S12,4,15.100950617509431
R21,S12,5,15.591085647385018
R21,S12,6,18.07559819486497
R21,S12,7,16.763829814666057
R21,S12,8,16.164647275652126
R21,S12,9,18.105106911627274
R21,S12,10,18.350615860676992
R21,S12,11,19.470780333969234
R21,S12,12,18.58268293761999
R21,S12,13,19.44075849634344
R21,S12,14,19.325383884327223
R21,S12,15,19.56984955158828
R21,S12,16,17.73690879737318
R21,S12,17,17.503450038669367
R21,S12,18,16.680680312035015
R21,S12,19,13.208385023966539
R21,S12,20,13.453808347263365
R21,S12,21,12.787982334234037
R21,S12,22,12.160669875704802
R21,S12,23,12.662817309747723
R21,S12,24,12.156270303647144
R22,S1,1,0.0
R22,S1,2,0.0
R22,S1,3,0.0
R22,S1,4,0.0
R22,S1,5,0.0
R22,S1,6,0.0
R22,S1,7,22.079593685731105
R22,S1,8,23.359684248778986
R22,S1,9,26.491328830969255
R22,S1,10,27.44334162149165
R22,S1,11,30.30328626971901
R22,S1,12,32.144958610987096
R22,S1,13,30.836904917851015
R22,S1,14,30.913665891134176
R22,S1,15,28.124674060975522
R22,S1,16,26.890160646005057
R22,S1,17,23.084424462756317
R22,S1,18,20.973209000723507
R22,S1,19,0.0
R22,S1,20,0.0
R22,S1,21,0.0
R22,S1,22,0.0
R22,S1,23,0.0
R22,S1,24,0.0
R22,S2,1,0.0
R22,S2,2,0.0
R22,S2,3,0.0
R22,S2,4,0.0
R22,S2,5,0.0
R22,S2,6,0.0
R22,S2,7,21.791296958725404
R22,S2,8,24.71079634770484
R22,S2,9,25.84016043636287
R22,S2,10,27.28681157422881
R22,S2,11,30.719872267292818
R22,S2,12,31.868862908802875
R22,S2,13,31.72264523024942
R22,S2,14,30.30370800265845
R22,S2,15,27.243237600814144
R22,S2,16,26.72366057207971
R22,S2,17,23.046853795707925
R22,S2,18,21.870883478141028
R22,S2,19,0.0
R22,S2,20,0.0
R22,S2,21,0.0
R22,S2,22,0.0
R22,S2,23,0.0
R22,S2,24,0.0
R22,S3,1,0.0
R22,S3,2,0.0
R22,S3,3,0.0
R22,S3,4,0.0
R22,S3,5,0.0
R22,S3,6,0.0
R22,S3,7,20.537075056009186
R22,S3,8,23.488647799132877
R22,S3,9,26.233042457059632
R22,S3,10,26.79970001376504
R22,S3,11,29.524067798088733
R22,S3,12,31.114373415755768
R22,S3,13,31.06101820001623
R22,S3,14,29.755257448327527
R22,S3,15,27.569287127659138
R22,S3,16,25.02348603708026
R22,S3,17,24.602764664246962
R22,S3,18,20.911361274101743
R22,S3,19,0.0
R22,S3,20,0.0
R22,S3,21,0.0
R22,S3,22,0.0
R22,S3,23,0.0
R22,S3,24,0.0
R22,S4,1,0.0
R22,S4,2,0.0
R22,S4,3,0.0
R22,S4,4,0.0
R22,S4,5,0.0
R22,S4,6,0.0
R22,S4,7,21.848326812636287
R22,S4,8,23.16907737187863
R22,S4,9,26.80188794734272
R22,S4,10,27.554481518885442
R22,S4,11,29.588809196591487
R22,S4,12,32.16569560830652
R22,S4,13,33.295386945425925
R22,S4,14,29.630609852700978
R22,S4,15,26.752189133581986
R22,S4,16,26.18437415006283
R22,S4,17,23.475173012292856
R22,S4,18,21.801015990802487
R22,S4,19,0.0
R22,S4,20,0.0
R22,S4,21,0.0
R22,S4,22,0.0
R22,S4,23,0.0
R22,S4,24,0.0
R22,S5,1,0.0
R22,S5,2,0.0
R22,S5,3,0.0
R22,S5,4,0.0
R22,S5,5,0.0
R22,S5,6,0.0
R22,S5,7,22.353893590107752
R22,S5,8,22.76000879077534
R22,S5,9,26.556528609697562
R22,S5,10,27.19821242450003
R22,S5,11,40.492833009430655
R22,S5,12,43.28681499126331
R22,S5,13,43.5903674442233
R22,S5,14,39.38718204924809
R22,S5,15,27.806792904601252
R22,S5,16,25.3995804452225
R22,S5,17,24.1979346647217
R22,S5,18,20.873914853304285
R22,S5,19,0.0
R22,S5,20,0.0
R22,S5,21,0.0
R22,S5,22,0.0
R22,S5,23,0.0
R22,S5,24,0.0
R22,S6,1,0.0
R22,S6,2,0.0
R22,S6,3,0.0
R22,S6,4,0.0
R22,S6,5,0.0
R22,S6,6,0.0
R22,S6,7,22.098622149129916
R22,S6,8,23.47335784731988
R22,S6,9,26.911429936441426
R22,S6,10,29.258463855215197
R22,S6,11,31.157924400563868
R22,S6,12,32.398857676977435
R22,S6,13,31.289521649850766
R22,S6,14,29.71340460529369
R22,S6,15,27.95352933150109
R22,S6,16,25.10266567522797
R22,S6,17,22.624077924287565
R22,S6,18,21.655480196993533
R22,S6,19,0.0
R22,S6,20,0.0
R22,S6,21,0.0
R22,S6,22,0.0
R22,S6,23,0.0
R22,S6,24,0.0
R22,S7,1,0.0
R22,S7,2,0.0
R22,S7,3,0.0
R22,S7,4,0.0
R22,S7,5,0.0
R22,S7,6,0.0
R22,S7,7,22.083342012662964
R22,S7,8,23.695404592623625
R22,S7,9,25.474505957305897
R22,S7,10,29.161342026401375
R22,S7,11,29.03978154107862
R22,S7,12,33.934130426465565
R22,S7,13,32.96885288751231
R22,S7,14,29.83179559618757
R22,S7,15,27.157517086393167
R22,S7,16,26.677857253507785
R22,S7,17,22.544893121099513
R22,S7,18,21.250384309843582
R22,S7,19,0.0
R22,S7,20,0.0
R22,S7,21,0.0
R22,S7,22,0.0
R22,S7,23,0.0
R22,S7,24,0.0
R22,S8,1,0.0
R22,S8,2,0.0
R22,S8,3,0.0
R22,S8,4,0.0
R22,S8,5,0.0
R22,S8,6,0.0
R22,S8,7,22.207897588695648
R22,S8,8,23.826666049237346
R22,S8,9,26.374565859172073
R22,S8,10,28.924601156460852
R22,S8,11,29.897175188648557
R22,S8,12,33.260786910348095
R22,S8,13,31.10770206164345
R22,S8,14,30.450491204969754
R22,S8,15,27.637340996346687
R22,S8,16,25.994443338616584
R22,S8,17,22.904880537360963
R22,S8,18,21.8933502234324
R22,S8,19,0.0
R22,S8,20,0.0
R22,S8,21,0.0
R22,S8,22,0.0
R22,S8,23,0.0
R22,S8,24,0.0
R22,S9,1,0.0
R22,S9,2,0.0
R22,S9,3,0.0
R22,S9,4,0.0
R22,S9,5,0.0
R22,S9,6,0.0
R22,S9,7,20.42458717183438
R22,S9,8,23.669022200614197
R22,S9,9,24.629554322181985
R22,S9,10,26.92739998759608
R22,S9,11,39.24756873048807
R22,S9,12,42.25267782414853
R22,S9,13,43.68638505287466
R22,S9,14,40.0766851786409
R22,S9,15,28.975694757861618
R22,S9,16,26.122881726301006
R22,S9,17,22.90360453727022
R22,S9,18,20.57490160591012
R22,S9,19,0.0
R22,S9,20,0.0
R22,S9,21,0.0
R22,S9,22,0.0
R22,S9,23,0.0
R22,S9,24,0.0
R22,S10,1,0.0
R22,S10,2,0.0
R22,S10,3,0.0
R22,S10,4,0.0
R22,S10,5,0.0
R22,S10,6,0.0
R22,S10,7,21.57951605834823
R22,S10,8,22.953289711289116
R22,S10,9,25.205622584377956
R22,S10,10,27.876094612004813
R22,S10,11,28.72739835226651
R22,S10,12,30.922358128016082
R22,S10,13,32.65852510903957
R22,S10,14,30.514970657078592
R22,S10,15,27.39975516989261
R22,S10,16,25.27534529942351
R22,S10,17,24.069422784316867
R22,S10,18,22.17984321293453
R22,S10,19,0.0
R22,S10,20,0.0
R22,S10,21,0.0
R22,S10,22,0.0
R22,S10,23,0.0
R22,S10,24,0.0
R22,S11,1,0.0
R22,S11,2,0.0
R22,S11,3,0.0
R22,S11,4,0.0
R22,S11,5,0.0
R22,S11,6,0.0
R22,S11,7,22.19150010872162
R22,S11,8,23.589633242836218
R22,S11,9,24.892095184545706
R22,S11,10,27.906740930660533
R22,S11,11,31.482918745321058
R22,S11,12,30.805572368559357
R22,S11,13,31.884705391876324
R22,S11,14,30.351837927472015
R22,S11,15,29.132685011149754
R22,S11,16,26.186476880613423
R22,S11,17,24.44892398785302
R22,S11,18,21.824152249790952
R22,S11,19,0.0
R22,S11,20,0.0
R22,S11,21,0.0
R22,S11,22,0.0
R22,S11,23,0.0
R22,S11,24,0.0
R22,S12,1,0.0
R22,S12,2,0.0
R22,S12,3,0.0
R22,S12,4,0.0
R22,S12,5,0.0
R22,S12,6,0.0
R22,S12,7,7.340981200084671
R22,S12,8,8.526224957702047
R22,S12,9,8.787174712015677
R22,S12,10,9.7814368976271
R22,S12,11,10.933213835677414
R22,S12,12,11.605644101972754
R22,S12,13,10.92497072642951
R22,S12,14,10.885238584822801
R22,S12,15,9.882070216777745
R22,S12,16,9.062332922290254
R22,S12,17,8.652738196341682
R22,S12,18,7.290868943183231
R22,S12,19,0.0
R22,S12,20,0.0
R22,S12,21,0.0
R22,S12,22,0.0
R22,S12,23,0.0
R22,S12,24,0.0
R23,S1,1,35.57987596619911
R23,S1,2,38.1061681237705
R23,S1,3,41.79478393709233
R23,S1,4,47.53119888027103
R23,S1,5,51.07614428919634
R23,S1,6,50.29038351620422
R23,S1,7,47.903145779809584
R23,S1,8,49.54999654077136
R23,S1,9,53.25529473216797
R23,S1,10,55.27100631254424
R23,S1,11,58.11646023549819
R23,S1,12,61.0655531972894
R23,S1,13,62.82166553188722
R23,S1,14,61.21382244549122
R23,S1,15,59.47511378733092
R23,S1,16,57.69780759919885
R23,S1,17,52.01101144576964
R23,S1,18,52.00568013238388
R23,S1,19,40.745760181362996
R23,S1,20,37.68815670247856
R23,S1,21,40.47601503621277
R23,S1,22,35.75156101394912
R23,S1,23,35.59976670634233
R23,S1,24,34.41689525717931
R23,S2,1,35.74877276517644
R23,S2,2,38.33445820988186
R23,S2,3,44.84041615261108
R23,S2,4,45.27176726746437
R23,S2,5,46.70198968021998
R23,S2,6,53.04780255195092
R23,S2,7,47.17629513756453
R23,S2,8,50.09768808352796
R23,S2,9,51.24461928627682
R23,S2,10,55.180386875064585
R23,S2,11,55.80290764209571
R23,S2,12,61.22370927997595
R23,S2,13,61.97619202173599
R23,S2,14,58.55533688941619
R23,S2,15,55.603140917831745
R23,S2,16,56.767189131947106
R23,S2,17,51.81621071364768
R23,S2,18,52.980865455025466
R23,S2,19,40.531547478520906
R23,S2,20,38.90924493161899
R23,S2,21,37.94986525442234
R23,S2,22,37.82688134686521
R23,S2,23,37.94863176166375
R23,S2,24,36.72214154028866
R23,S3,1,35.13134940989472
R23,S3,2,40.25681258100953
R23,S3,3,44.28078244232398
R23,S3,4,44.364265206587405
R23,S3,5,49.33436201300145
R23,S3,6,53.321219460176366
R23,S3,7,49.71359281250147
R23,S3,8,49.317275734148
R23,S3,9,50.46779827184118
R23,S3,10,57.394043772827196
R23,S3,11,57.66256325948288
R23,S3,12,59.86769671665032
R23,S3,13,58.70443725225676
R23,S3,14,57.941442519370064
R23,S3,15,54.48310640473194
R23,S3,16,57.91644167238947
R23,S3,17,55.86159419477467
R23,S3,18,51.69204066847114
R23,S3,19,42.13494080905327
R23,S3,20,39.15375537097817
R23,S3,21,37.93759665043717
R23,S3,22,37.612707437031425
R23,S3,23,38.17196827257024
R23,S3,24,34.139480883048954
R23,S4,1,35.26730198975223
R23,S4,2,39.701017048213316
R23,S4,3,44.6274699534677
R23,S4,4,45.067464202310546
R23,S4,5,50.32897042085893
R23,S4,6,53.362117718105665
R23,S4,7,47.941925382778045
R23,S4,8,51.30900585179945
R23,S4,9,53.841016919950484
R23,S4,10,55.41164098907073
R23,S4,11,56.5830602113165
R23,S4,12,58.635475687264986
R23,S4,13,58.697266407423676
R23,S4,14,61.245629534148925
R23,S4,15,54.65020991443618
R23,S4,16,58.04907845709899
R23,S4,17,55.12419457606013
R23,S4,18,50.69848319583905
R23,S4,19,39.97907833422923
R23,S4,20,40.716084669192966
R23,S4,21,37.62456225765037
R23,S4,22,38.44925843656673
R23,S4,23,37.6293445683949
R23,S4,24,35.43292142972719
R23,S5,1,35.90013571465505
R23,S5,2,40.24690821976322
R23,S5,3,40.90698582695977
R23,S5,4,47.50323566420008
R23,S5,5,51.05101739068442
R23,S5,6,53.05852884319245
R23,S5,7,51.24464609640084
R23,S5,8,48.61458581827504
R23,S5,9,55.05095388298516
R23,S5,10,52.842025937161694
R23,S5,11,64.09784685316272
R23,S5,12,68.39205807725868
R23,S5,13,68.05081925648824
R23,S5,14,71.38839864015209
R23,S5,15,56.30611237927065
R23,S5,16,54.26858506639863
R23,S5,17,52.32426813002309
R23,S5,18,51.56392734623404
R23,S5,19,41.626396991153086
R23,S5,20,38.06322221461332
R23,S5,21,39.61124225037382
R23,S5,22,36.37202847918943
R23,S5,23,36.99389037157835
R23,S5,24,35.63788595558598
R23,S6,1,37.513263382835284
R23,S6,2,38.44637041396407
R23,S6,3,43.93530662890814
R23,S6,4,47.229888869901906
R23,S6,5,51.18295254206389
R23,S6,6,53.17467143229353
R23,S6,7,48.46826819727856
R23,S6,8,51.552233140502366
R23,S6,9,52.22473100977802
R23,S6,10,54.61001626687568
R23,S6,11,55.39402924500081
R23,S6,12,61.19304245526013
R23,S6,13,57.51090588202124
R23,S6,14,60.1020656595834
R23,S6,15,58.9222801768799
R23,S6,16,56.81597586414848
R23,S6,17,54.770946490035975
R23,S6,18,53.56381767145482
R23,S6,19,39.41730470885308
R23,S6,20,39.469219417185904
R23,S6,21,38.386149005136645
R23,S6,22,37.4705582165491
R23,S6,23,35.47744596889135
R23,S6,24,34.69541124611742
R23,S7,1,37.76713243608592
R23,S7,2,41.0748110896907
R23,S7,3,44.843709060041235
R23,S7,4,46.718389241694446
R23,S7,5,48.57186565581925
R23,S7,6,52.3215209097211
R23,S7,7,49.00606943982362
R23,S7,8,51.71008284090413
R23,S7,9,52.80502300259569
R23,S7,10,52.91179426987003
R23,S7,11,58.58000722454743
R23,S7,12,59.88132528656534
R23,S7,13,57.92765939388932
R23,S7,14,57.79884770478626
R23,S7,15,58.80935693041531
R23,S7,16,53.54452009169151
R23,S7,17,51.15361348908002
R23,S7,18,52.1036466719403
R23,S7,19,39.39299033523691
R23,S7,20,41.449601501031886
R23,S7,21,37.47191558014801
R23,S7,22,36.99243611364705
R23,S7,23,36.82544725782968
R23,S7,24,34.48118971247203
R23,S8,1,38.38856008999998
R23,S8,2,38.23936751995986
R23,S8,3,43.82633261915857
R23,S8,4,46.82758117940015
R23,S8,5,49.86500315263858
R23,S8,6,51.81328774218281
R23,S8,7,47.88519359535752
R23,S8,8,53.135712570689094
R23,S8,9,52.48208378905152
R23,S8,10,56.216144098949364
R23,S8,11,55.43222055309032
R23,S8,12,55.81826989039258
R23,S8,13,61.8396112922135
R23,S8,14,57.92402070713117
R23,S8,15,58.98561871194442
R23,S8,16,53.76363808032097
R23,S8,17,56.343209460639756
R23,S8,18,53.20081026585755
R23,S8,19,39.3434259590375
R23,S8,20,39.468751859583286
R23,S8,21,38.76315922383825
R23,S8,22,36.24338779856095
R23,S8,23,36.09572436484921
R23,S8,24,34.33950018540994
R23,S9,1,35.8031579301461
R23,S9,2,38.13142435004701
R23,S9,3,41.2313120195602
R23,S9,4,44.41119957716588
R23,S9,5,48.426125160535584
R23,S9,6,50.65732849876773
R23,S9,7,50.86816222111758
R23,S9,8,52.86783922638814
R23,S9,9,51.087878030175396
R23,S9,10,57.249007247020224
R23,S9,11,66.74332860541817
R23,S9,12,66.27882559655845
R23,S9,13,68.35322022217146
R23,S9,14,66.77438098448069
R23,S9,15,59.61394250300621
R23,S9,16,57.26922604645308
R23,S9,17,54.86345705082102
R23,S9,18,50.452689553564795
R23,S9,19,42.133833340307554
R23,S9,20,39.337777081599036
R23,S9,21,38.45459027103252
R23,S9,22,38.82547215218535
R23,S9,23,35.22749697150614
R23,S9,24,33.982333860538695
R23,S10,1,35.35076058245336
R23,S10,2,41.15533849891318
R23,S10,3,41.64898982879045
R23,S10,4,44.30374916725739
R23,S10,5,46.74226308891277
R23,S10,6,53.128123667179565
R23,S10,7,47.799132196420736
R23,S10,8,52.24531762948379
R23,S10,9,51.15549179259709
R23,S10,10,56.772769105641146
R23,S10,11,57.85520533777732
R23,S10,12,59.008547600881805
R23,S10,13,60.2654096196695
R23,S10,14,55.82463077755955
R23,S10,15,57.88676740923182
R23,S10,16,56.879576226135875
R23,S10,17,52.93674779474717
R23,S10,18,51.51129621975074
R23,S10,19,42.18846360488136
R23,S10,20,38.25172949964757
R23,S10,21,36.7583664738903
R23,S10,22,39.168070725282575
R23,S10,23,37.507927193594774
R23,S10,24,33.89873574886574
R23,S11,1,35.20568104300997
R23,S11,2,40.77400008641819
R23,S11,3,41.03406558246497
R23,S11,4,46.74910511723761
R23,S11,5,47.1658965819229
R23,S11,6,52.29436289523665
R23,S11,7,47.575825957904044
R23,S11,8,48.46605280081822
R23,S11,9,54.59503978631091
R23,S11,10,56.89753761463287
R23,S11,11,56.50020203166912
R23,S11,12,58.106956029715434
R23,S11,13,59.04958208991474
R23,S11,14,59.41376522760987
R23,S11,15,58.51775050400396
R23,S11,16,53.95868731326388
R23,S11,17,53.758518510994435
R23,S11,18,50.48553569909371
R23,S11,19,39.440900824139995
R23,S11,20,39.227996406142445
R23,S11,21,37.05705403777329
R23,S11,22,36.062095168208195
R23,S11,23,36.17588061922055
R23,S11,24,37.02210478550438
R23,S12,1,13.380900192697467
R23,S12,2,13.305395773423378
R23,S12,3,14.8232227098775
R23,S12,4,16.555982404823094
R23,S12,5,17.50708916870474
R23,S12,6,18.60672489669603
R23,S12,7,18.0403729205072
R23,S12,8,18.170977597629992
R23,S12,9,18.008513037090413
R23,S12,10,19.382047867961752
R23,S12,11,20.677705276232857
R23,S12,12,20.47498100533158
R23,S12,13,21.136450296829473
R23,S12,14,21.098308230246833
R23,S12,15,19.640633533308833
R23,S12,16,19.24398858321382
R23,S12,17,18.318119592691527
R23,S12,18,17.982925029698624
R23,S12,19,14.43279538431579
R23,S12,20,13.870585475416078
R23,S12,21,13.894441595406798
R23,S12,22,13.305626314960506
R23,S12,23,13.248198270177086
R23,S12,24,12.979449839694563
R24,S1,1,0.0
R24,S1,2,0.0
R24,S1,3,0.0
R24,S1,4,0.0
R24,S1,5,0.0
R24,S1,6,0.0
R24,S1,7,23.49902909405668
R24,S1,8,24.055026540956895
R24,S1,9,28.210838928002882
R24,S1,10,29.323293607453408
R24,S1,11,32.987451129841524
R24,S1,12,33.90820818610745
R24,S1,13,32.809655285211065
R24,S1,14,30.662463548288645
R24,S1,15,30.36721130279372
R24,S1,16,27.671695667219204
R24,S1,17,25.94470646386176
R24,S1,18,22.25671591251195
R24,S1,19,0.0
R24,S1,20,0.0
R24,S1,21,0.0
R24,S1,22,0.0
R24,S1,23,0.0
R24,S1,24,0.0
R24,S2,1,0.0
R24,S2,2,0.0
R24,S2,3,0.0
R24,S2,4,0.0
R24,S2,5,0.0
R24,S2,6,0.0
R24,S2,7,23.02930446530221
R24,S2,8,25.53776841620478
R24,S2,9,28.45764104723136
R24,S2,10,28.85537904954551
R24,S2,11,33.09968081068386
R24,S2,12,33.168904680764015
R24,S2,13,35.35849838423845
R24,S2,14,32.20881542834782
R24,S2,15,30.457229916967304
R24,S2,16,27.833425236683595
R24,S2,17,23.981452743828218
R24,S2,18,22.423601118971245
R24,S2,19,0.0
R24,S2,20,0.0
R24,S2,21,0.0
R24,S2,22,0.0
R24,S2,23,0.0
R24,S2,24,0.0
R24,S3,1,0.0
R24,S3,2,0.0
R24,S3,3,0.0
R24,S3,4,0.0
R24,S3,5,0.0
R24,S3,6,0.0
R24,S3,7,22.505279851967952
R24,S3,8,25.54003805407054
R24,S3,9,26.57401638942541
R24,S3,10,29.668239208511057
R24,S3,11,31.926879547175883
R24,S3,12,32.41835660627435
R24,S3,13,35.56115096393807
R24,S3,14,31.131334095870937
R24,S3,15,30.582048363510175
R24,S3,16,26.101058387147155
R24,S3,17,26.00992817227895
R24,S3,18,22.63090375512992
R24,S3,19,0.0
R24,S3,20,0.0
R24,S3,21,0.0
R24,S3,22,0.0
R24,S3,23,0.0
R24,S3,24,0.0
R24,S4,1,0.0
R24,S4,2,0.0
R24,S4,3,0.0
R24,S4,4,0.0
R24,S4,5,0.0
R24,S4,6,0.0
R24,S4,7,23.545152349437835
R24,S4,8,25.168128181988873
R24,S4,9,27.055719764283435
R24,S4,10,30.085404150872247
R24,S4,11,33.06058386618887
R24,S4,12,33.82305051288467
R24,S4,13,34.85083767880473
R24,S4,14,31.6438127755743
R24,S4,15,28.123010402328568
R24,S4,16,28.184366271457073
R24,S4,17,24.174184866995116
R24,S4,18,22.45172817078847
R24,S4,19,0.0
R24,S4,20,0.0
R24,S4,21,0.0
R24,S4,22,0.0
R24,S4,23,0.0
R24,S4,24,0.0
R24,S5,1,0.0
R24,S5,2,0.0
R24,S5,3,0.0
R24,S5,4,0.0
R24,S5,5,0.0
R24,S5,6,0.0
R24,S5,7,23.043432846696
R24,S5,8,24.56337669577113
R24,S5,9,28.178823010863518
R24,S5,10,30.102518567964008
R24,S5,11,41.9634141703628
R24,S5,12,45.01294772090242
R24,S5,13,46.21467862738797
R24,S5,14,43.532058311082096
R24,S5,15,28.300199558039278
R24,S5,16,27.43576074371027
R24,S5,17,24.05902678591154
R24,S5,18,23.34897602683943
R24,S5,19,0.0
R24,S5,20,0.0
R24,S5,21,0.0
R24,S5,22,0.0
R24,S5,23,0.0
R24,S5,24,0.0
R24,S6,1,0.0
R24,S6,2,0.0
R24,S6,3,0.0
R24,S6,4,0.0
R24,S6,5,0.0
R24,S6,6,0.0
R24,S6,7,22.699718374836255
R24,S6,8,23.643922931391863
R24,S6,9,26.001776717053243
R24,S6,10,28.342398607025075
R24,S6,11,32.931792490203726
R24,S6,12,35.815119019563035
R24,S6,13,35.71096290369554
R24,S6,14,30.552070309883185
R24,S6,15,30.499531341860493
R24,S6,16,27.378409428513176
R24,S6,17,26.009524785573255
R24,S6,18,23.302951524491895
R24,S6,19,0.0
R24,S6,20,0.0
R24,S6,21,0.0
R24,S6,22,0.0
R24,S6,23,0.0
R24,S6,24,0.0
R24,S7,1,0.0
R24,S7,2,0.0
R24,S7,3,0.0
R24,S7,4,0.0
R24,S7,5,0.0
R24,S7,6,0.0
R24,S7,7,22.54165963586243
R24,S7,8,25.441852945556853
R24,S7,9,27.784709733532107
R24,S7,10,28.661931799726602
R24,S7,11,30.693730099831644
R24,S7,12,35.62877507525803
R24,S7,13,33.41645832039063
R24,S7,14,30.984240110659368
R24,S7,15,28.59531373238494
R24,S7,16,26.980132404633515
R24,S7,17,23.677843736453323
R24,S7,18,22.168967536288974
R24,S7,19,0.0
R24,S7,20,0.0
R24,S7,21,0.0
R24,S7,22,0.0
R24,S7,23,0.0
R24,S7,24,0.0
R24,S8,1,0.0
R24,S8,2,0.0
R24,S8,3,0.0
R24,S8,4,0.0
R24,S8,5,0.0
R24,S8,6,0.0
R24,S8,7,22.633873616576416
R24,S8,8,24.102415327036358
R24,S8,9,26.449683932162266
R24,S8,10,29.97787063320867
R24,S8,11,31.13684045041214
R24,S8,12,34.0745193499092
R24,S8,13,32.961309966154964
R24,S8,14,33.14624666447134
R24,S8,15,30.261580408604708
R24,S8,16,28.207342509932936
R24,S8,17,25.740231816759337
R24,S8,18,22.63254304038523
R24,S8,19,0.0
R24,S8,20,0.0
R24,S8,21,0.0
R24,S8,22,0.0
R24,S8,23,0.0
R24,S8,24,0.0
R24,S9,1,0.0
R24,S9,2,0.0
R24,S9,3,0.0
R24,S9,4,0.0
R24,S9,5,0.0
R24,S9,6,0.0
R24,S9,7,21.617886995961133
R24,S9,8,25.921066833599298
R24,S9,9,27.494902242616476
R24,S9,10,28.699635459693695
R24,S9,11,41.08969290289189
R24,S9,12,42.46708279082016
R24,S9,13,44.223694683247786
R24,S9,14,41.25608892729317
R24,S9,15,30.932714528477646
R24,S9,16,26.613713890300666
R24,S9,17,25.021868886024713
R24,S9,18,23.28870752573884
R24,S9,19,0.0
R24,S9,20,0.0
R24,S9,21,0.0
R24,S9,22,0.0
R24,S9,23,0.0
R24,S9,24,0.0
R24,S10,1,0.0
R24,S10,2,0.0
R24,S10,3,0.0
R24,S10,4,0.0
R24,S10,5,0.0
R24,S10,6,0.0
R24,S10,7,23.05909507403886
R24,S10,8,25.79048029755322
R24,S10,9,27.82278276227398
R24,S10,10,30.66191306367684
R24,S10,11,30.528260438846512
R24,S10,12,34.47231174854864
R24,S10,13,34.698449942873125
R24,S10,14,31.83495649584727
R24,S10,15,30.276316284890083
R24,S10,16,26.83096371833633
R24,S10,17,23.82615428462452
R24,S10,18,22.74118452866256
R24,S10,19,0.0
R24,S10,20,0.0
R24,S10,21,0.0
R24,S10,22,0.0
R24,S10,23,0.0
R24,S10,24,0.0
R24,S11,1,0.0
R24,S11,2,0.0
R24,S11,3,0.0
R24,S11,4,0.0
R24,S11,5,0.0
R24,S11,6,0.0
R24,S11,7,23.557262052654618
R24,S11,8,25.31527092927965
R24,S11,9,26.334391101150473
R24,S11,10,30.724739414349383
R24,S11,11,30.520255033360854
R24,S11,12,35.162865290528046
R24,S11,13,34.34877908967121
R24,S11,14,31.12054988351271
R24,S11,15,28.41712695385763
R24,S11,16,27.9547623376286
R24,S11,17,25.1334347547603
R24,S11,18,22.48361749622449
R24,S11,19,0.0
R24,S11,20,0.0
R24,S11,21,0.0
R24,S11,22,0.0
R24,S11,23,0.0
R24,S11,24,0.0
R24,S12,1,0.0
R24,S12,2,0.0
R24,S12,3,0.0
R24,S12,4,0.0
R24,S12,5,0.0
R24,S12,6,0.0
R24,S12,7,8.04172021353675
R24,S12,8,8.866983602838621
R24,S12,9,9.033628344239355
R24,S12,10,10.377809639005386
R24,S12,11,11.058420987557978
R24,S12,12,11.82652436634241
R24,S12,13,11.347166034533554
R24,S12,14,11.337383846612969
R24,S12,15,10.603227009414786
R24,S12,16,9.882479638108524
R24,S12,17,8.94504977736767
R24,S12,18,7.640954224027917
R24,S12,19,0.0
R24,S12,20,0.0
R24,S12,21,0.0
R24,S12,22,0.0
R24,S12,23,0.0
R24,S12,24,0.0
R25,S1,1,36.8173428457279
R25,S1,2,41.70749099806939
R25,S1,3,45.736037408332244
R25,S1,4,48.09960199222879
R25,S1,5,54.16171224415377
R25,S1,6,53.740039548277345
R25,S1,7,54.193194670234206
R25,S1,8,55.492432015885974
R25,S1,9,56.00645820553611
R25,S1,10,57.63324212615527
R25,S1,11,60.244517736529545
R25,S1,12,61.64734620308553
R25,S1,13,61.67644312907947
R25,S1,14,59.06881483699409
R25,S1,15,62.11054709336396
R25,S1,16,55.741091374656904
R25,S1,17,55.932711319123385
R25,S1,18,55.610351071109655
R25,S1,19,40.48901160214811
R25,S1,20,40.903277647780094
R25,S1,21,38.62272410911653
R25,S1,22,38.84514829695482
R25,S1,23,38.11850888566121
R25,S1,24,37.78975131796579
R25,S2,1,37.86648303707757
R25,S2,2,43.50206094002394
R25,S2,3,46.48397562619736
R25,S2,4,47.2856980479058
R25,S2,5,49.42806903970882
R25,S2,6,52.6686896763398
R25,S2,7,52.1594802324846
R25,S2,8,51.86298879140996
R25,S2,9,54.57685173669372
R25,S2,10,55.520537810873186
R25,S2,11,59.87343884293897
R25,S2,12,61.403394965652176
R25,S2,13,62.53555436694361
R25,S2,14,61.828616563571806
R25,S2,15,59.06395894622092
R25,S2,16,58.629566696469006
R25,S2,17,55.54091321257148
R25,S2,18,56.507860523603114
R25,S2,19,41.87315303875906
R25,S2,20,42.93517773141741
R25,S2,21,39.833455574410344
R25,S2,22,37.746402636971126
R25,S2,23,38.15164312485618
R25,S2,24,36.49508272931928
R25,S3,1,37.638176461400384
R25,S3,2,40.300188871130175
R25,S3,3,42.95454986839065
R25,S3,4,49.897948524665956
R25,S3,5,50.404587954970204
R25,S3,6,52.51519284367697
R25,S3,7,52.13423119348659
R25,S3,8,52.812309739425366
R25,S3,9,56.175108719837155
R25,S3,10,56.09472036961933
R25,S3,11,59.90538855334645
R25,S3,12,61.242648391391185
R25,S3,13,60.93775742670886
R25,S3,14,63.27499280014848
R25,S3,15,57.9204915382448
R25,S3,16,56.41743883443258
R25,S3,17,59.073862399476546
R25,S3,18,52.85005865607549
R25,S3,19,42.196850897461324
R25,S3,20,40.068474252105034
R25,S3,21,41.11810072405064
R25,S3,22,37.9502635015773
R25,S3,23,38.715447266538106
R25,S3,24,35.91043910003478
R25,S4,1,38.27201354537996
R25,S4,2,42.97550396753398
R25,S4,3,44.00111006762177
R25,S4,4,50.79370394857811
R25,S4,5,53.8520454949599
R25,S4,6,57.25401661823133
R25,S4,7,49.799389303792495
R25,S4,8,53.383939916020644
R25,S4,9,52.93382889144363
R25,S4,10,59.935868366165
R25,S4,11,57.08525261688555
R25,S4,12,58.291307485114835
R25,S4,13,60.80674433698216
R25,S4,14,59.42424656363705
R25,S4,15,58.51027907576375
R25,S4,16,59.26127152727064
R25,S4,17,54.04690889168409
R25,S4,18,53.56484187215893
R25,S4,19,43.60477236871085
R25,S4,20,42.35109046723789
R25,S4,21,41.42827757550565
R25,S4,22,38.370678007352744
R25,S4,23,40.310420958603125
R25,S4,24,36.53750335802976
R25,S5,1,37.00717183285094
R25,S5,2,43.736400119649815
R25,S5,3,44.96953974268138
R25,S5,4,49.751151698117766
R25,S5,5,50.95048500461347
R25,S5,6,54.84407459811
R25,S5,7,50.71724269505001
R25,S5,8,53.566678290574075
R25,S5,9,57.49960683567392
R25,S5,10,58.97770169221413
R25,S5,11,72.67842303657623
R25,S5,12,71.92658393319753
R25,S5,13,76.87742853181483
R25,S5,14,69.78404313766883
R25,S5,15,62.08299851228271
R25,S5,16,60.25708681995341
R25,S5,17,54.85122365508541
R25,S5,18,55.8716894350606
R25,S5,19,43.36891562086219
R25,S5,20,43.64162539197233
R25,S5,21,39.62292110543267
R25,S5,22,41.18715157265547
R25,S5,23,38.406867375080004
R25,S5,24,37.70145050317064
R25,S6,1,38.449220176829435
R25,S6,2,40.69294463034136
R25,S6,3,45.05010576158482
R25,S6,4,47.85549192803971
R25,S6,5,54.140004760094975
R25,S6,6,53.44142188293021
R25,S6,7,50.16615557787863
R25,S6,8,53.50407373396285
R25,S6,9,54.916503452515094
R25,S6,10,57.34629597436536
R25,S6,11,59.73460688086453
R25,S6,12,64.12812005495336
R25,S6,13,60.867436206157336
R25,S6,14,61.36959675207475
R25,S6,15,62.41816436467243
R25,S6,16,59.4341142093722
R25,S6,17,57.72706346276022
R25,S6,18,53.03527222721916
R25,S6,19,40.70260465295693
R25,S6,20,40.643489718194544
R25,S6,21,40.09204593117072
R25,S6,22,38.7213168196677
R25,S6,23,36.628702481309894
R25,S6,24,39.25510786285788
R25,S7,1,37.302705102365906
R25,S7,2,41.674924713705806
R25,S7,3,46.3860114189763
R25,S7,4,48.22637794779743
R25,S7,5,54.19611389019618
R25,S7,6,56.52990196283028
R25,S7,7,52.799777789867605
R25,S7,8,53.64562176518897
R25,S7,9,53.4728852540194
R25,S7,10,59.010929151463166
R25,S7,11,60.6482287301893
R25,S7,12,58.87621392959128
R25,S7,13,61.88252774858343
R25,S7,14,63.389425819537436
R25,S7,15,58.83727276525736
R25,S7,16,58.95073207622015
R25,S7,17,56.904354369456385
R25,S7,18,52.15371606715057
R25,S7,19,40.887041657111055
R25,S7,20,41.66187027806359
R25,S7,21,40.592995060406636
R25,S7,22,38.35918477301735
R25,S7,23,36.70582289253402
R25,S7,24,35.76856588540234
R25,S8,1,38.67162988664021
R25,S8,2,43.43141782959548
R25,S8,3,46.354374399455054
R25,S8,4,47.64621254514444
R25,S8,5,51.61366390529746
R25,S8,6,53.42825842540437
R25,S8,7,53.26755440420655
R25,S8,8,51.09178750001613
R25,S8,9,56.40473733852043
R25,S8,10,59.51282867363533
R25,S8,11,60.76650510244903
R25,S8,12,62.57701072035336
R25,S8,13,61.47463816907275
R25,S8,14,62.61953647815957
R25,S8,15,58.067771593218474
R25,S8,16,59.484544120163456
R25,S8,17,57.31257240648883
R25,S8,18,52.848317357166515
R25,S8,19,44.51940282098263
R25,S8,20,40.619627823251015
R25,S8,21,38.80236476178062
R25,S8,22,38.74885656291667
R25,S8,23,38.46258513519838
R25,S8,24,35.981773501423596
R25,S9,1,37.554536337988964
R25,S9,2,39.9083096766774
R25,S9,3,46.87076723825439
R25,S9,4,48.020269815235345
R25,S9,5,51.916363374670716
R25,S9,6,53.91616294873317
R25,S9,7,50.63359187612358
R25,S9,8,52.35523193129947
R25,S9,9,54.21154737868301
R25,S9,10,57.680250957312005
R25,S9,11,69.20068682603753
R25,S9,12,71.12792349628582
R25,S9,13,74.89460970365765
R25,S9,14,75.45956298843777
R25,S9,15,58.7973045430382
R25,S9,16,58.55924951551966
R25,S9,17,58.63345538831404
R25,S9,18,52.97958977764628
R25,S9,19,41.06124209896263
R25,S9,20,42.697427307381645
R25,S9,21,41.42292838038815
R25,S9,22,39.31572228792009
R25,S9,23,38.86989603213672
R25,S9,24,37.9842229062785
R25,S10,1,39.55818347637981
R25,S10,2,42.946884164886804
R25,S10,3,43.00234696967399
R25,S10,4,50.653504841625214
R25,S10,5,53.11780486968757
R25,S10,6,53.802478210789495
R25,S10,7,51.68586805373004
R25,S10,8,53.97972827651672
R25,S10,9,57.49573145467154
R25,S10,10,57.23252095380939
R25,S10,11,59.087937943484185
R25,S10,12,60.2781873157734
R25,S10,13,65.9000466660485
R25,S10,14,62.39412430499731
R25,S10,15,59.33106174904102
R25,S10,16,57.901731706322124
R25,S10,17,53.888878040625976
R25,S10,18,55.6640572801467
R25,S10,19,43.128313183642184
R25,S10,20,42.43583423600336
R25,S10,21,42.329913786852025
R25,S10,22,39.819154813351595
R25,S10,23,36.66719956231267
R25,S10,24,38.89819868203616
R25,S11,1,38.29915915226735
R25,S11,2,43.02074263943062
R25,S11,3,42.99519601667691
R25,S11,4,47.194250305248296
R25,S11,5,52.415859612885576
R25,S11,6,53.94575700230479
R25,S11,7,50.28120196478673
R25,S11,8,52.540590087728795
R25,S11,9,56.32264480568445
R25,S11,10,60.0290142423439
R25,S11,11,58.052142821788465
R25,S11,12,59.98561770241004
R25,S11,13,65.00590174552654
R25,S11,14,62.43753090046955
R25,S11,15,58.70342419628403
R25,S11,16,59.42648432737994
R25,S11,17,57.19861101290352
R25,S11,18,52.3557789143149
R25,S11,19,43.605479029675294
R25,S11,20,42.775296143818224
R25,S11,21,42.4390363473895
R25,S11,22,40.61079442141707
R25,S11,23,38.39434401192961
R25,S11,24,36.57331521468885
R25,S12,1,14.077167958008793
R25,S12,2,14.425853787384854
R25,S12,3,16.260169616167037
R25,S12,4,17.38071127701707
R25,S12,5,17.23570355494857
R25,S12,6,18.824024092770554
R25,S12,7,17.98264402081854
R25,S12,8,17.845138458797933
R25,S12,9,18.98125814481387
R25,S12,10,19.56020780078607
R25,S12,11,19.77997266572929
R25,S12,12,20.994918196980336
R25,S12,13,22.02653016570317
R25,S12,14,21.68364673773379
R25,S12,15,20.72980568343406
R25,S12,16,19.609684003097442
R25,S12,17,20.718224586835632
R25,S12,18,18.375267113598586
R25,S12,19,15.00194987428785
R25,S12,20,13.868431548374467
R25,S12,21,14.048526421877053
R25,S12,22,13.571351157603498
R25,S12,23,14.04718721935565
R25,S12,24,12.9173448339271
R26,S1,1,0.0
R26,S1,2,0.0
R26,S1,3,0.0
R26,S1,4,0.0
R26,S1,5,0.0
R26,S1,6,0.0
R26,S1,7,24.263793329803796
R26,S1,8,26.666926410799004
R26,S1,9,29.845235875346365
R26,S1,10,31.30045032159933
R26,S1,11,33.84771476332362
R26,S1,12,34.76028497840138
R26,S1,13,34.458482274357664
R26,S1,14,32.260328211509055
R26,S1,15,32.24533596720983
R26,S1,16,28.036678546499065
R26,S1,17,25.56557489577444
R26,S1,18,23.984455790580885
R26,S1,19,0.0
R26,S1,20,0.0
R26,S1,21,0.0
R26,S1,22,0.0
R26,S1,23,0.0
R26,S1,24,0.0
R26,S2,1,0.0
R26,S2,2,0.0
R26,S2,3,0.0
R26,S2,4,0.0
R26,S2,5,0.0
R26,S2,6,0.0
R26,S2,7,23.76358733184861
R26,S2,8,26.537513494372632
R26,S2,9,28.1101416492286
R26,S2,10,31.36122468587268
R26,S2,11,32.04700364088691
R26,S2,12,34.58874514292345
R26,S2,13,34.29392786246289
R26,S2,14,32.97146666627856
R26,S2,15,31.20954158782091
R26,S2,16,27.96893611231906
R26,S2,17,24.977351187414396
R26,S2,18,24.27566940090231
R26,S2,19,0.0
R26,S2,20,0.0
R26,S2,21,0.0
R26,S2,22,0.0
R26,S2,23,0.0
R26,S2,24,0.0
R26,S3,1,0.0
R26,S3,2,0.0
R26,S3,3,0.0
R26,S3,4,0.0
R26,S3,5,0.0
R26,S3,6,0.0
R26,S3,7,24.26006717668384
R26,S3,8,26.04579676811731
R26,S3,9,28.042274260787682
R26,S3,10,31.169846102381612
R26,S3,11,35.002877025222155
R26,S3,12,34.18657486937593
R26,S3,13,37.25649895349548
R26,S3,14,33.49149954399724
R26,S3,15,29.803467548091806
R26,S3,16,27.878904948873306
R26,S3,17,27.28489141079736
R26,S3,18,23.630611817142633
R26,S3,19,0.0
R26,S3,20,0.0
R26,S3,21,0.0
R26,S3,22,0.0
R26,S3,23,0.0
R26,S3,24,0.0
R26,S4,1,0.0
R26,S4,2,0.0
R26,S4,3,0.0
R26,S4,4,0.0
R26,S4,5,0.0
R26,S4,6,0.0
R26,S4,7,23.321085923864292
R26,S4,8,26.295303022715295
R26,S4,9,28.126803419978835
R26,S4,10,30.158729845801446
R26,S4,11,34.96219445670189
R26,S4,12,35.05023936366821
R26,S4,13,34.67997648653554
R26,S4,14,32.48017358203635
R26,S4,15,30.511332707244012
R26,S4,16,28.6535272641507
R26,S4,17,26.630023547879993
R26,S4,18,23.56881883893861
R26,S4,19,0.0
R26,S4,20,0.0
R26,S4,21,0.0
R26,S4,22,0.0
R26,S4,23,0.0
R26,S4,24,0.0
R26,S5,1,0.0
R26,S5,2,0.0
R26,S5,3,0.0
R26,S5,4,0.0
R26,S5,5,0.0
R26,S5,6,0.0
R26,S5,7,24.363428351073292
R26,S5,8,26.46726397091299
R26,S5,9,27.114108806406104
R26,S5,10,29.461689558023306
R26,S5,11,43.793136890221746
R26,S5,12,45.234425942805736
R26,S5,13,47.29458736405566
R26,S5,14,42.97688667145236
R26,S5,15,31.064277692902596
R26,S5,16,27.56909565168085
R26,S5,17,27.303801668057112
R26,S5,18,22.491581116089012
R26,S5,19,0.0
R26,S5,20,0.0
R26,S5,21,0.0
R26,S5,22,0.0
R26,S5,23,0.0
R26,S5,24,0.0
R26,S6,1,0.0
R26,S6,2,0.0
R26,S6,3,0.0
R26,S6,4,0.0
R26,S6,5,0.0
R26,S6,6,0.0
R26,S6,7,22.550751009774665
R26,S6,8,25.770834859430302
R26,S6,9,27.64711204449938
R26,S6,10,31.65687962636646
R26,S6,11,33.752854705391556
R26,S6,12,35.94613427697172
R26,S6,13,35.3975959800026
R26,S6,14,34.04424666312151
R26,S6,15,32.42682908275233
R26,S6,16,29.225627908102993
R26,S6,17,25.45084042009494
R26,S6,18,24.51846656261549
R26,S6,19,0.0
R26,S6,20,0.0
R26,S6,21,0.0
R26,S6,22,0.0
R26,S6,23,0.0
R26,S6,24,0.0
R26,S7,1,0.0
R26,S7,2,0.0
R26,S7,3,0.0
R26,S7,4,0.0
R26,S7,5,0.0
R26,S7,6,0.0
R26,S7,7,23.521381251878264
R26,S7,8,26.814271548144056
R26,S7,9,28.05884187854609
R26,S7,10,30.7000072578931
R26,S7,11,31.860141783251184
R26,S7,12,35.341549761042735
R26,S7,13,35.43200940397452
R26,S7,14,33.52814194974299
R26,S7,15,32.036375692793
R26,S7,16,29.06998379957393
R26,S7,17,26.234635523916502
R26,S7,18,22.889635671645234
R26,S7,19,0.0
R26,S7,20,0.0
R26,S7,21,0.0
R26,S7,22,0.0
R26,S7,23,0.0
R26,S7,24,0.0
R26,S8,1,0.0
R26,S8,2,0.0
R26,S8,3,0.0
R26,S8,4,0.0
R26,S8,5,0.0
R26,S8,6,0.0
R26,S8,7,24.275205580483238
R26,S8,8,26.560876629725787
R26,S8,9,28.749087118923004
R26,S8,10,31.151705129377543
R26,S8,11,32.826952762733185
R26,S8,12,35.379903040764596
R26,S8,13,35.29038083984424
R26,S8,14,32.62338387012274
R26,S8,15,29.416702509062517
R26,S8,16,28.655151516494822
R26,S8,17,26.51589632294356
R26,S8,18,23.384831813847907
R26,S8,19,0.0
R26,S8,20,0.0
R26,S8,21,0.0
R26,S8,22,0.0
R26,S8,23,0.0
R26,S8,24,0.0
R26,S9,1,0.0
R26,S9,2,0.0
R26,S9,3,0.0
R26,S9,4,0.0
R26,S9,5,0.0
R26,S9,6,0.0
R26,S9,7,22.794291049146562
R26,S9,8,26.653823559275203
R26,S9,9,27.580279572300853
R26,S9,10,30.900629930191556
R26,S9,11,45.2624602296134
R26,S9,12,45.37939370378197
R26,S9,13,44.6849658230133
R26,S9,14,45.649768309234304
R26,S9,15,30.139188553479404
R26,S9,16,28.791598013205075
R26,S9,17,26.811211229264302
R26,S9,18,24.443575093869235
R26,S9,19,0.0
R26,S9,20,0.0
R26,S9,21,0.0
R26,S9,22,0.0
R26,S9,23,0.0
R26,S9,24,0.0
R26,S10,1,0.0
R26,S10,2,0.0
R26,S10,3,0.0
R26,S10,4,0.0
R26,S10,5,0.0
R26,S10,6,0.0
R26,S10,7,23.25993079987242
R26,S10,8,27.217413254142446
R26,S10,9,27.778245369556846
R26,S10,10,30.651186710026575
R26,S10,11,33.478570980450215
R26,S10,12,36.073542798367
R26,S10,13,37.14025564541009
R26,S10,14,32.45355929110535
R26,S10,15,31.030995755230826
R26,S10,16,28.11106333073129
R26,S10,17,25.048719866233835
R26,S10,18,22.977699058867913
R26,S10,19,0.0
R26,S10,20,0.0
R26,S10,21,0.0
R26,S10,22,0.0
R26,S10,23,0.0
R26,S10,24,0.0
R26,S11,1,0.0
R26,S11,2,0.0
R26,S11,3,0.0
R26,S11,4,0.0
R26,S11,5,0.0
R26,S11,6,0.0
R26,S11,7,24.49039902554578
R26,S11,8,26.275793345771824
R26,S11,9,29.68175191236873
R26,S11,10,30.27189888142918
R26,S11,11,32.83884370833091
R26,S11,12,35.76617852826044
R26,S11,13,35.35919615587387
R26,S11,14,31.958992992572675
R26,S11,15,30.593437336932414
R26,S11,16,27.515711017267545
R26,S11,17,25.342476291300766
R26,S11,18,23.396426915325684
R26,S11,19,0.0
R26,S11,20,0.0
R26,S11,21,0.0
R26,S11,22,0.0
R26,S11,23,0.0
R26,S11,24,0.0
R26,S12,1,0.0
R26,S12,2,0.0
R26,S12,3,0.0
R26,S12,4,0.0
R26,S12,5,0.0
R26,S12,6,0.0
R26,S12,7,8.410306226730565
R26,S12,8,9.39339600071302
R26,S12,9,10.274553646130636
R26,S12,10,10.521473655730706
R26,S12,11,11.320125600243642
R26,S12,12,12.89654931675731
R26,S12,13,12.704462571624816
R26,S12,14,12.247271937875832
R26,S12,15,11.124154680748822
R26,S12,16,9.5137408299047
R26,S12,17,8.833400193414521
R26,S12,18,8.086367296776086
R26,S12,19,0.0
R26,S12,20,0.0
R26,S12,21,0.0
R26,S12,22,0.0
R26,S12,23,0.0
R26,S12,24,0.0
R27,S1,1,39.755803547724845
R27,S1,2,45.46905967731118
R27,S1,3,47.748389439509815
R27,S1,4,52.355456147111965
R27,S1,5,52.7770139245005
R27,S1,6,60.021536208481386
R27,S1,7,51.969502515967925
R27,S1,8,53.97750253357998
R27,S1,9,55.85597258258016
R27,S1,10,60.12813788811746
R27,S1,11,65.3811266976897
R27,S1,12,64.22404276634599
R27,S1,13,64.27303999335757
R27,S1,14,62.03714906459464
R27,S1,15,60.94533857833591
R27,S1,16,61.872151383985845
R27,S1,17,59.365847303728856
R27,S1,18,57.08469208868815
R27,S1,19,42.92536154214116
R27,S1,20,43.54228029747522
R27,S1,21,42.521219720329924
R27,S1,22,41.60452312682365
R27,S1,23,40.645545785108354
R27,S1,24,40.37767196979112
R27,S2,1,42.18376930361434
R27,S2,2,44.41697756788481
R27,S2,3,48.92727746082548
R27,S2,4,51.762653522887526
R27,S2,5,51.91333189035198
R27,S2,6,54.87057674535364
R27,S2,7,52.60128921110415
R27,S2,8,56.99935571408093
R27,S2,9,57.88859927211697
R27,S2,10,58.588054785894975
R27,S2,11,63.87900488202654
R27,S2,12,65.03520692955786
R27,S2,13,69.46615970393029
R27,S2,14,64.9072648322497
R27,S2,15,65.65591985735206
R27,S2,16,59.934575559132625
R27,S2,17,60.209375106365584
R27,S2,18,55.478773344836995
R27,S2,19,43.82571114360257
R27,S2,20,45.45868311844409
R27,S2,21,41.60920469854666
R27,S2,22,42.44098040557071
R27,S2,23,38.77451099810515
R27,S2,24,39.13959572698835
R27,S3,1,40.17427282304619
R27,S3,2,43.68707802877817
R27,S3,3,46.70599641458959
R27,S3,4,48.93418970290986
R27,S3,5,54.7461054523506
R27,S3,6,55.24697210700766
R27,S3,7,52.87711747920887
R27,S3,8,56.047911390593136
R27,S3,9,58.51288620444966
R27,S3,10,59.428410558287155
R27,S3,11,63.629939965789745
R27,S3,12,61.79837862486756
R27,S3,13,64.3756716359663
R27,S3,14,62.02226285529824
R27,S3,15,63.82588533373753
R27,S3,16,62.8297347989213
R27,S3,17,61.92027280553309
R27,S3,18,60.05653391544746
R27,S3,19,45.688692588382494
R27,S3,20,42.61631237855302
R27,S3,21,41.78792176005324
R27,S3,22,43.152260838419096
R27,S3,23,41.73088087996435
R27,S3,24,40.27143381382857
R27,S4,1,42.61078412715175
R27,S4,2,45.1226246878855
R27,S4,3,48.28744286547755
R27,S4,4,49.425571810765376
R27,S4,5,56.29356060594179
R27,S4,6,59.86836979701314
R27,S4,7,53.634124356709805
R27,S4,8,58.1916218828576
R27,S4,9,56.484318190527965
R27,S4,10,62.10211025639737
R27,S4,11,61.73452874039485
R27,S4,12,63.61959311856821
R27,S4,13,63.413021238404056
R27,S4,14,61.631917443181244
R27,S4,15,62.03134973773278
R27,S4,16,59.23065333223743
R27,S4,17,59.01892413822153
R27,S4,18,55.00925073994942
R27,S4,19,46.50274190669334
R27,S4,20,43.463152690942934
R27,S4,21,41.8007314005716
R27,S4,22,42.728673883095844
R27,S4,23,39.18690895981732
R27,S4,24,38.00661556902799
R27,S5,1,39.94472034113437
R27,S5,2,43.016814278150036
R27,S5,3,45.28346349902056
R27,S5,4,50.98305670649852
R27,S5,5,54.44308512231323
R27,S5,6,55.48871482262841
R27,S5,7,54.77052002767622
R27,S5,8,55.89103000832926
R27,S5,9,59.773439122961555
R27,S5,10,58.72485670232953
R27,S5,11,74.71900697573703
R27,S5,12,75.83576917377754
R27,S5,13,76.70808760706122
R27,S5,14,74.37938880401897
R27,S5,15,65.80577874522169
R27,S5,16,60.25716666287213
R27,S5,17,57.50118877357546
R27,S5,18,57.70885732097043
R27,S5,19,44.49513734691575
R27,S5,20,45.449494596766534
R27,S5,21,44.26339225027919
R27,S5,22,43.50979765177624
R27,S5,23,40.05551666234323
R27,S5,24,40.73259683541768
R27,S6,1,39.82302600637442
R27,S6,2,45.752815795919965
R27,S6,3,49.737305453652496
R27,S6,4,48.81220928478202
R27,S6,5,54.035039748347536
R27,S6,6,58.075337956195476
R27,S6,7,54.95195662404924
R27,S6,8,58.20612219820526
R27,S6,9,57.36849696981969
R27,S6,10,59.44592780425359
R27,S6,11,65.37863330775986
R27,S6,12,65.30453042215116
R27,S6,13,64.54101373607737
R27,S6,14,62.58020280302802
R27,S6,15,60.09615268590826
R27,S6,16,59.308614055126846
R27,S6,17,58.62695179682527
R27,S6,18,55.64758112503404
R27,S6,19,46.6591994540898
R27,S6,20,43.13206531119789
R27,S6,21,43.95233418107749
R27,S6,22,41.88085667330152
R27,S6,23,40.03584612418872
R27,S6,24,40.312434417719636
R27,S7,1,39.23195333454094
R27,S7,2,44.20392672854921
R27,S7,3,45.669507787045006
R27,S7,4,48.95087519026437
R27,S7,5,56.857607436606834
R27,S7,6,55.42126853571339
R27,S7,7,56.48660717402801
R27,S7,8,53.70055773948752
R27,S7,9,55.35655794513411
R27,S7,10,58.479585230344604
R27,S7,11,59.214887013235746
R27,S7,12,66.24833123441141
R27,S7,13,64.15505803001919
R27,S7,14,64.42579460330674
R27,S7,15,62.2875854195284
R27,S7,16,59.00051724906257
R27,S7,17,62.135053659874636
R27,S7,18,57.624513544098335
R27,S7,19,46.558629142715716
R27,S7,20,43.4281463030506
R27,S7,21,40.58703131439259
R27,S7,22,41.1671146957323
R27,S7,23,38.606164240162194
R27,S7,24,37.793206257086
R27,S8,1,41.12861278959699
R27,S8,2,43.04585467431079
R27,S8,3,47.57887388074632
R27,S8,4,52.857259828283794
R27,S8,5,54.39078539495083
R27,S8,6,59.6946171292617
R27,S8,7,52.9078487232167
R27,S8,8,57.489099085363485
R27,S8,9,60.4564542229297
R27,S8,10,59.31427675642907
R27,S8,11,62.633378808886704
R27,S8,12,62.31480856855753
R27,S8,13,69.49956430370443
R27,S8,14,65.69757946196655
R27,S8,15,64.7579032024627
R27,S8,16,62.35878037115449
R27,S8,17,59.22465291358457
R27,S8,18,58.07939705636541
R27,S8,19,44.980309289348924
R27,S8,20,43.72073560511988
R27,S8,21,43.84466965376571
R27,S8,22,39.847631468344495
R27,S8,23,39.99986138097537
R27,S8,24,39.78489031881457
R27,S9,1,42.4065729567283
R27,S9,2,41.82087406388392
R27,S9,3,46.664758604600685
R27,S9,4,48.325812600286014
R27,S9,5,52.45608970003938
R27,S9,6,60.13719729390316
R27,S9,7,54.70061604368069
R27,S9,8,54.68431342228202
R27,S9,9,57.346768199648025
R27,S9,10,60.27645715118614
R27,S9,11,71.63933881333206
R27,S9,12,75.31969493956403
R27,S9,13,80.43524571212733
R27,S9,14,72.82426709907202
R27,S9,15,65.31715690756072
R27,S9,16,60.3163640597921
R27,S9,17,58.1083084265079
R27,S9,18,55.1003018072911
R27,S9,19,45.11830054843666
R27,S9,20,43.579380061615524
R27,S9,21,43.42302544790611
R27,S9,22,42.43165240446902
R27,S9,23,41.64159318705012
R27,S9,24,38.17461860759047
R27,S10,1,40.61288795258179
R27,S10,2,42.52608211618719
R27,S10,3,45.308336905685096
R27,S10,4,49.10491778469601
R27,S10,5,56.207557029784546
R27,S10,6,55.56388145011156
R27,S10,7,54.72760680676982
R27,S10,8,58.026570499766905
R27,S10,9,59.98018164664402
R27,S10,10,59.71359570064486
R27,S10,11,63.780017526568244
R27,S10,12,67.22796887443481
R27,S10,13,64.40446397682935
R27,S10,14,67.26960569716535
R27,S10,15,61.2356737406976
R27,S10,16,59.4414598552516
R27,S10,17,57.148344775437565
R27,S10,18,59.42661877840634
R27,S10,19,42.8088547269163
R27,S10,20,45.35537626369321
R27,S10,21,43.053171124154964
R27,S10,22,42.328103018025885
R27,S10,23,38.49042602252113
R27,S10,24,39.221799279819145
R27,S11,1,39.50998205049798
R27,S11,2,45.94549397941171
R27,S11,3,49.269063394715474
R27,S11,4,50.440924755666096
R27,S11,5,55.735556648909586
R27,S11,6,55.59781493432553
R27,S11,7,54.564424788810506
R27,S11,8,55.90587025766572
R27,S11,9,59.51471281973588
R27,S11,10,63.05406087749881
R27,S11,11,64.71299594233002
R27,S11,12,65.94835607548657
R27,S11,13,66.45441977745148
R27,S11,14,66.76309575023066
R27,S11,15,60.010923047865326
R27,S11,16,60.80866376137288
R27,S11,17,57.77208029138358
R27,S11,18,59.96170906059965
R27,S11,19,45.96267381716036
R27,S11,20,45.187550231260204
R27,S11,21,44.554570190422446
R27,S11,22,39.99976140349177
R27,S11,23,41.78569414131645
R27,S11,24,41.17405007447464
R27,S12,1,14.319538859420684
R27,S12,2,15.712628391496954
R27,S12,3,16.946120990530943
R27,S12,4,18.157998575718466
R27,S12,5,18.26327276072183
R27,S12,6,20.40747102802911
R27,S12,7,19.861682966300275
R27,S12,8,19.424061507243614
R27,S12,9,21.342905344973218
R27,S12,10,20.104422033155736
R27,S12,11,21.4059475353456
R27,S12,12,22.056227360264394
R27,S12,13,23.00948301750668
R27,S12,14,21.892609386299412
R27,S12,15,22.542752132509165
R27,S12,16,20.69227718325525
R27,S12,17,19.89524363790761
R27,S12,18,19.383038504636477
R27,S12,19,14.916396317024255
R27,S12,20,15.609692555645712
R27,S12,21,14.210016830766447
R27,S12,22,14.321258473885552
R27,S12,23,14.78445778480744
R27,S12,24,13.316759318626326
R28,S1,1,0.0
R28,S1,2,0.0
R28,S1,3,0.0
R28,S1,4,0.0
R28,S1,5,0.0
R28,S1,6,0.0
R28,S1,7,23.94962642105978
R28,S1,8,26.73410630327504
R28,S1,9,29.835990507088567
R28,S1,10,32.30248062713185
R28,S1,11,34.633344196856946
R28,S1,12,37.224248241433855
R28,S1,13,36.808475801378044
R28,S1,14,34.739770411516325
R28,S1,15,31.516547537182134
R28,S1,16,29.71180435549643
R28,S1,17,26.271480465505654
R28,S1,18,25.67461353708438
R28,S1,19,0.0
R28,S1,20,0.0
R28,S1,21,0.0
R28,S1,22,0.0
R28,S1,23,0.0
R28,S1,24,0.0
R28,S2,1,0.0
R28,S2,2,0.0
R28,S2,3,0.0
R28,S2,4,0.0
R28,S2,5,0.0
R28,S2,6,0.0
R28,S2,7,25.723530965042443
R28,S2,8,26.07780354666049
R28,S2,9,29.392103448722217
R28,S2,10,31.770147838247667
R28,S2,11,36.503905718117444
R28,S2,12,37.94911351022601
R28,S2,13,37.426496527044726
R28,S2,14,35.71795473804558
R28,S2,15,31.329150965940467
R28,S2,16,29.452409359557272
R28,S2,17,27.680892350345566
R28,S2,18,24.192335044976016
R28,S2,19,0.0
R28,S2,20,0.0
R28,S2,21,0.0
R28,S2,22,0.0
R28,S2,23,0.0
R28,S2,24,0.0
R28,S3,1,0.0
R28,S3,2,0.0
R28,S3,3,0.0
R28,S3,4,0.0
R28,S3,5,0.0
R28,S3,6,0.0
R28,S3,7,25.193647786553832
R28,S3,8,27.782374156193896
R28,S3,9,29.479472051231905
R28,S3,10,30.828739486489695
R28,S3,11,36.49929070145928
R28,S3,12,36.04398902952317
R28,S3,13,37.690954634812314
R28,S3,14,34.062555993897035
R28,S3,15,33.05323038254298
R28,S3,16,28.647139498509755
R28,S3,17,27.216372374046625
R28,S3,18,23.65461487397618
R28,S3,19,0.0
R28,S3,20,0.0
R28,S3,21,0.0
R28,S3,22,0.0
R28,S3,23,0.0
R28,S3,24,0.0
R28,S4,1,0.0
R28,S4,2,0.0
R28,S4,3,0.0
R28,S4,4,0.0
R28,S4,5,0.0
R28,S4,6,0.0
R28,S4,7,24.450579723150913
R28,S4,8,27.666958264971385
R28,S4,9,29.15862334642934
R28,S4,10,32.29478231531061
R28,S4,11,35.137422243008544
R28,S4,12,37.55155756054665
R28,S4,13,35.73638693113447
R28,S4,14,36.25542868778994
R28,S4,15,32.23064270781109
R28,S4,16,29.54760480056711
R28,S4,17,28.64518936172053
R28,S4,18,23.527200345715627
R28,S4,19,0.0
R28,S4,20,0.0
R28,S4,21,0.0
R28,S4,22,0.0
R28,S4,23,0.0
R28,S4,24,0.0
R28,S5,1,0.0
R28,S5,2,0.0
R28,S5,3,0.0
R28,S5,4,0.0
R28,S5,5,0.0
R28,S5,6,0.0
R28,S5,7,25.68366045664533
R28,S5,8,28.158876856488394
R28,S5,9,29.65436374413922
R28,S5,10,33.37208840540982
R28,S5,11,45.442993730046425
R28,S5,12,50.703417563882205
R28,S5,13,46.18626248543397
R28,S5,14,46.17537297310214
R28,S5,15,32.24412467240074
R28,S5,16,30.32505480157698
R28,S5,17,27.978203776239596
R28,S5,18,24.441853329107648
R28,S5,19,0.0
R28,S5,20,0.0
R28,S5,21,0.0
R28,S5,22,0.0
R28,S5,23,0.0
R28,S5,24,0.0
R28,S6,1,0.0
R28,S6,2,0.0
R28,S6,3,0.0
R28,S6,4,0.0
R28,S6,5,0.0
R28,S6,6,0.0
R28,S6,7,24.986219998454207
R28,S6,8,26.97067834229259
R28,S6,9,30.237737320786895
R28,S6,10,31.168061754943214
R28,S6,11,34.63685590886772
R28,S6,12,37.082607472716276
R28,S6,13,39.061426093280154
R28,S6,14,36.655117092636395
R28,S6,15,33.70829369752797
R28,S6,16,28.948787891903464
R28,S6,17,26.716396878010972
R28,S6,18,23.75908404641561
R28,S6,19,0.0
R28,S6,20,0.0
R28,S6,21,0.0
R28,S6,22,0.0
R28,S6,23,0.0
R28,S6,24,0.0
R28,S7,1,0.0
R28,S7,2,0.0
R28,S7,3,0.0
R28,S7,4,0.0
R28,S7,5,0.0
R28,S7,6,0.0
R28,S7,7,24.642176712459975
R28,S7,8,26.93871312005989
R28,S7,9,30.193695948828747
R28,S7,10,31.21227994668152
R28,S7,11,33.47050840273016
R28,S7,12,35.75434687152557
R28,S7,13,37.773804843335355
R28,S7,14,35.023718797288296
R28,S7,15,32.58610609592964
R28,S7,16,29.410053366862233
R28,S7,17,25.996637615613352
R28,S7,18,24.207268725022768
R28,S7,19,0.0
R28,S7,20,0.0
R28,S7,21,0.0
R28,S7,22,0.0
R28,S7,23,0.0
R28,S7,24,0.0
R28,S8,1,0.0
R28,S8,2,0.0
R28,S8,3,0.0
R28,S8,4,0.0
R28,S8,5,0.0
R28,S8,6,0.0
R28,S8,7,25.671849869457617
R28,S8,8,26.69565649572175
R28,S8,9,31.12052395315837
R28,S8,10,33.08136043050586
R28,S8,11,33.22394511038153
R28,S8,12,37.50897386210241
R28,S8,13,36.34054458812845
R28,S8,14,35.3666114554967
R28,S8,15,31.926563147912532
R28,S8,16,29.530464845950817
R28,S8,17,28.58892407432588
R28,S8,18,25.069759965904108
R28,S8,19,0.0
R28,S8,20,0.0
R28,S8,21,0.0
R28,S8,22,0.0
R28,S8,23,0.0
R28,S8,24,0.0
R28,S9,1,0.0
R28,S9,2,0.0
R28,S9,3,0.0
R28,S9,4,0.0
R28,S9,5,0.0
R28,S9,6,0.0
R28,S9,7,24.803508710766668
R28,S9,8,28.055600164237617
R28,S9,9,29.54659848624945
R28,S9,10,31.942654692460156
R28,S9,11,47.88752794904517
R28,S9,12,48.661615236180886
R28,S9,13,49.08016268061897
R28,S9,14,47.86413957938269
R28,S9,15,32.95687779193953
R28,S9,16,30.707875661512848
R28,S9,17,26.762917219657144
R28,S9,18,25.857199660138527
R28,S9,19,0.0
R28,S9,20,0.0
R28,S9,21,0.0
R28,S9,22,0.0
R28,S9,23,0.0
R28,S9,24,0.0
R28,S10,1,0.0
R28,S10,2,0.0
R28,S10,3,0.0
R28,S10,4,0.0
R28,S10,5,0.0
R28,S10,6,0.0
R28,S10,7,24.988059640031583
R28,S10,8,26.769039558366043
R28,S10,9,29.92934634582215
R28,S10,10,32.00824757911734
R28,S10,11,34.09541816394871
R28,S10,12,38.274353353013595
R28,S10,13,38.46432504875308
R28,S10,14,33.66339576566349
R28,S10,15,31.003234317687035
R28,S10,16,31.00358617500122
R28,S10,17,26.17676217126771
R28,S10,18,25.184800517542087
R28,S10,19,0.0
R28,S10,20,0.0
R28,S10,21,0.0
R28,S10,22,0.0
R28,S10,23,0.0
R28,S10,24,0.0
R28,S11,1,0.0
R28,S11,2,0.0
R28,S11,3,0.0
R28,S11,4,0.0
R28,S11,5,0.0
R28,S11,6,0.0
R28,S11,7,25.40284037268354
R28,S11,8,26.335155832920307
R28,S11,9,30.91776096651806
R28,S11,10,32.039220993948405
R28,S11,11,35.70151208834627
R28,S11,12,36.873488883877314
R28,S11,13,36.47095296468355
R28,S11,14,36.4571195085719
R28,S11,15,31.207972619232727
R28,S11,16,30.484890958201262
R28,S11,17,25.94810752798579
R28,S11,18,23.54992595780474
R28,S11,19,0.0
R28,S11,20,0.0
R28,S11,21,0.0
R28,S11,22,0.0
R28,S11,23,0.0
R28,S11,24,0.0
R28,S12,1,0.0
R28,S12,2,0.0
R28,S12,3,0.0
R28,S12,4,0.0
R28,S12,5,0.0
R28,S12,6,0.0
R28,S12,7,8.552159769109778
R28,S12,8,9.62972556456864
R28,S12,9,9.971250455798861
R28,S12,10,11.86867010280517
R28,S12,11,12.553859956115161
R28,S12,12,13.40713707776529
R28,S12,13,12.58684197841037
R28,S12,14,12.333471027628622
R28,S12,15,11.138826179693838
R28,S12,16,10.18644162052723
R28,S12,17,9.799643151864217
R28,S12,18,8.239074011156188
R28,S12,19,0.0
R28,S12,20,0.0
R28,S12,21,0.0
R28,S12,22,0.0
R28,S12,23,0.0
R28,S12,24,0.0
R29,S1,1,42.40761707622775
R29,S1,2,48.29818398548602
R29,S1,3,48.910131208923545
R29,S1,4,54.78477234810034
R29,S1,5,59.02511308640193
R29,S1,6,57.57478973249097
R29,S1,7,57.19173520604234
R29,S1,8,61.43746366692431
R29,S1,9,63.9160368225523
R29,S1,10,60.79240919987609
R29,S1,11,67.70036766700937
R29,S1,12,66.5587112959297
R29,S1,13,68.10185111986875
R29,S1,14,68.0041215761898
R29,S1,15,62.630377318266746
R29,S1,16,61.22662417155174
R29,S1,17,61.55928715351813
R29,S1,18,59.383778168737926
R29,S1,19,47.62297178771368
R29,S1,20,44.26244885739483
R29,S1,21,43.837410953175706
R29,S1,22,43.56889737471513
R29,S1,23,40.88595961230272
R29,S1,24,40.55141761754685
R29,S2,1,40.88298139215636
R29,S2,2,44.018472912408654
R29,S2,3,47.26925807148291
R29,S2,4,52.73533510224328
R29,S2,5,56.42861992564224
R29,S2,6,57.80886309642517
R29,S2,7,54.15620646270405
R29,S2,8,57.3493657104027
R29,S2,9,63.41714633560392
R29,S2,10,64.36219523550736
R29,S2,11,68.36516331471016
R29,S2,12,65.12664996747017
R29,S2,13,70.83784537421265
R29,S2,14,68.74133581749612
R29,S2,15,64.0592150708131
R29,S2,16,66.61084993391906
R29,S2,17,59.45196656928589
R29,S2,18,61.988379294887714
R29,S2,19,48.92398175996537
R29,S2,20,45.963727589053896
R29,S2,21,46.27262827563445
R29,S2,22,44.514462142113615
R29,S2,23,40.6920327462507
R29,S2,24,40.94936481175645
R29,S3,1,42.74225293631969
R29,S3,2,46.80316744989879
R29,S3,3,48.842449592366485
R29,S3,4,52.87938348274283
R29,S3,5,59.00707037361142
R29,S3,6,62.4548899621494
R29,S3,7,58.594171040832514
R29,S3,8,56.30431827772708
R29,S3,9,59.84373557024579
R29,S3,10,60.09912107051555
R29,S3,11,65.41031362470207
R29,S3,12,68.11552826756837
R29,S3,13,72.21228036243208
R29,S3,14,70.32749974959316
R29,S3,15,67.09778389346727
R29,S3,16,62.8956209744097
R29,S3,17,63.8244984387703
R29,S3,18,59.02593771224614
R29,S3,19,47.12982597627028
R29,S3,20,46.05760819547197
R29,S3,21,44.7828394466414
R29,S3,22,45.00561056068307
R29,S3,23,43.66633612872709
R29,S3,24,42.138140310978976
R29,S4,1,44.52820001323431
R29,S4,2,45.11543472116548
R29,S4,3,50.95607792587271
R29,S4,4,51.011478011739634
R29,S4,5,57.07582027542509
R29,S4,6,61.96209287325587
R29,S4,7,58.785809499647065
R29,S4,8,57.40382627197757
R29,S4,9,60.12506534196548
R29,S4,10,64.64894018898136
R29,S4,11,68.36528367688139
R29,S4,12,66.523486253376
R29,S4,13,66.54567183933325
R29,S4,14,65.42284925283033
R29,S4,15,63.90424759339192
R29,S4,16,66.79736436688026
R29,S4,17,61.85704759394983
R29,S4,18,60.931748233254574
R29,S4,19,48.74179217104691
R29,S4,20,46.35710042960167
R29,S4,21,43.19716337640984
R29,S4,22,42.45902755137363
R29,S4,23,43.609687133843316
R29,S4,24,43.161886676999345
R29,S5,1,41.005234777213545
R29,S5,2,46.77845034359168
R29,S5,3,47.35267099493597
R29,S5,4,54.58066145811678
R29,S5,5,55.42310003856612
R29,S5,6,60.40078512004557
R29,S5,7,57.157564983384674
R29,S5,8,59.85381846022017
R29,S5,9,58.595840976971964
R29,S5,10,60.93151467125885
R29,S5,11,78.51655632809137
R29,S5,12,81.1190896693032
R29,S5,13,84.29596711000514
R29,S5,14,81.1888501726635
R29,S5,15,64.60853649402902
R29,S5,16,62.789817410716154
R29,S5,17,60.26700017397113
R29,S5,18,57.33798758492535
R29,S5,19,44.806456733744355
R29,S5,20,46.07812103979519
R29,S5,21,45.69428421545394
R29,S5,22,43.70074689954679
R29,S5,23,40.81896441885815
R29,S5,24,39.27908544927335
R29,S6,1,42.56168134877667
R29,S6,2,47.14409118950326
R29,S6,3,48.09091302823092
R29,S6,4,53.23744876849345
R29,S6,5,58.69714311585985
R29,S6,6,59.13754318706229
R29,S6,7,58.42950769493958
R29,S6,8,56.127615827259696
R29,S6,9,63.208115877696464
R29,S6,10,62.567366316867165
R29,S6,11,67.75601870070108
R29,S6,12,68.59617529351013
R29,S6,13,69.49183136273237
R29,S6,14,69.04802929550615
R29,S6,15,66.40966433859793
R29,S6,16,63.80291405445522
R29,S6,17,61.75038371534884
R29,S6,18,62.936572651061525
R29,S6,19,47.562090224389834
R29,S6,20,47.075196913501365
R29,S6,21,45.178699506466984
R29,S6,22,41.95607715263985
R29,S6,23,43.65310594564666
R29,S6,24,41.61607228993698
R29,S7,1,43.058728353247204
R29,S7,2,45.77294835893319
R29,S7,3,50.06626305300693
R29,S7,4,52.369434135601765
R29,S7,5,57.26481192739765
R29,S7,6,60.74481509365962
R29,S7,7,58.27799529658116
R29,S7,8,58.80678207306917
R29,S7,9,58.86604589912248
R29,S7,10,64.62890454626323
R29,S7,11,62.925822278972056
R29,S7,12,66.14485407804638
R29,S7,13,66.89393670867715
R29,S7,14,68.63269714980537
R29,S7,15,67.32458047672951
R29,S7,16,65.66163554538724
R29,S7,17,61.94077229807652
R29,S7,18,63.01984042366278
R29,S7,19,45.46027925733294
R29,S7,20,44.244669707910376
R29,S7,21,46.71194170427214
R29,S7,22,45.08164223866669
R29,S7,23,44.26916769368962
R29,S7,24,40.74567865119276
R29,S8,1,42.57900564951745
R29,S8,2,48.162241760767344
R29,S8,3,47.841442366034634
R29,S8,4,51.77306435619689
R29,S8,5,55.333401560305866
R29,S8,6,59.58018998598465
R29,S8,7,57.41441276417669
R29,S8,8,56.49495014273473
R29,S8,9,57.93664728699495
R29,S8,10,64.07394655688117
R29,S8,11,66.21855719537255
R29,S8,12,68.6815689099924
R29,S8,13,71.35039430704157
R29,S8,14,68.62803039103626
R29,S8,15,65.08504673455309
R29,S8,16,64.14322171731106
R29,S8,17,60.28833571662859
R29,S8,18,59.65800763870607
R29,S8,19,48.20958757300011
R29,S8,20,43.36585908457908
R29,S8,21,45.99873919891739
R29,S8,22,42.01235704952345
R29,S8,23,44.24756253175588
R29,S8,24,42.30312006367373
R29,S9,1,43.206402956656525
R29,S9,2,45.83563011533602
R29,S9,3,49.556465205156975
R29,S9,4,55.151075195196945
R29,S9,5,54.98672308720086
R29,S9,6,61.70672585215632
R29,S9,7,56.32063420359111
R29,S9,8,59.95422925890011
R29,S9,9,61.77372531933933
R29,S9,10,63.35190834880051
R29,S9,11,79.84270336781266
R29,S9,12,78.9014652058054
R29,S9,13,82.67942865452618
R29,S9,14,76.29565575855622
R29,S9,15,64.51555500663758
R29,S9,16,64.34641343620183
R29,S9,17,61.466008424827635
R29,S9,18,61.94325324426479
R29,S9,19,46.419610296124745
R29,S9,20,44.15868656706045
R29,S9,21,45.671796443709404
R29,S9,22,42.651382115878484
R29,S9,23,41.213020776287195
R29,S9,24,42.97666198742452
R29,S10,1,40.53343286611788
R29,S10,2,45.218026295559966
R29,S10,3,47.41145762545786
R29,S10,4,54.20760978056613
R29,S10,5,55.72779258492393
R29,S10,6,58.07915222830951
R29,S10,7,55.114699545162225
R29,S10,8,56.98549718647688
R29,S10,9,58.24345420934924
R29,S10,10,65.64799651654239
R29,S10,11,65.48531252069441
R29,S10,12,68.36178950777153
R29,S10,13,67.42038676843984
R29,S10,14,69.81854545720769
R29,S10,15,65.01547343265247
R29,S10,16,61.769911911175164
R29,S10,17,59.19352124970553
R29,S10,18,58.78670961572965
R29,S10,19,48.60303176316989
R29,S10,20,44.78741626748616
R29,S10,21,45.98446942042346
R29,S10,22,44.7741875264272
R29,S10,23,42.32100394209489
R29,S10,24,40.52734652793185
R29,S11,1,43.48143638632653
R29,S11,2,47.269906431949806
R29,S11,3,50.41666895064619
R29,S11,4,54.29620352068242
R29,S11,5,54.44171832136725
R29,S11,6,63.18609361163437
R29,S11,7,55.37325185574607
R29,S11,8,61.65192456031905
R29,S11,9,59.038895903161716
R29,S11,10,65.1612728451681
R29,S11,11,67.97168095866442
R29,S11,12,65.78047673603724
R29,S11,13,68.27982644471253
R29,S11,14,70.57344964243806
R29,S11,15,67.91787237141799
R29,S11,16,66.6555849238249
R29,S11,17,61.03937907969882
R29,S11,18,58.13054224247656
R29,S11,19,46.52343987087159
R29,S11,20,47.346500016432955
R29,S11,21,46.06512465402711
R29,S11,22,41.84702991595001
R29,S11,23,43.2517256403374
R29,S11,24,41.358954876632104
R29,S12,1,15.095298273528275
R29,S12,2,16.863643706776617
R29,S12,3,18.16590111419466
R29,S12,4,19.05747233161852
R29,S12,5,20.461779046262524
R29,S12,6,20.727952532160383
R29,S12,7,19.198718213239232
R29,S12,8,21.017557923800968
R29,S12,9,22.0367650870815
R29,S12,10,21.138856578391092
R29,S12,11,23.378075960615348
R29,S12,12,24.46325043606729
R29,S12,13,24.37453577333022
R29,S12,14,22.98695668953185
R29,S12,15,23.42399649087773
R29,S12,16,23.109627320147332
R29,S12,17,21.86971427664137
R29,S12,18,21.496517825093008
R29,S12,19,16.122791957649206
R29,S12,20,16.529563751332503
R29,S12,21,15.421023030591078
R29,S12,22,15.123356161918958
R29,S12,23,14.076074445195783
R29,S12,24,15.044416729879217
R30,S1,1,0.0
R30,S1,2,0.0
R30,S1,3,0.0
R30,S1,4,0.0
R30,S1,5,0.0
R30,S1,6,0.0
R30,S1,7,19.487817982186517
R30,S1,8,23.193336542491767
R30,S1,9,25.613282893242022
R30,S1,10,25.418865022051044
R30,S1,11,28.21625027804021
R30,S1,12,32.0080014331081
R30,S1,13,31.059236678073674
R30,S1,14,27.792739042862376
R30,S1,15,26.890667633757435
R30,S1,16,24.64066471106175
R30,S1,17,22.78273536842316
R30,S1,18,21.185728421317737
R30,S1,19,0.0
R30,S1,20,0.0
R30,S1,21,0.0
R30,S1,22,0.0
R30,S1,23,0.0
R30,S1,24,0.0
R30,S2,1,0.0
R30,S2,2,0.0
R30,S2,3,0.0
R30,S2,4,0.0
R30,S2,5,0.0
R30,S2,6,0.0
R30,S2,7,19.575757588517497
R30,S2,8,21.78470109179083
R30,S2,9,25.57929926654333
R30,S2,10,25.89192429354612
R30,S2,11,28.494456026055232
R30,S2,12,30.14997420802346
R30,S2,13,30.870181838587758
R30,S2,14,28.1580756392626
R30,S2,15,27.37834376279388
R30,S2,16,24.331483509391443
R30,S2,17,22.976375688842637
R30,S2,18,21.20556299612156
R30,S2,19,0.0
R30,S2,20,0.0
R30,S2,21,0.0
R30,S2,22,0.0
R30,S2,23,0.0
R30,S2,24,0.0
R30,S3,1,0.0
R30,S3,2,0.0
R30,S3,3,0.0
R30,S3,4,0.0
R30,S3,5,0.0
R30,S3,6,0.0
R30,S3,7,19.602339513779086
R30,S3,8,21.449249173236137
R30,S3,9,25.008749498442196
R30,S3,10,27.266301614039996
R30,S3,11,28.681899200197936
R30,S3,12,30.778029562803194
R30,S3,13,30.469681327826507
R30,S3,14,29.657399552925607
R30,S3,15,25.85415731653236
R30,S3,16,25.433414026585545
R30,S3,17,21.36216025943831
R30,S3,18,19.539435032315104
R30,S3,19,0.0
R30,S3,20,0.0
R30,S3,21,0.0
R30,S3,22,0.0
R30,S3,23,0.0
R30,S3,24,0.0
R30,S4,1,0.0
R30,S4,2,0.0
R30,S4,3,0.0
R30,S4,4,0.0
R30,S4,5,0.0
R30,S4,6,0.0
R30,S4,7,19.976278417765265
R30,S4,8,22.763437403261502
R30,S4,9,23.72237944886141
R30,S4,10,27.797460492425515
R30,S4,11,27.867466811915044
R30,S4,12,32.10638076274233
R30,S4,13,29.790360010712103
R30,S4,14,27.885755024836413
R30,S4,15,26.801617032758937
R30,S4,16,23.40256276704496
R30,S4,17,21.873047295833935
R30,S4,18,20.56880465546064
R30,S4,19,0.0
R30,S4,20,0.0
R30,S4,21,0.0
R30,S4,22,0.0
R30,S4,23,0.0
R30,S4,24,0.0
R30,S5,1,0.0
R30,S5,2,0.0
R30,S5,3,0.0
R30,S5,4,0.0
R30,S5,5,0.0
R30,S5,6,0.0
R30,S5,7,21.087542495514274
R30,S5,8,22.250562234210644
R30,S5,9,23.927801656282703
R30,S5,10,26.165692652363404
R30,S5,11,39.5382424001327
R30,S5,12,39.82616470087552
R30,S5,13,38.68553571364918
R30,S5,14,37.574305579259686
R30,S5,15,26.963877295444675
R30,S5,16,23.888830554969516
R30,S5,17,21.398987490020435
R30,S5,18,20.956654474482526
R30,S5,19,0.0
R30,S5,20,0.0
R30,S5,21,0.0
R30,S5,22,0.0
R30,S5,23,0.0
R30,S5,24,0.0
R30,S6,1,0.0
R30,S6,2,0.0
R30,S6,3,0.0
R30,S6,4,0.0
R30,S6,5,0.0
R30,S6,6,0.0
R30,S6,7,20.425944410942137
R30,S6,8,23.072698113295782
R30,S6,9,24.188556690019315
R30,S6,10,26.433330489472727
R30,S6,11,28.534213124953194
R30,S6,12,30.803395788382392
R30,S6,13,29.24060036232291
R30,S6,14,29.9442778258837
R30,S6,15,26.62137461364864
R30,S6,16,25.43604792003614
R30,S6,17,22.150334198148542
R30,S6,18,19.9119085528242
R30,S6,19,0.0
R30,S6,20,0.0
R30,S6,21,0.0
R30,S6,22,0.0
R30,S6,23,0.0
R30,S6,24,0.0
R30,S7,1,0.0
R30,S7,2,0.0
R30,S7,3,0.0
R30,S7,4,0.0
R30,S7,5,0.0
R30,S7,6,0.0
R30,S7,7,19.762270178175303
R30,S7,8,22.0027272834231
R30,S7,9,23.549507956230784
R30,S7,10,25.901990530326238
R30,S7,11,28.992655363481546
R30,S7,12,32.204380534462224
R30,S7,13,29.49420021549956
R30,S7,14,29.153916267838692
R30,S7,15,25.93502916188103
R30,S7,16,24.762869165633894
R30,S7,17,22.409706941762675
R30,S7,18,20.672982039705424
R30,S7,19,0.0
R30,S7,20,0.0
R30,S7,21,0.0
R30,S7,22,0.0
R30,S7,23,0.0
R30,S7,24,0.0
R30,S8,1,0.0
R30,S8,2,0.0
R30,S8,3,0.0
R30,S8,4,0.0
R30,S8,5,0.0
R30,S8,6,0.0
R30,S8,7,20.96218867132128
R30,S8,8,21.90896948575942
R30,S8,9,24.08686841323225
R30,S8,10,26.780654084850447
R30,S8,11,27.79544263880173
R30,S8,12,30.80911885457185
R30,S8,13,31.88237646306644
R30,S8,14,28.036619010371272
R30,S8,15,26.42694586352047
R30,S8,16,24.866363766167407
R30,S8,17,22.831005286980368
R30,S8,18,20.83033434157788
R30,S8,19,0.0
R30,S8,20,0.0
R30,S8,21,0.0
R30,S8,22,0.0
R30,S8,23,0.0
R30,S8,24,0.0
R30,S9,1,0.0
R30,S9,2,0.0
R30,S9,3,0.0
R30,S9,4,0.0
R30,S9,5,0.0
R30,S9,6,0.0
R30,S9,7,19.256067501838558
R30,S9,8,22.11883884979268
R30,S9,9,23.68944119907172
R30,S9,10,25.373959746837297
R30,S9,11,37.9812900683009
R30,S9,12,38.60659953573885
R30,S9,13,40.744248002089414
R30,S9,14,38.70504405648251
R30,S9,15,25.81421033343404
R30,S9,16,23.657267181984576
R30,S9,17,22.436090047895668
R30,S9,18,19.708574077398925
R30,S9,19,0.0
R30,S9,20,0.0
R30,S9,21,0.0
R30,S9,22,0.0
R30,S9,23,0.0
R30,S9,24,0.0
R30,S10,1,0.0
R30,S10,2,0.0
R30,S10,3,0.0
R30,S10,4,0.0
R30,S10,5,0.0
R30,S10,6,0.0
R30,S10,7,19.46277025846129
R30,S10,8,21.441474122558535
R30,S10,9,23.35447606237892
R30,S10,10,27.620113691479975
R30,S10,11,27.860936665489916
R30,S10,12,30.653052242389446
R30,S10,13,29.579850394955766
R30,S10,14,27.601743340358823
R30,S10,15,26.684809511050275
R30,S10,16,24.280247033343535
R30,S10,17,22.39188096086772
R30,S10,18,20.87857748678211
R30,S10,19,0.0
R30,S10,20,0.0
R30,S10,21,0.0
R30,S10,22,0.0
R30,S10,23,0.0
R30,S10,24,0.0
R30,S11,1,0.0
R30,S11,2,0.0
R30,S11,3,0.0
R30,S11,4,0.0
R30,S11,5,0.0
R30,S11,6,0.0
R30,S11,7,19.564924882285172
R30,S11,8,22.308985419302523
R30,S11,9,24.982639091034148
R30,S11,10,26.302962624964348
R30,S11,11,28.295055727338845
R30,S11,12,30.94696679857727
R30,S11,13,32.022673031565596
R30,S11,14,28.81001417881403
R30,S11,15,25.54406700678546
R30,S11,16,25.057623433169454
R30,S11,17,23.010616819390986
R30,S11,18,19.22599040895419
R30,S11,19,0.0
R30,S11,20,0.0
R30,S11,21,0.0
R30,S11,22,0.0
R30,S11,23,0.0
R30,S11,24,0.0
R30,S12,1,0.0
R30,S12,2,0.0
R30,S12,3,0.0
R30,S12,4,0.0
R30,S12,5,0.0
R30,S12,6,0.0
R30,S12,7,6.73725824213612
R30,S12,8,7.894695912138901
R30,S12,9,8.370370513071324
R30,S12,10,9.550651118533088
R30,S12,11,10.048222755730249
R30,S12,12,11.243804885003309
R30,S12,13,10.801172181175001
R30,S12,14,10.072189522532213
R30,S12,15,9.32268041329828
R30,S12,16,8.48951000103583
R30,S12,17,8.17009582103027
R30,S12,18,6.820923050672621
R30,S12,19,0.0
R30,S12,20,0.0
R30,S12,21,0.0
R30,S12,22,0.0
R30,S12,23,0.0
R30,S12,24,0.0
R31,S1,1,34.138025366705286
R31,S1,2,37.47067705423411
R31,S1,3,42.78235533715909
R31,S1,4,42.67884534946233
R31,S1,5,46.29356307036161
R31,S1,6,50.91520463773182
R31,S1,7,45.275418780331755
R31,S1,8,46.93277170576965
R31,S1,9,48.53388469188227
R31,S1,10,52.74584773258189
R31,S1,11,52.99802568887754
R31,S1,12,55.93040441981164
R31,S1,13,57.05213674438408
R31,S1,14,57.51364572769738
R31,S1,15,54.40115778217592
R31,S1,16,51.95942211570281
R31,S1,17,53.440953293660826
R31,S1,18,47.22171239491285
R31,S1,19,36.571874615757814
R31,S1,20,37.126402596445395
R31,S1,21,36.58023927416552
R31,S1,22,35.8612753616285
R31,S1,23,35.24220827970263
R31,S1,24,34.324841734412054
R31,S2,1,35.34519880084769
R31,S2,2,36.17586857021815
R31,S2,3,40.302209516625155
R31,S2,4,44.881480381671636
R31,S2,5,45.19444161612225
R31,S2,6,48.586096397354474
R31,S2,7,48.6043847281676
R31,S2,8,48.516909044164734
R31,S2,9,49.68704594987337
R31,S2,10,50.389625894158854
R31,S2,11,53.16605428526917
R31,S2,12,56.86514789373104
R31,S2,13,58.471457797434084
R31,S2,14,53.36161626367603
R31,S2,15,55.94272796898837
R31,S2,16,51.211163786227935
R31,S2,17,51.76814297618469
R31,S2,18,50.16747360585657
R31,S2,19,39.45812529454823
R31,S2,20,36.400959625042326
R31,S2,21,36.874095600342756
R31,S2,22,34.948138311039386
R31,S2,23,34.787560031551884
R31,S2,24,34.32843859623284
R31,S3,1,35.683274941751954
R31,S3,2,38.090099183509885
R31,S3,3,41.17895198653715
R31,S3,4,42.765659952907384
R31,S3,5,47.70474985397603
R31,S3,6,48.82061499740418
R31,S3,7,45.47293024384227
R31,S3,8,49.66975764342726
R31,S3,9,48.20298738326904
R31,S3,10,53.035365060396174
R31,S3,11,54.0486350628874
R31,S3,12,55.03616475954533
R31,S3,13,59.30437787243832
R31,S3,14,57.735270826654094
R31,S3,15,51.94075567369188
R31,S3,16,52.036974052845515
R31,S3,17,51.44505006098145
R31,S3,18,49.525895158828895
R31,S3,19,36.67771833158995
R31,S3,20,37.39183768613836
R31,S3,21,35.55313001856337
R31,S3,22,35.08007208872829
R31,S3,23,34.799434936500816
R31,S3,24,33.75620108415483
R31,S4,1,33.51381469971208
R31,S4,2,37.86018050572206
R31,S4,3,39.01602796381188
R31,S4,4,45.287399855218574
R31,S4,5,44.97488637157845
R31,S4,6,47.83843580271269
R31,S4,7,46.03211889646945
R31,S4,8,45.98545559873726
R31,S4,9,50.96707766568069
R31,S4,10,51.86473118873716
R31,S4,11,54.15803047262752
R31,S4,12,52.93237176235039
R31,S4,13,54.51976016047023
R31,S4,14,55.66656187664888
R31,S4,15,55.75963327893527
R31,S4,16,52.51860994656415
R31,S4,17,52.333607713105884
R31,S4,18,47.34108485359544
R31,S4,19,39.319324942107336
R31,S4,20,37.396674315277345
R31,S4,21,37.068566788748754
R31,S4,22,34.173878544100226
R31,S4,23,35.329004674864066
R31,S4,24,33.72360055200859
R31,S5,1,36.18763121237378
R31,S5,2,39.11192691047158
R31,S5,3,40.04031232288056
R31,S5,4,42.40115380618323
R31,S5,5,47.38518767513443
R31,S5,6,50.00368206988112
R31,S5,7,48.301441389057615
R31,S5,8,50.17779133453586
R31,S5,9,48.421657415585045
R31,S5,10,51.54844765620253
R31,S5,11,62.03706890283012
R31,S5,12,62.71930710496855
R31,S5,13,67.42430477922099
R31,S5,14,64.65187988553544
R31,S5,15,56.07536053440381
R31,S5,16,50.634590642857525
R31,S5,17,49.1678095981206
R31,S5,18,50.85844260589947
R31,S5,19,39.78048684903226
R31,S5,20,36.171249521508116
R31,S5,21,35.94365416857577
R31,S5,22,35.41603486096551
R31,S5,23,34.542894551985
R31,S5,24,35.45879702900114
R31,S6,1,34.44269852104387
R31,S6,2,38.34125798085597
R31,S6,3,42.3166908295712
R31,S6,4,41.96336969308309
R31,S6,5,48.61083413537048
R31,S6,6,51.35496972568123
R31,S6,7,48.1869296407029
R31,S6,8,46.46753338782667
R31,S6,9,50.93202778555093
R31,S6,10,50.99837034342021
R31,S6,11,55.73436995231671
R31,S6,12,55.632740538684224
R31,S6,13,57.291506089313636
R31,S6,14,53.430284248588585
R31,S6,15,55.190908165567684
R31,S6,16,51.87226063921384
R31,S6,17,50.25766011932161
R31,S6,18,50.56247431980018
R31,S6,19,38.957109646192734
R31,S6,20,39.35040760339887
R31,S6,21,37.1808332728358
R31,S6,22,37.01363667545225
R31,S6,23,34.40631376818513
R31,S6,24,33.38785551779272
R31,S7,1,36.38137744353475
R31,S7,2,37.34871275274757
R31,S7,3,42.204451184722444
R31,S7,4,45.18059730313898
R31,S7,5,47.76487985326426
R31,S7,6,48.55733689278656
R31,S7,7,44.75267338700787
R31,S7,8,50.05447401771637
R31,S7,9,48.45124453246723
R31,S7,10,49.775367993695355
R31,S7,11,54.893272894564866
R31,S7,12,56.52880683652584
R31,S7,13,58.786348786449196
R31,S7,14,54.42616976470331
R31,S7,15,54.95067606502329
R31,S7,16,51.5304699675756
R31,S7,17,52.264325705819466
R31,S7,18,47.53569921553895
R31,S7,19,36.88683368642444
R31,S7,20,36.06462145844823
R31,S7,21,36.917479434880256
R31,S7,22,36.147635495348716
R31,S7,23,34.31269701590558
R31,S7,24,34.72749425512954
R31,S8,1,35.49896334716856
R31,S8,2,39.142753767076336
R31,S8,3,41.31401146553895
R31,S8,4,43.51794525029933
R31,S8,5,45.68985398812505
R31,S8,6,50.665393681157546
R31,S8,7,45.71840742100057
R31,S8,8,49.29089092506506
R31,S8,9,51.850961928050594
R31,S8,10,50.96136001204768
R31,S8,11,52.26140094491086
R31,S8,12,53.434930481169474
R31,S8,13,56.44037473806855
R31,S8,14,56.5644260311228
R31,S8,15,53.65694064917844
R31,S8,16,51.331911877061046
R31,S8,17,51.633493644354026
R31,S8,18,49.6308189765108
R31,S8,19,40.30741385783899
R31,S8,20,35.89083510570575
R31,S8,21,37.09852567395251
R31,S8,22,35.376701066066325
R31,S8,23,34.12203282200611
R31,S8,24,34.48405307262503
R31,S9,1,33.286801765019305
R31,S9,2,38.99967032809603
R31,S9,3,38.80460813022213
R31,S9,4,42.33016815999576
R31,S9,5,46.00737368516909
R31,S9,6,49.86889167074276
R31,S9,7,44.347628470914955
R31,S9,8,50.660943901775894
R31,S9,9,50.27161537980297
R31,S9,10,51.71148236358517
R31,S9,11,65.58261866518642
R31,S9,12,64.23458986805906
R31,S9,13,66.16578466176853
R31,S9,14,63.33922275670675
R31,S9,15,51.640591485608105
R31,S9,16,54.371647273613995
R31,S9,17,53.02123834838791
R31,S9,18,50.538552930038676
R31,S9,19,39.29881825353763
R31,S9,20,36.494132034491535
R31,S9,21,38.19819132222608
R31,S9,22,36.65121629545395
R31,S9,23,33.04240640862804
R31,S9,24,33.13603932457541
R31,S10,1,34.846859064410886
R31,S10,2,36.1602875338774
R31,S10,3,41.89082091434932
R31,S10,4,41.92723582628424
R31,S10,5,46.716506524338264
R31,S10,6,50.04119965551131
R31,S10,7,45.619686612484315
R31,S10,8,49.881382515129594
R31,S10,9,52.00051837312709
R31,S10,10,49.35010377257934
R31,S10,11,56.05647600535352
R31,S10,12,54.809721872292435
R31,S10,13,55.03730141961709
R31,S10,14,56.31180086028985
R31,S10,15,54.743169415534744
R31,S10,16,50.92333702093033
R31,S10,17,52.059962508365565
R31,S10,18,49.85551046653614
R31,S10,19,38.954154208681636
R31,S10,20,37.45782733162834
R31,S10,21,35.79248346698868
R31,S10,22,35.520827020668385
R31,S10,23,35.4686469521634
R31,S10,24,32.85674823703788
R31,S11,1,33.76937141846407
R31,S11,2,36.617992884470986
R31,S11,3,41.253495228595916
R31,S11,4,43.28192290259659
R31,S11,5,44.29675936002255
R31,S11,6,51.442472868717466
R31,S11,7,44.73298064387176
R31,S11,8,48.99548991288179
R31,S11,9,48.48773851532707
R31,S11,10,53.63342210621739
R31,S11,11,52.76765948247954
R31,S11,12,56.93809969972649
R31,S11,13,54.82252270000201
R31,S11,14,57.61224911419053
R31,S11,15,54.690405369947214
R31,S11,16,52.84122480818497
R31,S11,17,52.145062412801536
R31,S11,18,48.669709168730385
R31,S11,19,38.552497749219846
R31,S11,20,38.26662824120033
R31,S11,21,34.989057591241796
R31,S11,22,34.26460326872485
R31,S11,23,36.10486995310735
R31,S11,24,32.46318798023132
R31,S12,1,12.534860868126426
R31,S12,2,12.749136282917233
R31,S12,3,14.529828496551001
R31,S12,4,15.437568775796843
R31,S12,5,15.65315417745858
R31,S12,6,17.295166607867106
R31,S12,7,16.93440436658233
R31,S12,8,16.77908038861065
R31,S12,9,17.76342053447483
R31,S12,10,17.945085227323364
R31,S12,11,18.037713948567134
R31,S12,12,18.53278877628621
R31,S12,13,20.42028536019156
R31,S12,14,19.642256483353417
R31,S12,15,18.662209512245344
R31,S12,16,18.30864093409023
R31,S12,17,18.41611353214898
R31,S12,18,18.12113738528806
R31,S12,19,13.949616043431833
R31,S12,20,13.459878227124584
R31,S12,21,13.300292090360378
R31,S12,22,12.731292963571745
R31,S12,23,12.449426121916742
R31,S12,24,12.020716290809645
R32,S1,1,0.0
R32,S1,2,0.0
R32,S1,3,0.0
R32,S1,4,0.0
R32,S1,5,0.0
R32,S1,6,0.0
R32,S1,7,21.100753196605215
R32,S1,8,24.509381151743884
R32,S1,9,25.265532604480953
R32,S1,10,27.03452577300094
R32,S1,11,30.333405567833026
R32,S1,12,33.90436266579247
R32,S1,13,31.7265023204974
R32,S1,14,28.8291801676107
R32,S1,15,27.410531376721373
R32,S1,16,26.786710997849095
R32,S1,17,23.60792254528271
R32,S1,18,22.188938640626635
R32,S1,19,0.0
R32,S1,20,0.0
R32,S1,21,0.0
R32,S1,22,0.0
R32,S1,23,0.0
R32,S1,24,0.0
R32,S2,1,0.0
R32,S2,2,0.0
R32,S2,3,0.0
R32,S2,4,0.0
R32,S2,5,0.0
R32,S2,6,0.0
R32,S2,7,20.91604152230846
R32,S2,8,24.36011212318573
R32,S2,9,26.013529444046256
R32,S2,10,26.72831255763907
R32,S2,11,28.89075651330077
R32,S2,12,31.59642745054882
R32,S2,13,30.877946923903096
R32,S2,14,29.226584430079477
R32,S2,15,27.189732831328733
R32,S2,16,24.493228402311903
R32,S2,17,23.059144054351272
R32,S2,18,21.52073728251539
R32,S2,19,0.0
R32,S2,20,0.0
R32,S2,21,0.0
R32,S2,22,0.0
R32,S2,23,0.0
R32,S2,24,0.0
R32,S3,1,0.0
R32,S3,2,0.0
R32,S3,3,0.0
R32,S3,4,0.0
R32,S3,5,0.0
R32,S3,6,0.0
R32,S3,7,21.651493727076833
R32,S3,8,24.04155455487912
R32,S3,9,26.319985789186028
R32,S3,10,29.051377334441693
R32,S3,11,30.627744379803936
R32,S3,12,31.80622385564049
R32,S3,13,32.390492660538925
R32,S3,14,30.499872966786644
R32,S3,15,27.107400007014444
R32,S3,16,27.060922770215218
R32,S3,17,23.496641499092526
R32,S3,18,22.023937554243908
R32,S3,19,0.0
R32,S3,20,0.0
R32,S3,21,0.0
R32,S3,22,0.0
R32,S3,23,0.0
R32,S3,24,0.0
R32,S4,1,0.0
R32,S4,2,0.0
R32,S4,3,0.0
R32,S4,4,0.0
R32,S4,5,0.0
R32,S4,6,0.0
R32,S4,7,21.952498698266435
R32,S4,8,23.91769795351317
R32,S4,9,25.23426373515459
R32,S4,10,29.085255657241138
R32,S4,11,29.921418671782902
R32,S4,12,31.681220267757126
R32,S4,13,32.220471602588056
R32,S4,14,30.550515584291695
R32,S4,15,29.334909233811175
R32,S4,16,25.530097475259016
R32,S4,17,22.536575229175067
R32,S4,18,20.654489668383075
R32,S4,19,0.0
R32,S4,20,0.0
R32,S4,21,0.0
R32,S4,22,0.0
R32,S4,23,0.0
R32,S4,24,0.0
R32,S5,1,0.0
R32,S5,2,0.0
R32,S5,3,0.0
R32,S5,4,0.0
R32,S5,5,0.0
R32,S5,6,0.0
R32,S5,7,21.89471681419132
R32,S5,8,23.51602771414569
R32,S5,9,24.973397717409064
R32,S5,10,29.324063711102504
R32,S5,11,40.53354582808832
R32,S5,12,41.94314134193063
R32,S5,13,40.03860743226219
R32,S5,14,38.80879553805318
R32,S5,15,28.954358797222582
R32,S5,16,25.129634795744362
R32,S5,17,23.251128675207624
R32,S5,18,20.939583173766405
R32,S5,19,0.0
R32,S5,20,0.0
R32,S5,21,0.0
R32,S5,22,0.0
R32,S5,23,0.0
R32,S5,24,0.0
R32,S6,1,0.0
R32,S6,2,0.0
R32,S6,3,0.0
R32,S6,4,0.0
R32,S6,5,0.0
R32,S6,6,0.0
R32,S6,7,21.287187222838035
R32,S6,8,22.540371639443645
R32,S6,9,26.543421379412493
R32,S6,10,27.201067124538447
R32,S6,11,31.186591113815034
R32,S6,12,34.030204820244855
R32,S6,13,33.59318234507101
R32,S6,14,30.20999925694557
R32,S6,15,28.383606113201292
R32,S6,16,25.666110476074483
R32,S6,17,23.21833932140707
R32,S6,18,21.43008854622263
R32,S6,19,0.0
R32,S6,20,0.0
R32,S6,21,0.0
R32,S6,22,0.0
R32,S6,23,0.0
R32,S6,24,0.0
R32,S7,1,0.0
R32,S7,2,0.0
R32,S7,3,0.0
R32,S7,4,0.0
R32,S7,5,0.0
R32,S7,6,0.0
R32,S7,7,21.03108745763785
R32,S7,8,24.66856076524313
R32,S7,9,25.28854059040301
R32,S7,10,27.701892354876033
R32,S7,11,31.157512960301773
R32,S7,12,31.209915548778035
R32,S7,13,33.42669014966129
R32,S7,14,29.143599767912775
R32,S7,15,29.33354039519365
R32,S7,16,26.56778250888208
R32,S7,17,23.726122485631855
R32,S7,18,20.458786398026938
R32,S7,19,0.0
R32,S7,20,0.0
R32,S7,21,0.0
R32,S7,22,0.0
R32,S7,23,0.0
R32,S7,24,0.0
R32,S8,1,0.0
R32,S8,2,0.0
R32,S8,3,0.0
R32,S8,4,0.0
R32,S8,5,0.0
R32,S8,6,0.0
R32,S8,7,21.347483278465372
R32,S8,8,23.688586939625974
R32,S8,9,24.606681712109943
R32,S8,10,28.117704465323865
R32,S8,11,29.906766857728577
R32,S8,12,33.3271620736582
R32,S8,13,33.55659101205728
R32,S8,14,29.672787243267557
R32,S8,15,28.40630779179434
R32,S8,16,24.950962816313748
R32,S8,17,23.06817299380476
R32,S8,18,21.89034434634328
R32,S8,19,0.0
R32,S8,20,0.0
R32,S8,21,0.0
R32,S8,22,0.0
R32,S8,23,0.0
R32,S8,24,0.0
R32,S9,1,0.0
R32,S9,2,0.0
R32,S9,3,0.0
R32,S9,4,0.0
R32,S9,5,0.0
R32,S9,6,0.0
R32,S9,7,21.65102091118284
R32,S9,8,22.629744222426545
R32,S9,9,26.430965597140826
R32,S9,10,29.214317321429615
R32,S9,11,39.16079361763051
R32,S9,12,43.58750715095123
R32,S9,13,43.792175815954124
R32,S9,14,38.73847919859966
R32,S9,15,28.4047019570759
R32,S9,16,25.661477468961678
R32,S9,17,23.855119567879733
R32,S9,18,21.458126156344154
R32,S9,19,0.0
R32,S9,20,0.0
R32,S9,21,0.0
R32,S9,22,0.0
R32,S9,23,0.0
R32,S9,24,0.0
R32,S10,1,0.0
R32,S10,2,0.0
R32,S10,3,0.0
R32,S10,4,0.0
R32,S10,5,0.0
R32,S10,6,0.0
R32,S10,7,21.05240416852084
R32,S10,8,24.639247679076455
R32,S10,9,26.678980415966322
R32,S10,10,28.305497313124544
R32,S10,11,30.979471357093598
R32,S10,12,31.31368451488731
R32,S10,13,32.58629008939446
R32,S10,14,30.3843665253745
R32,S10,15,26.98606717143582
R32,S10,16,26.952883633806657
R32,S10,17,23.564102823237736
R32,S10,18,22.01077762292657
R32,S10,19,0.0
R32,S10,20,0.0
R32,S10,21,0.0
R32,S10,22,0.0
R32,S10,23,0.0
R32,S10,24,0.0
R32,S11,1,0.0
R32,S11,2,0.0
R32,S11,3,0.0
R32,S11,4,0.0
R32,S11,5,0.0
R32,S11,6,0.0
R32,S11,7,20.57215837589744
R32,S11,8,24.55440038020089
R32,S11,9,26.591040477106546
R32,S11,10,26.797863831220052
R32,S11,11,30.974757534424985
R32,S11,12,31.656164907332784
R32,S11,13,33.252188597232774
R32,S11,14,30.419381720513037
R32,S11,15,28.616470934179468
R32,S11,16,25.44322861412976
R32,S11,17,23.887229366476614
R32,S11,18,21.54749032177885
R32,S11,19,0.0
R32,S11,20,0.0
R32,S11,21,0.0
R32,S11,22,0.0
R32,S11,23,0.0
R32,S11,24,0.0
R32,S12,1,0.0
R32,S12,2,0.0
R32,S12,3,0.0
R32,S12,4,0.0
R32,S12,5,0.0
R32,S12,6,0.0
R32,S12,7,7.184131039096471
R32,S12,8,8.640996366889034
R32,S12,9,8.924923778141629
R32,S12,10,9.448732368108995
R32,S12,11,10.993658298079014
R32,S12,12,11.469837200718178
R32,S12,13,11.379159893185964
R32,S12,14,10.167864815748397
R32,S12,15,10.068487706487643
R32,S12,16,8.91355587699208
R32,S12,17,7.951834743666397
R32,S12,18,7.233596607833048
R32,S12,19,0.0
R32,S12,20,0.0
R32,S12,21,0.0
R32,S12,22,0.0
R32,S12,23,0.0
R32,S12,24,0.0
R33,S1,1,35.40853207828651
R33,S1,2,41.60241775478503
R33,S1,3,41.56937035968019
R33,S1,4,43.806938717473116
R33,S1,5,50.72989228651863
R33,S1,6,52.42355226427866
R33,S1,7,47.969940214670345
R33,S1,8,52.49548775516829
R33,S1,9,53.488934017407495
R33,S1,10,53.95141037234222
R33,S1,11,59.05386724283818
R33,S1,12,59.368773630458705
R33,S1,13,60.94004637765682
R33,S1,14,57.156419270763315
R33,S1,15,57.95703955891772
R33,S1,16,53.647732063156965
R33,S1,17,54.36957388375677
R33,S1,18,50.34026669337039
R33,S1,19,38.981505395379614
R33,S1,20,39.155211329168175
R33,S1,21,37.154551877978726
R33,S1,22,37.419332365622466
R33,S1,23,37.07118134705227
R33,S1,24,35.037433077789
R33,S2,1,36.14367688890963
R33,S2,2,40.45363003722767
R33,S2,3,44.42424716012351
R33,S2,4,45.02214719534018
R33,S2,5,47.06209253165431
R33,S2,6,51.739425485685345
R33,S2,7,47.76595462345803
R33,S2,8,49.66514912235229
R33,S2,9,55.085933804624474
R33,S2,10,55.66203633677605
R33,S2,11,53.748854301800215
R33,S2,12,59.0742674556984
R33,S2,13,62.477551618718046
R33,S2,14,60.274215072136116
R33,S2,15,58.982821893589474
R33,S2,16,56.015303545739215
R33,S2,17,51.910802359056795
R33,S2,18,51.79194228570701
R33,S2,19,38.563121992392034
R33,S2,20,37.77085149539936
R33,S2,21,38.00497232900535
R33,S2,22,39.226760464679835
R33,S2,23,35.91912180122103
R33,S2,24,35.09933440036595
R33,S3,1,36.72147403100026
R33,S3,2,41.64440743155306
R33,S3,3,44.26236980449848
R33,S3,4,46.116940018110384
R33,S3,5,49.3855358897337
R33,S3,6,51.2379101760981
R33,S3,7,48.72784569713117
R33,S3,8,50.43089312766249
R33,S3,9,54.74720811829947
R33,S3,10,53.32492224524651
R33,S3,11,57.301431333853394
R33,S3,12,58.80615832814877
R33,S3,13,57.89831647989021
R33,S3,14,60.85108675569305
R33,S3,15,58.56661832942894
R33,S3,16,55.60891033978052
R33,S3,17,51.61984932137179
R33,S3,18,53.755960507560935
R33,S3,19,42.42851506632755
R33,S3,20,38.37967377413644
R33,S3,21,39.63291090548435
R33,S3,22,38.53355648329985
R33,S3,23,37.17956936903117
R33,S3,24,37.19289189679086
R33,S4,1,36.94636951136336
R33,S4,2,39.371732068062585
R33,S4,3,43.928109698831705
R33,S4,4,45.45790324657577
R33,S4,5,47.25414070794389
R33,S4,6,52.36348044650006
R33,S4,7,49.4862165390539
R33,S4,8,50.70486702174915
R33,S4,9,53.74124893628881
R33,S4,10,57.21787233644418
R33,S4,11,54.97642051784607
R33,S4,12,55.4572261801668
R33,S4,13,63.09749009171378
R33,S4,14,60.356029306872344
R33,S4,15,57.95137990486082
R33,S4,16,54.25719582272636
R33,S4,17,55.260949842979215
R33,S4,18,52.36504218529525
R33,S4,19,42.19988455346379
R33,S4,20,38.65473302017431
R33,S4,21,38.852513697115626
R33,S4,22,39.32721725064395
R33,S4,23,36.8353697449599
R33,S4,24,34.974932839361706
R33,S5,1,37.21508963438299
R33,S5,2,40.06456811960336
R33,S5,3,42.548710108660785
R33,S5,4,46.088126205801444
R33,S5,5,48.043702726118994
R33,S5,6,52.84315308371578
R33,S5,7,48.77505403604075
R33,S5,8,49.4143019471156
R33,S5,9,51.11525927818252
R33,S5,10,57.22108273324372
R33,S5,11,64.19500003687375
R33,S5,12,70.79025616599813
R33,S5,13,71.49234732536306
R33,S5,14,70.66250145318517
R33,S5,15,56.247935172572255
R33,S5,16,57.43619278774903
R33,S5,17,52.09584817865059
R33,S5,18,53.008247820121206
R33,S5,19,42.29902476007503
R33,S5,20,38.53423950540318
R33,S5,21,38.57323649957599
R33,S5,22,36.73753000096066
R33,S5,23,37.98696614317431
R33,S5,24,34.160219526888035
R33,S6,1,35.64907119266833
R33,S6,2,40.42888536118979
R33,S6,3,40.86219418172514
R33,S6,4,47.67998566265965
R33,S6,5,50.69373600015609
R33,S6,6,50.56863187944331
R33,S6,7,51.43339584847595
R33,S6,8,49.03596873237166
R33,S6,9,50.55450474990877
R33,S6,10,54.38306205658005
R33,S6,11,57.455361269737566
R33,S6,12,60.69694564480922
R33,S6,13,57.274446895652375
R33,S6,14,57.52067515812326
R33,S6,15,54.73103423520436
R33,S6,16,56.87834054109229
R33,S6,17,52.64635934791383
R33,S6,18,53.163080664002194
R33,S6,19,41.801784058252125
R33,S6,20,39.77929994332154
R33,S6,21,39.74818315916104
R33,S6,22,38.4810615980889
R33,S6,23,36.09227590189643
R33,S6,24,35.54203173462005
R33,S7,1,37.78106179547271
R33,S7,2,40.51962123455293
R33,S7,3,44.159091441086225
R33,S7,4,44.953515147459335
R33,S7,5,48.79314645482784
R33,S7,6,54.58102121717457
R33,S7,7,47.324744429847996
R33,S7,8,50.252113106482376
R33,S7,9,52.82905088939165
R33,S7,10,52.398843821099085
R33,S7,11,57.73263115254111
R33,S7,12,60.960991942070486
R33,S7,13,59.68412960802533
R33,S7,14,59.63880091757844
R33,S7,15,58.434715948231975
R33,S7,16,53.1548441800332
R33,S7,17,53.56491422312359
R33,S7,18,52.39546022341646
R33,S7,19,39.60653927487727
R33,S7,20,37.73153216606682
R33,S7,21,39.69595250030629
R33,S7,22,37.754680938455174
R33,S7,23,36.88567499671567
R33,S7,24,34.983451803233336
R33,S8,1,38.57713818046394
R33,S8,2,41.11876302930671
R33,S8,3,42.598262783376065
R33,S8,4,44.87831024220381
R33,S8,5,49.89287068610125
R33,S8,6,52.77224138343263
R33,S8,7,47.04640608177836
R33,S8,8,49.76659255529071
R33,S8,9,51.68125291311404
R33,S8,10,52.55219111969709
R33,S8,11,56.186523672567084
R33,S8,12,58.73075749082036
R33,S8,13,58.88147819091327
R33,S8,14,60.3992859996852
R33,S8,15,57.57278686925671
R33,S8,16,55.33429932341852
R33,S8,17,55.08338828835948
R33,S8,18,51.926182626723865
R33,S8,19,39.900438920934086
R33,S8,20,40.41454890372532
R33,S8,21,38.86525077478873
R33,S8,22,37.523764306285436
R33,S8,23,36.43270732668364
R33,S8,24,35.220714217987535
R33,S9,1,37.653732542515215
R33,S9,2,38.05017022012673
R33,S9,3,41.01151933780177
R33,S9,4,44.1206016981804
R33,S9,5,49.78247565448403
R33,S9,6,54.47009760533501
R33,S9,7,47.35007050188346
R33,S9,8,50.93764181129612
R33,S9,9,52.137181839369966
R33,S9,10,53.133343794817236
R33,S9,11,69.55319848606297
R33,S9,12,69.15704850431467
R33,S9,13,68.67985644218561
R33,S9,14,69.65477761628023
R33,S9,15,56.20034808234691
R33,S9,16,53.62050254847278
R33,S9,17,55.485286954653375
R33,S9,18,53.650302773423434
R33,S9,19,41.26513430397372
R33,S9,20,38.79989702975499
R33,S9,21,39.19374097938574
R33,S9,22,39.13334932978923
R33,S9,23,35.542061385948706
R33,S9,24,34.0947848768842
R33,S10,1,37.95530866758829
R33,S10,2,40.52688132781019
R33,S10,3,42.27045096958859
R33,S10,4,47.736633493735795
R33,S10,5,48.67269301553532
R33,S10,6,53.01584687601277
R33,S10,7,51.261556982793024
R33,S10,8,50.50458629296477
R33,S10,9,52.18546442422493
R33,S10,10,56.10227242693515
R33,S10,11,56.00868370929657
R33,S10,12,58.10095617111567
R33,S10,13,58.19009521421836
R33,S10,14,55.774392347999346
R33,S10,15,54.98119789868121
R33,S10,16,52.650250563551474
R33,S10,17,54.92386450812789
R33,S10,18,52.787510620452
R33,S10,19,40.743695132947316
R33,S10,20,39.793755612692784
R33,S10,21,40.01324719463212
R33,S10,22,38.353837091569304
R33,S10,23,37.66176991124709
R33,S10,24,36.174787928954025
R33,S11,1,37.57949417572383
R33,S11,2,39.5709927378028
R33,S11,3,41.539818011207096
R33,S11,4,44.27992044700429
R33,S11,5,50.13650028064514
R33,S11,6,53.38994585349959
R33,S11,7,49.4695946613459
R33,S11,8,53.161914991603915
R33,S11,9,51.53660095560305
R33,S11,10,53.79802453058516
R33,S11,11,54.36249418670308
R33,S11,12,55.77276988128668
R33,S11,13,60.02119251675508
R33,S11,14,58.952223997014364
R33,S11,15,57.61003864464157
R33,S11,16,57.83826327132594
R33,S11,17,52.97820037611065
R33,S11,18,52.91059748391484
R33,S11,19,42.245038051440304
R33,S11,20,40.03825843445036
R33,S11,21,40.385127067090416
R33,S11,22,38.57366684174983
R33,S11,23,35.93247918605217
R33,S11,24,34.33493515470921
R33,S12,1,13.342380612001918
R33,S12,2,14.604983975793266
R33,S12,3,14.534237750718045
R33,S12,4,15.853960131786435
R33,S12,5,17.92113983901888
R33,S12,6,18.886159881425126
R33,S12,7,17.80360312322845
R33,S12,8,17.43013422608446
R33,S12,9,18.387304391639134
R33,S12,10,18.818027099517227
R33,S12,11,19.82317982866207
R33,S12,12,20.703193311713076
R33,S12,13,21.972709778699627
R33,S12,14,19.790265085411153
R33,S12,15,19.163071874552703
R33,S12,16,18.973261515464475
R33,S12,17,18.052402909562705
R33,S12,18,17.37191637029479
R33,S12,19,14.710319832662902
R33,S12,20,13.517878909065072
R33,S12,21,13.42836818337724
R33,S12,22,12.743530737629468
R33,S12,23,13.330800787976973
R33,S12,24,12.916061451213338
R34,S1,1,0.0
R34,S1,2,0.0
R34,S1,3,0.0
R34,S1,4,0.0
R34,S1,5,0.0
R34,S1,6,0.0
R34,S1,7,22.20208660238427
R34,S1,8,25.18468820490193
R34,S1,9,27.063488947152926
R34,S1,10,29.348436041983003
R34,S1,11,33.15347312068215
R34,S1,12,33.05901841225773
R34,S1,13,34.3957119105051
R34,S1,14,30.344040501118844
R34,S1,15,30.54238501725873
R34,S1,16,27.086693117168863
R34,S1,17,25.634527409496283
R34,S1,18,22.71000806772152
R34,S1,19,0.0
R34,S1,20,0.0
R34,S1,21,0.0
R34,S1,22,0.0
R34,S1,23,0.0
R34,S1,24,0.0
R34,S2,1,0.0
R34,S2,2,0.0
R34,S2,3,0.0
R34,S2,4,0.0
R34,S2,5,0.0
R34,S2,6,0.0
R34,S2,7,22.605404178707413
R34,S2,8,24.422162942560043
R34,S2,9,27.67237988429694
R34,S2,10,30.693570315837416
R34,S2,11,30.878650987378464
R34,S2,12,33.74617179239137
R34,S2,13,35.55381911013888
R34,S2,14,32.1691082599266
R34,S2,15,29.401139898818325
R34,S2,16,27.663730598543424
R34,S2,17,23.99985642532851
R34,S2,18,23.293923566254964
R34,S2,19,0.0
R34,S2,20,0.0
R34,S2,21,0.0
R34,S2,22,0.0
R34,S2,23,0.0
R34,S2,24,0.0
R34,S3,1,0.0
R34,S3,2,0.0
R34,S3,3,0.0
R34,S3,4,0.0
R34,S3,5,0.0
R34,S3,6,0.0
R34,S3,7,23.49662136992233
R34,S3,8,24.568755772660605
R34,S3,9,28.175600821342943
R34,S3,10,28.11094582922059
R34,S3,11,30.37244150573963
R34,S3,12,34.01344197232486
R34,S3,13,32.86186005289169
R34,S3,14,31.9852692996523
R34,S3,15,28.78141580304925
R34,S3,16,27.162025697258517
R34,S3,17,26.014525297246376
R34,S3,18,22.15807616432103
R34,S3,19,0.0
R34,S3,20,0.0
R34,S3,21,0.0
R34,S3,22,0.0
R34,S3,23,0.0
R34,S3,24,0.0
R34,S4,1,0.0
R34,S4,2,0.0
R34,S4,3,0.0
R34,S4,4,0.0
R34,S4,5,0.0
R34,S4,6,0.0
R34,S4,7,22.859145547768676
R34,S4,8,25.494912833940642
R34,S4,9,26.90537429785599
R34,S4,10,30.801387333680584
R34,S4,11,32.84232920529319
R34,S4,12,32.77490466977448
R34,S4,13,32.69397299003175
R34,S4,14,31.217843413579676
R34,S4,15,30.50562575975134
R34,S4,16,26.382297877339266
R34,S4,17,25.08264911334462
R34,S4,18,21.751177504035446
R34,S4,19,0.0
R34,S4,20,0.0
R34,S4,21,0.0
R34,S4,22,0.0
R34,S4,23,0.0
R34,S4,24,0.0
R34,S5,1,0.0
R34,S5,2,0.0
R34,S5,3,0.0
R34,S5,4,0.0
R34,S5,5,0.0
R34,S5,6,0.0
R34,S5,7,22.876447279312544
R34,S5,8,24.65443307216481
R34,S5,9,27.13598828409373
R34,S5,10,28.47575228687706
R34,S5,11,41.26290695691433
R34,S5,12,44.03085899532568
R34,S5,13,43.729335164565235
R34,S5,14,43.78781898504562
R34,S5,15,30.68098736676787
R34,S5,16,26.117811473255188
R34,S5,17,23.705544925443565
R34,S5,18,22.35607336415392
R34,S5,19,0.0
R34,S5,20,0.0
R34,S5,21,0.0
R34,S5,22,0.0
R34,S5,23,0.0
R34,S5,24,0.0
R34,S6,1,0.0
R34,S6,2,0.0
R34,S6,3,0.0
R34,S6,4,0.0
R34,S6,5,0.0
R34,S6,6,0.0
R34,S6,7,23.37136323145975
R34,S6,8,23.84182563125654
R34,S6,9,28.37582245852869
R34,S6,10,28.31664033015907
R34,S6,11,32.59118259019748
R34,S6,12,34.21572093437404
R34,S6,13,33.017653042874315
R34,S6,14,31.452818483361703
R34,S6,15,29.65076243142106
R34,S6,16,26.427150721127063
R34,S6,17,23.833990931116816
R34,S6,18,22.840458475961075
R34,S6,19,0.0
R34,S6,20,0.0
R34,S6,21,0.0
R34,S6,22,0.0
R34,S6,23,0.0
R34,S6,24,0.0
R34,S7,1,0.0
R34,S7,2,0.0
R34,S7,3,0.0
R34,S7,4,0.0
R34,S7,5,0.0
R34,S7,6,0.0
R34,S7,7,22.09305124905462
R34,S7,8,25.419672575969184
R34,S7,9,26.85424568034666
R34,S7,10,30.671454209942084
R34,S7,11,30.706384305880317
R34,S7,12,35.266271864466034
R34,S7,13,33.33260212380817
R34,S7,14,31.131107462182364
R34,S7,15,29.80379978352057
R34,S7,16,27.17859940308713
R34,S7,17,24.115985076281586
R34,S7,18,23.25442023959436
R34,S7,19,0.0
R34,S7,20,0.0
R34,S7,21,0.0
R34,S7,22,0.0
R34,S7,23,0.0
R34,S7,24,0.0
R34,S8,1,0.0
R34,S8,2,0.0
R34,S8,3,0.0
R34,S8,4,0.0
R34,S8,5,0.0
R34,S8,6,0.0
R34,S8,7,23.60107062367112
R34,S8,8,25.981293837019233
R34,S8,9,27.696626019728626
R34,S8,10,30.22883692997008
R34,S8,11,32.44832875239764
R34,S8,12,35.287498431543064
R34,S8,13,34.980183395291185
R34,S8,14,33.361965343832566
R34,S8,15,29.352093644236792
R34,S8,16,28.03853164759008
R34,S8,17,25.65265995756731
R34,S8,18,21.598840510051765
R34,S8,19,0.0
R34,S8,20,0.0
R34,S8,21,0.0
R34,S8,22,0.0
R34,S8,23,0.0
R34,S8,24,0.0
R34,S9,1,0.0
R34,S9,2,0.0
R34,S9,3,0.0
R34,S9,4,0.0
R34,S9,5,0.0
R34,S9,6,0.0
R34,S9,7,21.83047447290365
R34,S9,8,23.820449317474868
R34,S9,9,27.135568235594466
R34,S9,10,29.455742511201016
R34,S9,11,40.02825915219132
R34,S9,12,44.28004421102714
R34,S9,13,44.06329624075509
R34,S9,14,40.653049884721824
R34,S9,15,28.688017640377698
R34,S9,16,26.61442085296685
R34,S9,17,24.13718238693261
R34,S9,18,21.416321257780112
R34,S9,19,0.0
R34,S9,20,0.0
R34,S9,21,0.0
R34,S9,22,0.0
R34,S9,23,0.0
R34,S9,24,0.0
R34,S10,1,0.0
R34,S10,2,0.0
R34,S10,3,0.0
R34,S10,4,0.0
R34,S10,5,0.0
R34,S10,6,0.0
R34,S10,7,22.609199835720194
R34,S10,8,23.963982680161077
R34,S10,9,27.538642793542536
R34,S10,10,30.403964052303206
R34,S10,11,33.31492559100091
R34,S10,12,33.96238942885173
R34,S10,13,34.427959291264706
R34,S10,14,31.996478445839386
R34,S10,15,30.552776674439457
R34,S10,16,27.995721767171858
R34,S10,17,24.853916335394327
R34,S10,18,22.155823613987764
R34,S10,19,0.0
R34,S10,20,0.0
R34,S10,21,0.0
R34,S10,22,0.0
R34,S10,23,0.0
R34,S10,24,0.0
R34,S11,1,0.0
R34,S11,2,0.0
R34,S11,3,0.0
R34,S11,4,0.0
R34,S11,5,0.0
R34,S11,6,0.0
R34,S11,7,23.328546803878503
R34,S11,8,24.502203706010015
R34,S11,9,27.169601198639633
R34,S11,10,28.362850834001677
R34,S11,11,31.90980748001755
R34,S11,12,33.53656281564248
R34,S11,13,32.92139948007759
R34,S11,14,31.31927374256746
R34,S11,15,30.89109137887444
R34,S11,16,27.399626761637467
R34,S11,17,24.160182530534264
R34,S11,18,22.698345243459602
R34,S11,19,0.0
R34,S11,20,0.0
R34,S11,21,0.0
R34,S11,22,0.0
R34,S11,23,0.0
R34,S11,24,0.0
R34,S12,1,0.0
R34,S12,2,0.0
R34,S12,3,0.0
R34,S12,4,0.0
R34,S12,5,0.0
R34,S12,6,0.0
R34,S12,7,8.099092289394028
R34,S12,8,8.551359177157979
R34,S12,9,9.945352519926953
R34,S12,10,10.154951508571619
R34,S12,11,10.926297540066408
R34,S12,12,12.035958488266571
R34,S12,13,11.599557529952637
R34,S12,14,10.955431319795652
R34,S12,15,10.219986658092527
R34,S12,16,9.678976599776368
R34,S12,17,8.390705863479157
R34,S12,18,7.599431034430643
R34,S12,19,0.0
R34,S12,20,0.0
R34,S12,21,0.0
R34,S12,22,0.0
R34,S12,23,0.0
R34,S12,24,0.0
R35,S1,1,36.91529959377317
R35,S1,2,43.270257452694274
R35,S1,3,47.25391976560508
R35,S1,4,46.09576023053538
R35,S1,5,52.45812995420352
R35,S1,6,53.821225762681685
R35,S1,7,53.50964420295247
R35,S1,8,53.187906098954905
R35,S1,9,57.75558420501386
R35,S1,10,60.27667573192272
R35,S1,11,59.36906662051349
R35,S1,12,62.21736337600199
R35,S1,13,61.607719255512855
R35,S1,14,62.71314727681104
R35,S1,15,59.10102300052804
R35,S1,16,61.10536575018391
R35,S1,17,56.06524988794632
R35,S1,18,53.24496411364769
R35,S1,19,42.68689303412598
R35,S1,20,41.68963967787432
R35,S1,21,38.804105138227904
R35,S1,22,40.2184714834979
R35,S1,23,38.04103094062073
R35,S1,24,37.10321061806947
R35,S2,1,37.75343086923582
R35,S2,2,42.03763736596462
R35,S2,3,44.584750533083586
R35,S2,4,49.351509170676174
R35,S2,5,54.19357802703367
R35,S2,6,56.05840724153235
R35,S2,7,49.70421651996511
R35,S2,8,53.0569764924577
R35,S2,9,54.554069021562995
R35,S2,10,54.804303385731124
R35,S2,11,61.80066284696345
R35,S2,12,59.45130869823184
R35,S2,13,65.56872801462568
R35,S2,14,61.55168357827997
R35,S2,15,57.706959942965526
R35,S2,16,58.855579581489636
R35,S2,17,56.612942335454456
R35,S2,18,56.5258984995948
R35,S2,19,42.99837479060775
R35,S2,20,43.07885815478451
R35,S2,21,41.72282957781703
R35,S2,22,37.55339478539265
R35,S2,23,38.991770593184825
R35,S2,24,37.71005867623283
R35,S3,1,40.591313212167194
R35,S3,2,39.99698378236581
R35,S3,3,46.16343864645123
R35,S3,4,48.89038284992303
R35,S3,5,50.99499504307105
R35,S3,6,54.78354530412146
R35,S3,7,49.47034951038169
R35,S3,8,52.344282732753605
R35,S3,9,58.276977514408195
R35,S3,10,59.13434743946739
R35,S3,11,60.9808763387924
R35,S3,12,62.02889306973264
R35,S3,13,65.85625217460253
R35,S3,14,59.04617584899639
R35,S3,15,59.80172117601825
R35,S3,16,60.38615725675801
R35,S3,17,58.11723664175201
R35,S3,18,54.64568786317619
R35,S3,19,41.91091650156967
R35,S3,20,40.65843664240724
R35,S3,21,40.91160049648678
R35,S3,22,39.8978185239349
R35,S3,23,38.666780750240264
R35,S3,24,38.35048573066994
R35,S4,1,40.164549176679905
R35,S4,2,42.81472458059296
R35,S4,3,44.89794729010206
R35,S4,4,49.72108746228108
R35,S4,5,52.9968303195881
R35,S4,6,54.36539761889564
R35,S4,7,51.85696372832267
R35,S4,8,53.72733056566221
R35,S4,9,54.53121578915996
R35,S4,10,60.00694716923961
R35,S4,11,62.14153068562512
R35,S4,12,59.72471275316825
R35,S4,13,63.1069835573307
R35,S4,14,62.62465066261994
R35,S4,15,62.3061987756579
R35,S4,16,60.676553483945256
R35,S4,17,54.35281508264927
R35,S4,18,55.227558039444745
R35,S4,19,41.779524153936286
R35,S4,20,42.00686455003391
R35,S4,21,41.43153073888364
R35,S4,22,40.265839574493526
R35,S4,23,38.971349912346
R35,S4,24,37.08218110317646
R35,S5,1,39.85111140398737
R35,S5,2,43.42054113456285
R35,S5,3,46.415066562147224
R35,S5,4,49.25913061690818
R35,S5,5,52.693408227489655
R35,S5,6,53.524210490906604
R35,S5,7,54.16094010452648
R35,S5,8,53.79384249635734
R35,S5,9,56.92540575927551
R35,S5,10,59.536554829751836
R35,S5,11,72.92526274014581
R35,S5,12,70.958666300124
R35,S5,13,72.06710400214698
R35,S5,14,72.56181921544848
R35,S5,15,58.576880437352344
R35,S5,16,56.5075670366948
R35,S5,17,59.21004713027473
R35,S5,18,55.19907698777241
R35,S5,19,44.25849819756878
R35,S5,20,40.85180884016715
R35,S5,21,40.49487582667282
R35,S5,22,40.19133027800375
R35,S5,23,37.47116138649786
R35,S5,24,37.88991819115456
R35,S6,1,39.020471042483884
R35,S6,2,41.48842640485511
R35,S6,3,45.247145626000716
R35,S6,4,49.63990291287966
R35,S6,5,50.7622069777577
R35,S6,6,53.10793500428015
R35,S6,7,51.30912487845369
R35,S6,8,51.94578233975264
R35,S6,9,58.13246464860834
R35,S6,10,59.00527148003138
R35,S6,11,59.816973432440925
R35,S6,12,61.034372451767375
R35,S6,13,62.93142594848289
R35,S6,14,61.85101990952089
R35,S6,15,59.093831159712195
R35,S6,16,59.95477895133092
R35,S6,17,57.05256891123588
R35,S6,18,57.307446349561665
R35,S6,19,41.57183405687435
R35,S6,20,42.37310487699942
R35,S6,21,40.48058874403048
R35,S6,22,39.74480339363264
R35,S6,23,39.8116653571511
R35,S6,24,38.40936407787047
R35,S7,1,39.95503675937736
R35,S7,2,42.19068709463577
R35,S7,3,46.30152501423189
R35,S7,4,48.03339102475438
R35,S7,5,53.01898606952022
R35,S7,6,55.033014915875974
R35,S7,7,53.45212438544475
R35,S7,8,53.67089495900277
R35,S7,9,57.20261979256847
R35,S7,10,54.77641399514022
R35,S7,11,60.34080790072687
R35,S7,12,59.53849877088546
R35,S7,13,60.17286907637912
R35,S7,14,61.1812135255569
R35,S7,15,61.66030810251065
R35,S7,16,58.427237417636675
R35,S7,17,57.899718069239725
R35,S7,18,53.073976674993474
R35,S7,19,41.78755823313674
R35,S7,20,43.05603407057729
R35,S7,21,42.50445967259136
R35,S7,22,38.99162013727581
R35,S7,23,38.54129376611306
R35,S7,24,38.57566577012014
R35,S8,1,37.25191111180646
R35,S8,2,42.094041239750325
R35,S8,3,46.69588021997724
R35,S8,4,49.584854169956046
R35,S8,5,52.47973001204065
R35,S8,6,53.234267522456506
R35,S8,7,53.651846863379305
R35,S8,8,55.91114530624121
R35,S8,9,57.30702967889181
R35,S8,10,57.240792783606565
R35,S8,11,59.23488370436557
R35,S8,12,59.51783126717407
R35,S8,13,66.43786078318593
R35,S8,14,60.19825514428794
R35,S8,15,58.00649864011589
R35,S8,16,57.41825505963091
R35,S8,17,58.35184036713223
R35,S8,18,57.47312337511906
R35,S8,19,44.595436303200685
R35,S8,20,40.63670916471484
R35,S8,21,40.39784297262605
R35,S8,22,40.63909238119371
R35,S8,23,38.689102246967096
R35,S8,24,38.6608168781796
R35,S9,1,39.566591771567246
R35,S9,2,41.45582667509202
R35,S9,3,43.97823284077709
R35,S9,4,50.56112285983283
R35,S9,5,52.5872010940049
R35,S9,6,55.505971380054014
R35,S9,7,52.70529974809542
R35,S9,8,54.59941533416988
R35,S9,9,56.745380074465146
R35,S9,10,57.32140155997791
R35,S9,11,68.24230625671942
R35,S9,12,70.99044719341812
R35,S9,13,72.79494824360171
R35,S9,14,74.36107557271083
R35,S9,15,62.24435109494826
R35,S9,16,58.07428422434109
R35,S9,17,55.47938744883156
R35,S9,18,55.49851223579512
R35,S9,19,44.22794790907495
R35,S9,20,41.46176698691262
R35,S9,21,39.64422083053437
R35,S9,22,38.42378997268473
R35,S9,23,37.22467319430295
R35,S9,24,38.45950974344515
R35,S10,1,40.11603959654765
R35,S10,2,43.05391954108544
R35,S10,3,46.765609686184206
R35,S10,4,48.162919806120904
R35,S10,5,50.10286086380618
R35,S10,6,55.7630473607493
R35,S10,7,53.51070020470993
R35,S10,8,55.47146591255906
R35,S10,9,52.82433992853197
R35,S10,10,56.00779603293597
R35,S10,11,56.606784596676015
R35,S10,12,59.461861600745834
R35,S10,13,64.24912516200169
R35,S10,14,64.14789222783146
R35,S10,15,59.70470814233786
R35,S10,16,57.79568908787876
R35,S10,17,53.851294575224564
R35,S10,18,56.73215852383838
R35,S10,19,42.207126148413195
R35,S10,20,42.46980955491236
R35,S10,21,39.880974294311955
R35,S10,22,41.15400224671204
R35,S10,23,37.064223026133355
R35,S10,24,37.09237061441608
R35,S11,1,37.04907440108801
R35,S11,2,42.91055172265634
R35,S11,3,47.42338790363454
R35,S11,4,50.347840657734686
R35,S11,5,50.98319364159778
R35,S11,6,53.59058691509588
R35,S11,7,51.53320084257127
R35,S11,8,54.52745006922726
R35,S11,9,58.14819360825557
R35,S11,10,54.755940942883775
R35,S11,11,57.14311824641552
R35,S11,12,61.897713236691246
R35,S11,13,63.28626530007674
R35,S11,14,64.65299600459886
R35,S11,15,57.48173117691494
R35,S11,16,55.602135900113396
R35,S11,17,55.21794202291077
R35,S11,18,52.41309456017322
R35,S11,19,44.641215859016654
R35,S11,20,42.67639824121569
R35,S11,21,42.121432598902224
R35,S11,22,38.52875019458561
R35,S11,23,38.888615590378876
R35,S11,24,37.37101869747332
R35,S12,1,13.670300471966785
R35,S12,2,14.421013947268408
R35,S12,3,16.072933061125287
R35,S12,4,16.516590989106426
R35,S12,5,18.474568063517122
R35,S12,6,20.156107438026762
R35,S12,7,17.4376628066492
R35,S12,8,18.357197867474838
R35,S12,9,20.000211911908337
R35,S12,10,20.65181609826008
R35,S12,11,20.871366102424727
R35,S12,12,21.747476247197113
R35,S12,13,21.238712369344693
R35,S12,14,22.52670031661218
R35,S12,15,20.020569657591395
R35,S12,16,21.198051780568477
R35,S12,17,20.064965135686066
R35,S12,18,20.002109259397386
R35,S12,19,14.304551718048868
R35,S12,20,14.044847745393959
R35,S12,21,14.826542223426054
R35,S12,22,13.782570824598853
R35,S12,23,13.666159038038849
R35,S12,24,13.375447375242397
R36,S1,1,0.0
R36,S1,2,0.0
R36,S1,3,0.0
R36,S1,4,0.0
R36,S1,5,0.0
R36,S1,6,0.0
R36,S1,7,22.48384590680084
R36,S1,8,26.128017119160866
R36,S1,9,28.3774683666647
R36,S1,10,31.924366802049953
R36,S1,11,34.499843748633864
R36,S1,12,35.79982700166062
R36,S1,13,36.16359959392254
R36,S1,14,31.77439639995025
R36,S1,15,32.42761533038787
R36,S1,16,29.444019963611357
R36,S1,17,26.67967601504383
R36,S1,18,23.22198313218475
R36,S1,19,0.0
R36,S1,20,0.0
R36,S1,21,0.0
R36,S1,22,0.0
R36,S1,23,0.0
R36,S1,24,0.0
R36,S2,1,0.0
R36,S2,2,0.0
R36,S2,3,0.0
R36,S2,4,0.0
R36,S2,5,0.0
R36,S2,6,0.0
R36,S2,7,24.013298989287367
R36,S2,8,27.147841456310132
R36,S2,9,27.629637444486917
R36,S2,10,31.796696024707348
R36,S2,11,33.52013135408506
R36,S2,12,36.304838232081686
R36,S2,13,35.74777329978717
R36,S2,14,31.85416029036636
R36,S2,15,30.18482729067885
R36,S2,16,27.420235899220366
R36,S2,17,25.08205524064228
R36,S2,18,22.65288109479361
R36,S2,19,0.0
R36,S2,20,0.0
R36,S2,21,0.0
R36,S2,22,0.0
R36,S2,23,0.0
R36,S2,24,0.0
R36,S3,1,0.0
R36,S3,2,0.0
R36,S3,3,0.0
R36,S3,4,0.0
R36,S3,5,0.0
R36,S3,6,0.0
R36,S3,7,23.103218614041186
R36,S3,8,25.39907520744076
R36,S3,9,27.671257609534397
R36,S3,10,30.68893613323287
R36,S3,11,32.19194830383114
R36,S3,12,36.758354242803705
R36,S3,13,35.196662190579865
R36,S3,14,34.868623493268444
R36,S3,15,30.76168683120188
R36,S3,16,28.090236179188548
R36,S3,17,25.112977650787794
R36,S3,18,22.61263515987043
R36,S3,19,0.0
R36,S3,20,0.0
R36,S3,21,0.0
R36,S3,22,0.0
R36,S3,23,0.0
R36,S3,24,0.0
R36,S4,1,0.0
R36,S4,2,0.0
R36,S4,3,0.0
R36,S4,4,0.0
R36,S4,5,0.0
R36,S4,6,0.0
R36,S4,7,23.367484400056917
R36,S4,8,25.29020694571655
R36,S4,9,28.320986364511718
R36,S4,10,30.760219896508417
R36,S4,11,34.63213022760377
R36,S4,12,37.548306000765066
R36,S4,13,36.90880094446968
R36,S4,14,32.25079584792334
R36,S4,15,30.865971149720934
R36,S4,16,28.242054467200276
R36,S4,17,26.09304301517222
R36,S4,18,22.89862995665912
R36,S4,19,0.0
R36,S4,20,0.0
R36,S4,21,0.0
R36,S4,22,0.0
R36,S4,23,0.0
R36,S4,24,0.0
R36,S5,1,0.0
R36,S5,2,0.0
R36,S5,3,0.0
R36,S5,4,0.0
R36,S5,5,0.0
R36,S5,6,0.0
R36,S5,7,23.736603055385267
R36,S5,8,26.749332146202278
R36,S5,9,28.80456331780855
R36,S5,10,31.02589743069958
R36,S5,11,41.84286961298159
R36,S5,12,46.86231367240293
R36,S5,13,46.89874972268378
R36,S5,14,41.99656457104197
R36,S5,15,30.286095844784104
R36,S5,16,28.675686086466385
R36,S5,17,25.48345353760307
R36,S5,18,24.74765493149149
R36,S5,19,0.0
R36,S5,20,0.0
R36,S5,21,0.0
R36,S5,22,0.0
R36,S5,23,0.0
R36,S5,24,0.0
R36,S6,1,0.0
R36,S6,2,0.0
R36,S6,3,0.0
R36,S6,4,0.0
R36,S6,5,0.0
R36,S6,6,0.0
R36,S6,7,23.091023261895977
R36,S6,8,25.651835957454175
R36,S6,9,29.833917627827237
R36,S6,10,29.902401515889103
R36,S6,11,34.16043911147229
R36,S6,12,36.18469396264552
R36,S6,13,36.64264564476556
R36,S6,14,33.68938167801687
R36,S6,15,32.314502182574415
R36,S6,16,27.764457788487718
R36,S6,17,26.033486953633876
R36,S6,18,23.76820250562462
R36,S6,19,0.0
R36,S6,20,0.0
R36,S6,21,0.0
R36,S6,22,0.0
R36,S6,23,0.0
R36,S6,24,0.0
R36,S7,1,0.0
R36,S7,2,0.0
R36,S7,3,0.0
R36,S7,4,0.0
R36,S7,5,0.0
R36,S7,6,0.0
R36,S7,7,24.49683101409218
R36,S7,8,26.128811460390057
R36,S7,9,27.153476429427545
R36,S7,10,31.35734095976921
R36,S7,11,32.155748936219794
R36,S7,12,36.37822296343285
R36,S7,13,36.59333561861864
R36,S7,14,34.7252564078014
R36,S7,15,30.48986671369752
R36,S7,16,29.326239157029818
R36,S7,17,27.31835377046298
R36,S7,18,23.63798335835784
R36,S7,19,0.0
R36,S7,20,0.0
R36,S7,21,0.0
R36,S7,22,0.0
R36,S7,23,0.0
R36,S7,24,0.0
R36,S8,1,0.0
R36,S8,2,0.0
R36,S8,3,0.0
R36,S8,4,0.0
R36,S8,5,0.0
R36,S8,6,0.0
R36,S8,7,23.631777369201263
R36,S8,8,25.874349119450326
R36,S8,9,28.10289074422375
R36,S8,10,30.55618075406536
R36,S8,11,33.17286925685545
R36,S8,12,35.30700530754696
R36,S8,13,35.92296388973967
R36,S8,14,34.32085802217192
R36,S8,15,30.584090522695004
R36,S8,16,27.25197310946526
R36,S8,17,26.112734340723996
R36,S8,18,23.622353280004976
R36,S8,19,0.0
R36,S8,20,0.0
R36,S8,21,0.0
R36,S8,22,0.0
R36,S8,23,0.0
R36,S8,24,0.0
R36,S9,1,0.0
R36,S9,2,0.0
R36,S9,3,0.0
R36,S9,4,0.0
R36,S9,5,0.0
R36,S9,6,0.0
R36,S9,7,24.336586565895793
R36,S9,8,27.196361592713057
R36,S9,9,29.741403901757536
R36,S9,10,29.515152597782663
R36,S9,11,42.58736558443414
R36,S9,12,47.94773990149582
R36,S9,13,45.992412192515815
R36,S9,14,44.52242715565614
R36,S9,15,30.70396738702299
R36,S9,16,27.848732866236084
R36,S9,17,25.175622125247866
R36,S9,18,24.508798506360794
R36,S9,19,0.0
R36,S9,20,0.0
R36,S9,21,0.0
R36,S9,22,0.0
R36,S9,23,0.0
R36,S9,24,0.0
R36,S10,1,0.0
R36,S10,2,0.0
R36,S10,3,0.0
R36,S10,4,0.0
R36,S10,5,0.0
R36,S10,6,0.0
R36,S10,7,23.423401352876375
R36,S10,8,26.194669907106825
R36,S10,9,27.695990285997976
R36,S10,10,30.318413026487065
R36,S10,11,31.793679573521725
R36,S10,12,35.65241055565108
R36,S10,13,35.45765156902412
R36,S10,14,32.93683720157796
R36,S10,15,29.73239283903411
R36,S10,16,29.714674810632264
R36,S10,17,25.023033778846905
R36,S10,18,23.441268934292626
R36,S10,19,0.0
R36,S10,20,0.0
R36,S10,21,0.0
R36,S10,22,0.0
R36,S10,23,0.0
R36,S10,24,0.0
R36,S11,1,0.0
R36,S11,2,0.0
R36,S11,3,0.0
R36,S11,4,0.0
R36,S11,5,0.0
R36,S11,6,0.0
R36,S11,7,23.82795173075308
R36,S11,8,26.098412467418534
R36,S11,9,27.090370738285007
R36,S11,10,31.797096555315505
R36,S11,11,32.650998236094566
R36,S11,12,35.57664798869667
R36,S11,13,34.67762020153788
R36,S11,14,34.06049246782354
R36,S11,15,31.246012589066144
R36,S11,16,27.579420296959206
R36,S11,17,26.542315249512775
R36,S11,18,23.020787141758788
R36,S11,19,0.0
R36,S11,20,0.0
R36,S11,21,0.0
R36,S11,22,0.0
R36,S11,23,0.0
R36,S11,24,0.0
R36,S12,1,0.0
R36,S12,2,0.0
R36,S12,3,0.0
R36,S12,4,0.0
R36,S12,5,0.0
R36,S12,6,0.0
R36,S12,7,8.48710216700029
R36,S12,8,8.883753125723931
R36,S12,9,9.74196016034489
R36,S12,10,10.956418797314297
R36,S12,11,11.2709495148452
R36,S12,12,12.444464541682821
R36,S12,13,12.855700415283156
R36,S12,14,12.099133170054428
R36,S12,15,10.885815078170726
R36,S12,16,10.086615748543405
R36,S12,17,9.174367005823507
R36,S12,18,8.246561245938384
R36,S12,19,0.0
R36,S12,20,0.0
R36,S12,21,0.0
R36,S12,22,0.0
R36,S12,23,0.0
R36,S12,24,0.0
R37,S1,1,38.68450629460677
R37,S1,2,44.79896865203571
R37,S1,3,48.63534360092102
R37,S1,4,51.73371505920419
R37,S1,5,56.107065556536625
R37,S1,6,57.980402367344006
R37,S1,7,53.24919131095743
R37,S1,8,55.03399564579674
R37,S1,9,59.73101070235946
R37,S1,10,61.150345171337335
R37,S1,11,63.013527400271414
R37,S1,12,67.38579051488561
R37,S1,13,68.23102986143984
R37,S1,14,66.24251889670393
R37,S1,15,64.45740795705935
R37,S1,16,61.682257237095826
R37,S1,17,56.88497526442732
R37,S1,18,57.894140543871266
R37,S1,19,46.75257496125241
R37,S1,20,43.37575751212092
R37,S1,21,40.45661313432491
R37,S1,22,40.341706699056544
R37,S1,23,40.6858777909455
R37,S1,24,38.43555626730212
R37,S2,1,39.5526506584789
R37,S2,2,42.15594684929845
R37,S2,3,45.25961282084988
R37,S2,4,52.343973891264326
R37,S2,5,52.810966401385635
R37,S2,6,57.50292644168281
R37,S2,7,54.81154975849293
R37,S2,8,55.66368195218681
R37,S2,9,56.931961288417845
R37,S2,10,57.93607420126816
R37,S2,11,62.678780103519905
R37,S2,12,62.18522704238485
R37,S2,13,69.5551934247358
R37,S2,14,63.931292826295916
R37,S2,15,62.66419639644413
R37,S2,16,63.13744598417187
R37,S2,17,60.306862978424284
R37,S2,18,54.722580233450046
R37,S2,19,46.13254770531442
R37,S2,20,43.05011906990891
R37,S2,21,41.97677711221076
R37,S2,22,41.1853443321997
R37,S2,23,38.61105103492352
R37,S2,24,40.01581095966992
R37,S3,1,41.813806155212355
R37,S3,2,45.78589013228416
R37,S3,3,46.43791163015459
R37,S3,4,48.35649386150879
R37,S3,5,56.67719336292821
R37,S3,6,56.647647956901636
R37,S3,7,53.12218057540166
R37,S3,8,56.46350373687376
R37,S3,9,61.142917212812286
R37,S3,10,62.21931896043592
R37,S3,11,63.00923962672321
R37,S3,12,67.1910866339031
R37,S3,13,66.5365168760491
R37,S3,14,63.993838285061315
R37,S3,15,61.131934019260896
R37,S3,16,62.808215740709144
R37,S3,17,59.03791861457912
R37,S3,18,57.72672756445776
R37,S3,19,43.33936304119268
R37,S3,20,43.88557934947457
R37,S3,21,40.42448315835019
R37,S3,22,41.155092381530956
R37,S3,23,38.63271805983372
R37,S3,24,40.05897238795416
R37,S4,1,42.52328144307276
R37,S4,2,45.414459689825364
R37,S4,3,49.59233347546596
R37,S4,4,52.171497478413784
R37,S4,5,53.52400552509551
R37,S4,6,57.09900720312808
R37,S4,7,51.791112226758756
R37,S4,8,58.054246249249424
R37,S4,9,57.75708321704737
R37,S4,10,57.815926771349105
R37,S4,11,63.74490682728157
R37,S4,12,64.7446368952177
R37,S4,13,66.05440419244242
R37,S4,14,65.31842176801077
R37,S4,15,65.45187078676847
R37,S4,16,60.37711219224966
R37,S4,17,61.770676543278846
R37,S4,18,57.570831848407195
R37,S4,19,46.738800638260074
R37,S4,20,44.504845423155835
R37,S4,21,41.52365611352896
R37,S4,22,40.87851904895673
R37,S4,23,38.90951980199451
R37,S4,24,41.00546667873803
R37,S5,1,41.60891327037141
R37,S5,2,43.60447755213401
R37,S5,3,47.127220372274955
R37,S5,4,51.78937201958528
R37,S5,5,56.45243258353458
R37,S5,6,59.742148795336554
R37,S5,7,55.80204539761669
R37,S5,8,57.477633334121585
R37,S5,9,55.57812063741986
R37,S5,10,61.73946908580593
R37,S5,11,76.28641642612428
R37,S5,12,76.50810133562292
R37,S5,13,79.10630350250207
R37,S5,14,72.13340332835591
R37,S5,15,61.43370469903393
R37,S5,16,59.040793522944135
R37,S5,17,57.875042791846454
R37,S5,18,59.76255252859998
R37,S5,19,46.32143811239442
R37,S5,20,42.9393181991568
R37,S5,21,42.79949470940636
R37,S5,22,40.41046530877848
R37,S5,23,41.29977034418449
R37,S5,24,40.132883998765315
R37,S6,1,41.11642259978789
R37,S6,2,43.39134293263217
R37,S6,3,47.68495697814474
R37,S6,4,48.94429888478119
R37,S6,5,53.49540935825876
R37,S6,6,55.079137450414926
R37,S6,7,53.13066184685551
R37,S6,8,56.672547149932555
R37,S6,9,58.73874359956309
R37,S6,10,59.63619189450241
R37,S6,11,62.36071047380409
R37,S6,12,61.709938913216625
R37,S6,13,63.48105295001041
R37,S6,14,67.48801464019311
R37,S6,15,65.8718543354363
R37,S6,16,62.37603720634927
R37,S6,17,61.65003743755546
R37,S6,18,55.961077441926285
R37,S6,19,43.77828149244502
R37,S6,20,41.9652608231902
R37,S6,21,41.92405461075272
R37,S6,22,41.23706753999113
R37,S6,23,41.86846897759727
R37,S6,24,38.268640446932665
R37,S7,1,41.11161719830713
R37,S7,2,44.23501265458523
R37,S7,3,48.98613887708527
R37,S7,4,50.56853425986444
R37,S7,5,51.916711152823865
R37,S7,6,59.65163143129225
R37,S7,7,55.48539878744581
R37,S7,8,57.73762505268952
R37,S7,9,60.419647510346316
R37,S7,10,61.84697675965422
R37,S7,11,64.97919442262098
R37,S7,12,65.21581743880223
R37,S7,13,63.67436263459101
R37,S7,14,66.40118747688548
R37,S7,15,63.42057624851553
R37,S7,16,58.9412767108045
R37,S7,17,60.19261985330591
R37,S7,18,56.046724915989536
R37,S7,19,44.04258078568091
R37,S7,20,42.331571719629714
R37,S7,21,43.26951789611744
R37,S7,22,42.35600811893247
R37,S7,23,39.37595919474819
R37,S7,24,37.72843442800812
R37,S8,1,39.557654286458934
R37,S8,2,42.72499594211286
R37,S8,3,48.24934409283582
R37,S8,4,52.33673512293737
R37,S8,5,52.829446820834036
R37,S8,6,58.686197800108616
R37,S8,7,51.88257410788828
R37,S8,8,53.50745654545396
R37,S8,9,57.06558975430512
R37,S8,10,61.17630339636389
R37,S8,11,62.12356762221667
R37,S8,12,65.98842173224688
R37,S8,13,69.40466655418831
R37,S8,14,62.376001052934235
R37,S8,15,62.11357700629114
R37,S8,16,59.23081107193577
R37,S8,17,58.51996082992538
R37,S8,18,54.90253235063984
R37,S8,19,44.51739536169917
R37,S8,20,41.94183114517693
R37,S8,21,40.56683506333673
R37,S8,22,41.89044644432635
R37,S8,23,39.14575298516294
R37,S8,24,37.3427949478114
R37,S9,1,38.940754372952384
R37,S9,2,45.88328207321569
R37,S9,3,47.15001213431842
R37,S9,4,49.07337339868542
R37,S9,5,53.85390038796253
R37,S9,6,58.743513328726294
R37,S9,7,56.036735890698765
R37,S9,8,57.21153135657671
R37,S9,9,61.12718915950133
R37,S9,10,62.11403492630848
R37,S9,11,75.926585513647
R37,S9,12,75.37437578593757
R37,S9,13,75.96314722868352
R37,S9,14,72.06452364651898
R37,S9,15,62.29244708161969
R37,S9,16,60.52636031529421
R37,S9,17,56.79363972565444
R37,S9,18,57.78551419144421
R37,S9,19,44.6343649315617
R37,S9,20,44.25456287401668
R37,S9,21,41.675915069174486
R37,S9,22,39.736851231978044
R37,S9,23,39.03459866333712
R37,S9,24,38.52884533454192
R37,S10,1,41.16038048761846
R37,S10,2,43.50143994637183
R37,S10,3,46.99357341385495
R37,S10,4,51.36626464893005
R37,S10,5,54.31736310001696
R37,S10,6,60.24139388441033
R37,S10,7,55.94136338093179
R37,S10,8,56.86107246156546
R37,S10,9,57.32072368047528
R37,S10,10,62.942520932715155
R37,S10,11,63.764037254334944
R37,S10,12,66.08982329699232
R37,S10,13,67.89304512695252
R37,S10,14,62.03896016654304
R37,S10,15,60.310084326854266
R37,S10,16,60.24425069928904
R37,S10,17,60.26373056399983
R37,S10,18,56.3633194815988
R37,S10,19,45.55205995057685
R37,S10,20,45.63740261104817
R37,S10,21,41.33120601310251
R37,S10,22,41.327213601567436
R37,S10,23,41.285821901559736
R37,S10,24,37.47955537567064
R37,S11,1,40.97853824769449
R37,S11,2,44.026929588068434
R37,S11,3,45.807279685714335
R37,S11,4,53.23398078864281
R37,S11,5,51.61663771493667
R37,S11,6,59.259510559582964
R37,S11,7,53.296857923162975
R37,S11,8,54.77618410955317
R37,S11,9,55.77972534502968
R37,S11,10,61.84523447528264
R37,S11,11,63.48470798665846
R37,S11,12,62.19302321626758
R37,S11,13,64.80889410686638
R37,S11,14,67.00072870026297
R37,S11,15,63.4353941950556
R37,S11,16,62.73237287757333
R37,S11,17,58.71248210629474
R37,S11,18,57.094541272733466
R37,S11,19,44.7006730552005
R37,S11,20,44.2257130163942
R37,S11,21,44.51486510383912
R37,S11,22,42.91663092968801
R37,S11,23,39.95424897158531
R37,S11,24,39.613252561684114
R37,S12,1,14.763571619593652
R37,S12,2,15.21806642856144
R37,S12,3,16.429750401375504
R37,S12,4,18.073549787713056
R37,S12,5,19.799791916751236
R37,S12,6,20.72930962013656
R37,S12,7,18.79797309420077
R37,S12,8,19.977749618704514
R37,S12,9,20.336233696962477
R37,S12,10,20.06290432946917
R37,S12,11,21.38443436958488
R37,S12,12,22.980480790206755
R37,S12,13,24.24987977352086
R37,S12,14,23.27882340662655
R37,S12,15,22.936348237377203
R37,S12,16,21.411635984110806
R37,S12,17,20.24108761600685
R37,S12,18,19.426194979204357
R37,S12,19,16.306336520318574
R37,S12,20,15.521609365413237
R37,S12,21,14.533501657301489
R37,S12,22,15.118213071408192
R37,S12,23,14.437712344305028
R37,S12,24,13.514789912526187
R38,S1,1,0.0
R38,S1,2,0.0
R38,S1,3,0.0
R38,S1,4,0.0
R38,S1,5,0.0
R38,S1,6,0.0
R38,S1,7,25.395576058545203
R38,S1,8,27.283899311034876
R38,S1,9,31.06324610148042
R38,S1,10,31.91124278376172
R38,S1,11,36.41137474004678
R38,S1,12,35.88211211706712
R38,S1,13,37.093676204048336
R38,S1,14,33.81455131280797
R38,S1,15,32.50375352402642
R38,S1,16,30.793087130529884
R38,S1,17,27.672491996108977
R38,S1,18,24.02493110077617
R38,S1,19,0.0
R38,S1,20,0.0
R38,S1,21,0.0
R38,S1,22,0.0
R38,S1,23,0.0
R38,S1,24,0.0
R38,S2,1,0.0
R38,S2,2,0.0
R38,S2,3,0.0
R38,S2,4,0.0
R38,S2,5,0.0
R38,S2,6,0.0
R38,S2,7,24.763267582347794
R38,S2,8,28.5443221090772
R38,S2,9,30.994281786523448
R38,S2,10,30.839416358916537
R38,S2,11,34.67004229286786
R38,S2,12,38.7199613943163
R38,S2,13,38.13187489143732
R38,S2,14,36.36807545232393
R38,S2,15,31.809278363094055
R38,S2,16,29.2112717305369
R38,S2,17,26.222313285330042
R38,S2,18,24.210634825282188
R38,S2,19,0.0
R38,S2,20,0.0
R38,S2,21,0.0
R38,S2,22,0.0
R38,S2,23,0.0
R38,S2,24,0.0
R38,S3,1,0.0
R38,S3,2,0.0
R38,S3,3,0.0
R38,S3,4,0.0
R38,S3,5,0.0
R38,S3,6,0.0
R38,S3,7,24.265804658633815
R38,S3,8,27.25269213910535
R38,S3,9,30.636460327117252
R38,S3,10,31.764666296597
R38,S3,11,35.78502770539002
R38,S3,12,37.883541802849564
R38,S3,13,38.95259337299376
R38,S3,14,35.77756577300068
R38,S3,15,31.173376395175968
R38,S3,16,30.889945137592346
R38,S3,17,28.49609642776018
R38,S3,18,24.39748850934388
R38,S3,19,0.0
R38,S3,20,0.0
R38,S3,21,0.0
R38,S3,22,0.0
R38,S3,23,0.0
R38,S3,24,0.0
R38,S4,1,0.0
R38,S4,2,0.0
R38,S4,3,0.0
R38,S4,4,0.0
R38,S4,5,0.0
R38,S4,6,0.0
R38,S4,7,23.97414394991
R38,S4,8,27.408507081361844
R38,S4,9,29.123051578218504
R38,S4,10,33.10857566299237
R38,S4,11,36.71797816392778
R38,S4,12,39.22421713197388
R38,S4,13,39.06248514850797
R38,S4,14,33.86062280520675
R38,S4,15,31.114372030645757
R38,S4,16,29.536737560412284
R38,S4,17,26.364632942091355
R38,S4,18,23.70112379212009
R38,S4,19,0.0
R38,S4,20,0.0
R38,S4,21,0.0
R38,S4,22,0.0
R38,S4,23,0.0
R38,S4,24,0.0
R38,S5,1,0.0
R38,S5,2,0.0
R38,S5,3,0.0
R38,S5,4,0.0
R38,S5,5,0.0
R38,S5,6,0.0
R38,S5,7,24.01329435864521
R38,S5,8,28.38698473975243
R38,S5,9,29.366905305762614
R38,S5,10,33.51461661705202
R38,S5,11,44.99949535426582
R38,S5,12,47.930661875555145
R38,S5,13,46.5680592530875
R38,S5,14,46.07486642417378
R38,S5,15,33.760217222264025
R38,S5,16,28.67185526463089
R38,S5,17,27.46465004003071
R38,S5,18,24.21072433444763
R38,S5,19,0.0
R38,S5,20,0.0
R38,S5,21,0.0
R38,S5,22,0.0
R38,S5,23,0.0
R38,S5,24,0.0
R38,S6,1,0.0
R38,S6,2,0.0
R38,S6,3,0.0
R38,S6,4,0.0
R38,S6,5,0.0
R38,S6,6,0.0
R38,S6,7,25.262626822919888
R38,S6,8,27.577160363949194
R38,S6,9,29.136150831259865
R38,S6,10,30.836911580305955
R38,S6,11,34.04050138545189
R38,S6,12,36.29831600671465
R38,S6,13,36.532967688779685
R38,S6,14,34.645052664560104
R38,S6,15,32.62524677154802
R38,S6,16,28.51617378404042
R38,S6,17,28.514890983855285
R38,S6,18,23.794096831458184
R38,S6,19,0.0
R38,S6,20,0.0
R38,S6,21,0.0
R38,S6,22,0.0
R38,S6,23,0.0
R38,S6,24,0.0
R38,S7,1,0.0
R38,S7,2,0.0
R38,S7,3,0.0
R38,S7,4,0.0
R38,S7,5,0.0
R38,S7,6,0.0
R38,S7,7,25.05279878088054
R38,S7,8,28.13099600910095
R38,S7,9,30.00009643210051
R38,S7,10,32.301763800797254
R38,S7,11,36.5251348342708
R38,S7,12,38.23777273464572
R38,S7,13,36.053178409430615
R38,S7,14,33.56358242821093
R38,S7,15,32.27528604997623
R38,S7,16,29.380795929846474
R38,S7,17,26.373948506156694
R38,S7,18,25.63439573611785
R38,S7,19,0.0
R38,S7,20,0.0
R38,S7,21,0.0
R38,S7,22,0.0
R38,S7,23,0.0
R38,S7,24,0.0
R38,S8,1,0.0
R38,S8,2,0.0
R38,S8,3,0.0
R38,S8,4,0.0
R38,S8,5,0.0
R38,S8,6,0.0
R38,S8,7,24.39210455247506
R38,S8,8,26.998952371543965
R38,S8,9,28.903179741032574
R38,S8,10,31.164648797698742
R38,S8,11,34.2822975844594
R38,S8,12,35.94126165155182
R38,S8,13,38.06154545805476
R38,S8,14,36.455517099992775
R38,S8,15,32.32931801843966
R38,S8,16,30.96925620785278
R38,S8,17,27.77631053870356
R38,S8,18,25.36115857919291
R38,S8,19,0.0
R38,S8,20,0.0
R38,S8,21,0.0
R38,S8,22,0.0
R38,S8,23,0.0
R38,S8,24,0.0
R38,S9,1,0.0
R38,S9,2,0.0
R38,S9,3,0.0
R38,S9,4,0.0
R38,S9,5,0.0
R38,S9,6,0.0
R38,S9,7,24.712124531354714
R38,S9,8,26.311543650960473
R38,S9,9,29.759312166197724
R38,S9,10,31.40122299217297
R38,S9,11,47.005875943457305
R38,S9,12,46.44879907657844
R38,S9,13,46.38316364660697
R38,S9,14,44.88032022918601
R38,S9,15,32.843266293659084
R38,S9,16,28.944892987678735
R38,S9,17,27.187243144116167
R38,S9,18,24.30104923359924
R38,S9,19,0.0
R38,S9,20,0.0
R38,S9,21,0.0
R38,S9,22,0.0
R38,S9,23,0.0
R38,S9,24,0.0
R38,S10,1,0.0
R38,S10,2,0.0
R38,S10,3,0.0
R38,S10,4,0.0
R38,S10,5,0.0
R38,S10,6,0.0
R38,S10,7,24.398302177442428
R38,S10,8,27.8957362965331
R38,S10,9,30.05503987490338
R38,S10,10,31.368477575561872
R38,S10,11,33.80464922220737
R38,S10,12,38.00390945463681
R38,S10,13,38.777718990422706
R38,S10,14,33.576300604269086
R38,S10,15,33.95177154299914
R38,S10,16,29.229453157375893
R38,S10,17,26.249035311469775
R38,S10,18,23.929909747221803
R38,S10,19,0.0
R38,S10,20,0.0
R38,S10,21,0.0
R38,S10,22,0.0
R38,S10,23,0.0
R38,S10,24,0.0
R38,S11,1,0.0
R38,S11,2,0.0
R38,S11,3,0.0
R38,S11,4,0.0
R38,S11,5,0.0
R38,S11,6,0.0
R38,S11,7,24.935365488616217
R38,S11,8,27.17375376459688
R38,S11,9,29.57825456774632
R38,S11,10,31.22921318432306
R38,S11,11,35.86301107484043
R38,S11,12,35.741070094893274
R38,S11,13,36.30535052893507
R38,S11,14,35.327305502855374
R38,S11,15,31.536607661692507
R38,S11,16,29.961663080297015
R38,S11,17,28.188997144111227
R38,S11,18,24.435968042552595
R38,S11,19,0.0
R38,S11,20,0.0
R38,S11,21,0.0
R38,S11,22,0.0
R38,S11,23,0.0
R38,S11,24,0.0
R38,S12,1,0.0
R38,S12,2,0.0
R38,S12,3,0.0
R38,S12,4,0.0
R38,S12,5,0.0
R38,S12,6,0.0
R38,S12,7,8.480919484766675
R38,S12,8,9.703315488781415
R38,S12,9,10.171128818648024
R38,S12,10,11.603962259569128
R38,S12,11,12.160233833532034
R38,S12,12,13.56073628882938
R38,S12,13,12.530018391342244
R38,S12,14,12.237957513857374
R38,S12,15,10.962373296814755
R38,S12,16,10.091533561410799
R38,S12,17,9.440697493245617
R38,S12,18,8.901767172308114
R38,S12,19,0.0
R38,S12,20,0.0
R38,S12,21,0.0
R38,S12,22,0.0
R38,S12,23,0.0
R38,S12,24,0.0
R39,S1,1,42.4511299866157
R39,S1,2,44.991964465885594
R39,S1,3,48.6082770847543
R39,S1,4,55.40063931459258
R39,S1,5,58.63533337290694
R39,S1,6,58.36882708907591
R39,S1,7,58.58173169957615
R39,S1,8,59.90334477301221
R39,S1,9,62.04810778405451
R39,S1,10,60.74146204770348
R39,S1,11,64.32746064522757
R39,S1,12,70.28565974789679
R39,S1,13,70.40687602721088
R39,S1,14,68.50331203566459
R39,S1,15,65.85031986955154
R39,S1,16,66.03518998247159
R39,S1,17,64.29515196460484
R39,S1,18,58.42397114350065
R39,S1,19,49.07852916201883
R39,S1,20,44.555670512986566
R39,S1,21,45.42821407386318
R39,S1,22,45.477948191477026
R39,S1,23,44.05996771315147
R39,S1,24,40.254305375297214
R39,S2,1,42.12958046926613
R39,S2,2,44.028500311034456
R39,S2,3,51.962751102360954
R39,S2,4,52.735381076735976
R39,S2,5,55.85939977799704
R39,S2,6,58.41140734589547
R39,S2,7,59.413320610959225
R39,S2,8,56.26019308826111
R39,S2,9,61.54179699469444
R39,S2,10,60.20877341135654
R39,S2,11,67.67339228337426
R39,S2,12,70.3171872736403
R39,S2,13,71.99328815975113
R39,S2,14,65.84121834603124
R39,S2,15,66.69772770372568
R39,S2,16,61.474389395433064
R39,S2,17,63.64878279042844
R39,S2,18,57.896820022432046
R39,S2,19,46.5400600852692
R39,S2,20,46.13541166616133
R39,S2,21,46.531581291812095
R39,S2,22,45.20301297906257
R39,S2,23,43.641636292319575
R39,S2,24,43.13835125895947
R39,S3,1,42.22792741372376
R39,S3,2,47.80870727955519
R39,S3,3,48.01834942160696
R39,S3,4,52.243083686588925
R39,S3,5,57.602568237273736
R39,S3,6,62.64083253630031
R39,S3,7,58.37162511003052
R39,S3,8,56.92962715528442
R39,S3,9,58.332249652911514
R39,S3,10,62.39710919850784
R39,S3,11,63.884942327976944
R39,S3,12,66.37593374405593
R39,S3,13,69.32239716371339
R39,S3,14,66.2783876917009
R39,S3,15,62.53191783316965
R39,S3,16,66.20930250023801
R39,S3,17,60.03208183661543
R39,S3,18,59.25208749258821
R39,S3,19,45.9893885793972
R39,S3,20,47.20080222175707
R39,S3,21,45.84048978702617
R39,S3,22,44.00908303635266
R39,S3,23,41.18621965239649
R39,S3,24,41.4951463266513
R39,S4,1,44.528026588534544
R39,S4,2,44.762422086250034
R39,S4,3,48.141180503218195
R39,S4,4,52.68430733155338
R39,S4,5,59.478597091034295
R39,S4,6,61.27177482898794
R39,S4,7,56.126522887108024
R39,S4,8,61.39598233936412
R39,S4,9,62.27509191806684
R39,S4,10,65.50516706062038
R39,S4,11,64.54459784392151
R39,S4,12,66.20074462530438
R39,S4,13,71.47275666183329
R39,S4,14,67.32584655717609
R39,S4,15,64.64648333636795
R39,S4,16,64.23844267524619
R39,S4,17,61.566909519765765
R39,S4,18,57.94625459565775
R39,S4,19,46.44500741213588
R39,S4,20,43.43684149736218
R39,S4,21,46.18159409882707
R39,S4,22,44.905326176184246
R39,S4,23,43.0037958001498
R39,S4,24,41.60113311124655
R39,S5,1,43.780570189117626
R39,S5,2,45.60547706422032
R39,S5,3,51.25670478188305
R39,S5,4,52.74186548864585
R39,S5,5,56.166598526438214
R39,S5,6,61.909633451811295
R39,S5,7,58.95176625507416
R39,S5,8,56.963541916669556
R39,S5,9,59.57768035916477
R39,S5,10,63.856877366295244
R39,S5,11,74.78095316852165
R39,S5,12,79.91958829105288
R39,S5,13,77.51126438293542
R39,S5,14,76.80643775030562
R39,S5,15,64.07142070572691
R39,S5,16,60.879015991100516
R39,S5,17,60.77949310825924
R39,S5,18,62.490287675884645
R39,S5,19,46.07176780916472
R39,S5,20,45.47470916083924
R39,S5,21,44.34660125793683
R39,S5,22,45.06972723680008
R39,S5,23,40.709908079123444
R39,S5,24,42.8708287187155
R39,S6,1,41.83476413425812
R39,S6,2,46.252090985941535
R39,S6,3,50.69851758245575
R39,S6,4,52.580767818606695
R39,S6,5,54.357928789107696
R39,S6,6,57.76887129506784
R39,S6,7,54.16867164676806
R39,S6,8,59.44816703457018
R39,S6,9,62.1496943572351
R39,S6,10,59.96142312596072
R39,S6,11,67.68511803639223
R39,S6,12,66.42962479908824
R39,S6,13,66.51104139537834
R39,S6,14,69.18164099402802
R39,S6,15,63.71524871816195
R39,S6,16,63.50809410011728
R39,S6,17,59.40139885429154
R39,S6,18,61.09505734862114
R39,S6,19,46.55036532214479
R39,S6,20,44.13077266810899
R39,S6,21,44.07168495810343
R39,S6,22,44.122707108961905
R39,S6,23,43.849867723246284
R39,S6,24,39.501578192593485
R39,S7,1,42.656842017151654
R39,S7,2,48.338965984524805
R39,S7,3,50.68970622936782
R39,S7,4,50.82636235937042
R39,S7,5,54.760982614196955
R39,S7,6,61.295508719184895
R39,S7,7,57.706021425872706
R39,S7,8,61.29101045044448
R39,S7,9,60.51940499481535
R39,S7,10,65.92892722994172
R39,S7,11,64.74465580973256
R39,S7,12,66.14715709972157
R39,S7,13,67.14291568091964
R39,S7,14,68.22087022276975
R39,S7,15,67.98481593094479
R39,S7,16,63.39113840500482
R39,S7,17,65.0327284212017
R39,S7,18,57.71666597694397
R39,S7,19,45.506863987718205
R39,S7,20,45.47044268944244
R39,S7,21,46.61681050211602
R39,S7,22,42.3416206036655
R39,S7,23,43.7172582366609
R39,S7,24,40.669392418761454
R39,S8,1,42.64344012771433
R39,S8,2,45.58613236540687
R39,S8,3,49.73770841564512
R39,S8,4,55.46153697616214
R39,S8,5,58.354625777889254
R39,S8,6,61.12706570283665
R39,S8,7,55.38560114621717
R39,S8,8,59.59206116304349
R39,S8,9,62.73859027126262
R39,S8,10,63.65362531261851
R39,S8,11,67.98876663132576
R39,S8,12,66.7667431141214
R39,S8,13,70.01211262525376
R39,S8,14,65.01622983337894
R39,S8,15,65.4911935619615
R39,S8,16,61.99946826248911
R39,S8,17,65.11322583222368
R39,S8,18,57.81042790742375
R39,S8,19,46.676219126985316
R39,S8,20,45.5341102112953
R39,S8,21,45.789746569342164
R39,S8,22,43.975493415104836
R39,S8,23,43.90034346393147
R39,S8,24,41.13718121354041
R39,S9,1,43.14294532436482
R39,S9,2,48.296719252720834
R39,S9,3,50.1762705747348
R39,S9,4,53.12600659374002
R39,S9,5,54.395219274706655
R39,S9,6,62.5945208741309
R39,S9,7,57.27968049071285
R39,S9,8,60.96075714464185
R39,S9,9,61.113857242538934
R39,S9,10,59.9625404228687
R39,S9,11,74.58107643981994
R39,S9,12,78.62688761271231
R39,S9,13,77.9348178304799
R39,S9,14,75.59905878641115
R39,S9,15,69.05723345609181
R39,S9,16,63.279151490977235
R39,S9,17,63.237018776837814
R39,S9,18,60.72838496820636
R39,S9,19,46.30846120023014
R39,S9,20,44.66769345412817
R39,S9,21,45.76379755080478
R39,S9,22,44.52759417195885
R39,S9,23,42.960078682337596
R39,S9,24,40.57578409668618
R39,S10,1,42.19096249515647
R39,S10,2,47.0806442940019
R39,S10,3,51.66173632743458
R39,S10,4,51.67754124256887
R39,S10,5,56.65673208203166
R39,S10,6,61.95998858703392
R39,S10,7,56.40182836067303
R39,S10,8,57.499757266667224
R39,S10,9,63.79538775550519
R39,S10,10,61.166888510998184
R39,S10,11,63.38501098897301
R39,S10,12,68.8131828561707
R39,S10,13,70.18811101430275
R39,S10,14,68.31372364930003
R39,S10,15,62.643808603216094
R39,S10,16,62.66180806610627
R39,S10,17,62.53704364251855
R39,S10,18,62.85791994978788
R39,S10,19,44.68465044668091
R39,S10,20,47.4545213018957
R39,S10,21,44.54923670749296
R39,S10,22,44.3510476793363
R39,S10,23,42.85372987267925
R39,S10,24,39.884434939810994
R39,S11,1,41.19777881826154
R39,S11,2,44.27618573543415
R39,S11,3,49.96201730701459
R39,S11,4,55.21885949972616
R39,S11,5,57.39780496105389
R39,S11,6,62.74539246726349
R39,S11,7,56.15560643339845
R39,S11,8,57.427947812810615
R39,S11,9,62.42489722597473
R39,S11,10,62.48368198703062
R39,S11,11,66.06607389837517
R39,S11,12,68.2497413268542
R39,S11,13,67.3739854086057
R39,S11,14,70.86976261168451
R39,S11,15,65.92226694867433
R39,S11,16,67.09574759938947
R39,S11,17,62.362022279639966
R39,S11,18,61.503255687003495
R39,S11,19,47.11358028528653
R39,S11,20,46.404147966617884
R39,S11,21,42.63307037411883
R39,S11,22,44.449350713425645
R39,S11,23,40.657317427869756
R39,S11,24,39.293553958699015
R39,S12,1,15.019618419690012
R39,S12,2,16.51233747110198
R39,S12,3,17.110538860483143
R39,S12,4,19.48918485453778
R39,S12,5,19.137790561537095
R39,S12,6,21.07970507021641
R39,S12,7,19.568544818085837
R39,S12,8,20.469859305967407
R39,S12,9,22.24295741350239
R39,S12,10,21.89293652867414
R39,S12,11,21.811008165411
R39,S12,12,22.731679135679148
R39,S12,13,24.558328305043585
R39,S12,14,22.516892397055887
R39,S12,15,22.133041558786857
R39,S12,16,22.925606714309993
R39,S12,17,20.704090761401346
R39,S12,18,21.396155801440436
R39,S12,19,15.743368042991088
R39,S12,20,15.22578822918151
R39,S12,21,14.913774278602244
R39,S12,22,14.895259387367805
R39,S12,23,15.02351991233429
R39,S12,24,14.609275684550392
R40,S1,1,0.0
R40,S1,2,0.0
R40,S1,3,0.0
R40,S1,4,0.0
R40,S1,5,0.0
R40,S1,6,0.0
R40,S1,7,20.0813906729722
R40,S1,8,22.09981978896189
R40,S1,9,23.66409382073305
R40,S1,10,26.504323614174336
R40,S1,11,27.696345532655535
R40,S1,12,31.87803738672838
R40,S1,13,30.370035210483525
R40,S1,14,29.773910097927065
R40,S1,15,27.651545689230346
R40,S1,16,23.509867983447638
R40,S1,17,22.313258587666198
R40,S1,18,19.34552187686978
R40,S1,19,0.0
R40,S1,20,0.0
R40,S1,21,0.0
R40,S1,22,0.0
R40,S1,23,0.0
R40,S1,24,0.0
R40,S2,1,0.0
R40,S2,2,0.0
R40,S2,3,0.0
R40,S2,4,0.0
R40,S2,5,0.0
R40,S2,6,0.0
R40,S2,7,20.1817419645146
R40,S2,8,22.846948934838913
R40,S2,9,24.62818369280011
R40,S2,10,25.972515891686708
R40,S2,11,28.65015891463633
R40,S2,12,31.045593209674315
R40,S2,13,30.000827717128423
R40,S2,14,29.778986987686423
R40,S2,15,26.05440136878098
R40,S2,16,24.256805714458746
R40,S2,17,23.072061134010916
R40,S2,18,19.935587632208144
R40,S2,19,0.0
R40,S2,20,0.0
R40,S2,21,0.0
R40,S2,22,0.0
R40,S2,23,0.0
R40,S2,24,0.0
R40,S3,1,0.0
R40,S3,2,0.0
R40,S3,3,0.0
R40,S3,4,0.0
R40,S3,5,0.0
R40,S3,6,0.0
R40,S3,7,20.32588401731936
R40,S3,8,21.25990668335331
R40,S3,9,24.91799578344441
R40,S3,10,25.751318289306663
R40,S3,11,29.345443532336372
R40,S3,12,31.210427411513958
R40,S3,13,32.10531242866772
R40,S3,14,28.58148603571714
R40,S3,15,27.290716441299978
R40,S3,16,24.755800962790193
R40,S3,17,21.326588432662497
R40,S3,18,19.692356999558925
R40,S3,19,0.0
R40,S3,20,0.0
R40,S3,21,0.0
R40,S3,22,0.0
R40,S3,23,0.0
R40,S3,24,0.0
R40,S4,1,0.0
R40,S4,2,0.0
R40,S4,3,0.0
R40,S4,4,0.0
R40,S4,5,0.0
R40,S4,6,0.0
R40,S4,7,19.450521745817756
R40,S4,8,22.023053557609742
R40,S4,9,23.374080580162985
R40,S4,10,27.00731315469229
R40,S4,11,29.625356499257737
R40,S4,12,31.695713213505126
R40,S4,13,29.85142352489122
R40,S4,14,29.524818707197984
R40,S4,15,26.30112337700085
R40,S4,16,23.853496162005953
R40,S4,17,21.665271048577207
R40,S4,18,19.475479730387875
R40,S4,19,0.0
R40,S4,20,0.0
R40,S4,21,0.0
R40,S4,22,0.0
R40,S4,23,0.0
R40,S4,24,0.0
R40,S5,1,0.0
R40,S5,2,0.0
R40,S5,3,0.0
R40,S5,4,0.0
R40,S5,5,0.0
R40,S5,6,0.0
R40,S5,7,19.37449345424129
R40,S5,8,22.069418543357916
R40,S5,9,24.55387734252202
R40,S5,10,25.309597670452717
R40,S5,11,37.98525516149166
R40,S5,12,38.63037943696041
R40,S5,13,40.60763673925619
R40,S5,14,37.632316006420965
R40,S5,15,25.910580059431766
R40,S5,16,24.56820807852312
R40,S5,17,21.962680119206905
R40,S5,18,19.488059080981476
R40,S5,19,0.0
R40,S5,20,0.0
R40,S5,21,0.0
R40,S5,22,0.0
R40,S5,23,0.0
R40,S5,24,0.0
R40,S6,1,0.0
R40,S6,2,0.0
R40,S6,3,0.0
R40,S6,4,0.0
R40,S6,5,0.0
R40,S6,6,0.0
R40,S6,7,20.34581536614753
R40,S6,8,22.276608921278196
R40,S6,9,23.988981321755464
R40,S6,10,27.091310928652472
R40,S6,11,27.582371830624037
R40,S6,12,30.936441871877783
R40,S6,13,29.701513625532115
R40,S6,14,29.429752164483734
R40,S6,15,26.175889990371232
R40,S6,16,24.49047532961197
R40,S6,17,21.218892499835643
R40,S6,18,19.332819290270656
R40,S6,19,0.0
R40,S6,20,0.0
R40,S6,21,0.0
R40,S6,22,0.0
R40,S6,23,0.0
R40,S6,24,0.0
R40,S7,1,0.0
R40,S7,2,0.0
R40,S7,3,0.0
R40,S7,4,0.0
R40,S7,5,0.0
R40,S7,6,0.0
R40,S7,7,19.549577510138526
R40,S7,8,21.94711742631653
R40,S7,9,24.809225513094148
R40,S7,10,25.666598145472758
R40,S7,11,29.320007345530087
R40,S7,12,31.838915913784028
R40,S7,13,31.26142229217049
R40,S7,14,28.728050941869675
R40,S7,15,26.82137272827731
R40,S7,16,24.1088463621139
R40,S7,17,22.29075697921495
R40,S7,18,20.206092225932498
R40,S7,19,0.0
R40,S7,20,0.0
R40,S7,21,0.0
R40,S7,22,0.0
R40,S7,23,0.0
R40,S7,24,0.0
R40,S8,1,0.0
R40,S8,2,0.0
R40,S8,3,0.0
R40,S8,4,0.0
R40,S8,5,0.0
R40,S8,6,0.0
R40,S8,7,20.895463346592795
R40,S8,8,21.784805994332327
R40,S8,9,23.850267212965747
R40,S8,10,26.56750068147528
R40,S8,11,29.660436993528595
R40,S8,12,31.583226992147026
R40,S8,13,29.295163654927055
R40,S8,14,29.455081450968322
R40,S8,15,27.419338460762297
R40,S8,16,25.63111809782637
R40,S8,17,22.76822192957526
R40,S8,18,21.139859658925175
R40,S8,19,0.0
R40,S8,20,0.0
R40,S8,21,0.0
R40,S8,22,0.0
R40,S8,23,0.0
R40,S8,24,0.0
R40,S9,1,0.0
R40,S9,2,0.0
R40,S9,3,0.0
R40,S9,4,0.0
R40,S9,5,0.0
R40,S9,6,0.0
R40,S9,7,21.00315128277057
R40,S9,8,21.673227862532137
R40,S9,9,23.61679394318034
R40,S9,10,25.86935678322784
R40,S9,11,37.34305407715997
R40,S9,12,41.700687848603955
R40,S9,13,40.08527926218833
R40,S9,14,39.494874488888385
R40,S9,15,27.204526793454278
R40,S9,16,23.519397586903526
R40,S9,17,21.62844220574845
R40,S9,18,20.227609556002665
R40,S9,19,0.0
R40,S9,20,0.0
R40,S9,21,0.0
R40,S9,22,0.0
R40,S9,23,0.0
R40,S9,24,0.0
R40,S10,1,0.0
R40,S10,2,0.0
R40,S10,3,0.0
R40,S10,4,0.0
R40,S10,5,0.0
R40,S10,6,0.0
R40,S10,7,19.361890473443328
R40,S10,8,22.086538264652457
R40,S10,9,24.756538972645284
R40,S10,10,26.777351377921192
R40,S10,11,28.737838118601573
R40,S10,12,31.47325988182024
R40,S10,13,29.975804781402836
R40,S10,14,27.80676769938338
R40,S10,15,27.455758634895084
R40,S10,16,25.284388453524716
R40,S10,17,23.053984074580313
R40,S10,18,20.069955753462757
R40,S10,19,0.0
R40,S10,20,0.0
R40,S10,21,0.0
R40,S10,22,0.0
R40,S10,23,0.0
R40,S10,24,0.0
R40,S11,1,0.0
R40,S11,2,0.0
R40,S11,3,0.0
R40,S11,4,0.0
R40,S11,5,0.0
R40,S11,6,0.0
R40,S11,7,20.53918925421698
R40,S11,8,21.914619411253145
R40,S11,9,23.991388673227448
R40,S11,10,25.989913169219214
R40,S11,11,29.74620423488509
R40,S11,12,31.49945451688343
R40,S11,13,30.302271211755585
R40,S11,14,29.536172609685117
R40,S11,15,27.284607278950194
R40,S11,16,24.91907307179513
R40,S11,17,22.807589079465096
R40,S11,18,19.473335521750016
R40,S11,19,0.0
R40,S11,20,0.0
R40,S11,21,0.0
R40,S11,22,0.0
R40,S11,23,0.0
R40,S11,24,0.0
R40,S12,1,0.0
R40,S12,2,0.0
R40,S12,3,0.0
R40,S12,4,0.0
R40,S12,5,0.0
R40,S12,6,0.0
R40,S12,7,7.006583542905619
R40,S12,8,7.643650910176443
R40,S12,9,8.795676626429538
R40,S12,10,9.13644604361902
R40,S12,11,10.428223598956215
R40,S12,12,11.039043266131806
R40,S12,13,11.03909816398962
R40,S12,14,10.32251626007664
R40,S12,15,9.608519644385803
R40,S12,16,8.912440835263045
R40,S12,17,8.015537967859299
R40,S12,18,6.743763420219246
R40,S12,19,0.0
R40,S12,20,0.0
R40,S12,21,0.0
R40,S12,22,0.0
R40,S12,23,0.0
R40,S12,24,0.0
