bus,scenario,t,demand_mw
101,S1,1,46.16317964280268
102,S1,1,43.11392879152178
103,S1,1,80.07967048421341
104,S1,1,34.066547467393185
105,S1,1,35.2279218592965
106,S1,1,68.32664157827628
107,S1,1,65.23998799926211
108,S1,1,88.85537164240333
109,S1,1,92.98477064510361
110,S1,1,113.38674326627948
111,S1,1,0.0
112,S1,1,0.0
113,S1,1,135.19724804220417
114,S1,1,113.23985732447996
115,S1,1,178.67816056519675
116,S1,1,52.26005849118636
117,S1,1,0.0
118,S1,1,170.9787991140411
119,S1,1,89.62748993937245
120,S1,1,68.21931915405901
121,S1,1,0.0
122,S1,1,0.0
123,S1,1,0.0
124,S1,1,0.0
201,S1,1,67.04042651810623
202,S1,1,59.92154155910872
203,S1,1,109.87062410289306
204,S1,1,46.021647139461265
205,S1,1,42.11176176345531
206,S1,1,77.14235922766625
207,S1,1,72.85810791007232
208,S1,1,101.86837505900093
209,S1,1,101.5009767909873
210,S1,1,128.8119145302267
211,S1,1,0.0
212,S1,1,0.0
213,S1,1,152.35868465037566
214,S1,1,122.58242626019918
215,S1,1,184.6687969489002
216,S1,1,58.423594222929374
217,S1,1,0.0
218,S1,1,218.6749311380152
219,S1,1,121.10407963275863
220,S1,1,75.80506639608963
221,S1,1,0.0
222,S1,1,0.0
223,S1,1,0.0
224,S1,1,0.0
301,S1,1,51.903420339584144
302,S1,1,48.60333806007652
303,S1,1,72.66450755222321
304,S1,1,35.31049766548032
305,S1,1,35.608010422116486
306,S1,1,65.28240222698494
307,S1,1,60.23548556067276
308,S1,1,67.3811818781445
309,S1,1,70.39905343769539
310,S1,1,86.994971221308
311,S1,1,0.0
312,S1,1,0.0
313,S1,1,127.5284486629498
314,S1,1,86.31134865554351
315,S1,1,172.86968237024223
316,S1,1,47.95775485007818
317,S1,1,0.0
318,S1,1,174.53765691026814
319,S1,1,87.09676029387725
320,S1,1,53.621261742175875
321,S1,1,0.0
322,S1,1,0.0
323,S1,1,0.0
324,S1,1,0.0
325,S1,1,0.0
101,S1,2,47.20313153275386
102,S1,2,42.85880510433276
103,S1,2,76.69981877347064
104,S1,2,33.114520867555406
105,S1,2,35.875690485395495
106,S1,2,68.56156126401883
107,S1,2,65.5772114440022
108,S1,2,85.81019648274221
109,S1,2,86.59128154192781
110,S1,2,107.78635103322348
111,S1,2,0.0
112,S1,2,0.0
113,S1,2,130.20446699309315
114,S1,2,109.31033437800784
115,S1,2,179.77513594464753
116,S1,2,50.466587798153334
117,S1,2,0.0
118,S1,2,158.15206660559832
119,S1,2,87.94826984624567
120,S1,2,64.73787396782316
121,S1,2,0.0
122,S1,2,0.0
123,S1,2,0.0
124,S1,2,0.0
201,S1,2,62.80608308977814
202,S1,2,53.59866965290076
203,S1,2,105.54215882930127
204,S1,2,39.98048351985379
205,S1,2,40.721406012307675
206,S1,2,78.73456045943378
207,S1,2,70.46721987243991
208,S1,2,95.79995588507076
209,S1,2,103.0877512965849
210,S1,2,128.67809522841063
211,S1,2,0.0
212,S1,2,0.0
213,S1,2,137.4149463187861
214,S1,2,119.44716760552541
215,S1,2,171.84060761582288
216,S1,2,54.01804698834732
217,S1,2,0.0
218,S1,2,208.07121707301044
219,S1,2,113.53033443209773
220,S1,2,68.54775833113693
221,S1,2,0.0
222,S1,2,0.0
223,S1,2,0.0
224,S1,2,0.0
301,S1,2,51.576968559930194
302,S1,2,43.86696533658832
303,S1,2,72.68673419040512
304,S1,2,35.19587336615571
305,S1,2,34.4426638839677
306,S1,2,64.15823325360377
307,S1,2,58.77719292316203
308,S1,2,65.87090895370915
309,S1,2,68.51970175894564
310,S1,2,87.86203190712634
311,S1,2,0.0
312,S1,2,0.0
313,S1,2,118.32373307131053
314,S1,2,88.60265892313632
315,S1,2,158.70129539714097
316,S1,2,45.10810955579866
317,S1,2,0.0
318,S1,2,180.95891652658005
319,S1,2,83.92325573170544
320,S1,2,51.09412797122027
321,S1,2,0.0
322,S1,2,0.0
323,S1,2,0.0
324,S1,2,0.0
325,S1,2,0.0
101,S1,3,45.44895230775474
102,S1,3,41.26128824126682
103,S1,3,79.62597152963012
104,S1,3,31.820633516239756
105,S1,3,34.35514357148505
106,S1,3,64.5680490449791
107,S1,3,59.91950815732027
108,S1,3,88.63965483840826
109,S1,3,83.4091222698195
110,S1,3,107.31661064106116
111,S1,3,0.0
112,S1,3,0.0
113,S1,3,121.33132790938598
114,S1,3,108.53760787740494
115,S1,3,174.11709730788382
116,S1,3,48.92134057526667
117,S1,3,0.0
118,S1,3,153.99525563737066
119,S1,3,90.90134577881719
120,S1,3,64.33077944522854
121,S1,3,0.0
122,S1,3,0.0
123,S1,3,0.0
124,S1,3,0.0
201,S1,3,57.62317543562249
202,S1,3,53.131608399351336
203,S1,3,99.37854442797274
204,S1,3,38.41119060395558
205,S1,3,38.12351902491087
206,S1,3,71.52292468249844
207,S1,3,70.6601910244893
208,S1,3,88.535863148368
209,S1,3,95.34859754308087
210,S1,3,122.48044616985766
211,S1,3,0.0
212,S1,3,0.0
213,S1,3,134.13948120601282
214,S1,3,120.34335871280453
215,S1,3,171.87715560547434
216,S1,3,52.23046698589274
217,S1,3,0.0
218,S1,3,208.07516034868786
219,S1,3,110.14487668950845
220,S1,3,72.59995668670769
221,S1,3,0.0
222,S1,3,0.0
223,S1,3,0.0
224,S1,3,0.0
301,S1,3,49.28502367342129
302,S1,3,42.76760557425709
303,S1,3,69.86393334491444
304,S1,3,33.5308631327523
305,S1,3,31.90802121629874
306,S1,3,62.585433947350424
307,S1,3,59.149639829612994
308,S1,3,67.12094706538113
309,S1,3,69.05100000846893
310,S1,3,84.94875701939297
311,S1,3,0.0
312,S1,3,0.0
313,S1,3,120.97476615885941
314,S1,3,88.56360107606432
315,S1,3,168.59066720334974
316,S1,3,47.630973646514924
317,S1,3,0.0
318,S1,3,179.46084202178199
319,S1,3,83.28622726910393
320,S1,3,51.40768474545595
321,S1,3,0.0
322,S1,3,0.0
323,S1,3,0.0
324,S1,3,0.0
325,S1,3,0.0
101,S1,4,45.89960694234022
102,S1,4,40.407886694299805
103,S1,4,78.13037932521038
104,S1,4,32.15324188160699
105,S1,4,35.750858865128095
106,S1,4,65.55608327432859
107,S1,4,64.05543487626483
108,S1,4,86.25360997577434
109,S1,4,88.37869817169077
110,S1,4,106.42281364241954
111,S1,4,0.0
112,S1,4,0.0
113,S1,4,128.7480574046836
114,S1,4,104.64570073689538
115,S1,4,173.88288255263458
116,S1,4,52.442504764537475
117,S1,4,0.0
118,S1,4,163.85775117001066
119,S1,4,89.71589718636446
120,S1,4,65.63350889480044
121,S1,4,0.0
122,S1,4,0.0
123,S1,4,0.0
124,S1,4,0.0
201,S1,4,59.6089808728207
202,S1,4,50.708104483608906
203,S1,4,94.32399285769094
204,S1,4,38.5653001650363
205,S1,4,36.251334703199056
206,S1,4,71.9716598083555
207,S1,4,69.3967405133909
208,S1,4,93.82749641700156
209,S1,4,92.63755662982757
210,S1,4,110.95785191058476
211,S1,4,0.0
212,S1,4,0.0
213,S1,4,131.14469838028242
214,S1,4,118.1661309074208
215,S1,4,164.27127080096676
216,S1,4,55.72058683336137
217,S1,4,0.0
218,S1,4,204.70199882261036
219,S1,4,109.39735232211638
220,S1,4,69.39925154956099
221,S1,4,0.0
222,S1,4,0.0
223,S1,4,0.0
224,S1,4,0.0
301,S1,4,49.71375403015976
302,S1,4,46.964887516090606
303,S1,4,74.22984621121671
304,S1,4,34.82829520350893
305,S1,4,33.989884963752885
306,S1,4,63.976964657065075
307,S1,4,60.20191637719436
308,S1,4,67.19331711680856
309,S1,4,72.64534738565263
310,S1,4,85.53480182473675
311,S1,4,0.0
312,S1,4,0.0
313,S1,4,112.31647032265387
314,S1,4,88.02282555663504
315,S1,4,160.58956874571805
316,S1,4,48.32117718937343
317,S1,4,0.0
318,S1,4,165.81312409592365
319,S1,4,82.70913254564435
320,S1,4,49.93988640707212
321,S1,4,0.0
322,S1,4,0.0
323,S1,4,0.0
324,S1,4,0.0
325,S1,4,0.0
101,S1,5,46.407985031533066
102,S1,5,43.876931668302696
103,S1,5,77.39238822960424
104,S1,5,31.841346306477156
105,S1,5,36.36657837151774
106,S1,5,71.73722136209473
107,S1,5,65.98631698634762
108,S1,5,84.6961754402289
109,S1,5,91.67430483740375
110,S1,5,111.88756285752011
111,S1,5,0.0
112,S1,5,0.0
113,S1,5,131.62758203220724
114,S1,5,109.77320325850235
115,S1,5,177.630342885735
116,S1,5,52.202349734314275
117,S1,5,0.0
118,S1,5,173.96784375255984
119,S1,5,92.28531788924889
120,S1,5,65.84716333749282
121,S1,5,0.0
122,S1,5,0.0
123,S1,5,0.0
124,S1,5,0.0
201,S1,5,57.93163834548235
202,S1,5,50.91000956172438
203,S1,5,94.96495450046139
204,S1,5,41.545109669649406
205,S1,5,38.522854861045516
206,S1,5,75.58794473783107
207,S1,5,67.5486658150424
208,S1,5,93.30031905275884
209,S1,5,98.40921949598881
210,S1,5,117.56393117789375
211,S1,5,0.0
212,S1,5,0.0
213,S1,5,140.6986864438066
214,S1,5,114.66540886791917
215,S1,5,166.7209367294241
216,S1,5,51.12775517406914
217,S1,5,0.0
218,S1,5,199.89089355082277
219,S1,5,114.09409372757331
220,S1,5,70.03788874688144
221,S1,5,0.0
222,S1,5,0.0
223,S1,5,0.0
224,S1,5,0.0
301,S1,5,53.797342909677255
302,S1,5,48.20188949284553
303,S1,5,71.6358504488131
304,S1,5,36.343494216536826
305,S1,5,33.23155558088763
306,S1,5,62.731977109298064
307,S1,5,58.59791465613574
308,S1,5,70.88249256781057
309,S1,5,71.90928874833543
310,S1,5,89.07537554963976
311,S1,5,0.0
312,S1,5,0.0
313,S1,5,117.57813890631931
314,S1,5,89.98644453281227
315,S1,5,162.97055727593343
316,S1,5,49.42068311088236
317,S1,5,0.0
318,S1,5,182.8999188395566
319,S1,5,85.67271656729325
320,S1,5,53.40022216697381
321,S1,5,0.0
322,S1,5,0.0
323,S1,5,0.0
324,S1,5,0.0
325,S1,5,0.0
101,S1,6,48.36861785845274
102,S1,6,46.15365634169531
103,S1,6,87.8147382722884
104,S1,6,32.73017124391042
105,S1,6,37.277978622640475
106,S1,6,76.04690120696817
107,S1,6,68.09727849690788
108,S1,6,93.06690846825467
109,S1,6,98.86463213599289
110,S1,6,116.59810166216472
111,S1,6,0.0
112,S1,6,0.0
113,S1,6,139.90393022731175
114,S1,6,113.38751944115504
115,S1,6,192.00562368696092
116,S1,6,51.793201856247116
117,S1,6,0.0
118,S1,6,170.42370784661665
119,S1,6,91.95290282564633
120,S1,6,65.99134523238787
121,S1,6,0.0
122,S1,6,0.0
123,S1,6,0.0
124,S1,6,0.0
201,S1,6,58.29344547980761
202,S1,6,51.3970487882428
203,S1,6,101.33168487582766
204,S1,6,38.53975533881564
205,S1,6,39.10813011620946
206,S1,6,69.5194146841509
207,S1,6,67.90457878052429
208,S1,6,91.73583766342004
209,S1,6,93.3421287551382
210,S1,6,121.06338005703293
211,S1,6,0.0
212,S1,6,0.0
213,S1,6,144.022897852343
214,S1,6,112.95301676801557
215,S1,6,164.395588571236
216,S1,6,52.031973718375134
217,S1,6,0.0
218,S1,6,193.74399181417314
219,S1,6,113.18962680328943
220,S1,6,68.90844312349128
221,S1,6,0.0
222,S1,6,0.0
223,S1,6,0.0
224,S1,6,0.0
301,S1,6,53.43890052990241
302,S1,6,47.257698146478255
303,S1,6,74.93646306385048
304,S1,6,37.51357421855968
305,S1,6,34.27146252112358
306,S1,6,71.50122623187052
307,S1,6,62.58120531112484
308,S1,6,76.49703965660406
309,S1,6,77.17445407911647
310,S1,6,93.06052168981053
311,S1,6,0.0
312,S1,6,0.0
313,S1,6,126.03939131472578
314,S1,6,97.53327854515213
315,S1,6,171.27717833921267
316,S1,6,50.23736147756596
317,S1,6,0.0
318,S1,6,190.44323329156143
319,S1,6,87.03257264279182
320,S1,6,55.66762155937669
321,S1,6,0.0
322,S1,6,0.0
323,S1,6,0.0
324,S1,6,0.0
325,S1,6,0.0
101,S1,7,54.920123789486055
102,S1,7,46.789947170444265
103,S1,7,87.71009255196657
104,S1,7,36.72387019376311
105,S1,7,40.25626603160987
106,S1,7,81.62342844398906
107,S1,7,73.7004917759142
108,S1,7,102.13782143664051
109,S1,7,99.94333418073585
110,S1,7,121.87870110445552
111,S1,7,0.0
112,S1,7,0.0
113,S1,7,149.98462470451392
114,S1,7,123.40645025548844
115,S1,7,210.62977147776223
116,S1,7,57.14871475541766
117,S1,7,0.0
118,S1,7,182.78272837210133
119,S1,7,97.06559844281398
120,S1,7,75.6108903690722
121,S1,7,0.0
122,S1,7,0.0
123,S1,7,0.0
124,S1,7,0.0
201,S1,7,60.214912356115164
202,S1,7,56.952018802547045
203,S1,7,101.62967189136718
204,S1,7,40.52448943775222
205,S1,7,40.82264710171374
206,S1,7,75.1641248047143
207,S1,7,74.32198185170341
208,S1,7,97.68266353580752
209,S1,7,95.61509951470443
210,S1,7,121.4385272969853
211,S1,7,0.0
212,S1,7,0.0
213,S1,7,137.9891940033672
214,S1,7,126.03395816500608
215,S1,7,176.37610459504722
216,S1,7,55.849947003682814
217,S1,7,0.0
218,S1,7,220.70789453288316
219,S1,7,119.79916031314744
220,S1,7,75.19806446323831
221,S1,7,0.0
222,S1,7,0.0
223,S1,7,0.0
224,S1,7,0.0
301,S1,7,57.42615808204981
302,S1,7,51.46351713591172
303,S1,7,87.07904869243536
304,S1,7,40.834346996630074
305,S1,7,36.44323600144558
306,S1,7,73.83203794698015
307,S1,7,65.79092400553
308,S1,7,78.05125688685538
309,S1,7,82.39786716276845
310,S1,7,100.5036416352432
311,S1,7,0.0
312,S1,7,0.0
313,S1,7,143.11934793935555
314,S1,7,99.22303510568439
315,S1,7,182.7536944553031
316,S1,7,52.45839957889698
317,S1,7,0.0
318,S1,7,208.3706433649341
319,S1,7,91.91446629488864
320,S1,7,56.54562150243946
321,S1,7,0.0
322,S1,7,0.0
323,S1,7,0.0
324,S1,7,0.0
325,S1,7,0.0
101,S1,8,58.32978108768249
102,S1,8,51.59994030339457
103,S1,8,90.7204772433565
104,S1,8,37.62635996247229
105,S1,8,43.003259350308916
106,S1,8,81.44581879379933
107,S1,8,76.73802220027162
108,S1,8,106.48027609064579
109,S1,8,104.2772775043496
110,S1,8,132.00410761266357
111,S1,8,0.0
112,S1,8,0.0
113,S1,8,160.121263363396
114,S1,8,134.67022800703754
115,S1,8,210.18564052987625
116,S1,8,60.203768908382436
117,S1,8,0.0
118,S1,8,191.40890852911164
119,S1,8,109.93635522671494
120,S1,8,82.7205903150313
121,S1,8,0.0
122,S1,8,0.0
123,S1,8,0.0
124,S1,8,0.0
201,S1,8,66.34238907099878
202,S1,8,61.15363824425741
203,S1,8,109.53692861618467
204,S1,8,47.93035883309836
205,S1,8,45.791034124955
206,S1,8,80.90641363559087
207,S1,8,77.8970346890557
208,S1,8,101.56853834889768
209,S1,8,112.5376248214882
210,S1,8,132.88441468132308
211,S1,8,0.0
212,S1,8,0.0
213,S1,8,155.6193768286296
214,S1,8,140.17800674564157
215,S1,8,188.56144584435913
216,S1,8,60.62269794571377
217,S1,8,0.0
218,S1,8,230.57847145164425
219,S1,8,120.95018901194084
220,S1,8,81.61947126002848
221,S1,8,0.0
222,S1,8,0.0
223,S1,8,0.0
224,S1,8,0.0
301,S1,8,64.3427498312454
302,S1,8,55.520732001739724
303,S1,8,92.4743897425643
304,S1,8,44.26267179262756
305,S1,8,41.63202454375618
306,S1,8,79.6877194066463
307,S1,8,73.4040765392353
308,S1,8,84.96778752023577
309,S1,8,94.20998801252675
310,S1,8,116.16888761388243
311,S1,8,0.0
312,S1,8,0.0
313,S1,8,159.14973140210185
314,S1,8,115.66272827350589
315,S1,8,212.3248482950962
316,S1,8,58.981196092937836
317,S1,8,0.0
318,S1,8,225.01839288004228
319,S1,8,101.07952194019637
320,S1,8,65.45851480740204
321,S1,8,0.0
322,S1,8,0.0
323,S1,8,0.0
324,S1,8,0.0
325,S1,8,0.0
101,S1,9,59.72173988548317
102,S1,9,56.9499973426065
103,S1,9,101.75603853159251
104,S1,9,42.127476586461285
105,S1,9,48.31575300805785
106,S1,9,87.94080043985431
107,S1,9,86.35121712436913
108,S1,9,111.31806190930727
109,S1,9,116.49289143978649
110,S1,9,144.28875008969587
111,S1,9,0.0
112,S1,9,0.0
113,S1,9,176.03483349340988
114,S1,9,146.2605856970827
115,S1,9,225.0326682588439
116,S1,9,67.88783555496845
117,S1,9,0.0
118,S1,9,201.8147435768134
119,S1,9,116.64281073648753
120,S1,9,80.3145641817133
121,S1,9,0.0
122,S1,9,0.0
123,S1,9,0.0
124,S1,9,0.0
201,S1,9,73.53060086029579
202,S1,9,64.83327296067705
203,S1,9,121.53760742555284
204,S1,9,48.60698380955016
205,S1,9,45.996436503483494
206,S1,9,89.32310448870865
207,S1,9,81.82943993639118
208,S1,9,117.59351527054697
209,S1,9,118.54661922912614
210,S1,9,148.78038938947896
211,S1,9,0.0
212,S1,9,0.0
213,S1,9,170.7336613447434
214,S1,9,147.96843019716695
215,S1,9,206.3373095441415
216,S1,9,69.48640082627054
217,S1,9,0.0
218,S1,9,248.46756301126513
219,S1,9,140.41840231515118
220,S1,9,82.80710684323745
221,S1,9,0.0
222,S1,9,0.0
223,S1,9,0.0
224,S1,9,0.0
301,S1,9,73.62848340941169
302,S1,9,62.56278220113042
303,S1,9,104.9539789596888
304,S1,9,47.271349483695666
305,S1,9,45.48408610605862
306,S1,9,92.74430523830316
307,S1,9,81.99056671355095
308,S1,9,96.56030926007271
309,S1,9,102.79813270168492
310,S1,9,120.0675056063055
311,S1,9,0.0
312,S1,9,0.0
313,S1,9,163.87805969717252
314,S1,9,119.30162403464495
315,S1,9,246.23387379009094
316,S1,9,65.5867213399303
317,S1,9,0.0
318,S1,9,255.31669457531945
319,S1,9,117.6055293912216
320,S1,9,76.17419525539766
321,S1,9,0.0
322,S1,9,0.0
323,S1,9,0.0
324,S1,9,0.0
325,S1,9,0.0
101,S1,10,68.7219632555792
102,S1,10,60.785225536894416
103,S1,10,105.93191780581604
104,S1,10,43.38206251286754
105,S1,10,51.612697772749925
106,S1,10,97.96732755979629
107,S1,10,85.91485752167118
108,S1,10,117.7025681156752
109,S1,10,126.29652802705898
110,S1,10,150.5958738903229
111,S1,10,0.0
112,S1,10,0.0
113,S1,10,173.11957846588163
114,S1,10,161.91076384899716
115,S1,10,256.40947047910083
116,S1,10,74.10915819509425
117,S1,10,0.0
118,S1,10,223.40019116059898
119,S1,10,122.39683883278167
120,S1,10,86.62369522955878
121,S1,10,0.0
122,S1,10,0.0
123,S1,10,0.0
124,S1,10,0.0
201,S1,10,76.97371862448875
202,S1,10,73.8349277230322
203,S1,10,133.90271787204034
204,S1,10,57.292652127675076
205,S1,10,52.273084585556795
206,S1,10,101.66267868358108
207,S1,10,93.2966552819384
208,S1,10,131.90004226284339
209,S1,10,131.61156935168026
210,S1,10,158.69917533293784
211,S1,10,0.0
212,S1,10,0.0
213,S1,10,188.01778393018466
214,S1,10,158.201715389593
215,S1,10,233.15247162064654
216,S1,10,74.13712614747753
217,S1,10,0.0
218,S1,10,264.722739467384
219,S1,10,146.55380778801467
220,S1,10,90.27477083029497
221,S1,10,0.0
222,S1,10,0.0
223,S1,10,0.0
224,S1,10,0.0
301,S1,10,77.67183508974031
302,S1,10,71.59006949783902
303,S1,10,113.45507282053705
304,S1,10,53.600343747329426
305,S1,10,51.53926412027539
306,S1,10,94.20511164616505
307,S1,10,94.55315928661466
308,S1,10,103.06817200939402
309,S1,10,105.15979019945348
310,S1,10,131.05777054003923
311,S1,10,0.0
312,S1,10,0.0
313,S1,10,194.44439915785696
314,S1,10,139.3175022737028
315,S1,10,247.20042054263743
316,S1,10,73.4876651961254
317,S1,10,0.0
318,S1,10,283.89912056379103
319,S1,10,131.96217286780694
320,S1,10,81.81836429963909
321,S1,10,0.0
322,S1,10,0.0
323,S1,10,0.0
324,S1,10,0.0
325,S1,10,0.0
101,S1,11,70.81771411733178
102,S1,11,64.33752940247649
103,S1,11,123.37537056016464
104,S1,11,48.61553357209651
105,S1,11,54.621192653626785
106,S1,11,105.74447002106668
107,S1,11,95.67856834136796
108,S1,11,135.23779839174404
109,S1,11,135.96965792075903
110,S1,11,169.72677933379344
111,S1,11,0.0
112,S1,11,0.0
113,S1,11,205.33917559652977
114,S1,11,165.41198712753672
115,S1,11,260.6976703996448
116,S1,11,76.7500154974314
117,S1,11,0.0
118,S1,11,240.62938728977727
119,S1,11,134.55631026797138
120,S1,11,96.28699990850302
121,S1,11,0.0
122,S1,11,0.0
123,S1,11,0.0
124,S1,11,0.0
201,S1,11,86.46384733663976
202,S1,11,81.01453198956817
203,S1,11,138.3847213591487
204,S1,11,58.34787547559677
205,S1,11,55.121935654252184
206,S1,11,104.05547412173318
207,S1,11,96.57885733785905
208,S1,11,135.33524180865035
209,S1,11,134.38538950012963
210,S1,11,167.6187217687957
211,S1,11,0.0
212,S1,11,0.0
213,S1,11,193.8619015808097
214,S1,11,168.33868563594996
215,S1,11,238.1702269598408
216,S1,11,82.2994444686652
217,S1,11,0.0
218,S1,11,310.274615802995
219,S1,11,155.24269765741516
220,S1,11,98.87187820299334
221,S1,11,0.0
222,S1,11,0.0
223,S1,11,0.0
224,S1,11,0.0
301,S1,11,86.75641971138592
302,S1,11,80.53014444425908
303,S1,11,124.19463822369413
304,S1,11,56.332283390926456
305,S1,11,59.287816116995415
306,S1,11,113.77071969140084
307,S1,11,101.72499450571101
308,S1,11,121.40359325194514
309,S1,11,120.3337539137705
310,S1,11,156.45153879204042
311,S1,11,0.0
312,S1,11,0.0
313,S1,11,213.29486690532445
314,S1,11,151.41941813669897
315,S1,11,296.7872189412813
316,S1,11,76.2160415468269
317,S1,11,0.0
318,S1,11,302.2644204917913
319,S1,11,136.10489783682033
320,S1,11,83.54963582640032
321,S1,11,0.0
322,S1,11,0.0
323,S1,11,0.0
324,S1,11,0.0
325,S1,11,0.0
101,S1,12,76.42501032542171
102,S1,12,68.64730362470644
103,S1,12,126.99675094705306
104,S1,12,52.33238521008654
105,S1,12,58.123266899372396
106,S1,12,106.41089848298361
107,S1,12,100.8630856165904
108,S1,12,140.56814562615557
109,S1,12,142.8137629207123
110,S1,12,174.26527003389782
111,S1,12,0.0
112,S1,12,0.0
113,S1,12,200.4702261608674
114,S1,12,181.0697207567684
115,S1,12,281.43706539585963
116,S1,12,79.74755177053783
117,S1,12,0.0
118,S1,12,262.8260845032862
119,S1,12,140.46206965853224
120,S1,12,102.51761681346582
121,S1,12,0.0
122,S1,12,0.0
123,S1,12,0.0
124,S1,12,0.0
201,S1,12,95.15431998450505
202,S1,12,80.3126583545454
203,S1,12,161.5686822557046
204,S1,12,65.92898877810686
205,S1,12,62.74517891630907
206,S1,12,120.70015531123781
207,S1,12,107.19336959334439
208,S1,12,149.8613454901576
209,S1,12,153.26566738245018
210,S1,12,184.43477758989167
211,S1,12,0.0
212,S1,12,0.0
213,S1,12,208.51038330594972
214,S1,12,184.5565472776915
215,S1,12,274.7393854363541
216,S1,12,85.95809677387875
217,S1,12,0.0
218,S1,12,322.7933669035665
219,S1,12,174.5033533531112
220,S1,12,108.46306200252243
221,S1,12,0.0
222,S1,12,0.0
223,S1,12,0.0
224,S1,12,0.0
301,S1,12,93.14165768042366
302,S1,12,82.53295664998045
303,S1,12,132.5095876279574
304,S1,12,65.74616678953907
305,S1,12,63.109853395639014
306,S1,12,119.53609845111068
307,S1,12,107.03488171723214
308,S1,12,128.80545003179307
309,S1,12,137.61599228021643
310,S1,12,161.41479492457177
311,S1,12,0.0
312,S1,12,0.0
313,S1,12,224.87135728433142
314,S1,12,158.95714410708567
315,S1,12,309.11547709065337
316,S1,12,91.17227566688236
317,S1,12,0.0
318,S1,12,325.73188009067786
319,S1,12,154.69088259078907
320,S1,12,92.39703027398959
321,S1,12,0.0
322,S1,12,0.0
323,S1,12,0.0
324,S1,12,0.0
325,S1,12,0.0
101,S1,13,79.72628418317794
102,S1,13,70.53440325064602
103,S1,13,128.95208025225307
104,S1,13,55.66668003767756
105,S1,13,58.252628755258506
106,S1,13,118.4177628197068
107,S1,13,103.54174269554336
108,S1,13,152.50460057502042
109,S1,13,150.20933117017634
110,S1,13,180.38071677912583
111,S1,13,0.0
112,S1,13,0.0
113,S1,13,226.2605825273535
114,S1,13,191.82780917788094
115,S1,13,316.6050598407729
116,S1,13,84.16857881947774
117,S1,13,0.0
118,S1,13,274.38374194178635
119,S1,13,147.42398916954429
120,S1,13,108.42340771450417
121,S1,13,0.0
122,S1,13,0.0
123,S1,13,0.0
124,S1,13,0.0
201,S1,13,100.00692395342999
202,S1,13,89.94006854690915
203,S1,13,167.67331187548655
204,S1,13,66.53668598283924
205,S1,13,66.83196380888027
206,S1,13,125.5103409575591
207,S1,13,109.69774229756864
208,S1,13,149.0671317924435
209,S1,13,157.06095801484096
210,S1,13,200.30285501417725
211,S1,13,0.0
212,S1,13,0.0
213,S1,13,234.442072596884
214,S1,13,193.3836790730148
215,S1,13,278.40851727879965
216,S1,13,95.06604355070205
217,S1,13,0.0
218,S1,13,333.4575588707329
219,S1,13,191.82348069786184
220,S1,13,113.22170387714317
221,S1,13,0.0
222,S1,13,0.0
223,S1,13,0.0
224,S1,13,0.0
301,S1,13,98.15692127840322
302,S1,13,90.53602454488075
303,S1,13,146.6660917158563
304,S1,13,69.16831363743496
305,S1,13,65.8992323815337
306,S1,13,127.78569332134812
307,S1,13,112.30744432098943
308,S1,13,135.55468699366895
309,S1,13,134.89264434336957
310,S1,13,178.24014298182243
311,S1,13,0.0
312,S1,13,0.0
313,S1,13,237.84305974605883
314,S1,13,184.129906354232
315,S1,13,338.01873321064534
316,S1,13,94.31701006771388
317,S1,13,0.0
318,S1,13,366.19100159233415
319,S1,13,160.34643118543116
320,S1,13,105.16876171003659
321,S1,13,0.0
322,S1,13,0.0
323,S1,13,0.0
324,S1,13,0.0
325,S1,13,0.0
101,S1,14,80.85844843920906
102,S1,14,74.12250487110784
103,S1,14,137.6576051265604
104,S1,14,57.695730779753916
105,S1,14,66.19153953533718
106,S1,14,126.11456139600197
107,S1,14,115.31189518973218
108,S1,14,154.0537943010806
109,S1,14,154.81585147547875
110,S1,14,202.71001926283046
111,S1,14,0.0
112,S1,14,0.0
113,S1,14,222.5669869230508
114,S1,14,188.26732849077226
115,S1,14,321.7173697523211
116,S1,14,89.31676494094478
117,S1,14,0.0
118,S1,14,285.40422990800096
119,S1,14,151.2896238495324
120,S1,14,109.26072473683374
121,S1,14,0.0
122,S1,14,0.0
123,S1,14,0.0
124,S1,14,0.0
201,S1,14,102.15844160404245
202,S1,14,92.06617457079737
203,S1,14,176.87241743779725
204,S1,14,70.16904549238262
205,S1,14,65.92891192651851
206,S1,14,125.07439117442235
207,S1,14,121.70355001367581
208,S1,14,153.66810363624364
209,S1,14,156.76462729179084
210,S1,14,201.27520214361365
211,S1,14,0.0
212,S1,14,0.0
213,S1,14,229.4447176394508
214,S1,14,195.43570277486782
215,S1,14,295.02039836625755
216,S1,14,97.14463719354731
217,S1,14,0.0
218,S1,14,348.74376108129394
219,S1,14,191.62147817317387
220,S1,14,115.36084388960735
221,S1,14,0.0
222,S1,14,0.0
223,S1,14,0.0
224,S1,14,0.0
301,S1,14,102.01887819133168
302,S1,14,100.20411217638957
303,S1,14,156.8306433187337
304,S1,14,72.26133499631858
305,S1,14,72.99036009724936
306,S1,14,128.35593957557504
307,S1,14,125.28781824853435
308,S1,14,143.5969348643341
309,S1,14,155.37489018271995
310,S1,14,183.74752035769217
311,S1,14,0.0
312,S1,14,0.0
313,S1,14,257.37861848504855
314,S1,14,193.02705261213754
315,S1,14,346.1415687124828
316,S1,14,97.69538013727355
317,S1,14,0.0
318,S1,14,374.8141269683597
319,S1,14,171.9653039793143
320,S1,14,107.50474267162004
321,S1,14,0.0
322,S1,14,0.0
323,S1,14,0.0
324,S1,14,0.0
325,S1,14,0.0
101,S1,15,83.16664685082587
102,S1,15,78.85559890966022
103,S1,15,146.10783318171545
104,S1,15,59.53495872154434
105,S1,15,64.27044892237919
106,S1,15,127.94573296888248
107,S1,15,113.67520054362707
108,S1,15,159.0108205913696
109,S1,15,161.83304030745754
110,S1,15,202.76818510535298
111,S1,15,0.0
112,S1,15,0.0
113,S1,15,242.80938570777272
114,S1,15,195.60664400163142
115,S1,15,333.66240193867867
116,S1,15,92.7235258672305
117,S1,15,0.0
118,S1,15,291.9387663699683
119,S1,15,152.5222309689031
120,S1,15,118.74200233700164
121,S1,15,0.0
122,S1,15,0.0
123,S1,15,0.0
124,S1,15,0.0
201,S1,15,100.30724527205889
202,S1,15,96.81389009641114
203,S1,15,176.13175923712683
204,S1,15,70.38454341526707
205,S1,15,66.96088117169963
206,S1,15,130.33693861540843
207,S1,15,125.0026481524824
208,S1,15,160.51076001016764
209,S1,15,173.65687033252337
210,S1,15,203.65554870509166
211,S1,15,0.0
212,S1,15,0.0
213,S1,15,240.23424376638576
214,S1,15,204.09604130782677
215,S1,15,304.41866611170167
216,S1,15,96.9900877996254
217,S1,15,0.0
218,S1,15,353.46193522298546
219,S1,15,192.47687598643023
220,S1,15,121.9911224759816
221,S1,15,0.0
222,S1,15,0.0
223,S1,15,0.0
224,S1,15,0.0
301,S1,15,107.25031786681161
302,S1,15,98.74425895804937
303,S1,15,156.1057535664909
304,S1,15,74.51355035448691
305,S1,15,69.99365889580986
306,S1,15,139.54453201923232
307,S1,15,123.57931311572787
308,S1,15,144.86459696509112
309,S1,15,146.75389064717373
310,S1,15,187.4446822988466
311,S1,15,0.0
312,S1,15,0.0
313,S1,15,257.88190024590676
314,S1,15,193.65643459376028
315,S1,15,347.72480033780255
316,S1,15,104.75637849753299
317,S1,15,0.0
318,S1,15,358.64416566789737
319,S1,15,171.39039948665015
320,S1,15,107.45598262311754
321,S1,15,0.0
322,S1,15,0.0
323,S1,15,0.0
324,S1,15,0.0
325,S1,15,0.0
101,S1,16,82.37896088701105
102,S1,16,74.75048572897884
103,S1,16,146.34113720576943
104,S1,16,61.496744305989445
105,S1,16,68.77887938742256
106,S1,16,126.43965260968795
107,S1,16,111.15940290612086
108,S1,16,160.13243894446902
109,S1,16,162.3166501871523
110,S1,16,204.61877475840447
111,S1,16,0.0
112,S1,16,0.0
113,S1,16,234.43697746233292
114,S1,16,193.49174193184106
115,S1,16,345.1550655069809
116,S1,16,96.37931333749505
117,S1,16,0.0
118,S1,16,284.30142793222393
119,S1,16,162.8842617523948
120,S1,16,121.31759760310489
121,S1,16,0.0
122,S1,16,0.0
123,S1,16,0.0
124,S1,16,0.0
201,S1,16,99.10272289991939
202,S1,16,95.9850027809099
203,S1,16,169.7340407682688
204,S1,16,74.30826270209255
205,S1,16,68.79539139290185
206,S1,16,135.4183889463153
207,S1,16,119.72691538047026
208,S1,16,171.85290989266468
209,S1,16,167.1702939837085
210,S1,16,203.05049284596222
211,S1,16,0.0
212,S1,16,0.0
213,S1,16,237.6879929403594
214,S1,16,207.19318353585953
215,S1,16,280.9112710486654
216,S1,16,95.89909671912964
217,S1,16,0.0
218,S1,16,370.8868402920015
219,S1,16,194.16643958174635
220,S1,16,125.00244329875908
221,S1,16,0.0
222,S1,16,0.0
223,S1,16,0.0
224,S1,16,0.0
301,S1,16,102.52555098780985
302,S1,16,90.59926742739643
303,S1,16,151.55015870160807
304,S1,16,70.91479100339363
305,S1,16,65.5072133642424
306,S1,16,127.69708715935441
307,S1,16,122.64583363915405
308,S1,16,143.2606755193771
309,S1,16,137.13448991803136
310,S1,16,172.4370271051575
311,S1,16,0.0
312,S1,16,0.0
313,S1,16,241.36189617895812
314,S1,16,171.04602357748232
315,S1,16,356.20817698468767
316,S1,16,94.33158364046463
317,S1,16,0.0
318,S1,16,348.5887720735272
319,S1,16,161.98692591198866
320,S1,16,103.55749681604277
321,S1,16,0.0
322,S1,16,0.0
323,S1,16,0.0
324,S1,16,0.0
325,S1,16,0.0
101,S1,17,83.00930794800686
102,S1,17,73.68473523073365
103,S1,17,142.7918917432166
104,S1,17,55.01414881481174
105,S1,17,61.45289705650939
106,S1,17,122.62406729915307
107,S1,17,114.17278826919866
108,S1,17,151.69776100360303
109,S1,17,158.3485202653159
110,S1,17,195.32526391374492
111,S1,17,0.0
112,S1,17,0.0
113,S1,17,238.97564782281165
114,S1,17,194.37829688435116
115,S1,17,331.4952749756115
116,S1,17,90.5499792960463
117,S1,17,0.0
118,S1,17,281.56669487860813
119,S1,17,163.90285455890174
120,S1,17,115.20482163054983
121,S1,17,0.0
122,S1,17,0.0
123,S1,17,0.0
124,S1,17,0.0
201,S1,17,102.29078921664671
202,S1,17,95.99985746823428
203,S1,17,178.06396340054008
204,S1,17,67.82607540595923
205,S1,17,67.1154964448426
206,S1,17,134.17896220732945
207,S1,17,124.03073710205136
208,S1,17,165.85712913931948
209,S1,17,161.3297960876496
210,S1,17,199.59158632953893
211,S1,17,0.0
212,S1,17,0.0
213,S1,17,232.01299998519642
214,S1,17,202.54336212195977
215,S1,17,284.11626190843924
216,S1,17,99.43951784333188
217,S1,17,0.0
218,S1,17,365.972727637472
219,S1,17,200.70925002407603
220,S1,17,119.01327287177207
221,S1,17,0.0
222,S1,17,0.0
223,S1,17,0.0
224,S1,17,0.0
301,S1,17,93.28205588635164
302,S1,17,92.35308103021576
303,S1,17,136.38544437307567
304,S1,17,68.04669671101529
305,S1,17,63.30410656821899
306,S1,17,120.45119323982117
307,S1,17,118.94614167500563
308,S1,17,138.0623338875454
309,S1,17,139.17005968269788
310,S1,17,171.2554182598128
311,S1,17,0.0
312,S1,17,0.0
313,S1,17,239.71670276215121
314,S1,17,170.9744222913767
315,S1,17,322.163267504907
316,S1,17,92.49151760843121
317,S1,17,0.0
318,S1,17,323.8599924262096
319,S1,17,160.71002405568467
320,S1,17,103.7002735744347
321,S1,17,0.0
322,S1,17,0.0
323,S1,17,0.0
324,S1,17,0.0
325,S1,17,0.0
101,S1,18,78.30375314521459
102,S1,18,71.91067670945056
103,S1,18,131.79572445610182
104,S1,18,55.52148224296909
105,S1,18,61.34779583568318
106,S1,18,113.46963050921515
107,S1,18,109.54113475461446
108,S1,18,137.19807840908535
109,S1,18,148.4342195602326
110,S1,18,182.93479648238977
111,S1,18,0.0
112,S1,18,0.0
113,S1,18,206.249992398154
114,S1,18,190.08090960610463
115,S1,18,309.00754214062266
116,S1,18,87.83525909191813
117,S1,18,0.0
118,S1,18,262.47911861709014
119,S1,18,142.4141201795748
120,S1,18,104.36755058164651
121,S1,18,0.0
122,S1,18,0.0
123,S1,18,0.0
124,S1,18,0.0
201,S1,18,100.61736172860991
202,S1,18,88.49409799524294
203,S1,18,161.3269953999555
204,S1,18,66.61040025118261
205,S1,18,66.55093321050033
206,S1,18,125.4987511263583
207,S1,18,117.30291238554994
208,S1,18,158.70667558669547
209,S1,18,156.05654176982586
210,S1,18,194.8816707593805
211,S1,18,0.0
212,S1,18,0.0
213,S1,18,230.74265401013304
214,S1,18,196.3487630455116
215,S1,18,266.3895352345045
216,S1,18,89.85161357897832
217,S1,18,0.0
218,S1,18,329.6552364200218
219,S1,18,185.2402039269701
220,S1,18,117.58221326795974
221,S1,18,0.0
222,S1,18,0.0
223,S1,18,0.0
224,S1,18,0.0
301,S1,18,90.70046392868832
302,S1,18,81.60083199411099
303,S1,18,131.18921656592204
304,S1,18,62.99172815396704
305,S1,18,57.38842357107785
306,S1,18,107.22302442436337
307,S1,18,99.63658450752612
308,S1,18,118.10856910072843
309,S1,18,118.53550599039076
310,S1,18,149.4239509796346
311,S1,18,0.0
312,S1,18,0.0
313,S1,18,205.85378051687275
314,S1,18,152.1981630524239
315,S1,18,301.8910754222871
316,S1,18,78.46263547578717
317,S1,18,0.0
318,S1,18,320.79281788889847
319,S1,18,148.87026751042555
320,S1,18,88.60953896285932
321,S1,18,0.0
322,S1,18,0.0
323,S1,18,0.0
324,S1,18,0.0
325,S1,18,0.0
101,S1,19,78.91068520562591
102,S1,19,70.53922640040243
103,S1,19,132.52988448854813
104,S1,19,52.50370506524053
105,S1,19,59.942886725901914
106,S1,19,111.16850319507932
107,S1,19,99.09421938343274
108,S1,19,143.5398100098308
109,S1,19,138.72484047224515
110,S1,19,171.97640555836048
111,S1,19,0.0
112,S1,19,0.0
113,S1,19,206.68148176964488
114,S1,19,180.44073236158405
115,S1,19,287.2500992739684
116,S1,19,80.1506153667302
117,S1,19,0.0
118,S1,19,258.2511523081724
119,S1,19,146.2518344783492
120,S1,19,109.81327666292597
121,S1,19,0.0
122,S1,19,0.0
123,S1,19,0.0
124,S1,19,0.0
201,S1,19,95.76013384680454
202,S1,19,87.72517301604911
203,S1,19,163.16721073420695
204,S1,19,67.24427926713416
205,S1,19,60.50932607854343
206,S1,19,124.03187943681274
207,S1,19,109.50426596827984
208,S1,19,146.49816889335602
209,S1,19,162.06570811955476
210,S1,19,195.58794399230567
211,S1,19,0.0
212,S1,19,0.0
213,S1,19,214.79451376165602
214,S1,19,193.45049259650014
215,S1,19,258.61561273352834
216,S1,19,91.90726045699961
217,S1,19,0.0
218,S1,19,315.01647619982197
219,S1,19,176.07964502720216
220,S1,19,109.11227906484793
221,S1,19,0.0
222,S1,19,0.0
223,S1,19,0.0
224,S1,19,0.0
301,S1,19,83.23630419532
302,S1,19,71.80528643714489
303,S1,19,123.00617258899496
304,S1,19,57.89651154966245
305,S1,19,54.9901619819623
306,S1,19,110.36945178060627
307,S1,19,92.41552188299369
308,S1,19,113.44599144973412
309,S1,19,113.14205656133967
310,S1,19,142.83695856563722
311,S1,19,0.0
312,S1,19,0.0
313,S1,19,201.6708161973563
314,S1,19,147.64618650134074
315,S1,19,264.0743411395127
316,S1,19,76.8910056706876
317,S1,19,0.0
318,S1,19,299.29067253377167
319,S1,19,140.50480025874572
320,S1,19,83.66146591807588
321,S1,19,0.0
322,S1,19,0.0
323,S1,19,0.0
324,S1,19,0.0
325,S1,19,0.0
101,S1,20,76.06675547050762
102,S1,20,62.448375133873604
103,S1,20,118.98553921513682
104,S1,20,50.53489692459034
105,S1,20,52.89283506877854
106,S1,20,101.35342811751025
107,S1,20,94.72048822797863
108,S1,20,129.9822216793045
109,S1,20,136.40103373192372
110,S1,20,164.1223702571813
111,S1,20,0.0
112,S1,20,0.0
113,S1,20,208.2580716955692
114,S1,20,164.84492762949623
115,S1,20,280.86249343925243
116,S1,20,81.63542664349063
117,S1,20,0.0
118,S1,20,263.9590559576141
119,S1,20,135.55206452722055
120,S1,20,95.7454634782774
121,S1,20,0.0
122,S1,20,0.0
123,S1,20,0.0
124,S1,20,0.0
201,S1,20,92.60183195111611
202,S1,20,79.58487076521857
203,S1,20,152.62893257843308
204,S1,20,63.76589002559785
205,S1,20,62.54749706783414
206,S1,20,118.19570129892757
207,S1,20,109.00661481096797
208,S1,20,143.00208490621293
209,S1,20,156.0659556537703
210,S1,20,180.07701267232656
211,S1,20,0.0
212,S1,20,0.0
213,S1,20,219.78033040444834
214,S1,20,193.61305614731643
215,S1,20,276.02800533674406
216,S1,20,87.76782498309458
217,S1,20,0.0
218,S1,20,318.8286862339202
219,S1,20,172.39414464133995
220,S1,20,114.44021047467395
221,S1,20,0.0
222,S1,20,0.0
223,S1,20,0.0
224,S1,20,0.0
301,S1,20,85.95386147781953
302,S1,20,77.7191699020218
303,S1,20,123.31976132856114
304,S1,20,57.481746862689015
305,S1,20,54.0967274626463
306,S1,20,102.2709515312043
307,S1,20,93.2250881374611
308,S1,20,116.91778128564863
309,S1,20,109.90545855687937
310,S1,20,142.0238069375727
311,S1,20,0.0
312,S1,20,0.0
313,S1,20,187.17727484470458
314,S1,20,142.76729491402384
315,S1,20,279.07437937495746
316,S1,20,76.55483140981934
317,S1,20,0.0
318,S1,20,293.9356312261616
319,S1,20,134.31191062795827
320,S1,20,81.56076586327018
321,S1,20,0.0
322,S1,20,0.0
323,S1,20,0.0
324,S1,20,0.0
325,S1,20,0.0
101,S1,21,68.65772614031204
102,S1,21,61.650871872828226
103,S1,21,108.55721081149991
104,S1,21,45.111984327419684
105,S1,21,53.15750848213852
106,S1,21,101.18093214826492
107,S1,21,89.88827273547847
108,S1,21,127.94624056666845
109,S1,21,127.24367581456664
110,S1,21,153.29943366045592
111,S1,21,0.0
112,S1,21,0.0
113,S1,21,187.3493541113507
114,S1,21,165.3066979199453
115,S1,21,245.2123183334619
116,S1,21,74.26272235639097
117,S1,21,0.0
118,S1,21,224.30387738384408
119,S1,21,129.34504450553695
120,S1,21,89.70082549786777
121,S1,21,0.0
122,S1,21,0.0
123,S1,21,0.0
124,S1,21,0.0
201,S1,21,84.63407310152607
202,S1,21,77.91672291656732
203,S1,21,151.99974351223267
204,S1,21,61.33296613304947
205,S1,21,58.265642216681165
206,S1,21,110.63427611797083
207,S1,21,102.74673987654957
208,S1,21,131.53028144329625
209,S1,21,134.83323702216495
210,S1,21,184.7956754763301
211,S1,21,0.0
212,S1,21,0.0
213,S1,21,207.51838631884513
214,S1,21,176.07032809024176
215,S1,21,234.04117549672006
216,S1,21,77.5466121263421
217,S1,21,0.0
218,S1,21,312.89965157976485
219,S1,21,156.0982674786397
220,S1,21,99.08539207147703
221,S1,21,0.0
222,S1,21,0.0
223,S1,21,0.0
224,S1,21,0.0
301,S1,21,76.2504042564558
302,S1,21,70.50096983231106
303,S1,21,107.61985933006322
304,S1,21,54.0796603104644
305,S1,21,52.09376124119753
306,S1,21,94.86873216105076
307,S1,21,91.30932352359716
308,S1,21,106.01476398446205
309,S1,21,109.66611651189099
310,S1,21,130.03778852803222
311,S1,21,0.0
312,S1,21,0.0
313,S1,21,171.35339785210434
314,S1,21,135.37819953235348
315,S1,21,245.97912357179172
316,S1,21,67.22789684668841
317,S1,21,0.0
318,S1,21,261.6769007312794
319,S1,21,120.08643054370775
320,S1,21,73.63233353742139
321,S1,21,0.0
322,S1,21,0.0
323,S1,21,0.0
324,S1,21,0.0
325,S1,21,0.0
101,S1,22,61.13740659142934
102,S1,22,55.02723691315352
103,S1,22,99.41313348401775
104,S1,22,40.561312397223865
105,S1,22,44.63243296064394
106,S1,22,86.99539435990066
107,S1,22,80.77371876279028
108,S1,22,109.63945886191286
109,S1,22,112.22767410582085
110,S1,22,136.42564790544307
111,S1,22,0.0
112,S1,22,0.0
113,S1,22,160.334025468715
114,S1,22,145.15889433665478
115,S1,22,242.9966452308412
116,S1,22,62.381545958326754
117,S1,22,0.0
118,S1,22,217.43885671227568
119,S1,22,113.67040771996452
120,S1,22,80.00085270570031
121,S1,22,0.0
122,S1,22,0.0
123,S1,22,0.0
124,S1,22,0.0
201,S1,22,77.33622863391099
202,S1,22,74.06779027281377
203,S1,22,138.74360506298765
204,S1,22,53.554003733846315
205,S1,22,53.51426515510043
206,S1,22,96.8680202630675
207,S1,22,91.50773486790146
208,S1,22,125.54375486194724
209,S1,22,131.4408199998614
210,S1,22,163.4151928447901
211,S1,22,0.0
212,S1,22,0.0
213,S1,22,195.09075007402797
214,S1,22,158.83614458101582
215,S1,22,220.7735125789338
216,S1,22,73.56434528707678
217,S1,22,0.0
218,S1,22,289.1093859388226
219,S1,22,157.36581455033067
220,S1,22,91.85537268963895
221,S1,22,0.0
222,S1,22,0.0
223,S1,22,0.0
224,S1,22,0.0
301,S1,22,66.53655120028267
302,S1,22,61.879732188700146
303,S1,22,92.62683925512738
304,S1,22,46.347089575159494
305,S1,22,42.71906546893037
306,S1,22,86.19683446203719
307,S1,22,80.5470890924419
308,S1,22,94.63905575018212
309,S1,22,98.52591222790448
310,S1,22,114.78818247734424
311,S1,22,0.0
312,S1,22,0.0
313,S1,22,153.514026959584
314,S1,22,113.3275517120467
315,S1,22,221.86309555667358
316,S1,22,63.91485159522712
317,S1,22,0.0
318,S1,22,226.49481586367403
319,S1,22,112.105698408405
320,S1,22,70.32110998482314
321,S1,22,0.0
322,S1,22,0.0
323,S1,22,0.0
324,S1,22,0.0
325,S1,22,0.0
101,S1,23,55.270983516405096
102,S1,23,50.34775495650262
103,S1,23,90.78908130072783
104,S1,23,37.74536386127865
105,S1,23,43.841622060753956
106,S1,23,83.09261553089704
107,S1,23,73.95377869393569
108,S1,23,100.47447540167707
109,S1,23,101.71766603347146
110,S1,23,123.34920441716656
111,S1,23,0.0
112,S1,23,0.0
113,S1,23,156.7573085411541
114,S1,23,129.266364669584
115,S1,23,207.12181534339268
116,S1,23,60.44140804047461
117,S1,23,0.0
118,S1,23,195.3291177501236
119,S1,23,102.79669625347344
120,S1,23,78.54445874806494
121,S1,23,0.0
122,S1,23,0.0
123,S1,23,0.0
124,S1,23,0.0
201,S1,23,74.9307813719669
202,S1,23,66.3830359391203
203,S1,23,120.28591725321716
204,S1,23,51.36478013332484
205,S1,23,48.16985523734847
206,S1,23,88.8739964364655
207,S1,23,88.45540726865947
208,S1,23,122.06630720053505
209,S1,23,119.48513798119406
210,S1,23,145.48014593049444
211,S1,23,0.0
212,S1,23,0.0
213,S1,23,177.68058034421358
214,S1,23,146.46989013254924
215,S1,23,204.65900072642935
216,S1,23,67.77750465022034
217,S1,23,0.0
218,S1,23,242.9891331101722
219,S1,23,137.6624052787646
220,S1,23,86.26139322465944
221,S1,23,0.0
222,S1,23,0.0
223,S1,23,0.0
224,S1,23,0.0
301,S1,23,61.95090205229883
302,S1,23,55.02110340173955
303,S1,23,83.43597202372442
304,S1,23,41.44134186791933
305,S1,23,39.52520485981101
306,S1,23,72.86751024230806
307,S1,23,70.56030760762171
308,S1,23,85.45806497960695
309,S1,23,83.08687425014713
310,S1,23,102.15651704004122
311,S1,23,0.0
312,S1,23,0.0
313,S1,23,146.68469136100563
314,S1,23,99.44685140852043
315,S1,23,192.8953831641602
316,S1,23,53.96530460655208
317,S1,23,0.0
318,S1,23,208.77302035132834
319,S1,23,100.31264824196874
320,S1,23,63.94478339473371
321,S1,23,0.0
322,S1,23,0.0
323,S1,23,0.0
324,S1,23,0.0
325,S1,23,0.0
101,S1,24,51.58395690750583
102,S1,24,48.36567195050698
103,S1,24,84.68503117591123
104,S1,24,35.009706651713486
105,S1,24,38.636846658517484
106,S1,24,72.16689718356115
107,S1,24,69.82824344442497
108,S1,24,91.848285083544
109,S1,24,98.72310224255271
110,S1,24,125.97508589314371
111,S1,24,0.0
112,S1,24,0.0
113,S1,24,137.18144438181838
114,S1,24,121.6012107396721
115,S1,24,197.75305480567116
116,S1,24,55.192394414858704
117,S1,24,0.0
118,S1,24,173.58621131878658
119,S1,24,100.7743453028731
120,S1,24,72.61101983961446
121,S1,24,0.0
122,S1,24,0.0
123,S1,24,0.0
124,S1,24,0.0
201,S1,24,68.87530463491373
202,S1,24,61.2553834832809
203,S1,24,115.59429727347748
204,S1,24,44.53296457106629
205,S1,24,45.99023236200133
206,S1,24,88.56743592343587
207,S1,24,76.31140668006657
208,S1,24,102.72379544298558
209,S1,24,110.44000538723354
210,S1,24,144.0221819980133
211,S1,24,0.0
212,S1,24,0.0
213,S1,24,168.594141390225
214,S1,24,132.3409249282778
215,S1,24,195.09324407821526
216,S1,24,61.642849734011826
217,S1,24,0.0
218,S1,24,235.48807180175532
219,S1,24,123.45547127154182
220,S1,24,82.46612004101979
221,S1,24,0.0
222,S1,24,0.0
223,S1,24,0.0
224,S1,24,0.0
301,S1,24,52.94546514196113
302,S1,24,49.563378247823444
303,S1,24,78.8750469964923
304,S1,24,37.651929483712415
305,S1,24,37.50289324516561
306,S1,24,68.12713545977107
307,S1,24,61.9389287310848
308,S1,24,73.18726361408936
309,S1,24,76.62892643491547
310,S1,24,96.04368011750432
311,S1,24,0.0
312,S1,24,0.0
313,S1,24,125.41935474443729
314,S1,24,91.88378663156954
315,S1,24,179.68939480471528
316,S1,24,53.59606155102424
317,S1,24,0.0
318,S1,24,196.16374859894103
319,S1,24,87.49791693492179
320,S1,24,56.106075430865715
321,S1,24,0.0
322,S1,24,0.0
323,S1,24,0.0
324,S1,24,0.0
325,S1,24,0.0
101,S2,1,30.43801385083166
102,S2,1,28.353982225986996
103,S2,1,52.929442700177994
104,S2,1,20.560527280344
105,S2,1,23.358452406738895
106,S2,1,44.550757529732685
107,S2,1,40.77345464058364
108,S2,1,57.54440345151665
109,S2,1,58.67712869361318
110,S2,1,73.38136678298709
111,S2,1,0.0
112,S2,1,0.0
113,S2,1,83.59720131713242
114,S2,1,76.08644759405306
115,S2,1,116.92589148874264
116,S2,1,32.82645024427992
117,S2,1,0.0
118,S2,1,105.10847186025094
119,S2,1,59.45542695321126
120,S2,1,44.42421762839496
121,S2,1,0.0
122,S2,1,0.0
123,S2,1,0.0
124,S2,1,0.0
201,S2,1,44.154984630579804
202,S2,1,42.220531149543696
203,S2,1,77.35910061478563
204,S2,1,30.324706745992994
205,S2,1,29.190594575103457
206,S2,1,57.70423711357314
207,S2,1,51.33915438100573
208,S2,1,71.78738641547787
209,S2,1,72.99026041391409
210,S2,1,93.39067478457942
211,S2,1,0.0
212,S2,1,0.0
213,S2,1,110.53909288608857
214,S2,1,89.66485396651908
215,S2,1,127.41679121891964
216,S2,1,42.17037439835823
217,S2,1,0.0
218,S2,1,161.6820184461565
219,S2,1,89.48551488034747
220,S2,1,53.04756666483147
221,S2,1,0.0
222,S2,1,0.0
223,S2,1,0.0
224,S2,1,0.0
301,S2,1,50.43489217998849
302,S2,1,42.42134030179654
303,S2,1,65.94024541366558
304,S2,1,34.40388304992587
305,S2,1,31.50486349626701
306,S2,1,59.92603724655557
307,S2,1,56.604657852447815
308,S2,1,64.29675480516796
309,S2,1,68.86089159394736
310,S2,1,87.43385736343961
311,S2,1,0.0
312,S2,1,0.0
313,S2,1,116.47931815700402
314,S2,1,82.02501004619758
315,S2,1,165.07603852125453
316,S2,1,44.87881120474884
317,S2,1,0.0
318,S2,1,160.18323200362966
319,S2,1,80.25893836181412
320,S2,1,47.04474083569721
321,S2,1,0.0
322,S2,1,0.0
323,S2,1,0.0
324,S2,1,0.0
325,S2,1,0.0
101,S2,2,32.327523708396974
102,S2,2,29.21228746225864
103,S2,2,52.20269411932327
104,S2,2,22.30134821626234
105,S2,2,24.176433357215313
106,S2,2,47.31635713762719
107,S2,2,43.27671102039753
108,S2,2,60.07302649272164
109,S2,2,58.48062371266472
110,S2,2,76.64813960784102
111,S2,2,0.0
112,S2,2,0.0
113,S2,2,86.6266792184083
114,S2,2,76.54925910003354
115,S2,2,123.55813889877943
116,S2,2,34.39859177957113
117,S2,2,0.0
118,S2,2,112.78000288479036
119,S2,2,57.600094790160796
120,S2,2,41.2379897876989
121,S2,2,0.0
122,S2,2,0.0
123,S2,2,0.0
124,S2,2,0.0
201,S2,2,43.92789759491076
202,S2,2,41.011234715707616
203,S2,2,72.36140147434062
204,S2,2,29.54832340075537
205,S2,2,30.12653555213337
206,S2,2,55.90547747077148
207,S2,2,52.53361053908436
208,S2,2,73.1104194586624
209,S2,2,75.6068955600684
210,S2,2,92.13992866239101
211,S2,2,0.0
212,S2,2,0.0
213,S2,2,110.15157585179446
214,S2,2,91.12141087018993
215,S2,2,127.46238972038502
216,S2,2,43.08686004206815
217,S2,2,0.0
218,S2,2,152.25964411074713
219,S2,2,85.46940384834139
220,S2,2,52.074866855253504
221,S2,2,0.0
222,S2,2,0.0
223,S2,2,0.0
224,S2,2,0.0
301,S2,2,45.094522861456326
302,S2,2,41.19752328552506
303,S2,2,66.9691046048753
304,S2,2,31.626929713582722
305,S2,2,29.960922686262165
306,S2,2,61.33883187576227
307,S2,2,53.27832437162715
308,S2,2,62.105094647566844
309,S2,2,67.56506353202309
310,S2,2,77.82431663697626
311,S2,2,0.0
312,S2,2,0.0
313,S2,2,112.09778233163132
314,S2,2,76.38450124470724
315,S2,2,153.8397653378073
316,S2,2,45.05856369361079
317,S2,2,0.0
318,S2,2,164.01649200864466
319,S2,2,73.94628641717252
320,S2,2,47.41273725906736
321,S2,2,0.0
322,S2,2,0.0
323,S2,2,0.0
324,S2,2,0.0
325,S2,2,0.0
101,S2,3,31.643087657799907
102,S2,3,27.825108257776872
103,S2,3,53.99632219746405
104,S2,3,20.693033675963527
105,S2,3,24.15886177490879
106,S2,3,48.37570313971343
107,S2,3,43.31573566160222
108,S2,3,56.68103115754694
109,S2,3,60.284547028393014
110,S2,3,73.41037684087807
111,S2,3,0.0
112,S2,3,0.0
113,S2,3,85.47300957169642
114,S2,3,73.11688982182399
115,S2,3,122.97779390984066
116,S2,3,32.79351206764634
117,S2,3,0.0
118,S2,3,110.49312291015897
119,S2,3,59.439836267339714
120,S2,3,41.81468361165685
121,S2,3,0.0
122,S2,3,0.0
123,S2,3,0.0
124,S2,3,0.0
201,S2,3,46.38800067380644
202,S2,3,41.710315138477206
203,S2,3,72.19469207061977
204,S2,3,29.08938072039133
205,S2,3,28.629294714236142
206,S2,3,55.834071128692635
207,S2,3,50.981607977886235
208,S2,3,71.77262441664797
209,S2,3,74.23685961677282
210,S2,3,90.27639288641743
211,S2,3,0.0
212,S2,3,0.0
213,S2,3,105.70137122050856
214,S2,3,87.92299135698512
215,S2,3,129.6926589606931
216,S2,3,42.06523166209366
217,S2,3,0.0
218,S2,3,152.80749021870633
219,S2,3,80.01749831504257
220,S2,3,54.53565618347037
221,S2,3,0.0
222,S2,3,0.0
223,S2,3,0.0
224,S2,3,0.0
301,S2,3,45.105224849705586
302,S2,3,41.362327118764064
303,S2,3,64.63251402680005
304,S2,3,30.287888235417874
305,S2,3,31.29251372850213
306,S2,3,55.43943135902787
307,S2,3,53.03254801437495
308,S2,3,64.07643921741675
309,S2,3,62.44454120153066
310,S2,3,77.25596982567252
311,S2,3,0.0
312,S2,3,0.0
313,S2,3,107.51620151312989
314,S2,3,80.4262056478731
315,S2,3,155.736120441519
316,S2,3,41.44377450716564
317,S2,3,0.0
318,S2,3,150.85092070198854
319,S2,3,73.3241020689798
320,S2,3,48.45330614083288
321,S2,3,0.0
322,S2,3,0.0
323,S2,3,0.0
324,S2,3,0.0
325,S2,3,0.0
101,S2,4,34.87111662883954
102,S2,4,31.186802385055735
103,S2,4,53.71116870755506
104,S2,4,23.563256566335973
105,S2,4,25.556793121781322
106,S2,4,46.90958367711486
107,S2,4,46.94831011917065
108,S2,4,63.23061618372518
109,S2,4,59.69575303343031
110,S2,4,75.55679082802563
111,S2,4,0.0
112,S2,4,0.0
113,S2,4,93.84665918800825
114,S2,4,80.20308405777702
115,S2,4,126.47669237573204
116,S2,4,34.26044279654388
117,S2,4,0.0
118,S2,4,115.09725550850352
119,S2,4,62.41532019288714
120,S2,4,44.72494698672196
121,S2,4,0.0
122,S2,4,0.0
123,S2,4,0.0
124,S2,4,0.0
201,S2,4,44.97498483557774
202,S2,4,40.18252619670432
203,S2,4,77.24227213394545
204,S2,4,30.056279358028263
205,S2,4,29.263319239529974
206,S2,4,55.610809089274
207,S2,4,49.05083343137673
208,S2,4,69.64555656933457
209,S2,4,75.55393352590036
210,S2,4,88.22488403611747
211,S2,4,0.0
212,S2,4,0.0
213,S2,4,107.68904816506955
214,S2,4,91.1164580782011
215,S2,4,128.21707627862597
216,S2,4,42.101317665342876
217,S2,4,0.0
218,S2,4,152.49851301756257
219,S2,4,79.94473522538769
220,S2,4,53.05181617142883
221,S2,4,0.0
222,S2,4,0.0
223,S2,4,0.0
224,S2,4,0.0
301,S2,4,44.123293688918615
302,S2,4,39.802786178970955
303,S2,4,64.91064150716187
304,S2,4,29.632383869445896
305,S2,4,29.575808830578673
306,S2,4,57.03937361325263
307,S2,4,54.57353935820207
308,S2,4,60.97889562823676
309,S2,4,61.59451144600725
310,S2,4,81.13327086439557
311,S2,4,0.0
312,S2,4,0.0
313,S2,4,102.41012124260634
314,S2,4,75.63422391892885
315,S2,4,143.21591825292896
316,S2,4,39.98981818847293
317,S2,4,0.0
318,S2,4,155.41608852033804
319,S2,4,69.54777432798588
320,S2,4,46.21562309075364
321,S2,4,0.0
322,S2,4,0.0
323,S2,4,0.0
324,S2,4,0.0
325,S2,4,0.0
101,S2,5,36.02682104625201
102,S2,5,32.928488000471624
103,S2,5,58.72997609366354
104,S2,5,24.204288949386605
105,S2,5,29.332112620725155
106,S2,5,53.199857430062245
107,S2,5,51.412195655134305
108,S2,5,65.49667877501311
109,S2,5,70.02173059436409
110,S2,5,88.49671794780987
111,S2,5,0.0
112,S2,5,0.0
113,S2,5,100.46061007083195
114,S2,5,89.8878631734543
115,S2,5,145.72561742100666
116,S2,5,38.703516393145385
117,S2,5,0.0
118,S2,5,133.085698944966
119,S2,5,67.43676257831314
120,S2,5,49.7379893979888
121,S2,5,0.0
122,S2,5,0.0
123,S2,5,0.0
124,S2,5,0.0
201,S2,5,45.36242559507117
202,S2,5,40.54221519361746
203,S2,5,75.8132830895148
204,S2,5,32.16983552772701
205,S2,5,30.552187321456348
206,S2,5,56.27972687491469
207,S2,5,50.51218292283095
208,S2,5,75.5707489233263
209,S2,5,71.60145599203821
210,S2,5,89.6222368772029
211,S2,5,0.0
212,S2,5,0.0
213,S2,5,106.31931904595382
214,S2,5,96.14652252450101
215,S2,5,134.54259666475852
216,S2,5,43.875513180810685
217,S2,5,0.0
218,S2,5,157.20189365517737
219,S2,5,82.25479655997059
220,S2,5,52.25362214742768
221,S2,5,0.0
222,S2,5,0.0
223,S2,5,0.0
224,S2,5,0.0
301,S2,5,44.31457842179096
302,S2,5,39.051005136912025
303,S2,5,67.15303900314754
304,S2,5,30.53843864339482
305,S2,5,30.023004307120292
306,S2,5,56.29902977790495
307,S2,5,55.0269438666208
308,S2,5,64.09429142086346
309,S2,5,65.60976615306906
310,S2,5,82.88389858132567
311,S2,5,0.0
312,S2,5,0.0
313,S2,5,108.5427986037427
314,S2,5,81.86430111944935
315,S2,5,150.01049766002942
316,S2,5,43.31329813089972
317,S2,5,0.0
318,S2,5,151.1197677358567
319,S2,5,72.02901376288887
320,S2,5,46.99723477984023
321,S2,5,0.0
322,S2,5,0.0
323,S2,5,0.0
324,S2,5,0.0
325,S2,5,0.0
101,S2,6,42.82542709591262
102,S2,6,39.06237317066933
103,S2,6,68.59758823989735
104,S2,6,27.593555828617458
105,S2,6,32.31663242305935
106,S2,6,58.39044945659336
107,S2,6,54.0131205004329
108,S2,6,78.15951356999774
109,S2,6,75.72381918322719
110,S2,6,100.9339670791114
111,S2,6,0.0
112,S2,6,0.0
113,S2,6,113.26074673059246
114,S2,6,101.22683285592812
115,S2,6,152.4895440634916
116,S2,6,45.64072653800178
117,S2,6,0.0
118,S2,6,146.90077641098335
119,S2,6,75.67430105335573
120,S2,6,59.72072498245497
121,S2,6,0.0
122,S2,6,0.0
123,S2,6,0.0
124,S2,6,0.0
201,S2,6,49.48966826928561
202,S2,6,43.09200323378557
203,S2,6,75.59283577855939
204,S2,6,32.41996135733737
205,S2,6,29.864532829654085
206,S2,6,62.711111702616236
207,S2,6,54.15095265756897
208,S2,6,75.4176266439422
209,S2,6,78.99509220410516
210,S2,6,94.54611259651605
211,S2,6,0.0
212,S2,6,0.0
213,S2,6,110.15615479641728
214,S2,6,91.57347549087095
215,S2,6,138.40657495145032
216,S2,6,43.98019383157754
217,S2,6,0.0
218,S2,6,171.6882625699466
219,S2,6,90.19795977729764
220,S2,6,55.969318279926384
221,S2,6,0.0
222,S2,6,0.0
223,S2,6,0.0
224,S2,6,0.0
301,S2,6,48.577179425595574
302,S2,6,42.44155020442746
303,S2,6,67.66824954293854
304,S2,6,34.61591014596241
305,S2,6,32.166406459703346
306,S2,6,61.62061558966022
307,S2,6,54.98836532200791
308,S2,6,69.3761575522728
309,S2,6,65.79185212733553
310,S2,6,84.06066594980648
311,S2,6,0.0
312,S2,6,0.0
313,S2,6,110.00547887589107
314,S2,6,85.22121098803817
315,S2,6,155.2254866617103
316,S2,6,44.01316453170078
317,S2,6,0.0
318,S2,6,163.69728082884774
319,S2,6,81.12246210450905
320,S2,6,48.97028799713651
321,S2,6,0.0
322,S2,6,0.0
323,S2,6,0.0
324,S2,6,0.0
325,S2,6,0.0
101,S2,7,41.744243537744474
102,S2,7,40.151601487681795
103,S2,7,71.32617795012145
104,S2,7,28.918098148777688
105,S2,7,32.58097414071456
106,S2,7,63.8682070119501
107,S2,7,56.829175110376305
108,S2,7,77.94290020809008
109,S2,7,81.68352303037825
110,S2,7,100.00319704956522
111,S2,7,0.0
112,S2,7,0.0
113,S2,7,123.94261171819267
114,S2,7,99.6062631734097
115,S2,7,172.97449677334706
116,S2,7,47.756320263329364
117,S2,7,0.0
118,S2,7,151.75816678908535
119,S2,7,83.30919212988086
120,S2,7,61.87417021748076
121,S2,7,0.0
122,S2,7,0.0
123,S2,7,0.0
124,S2,7,0.0
201,S2,7,50.3119580181613
202,S2,7,42.700266841239994
203,S2,7,80.97953266673095
204,S2,7,34.04903077798885
205,S2,7,32.856241389560566
206,S2,7,61.408850474878115
207,S2,7,53.98938833025956
208,S2,7,75.68382680494521
209,S2,7,78.39210809343169
210,S2,7,102.75838180241512
211,S2,7,0.0
212,S2,7,0.0
213,S2,7,115.84358883439923
214,S2,7,101.25415892886764
215,S2,7,132.45030148968095
216,S2,7,46.474404108002545
217,S2,7,0.0
218,S2,7,172.45702605809572
219,S2,7,93.39938113612368
220,S2,7,56.48603258144991
221,S2,7,0.0
222,S2,7,0.0
223,S2,7,0.0
224,S2,7,0.0
301,S2,7,52.67082681202151
302,S2,7,50.06620620232588
303,S2,7,79.91928248577072
304,S2,7,37.83913983445762
305,S2,7,36.61334881900668
306,S2,7,67.92440847656312
307,S2,7,63.79516312772047
308,S2,7,73.30855170161212
309,S2,7,77.08256503726103
310,S2,7,93.78542630361989
311,S2,7,0.0
312,S2,7,0.0
313,S2,7,122.04753385328934
314,S2,7,92.49348040922854
315,S2,7,171.6956415892553
316,S2,7,49.91431861606811
317,S2,7,0.0
318,S2,7,182.54993063744757
319,S2,7,85.36698559526596
320,S2,7,53.246840101768655
321,S2,7,0.0
322,S2,7,0.0
323,S2,7,0.0
324,S2,7,0.0
325,S2,7,0.0
101,S2,8,40.450754214401606
102,S2,8,36.97480273510829
103,S2,8,71.43134992468511
104,S2,8,28.783363304026846
105,S2,8,31.840555763783847
106,S2,8,60.19153995752382
107,S2,8,57.610767303885126
108,S2,8,74.8499713186214
109,S2,8,82.80086770479235
110,S2,8,94.94891376874618
111,S2,8,0.0
112,S2,8,0.0
113,S2,8,114.36198749478545
114,S2,8,99.81091991291831
115,S2,8,160.48952428809582
116,S2,8,45.035219945068825
117,S2,8,0.0
118,S2,8,147.55438807194196
119,S2,8,81.34198839629205
120,S2,8,60.6067840241551
121,S2,8,0.0
122,S2,8,0.0
123,S2,8,0.0
124,S2,8,0.0
201,S2,8,50.0967044384917
202,S2,8,44.15531133038802
203,S2,8,80.3284995013011
204,S2,8,33.14475877975548
205,S2,8,30.5959054440227
206,S2,8,58.75671798571496
207,S2,8,53.66203457751011
208,S2,8,76.74287109241911
209,S2,8,74.12797636245273
210,S2,8,101.3972398874465
211,S2,8,0.0
212,S2,8,0.0
213,S2,8,110.32749111922844
214,S2,8,92.58499252871572
215,S2,8,133.58991664136016
216,S2,8,42.35611102703352
217,S2,8,0.0
218,S2,8,163.94226529624711
219,S2,8,86.68090177509093
220,S2,8,57.44168866087258
221,S2,8,0.0
222,S2,8,0.0
223,S2,8,0.0
224,S2,8,0.0
301,S2,8,57.92281676721527
302,S2,8,52.04437004104502
303,S2,8,83.54173972788656
304,S2,8,39.88816930202402
305,S2,8,38.290270367635046
306,S2,8,74.52872865828957
307,S2,8,70.23792670129873
308,S2,8,79.00782551551696
309,S2,8,80.75881125896409
310,S2,8,100.56166688728077
311,S2,8,0.0
312,S2,8,0.0
313,S2,8,142.85524372278175
314,S2,8,97.6202721542496
315,S2,8,187.83008202569437
316,S2,8,55.017188069907874
317,S2,8,0.0
318,S2,8,205.13045299693047
319,S2,8,89.68844810199087
320,S2,8,58.96011631366308
321,S2,8,0.0
322,S2,8,0.0
323,S2,8,0.0
324,S2,8,0.0
325,S2,8,0.0
101,S2,9,39.718457671930814
102,S2,9,35.50174626291115
103,S2,9,67.18604373192728
104,S2,9,26.822189449771745
105,S2,9,31.299300699746187
106,S2,9,58.92265240794404
107,S2,9,55.81227980673735
108,S2,9,76.31093684142432
109,S2,9,75.54156057441186
110,S2,9,96.62191900207931
111,S2,9,0.0
112,S2,9,0.0
113,S2,9,116.17350172215836
114,S2,9,97.18993011587125
115,S2,9,150.70836287287855
116,S2,9,41.74291879827985
117,S2,9,0.0
118,S2,9,134.24727753851536
119,S2,9,75.89419954884045
120,S2,9,57.505268526992815
121,S2,9,0.0
122,S2,9,0.0
123,S2,9,0.0
124,S2,9,0.0
201,S2,9,46.69830445913243
202,S2,9,43.46589949771853
203,S2,9,82.53098281290742
204,S2,9,31.994471431543523
205,S2,9,30.078127465929605
206,S2,9,58.24323747800744
207,S2,9,52.906229791020415
208,S2,9,76.62526486061375
209,S2,9,76.98448666244181
210,S2,9,95.93971333559747
211,S2,9,0.0
212,S2,9,0.0
213,S2,9,114.68537470560169
214,S2,9,97.31696958982039
215,S2,9,141.11278509975816
216,S2,9,44.71541077543408
217,S2,9,0.0
218,S2,9,159.9534598636016
219,S2,9,91.6359773077521
220,S2,9,55.57491089849554
221,S2,9,0.0
222,S2,9,0.0
223,S2,9,0.0
224,S2,9,0.0
301,S2,9,61.213340618186194
302,S2,9,56.39849814854942
303,S2,9,90.8669108970742
304,S2,9,43.2412041823638
305,S2,9,40.04481532377741
306,S2,9,77.59703820977687
307,S2,9,73.56567246530413
308,S2,9,81.28240618758345
309,S2,9,85.65934120293585
310,S2,9,102.86048729418286
311,S2,9,0.0
312,S2,9,0.0
313,S2,9,148.81451377307658
314,S2,9,103.78425959084818
315,S2,9,201.55352532782268
316,S2,9,55.598228088915455
317,S2,9,0.0
318,S2,9,207.8428926039528
319,S2,9,99.54241479836051
320,S2,9,62.72664963677786
321,S2,9,0.0
322,S2,9,0.0
323,S2,9,0.0
324,S2,9,0.0
325,S2,9,0.0
101,S2,10,40.624637407874964
102,S2,10,34.022317782479995
103,S2,10,64.46590031934805
104,S2,10,27.30351226114733
105,S2,10,29.044544690566195
106,S2,10,58.02657525188076
107,S2,10,52.09129871360849
108,S2,10,75.99531552339182
109,S2,10,75.45838681785551
110,S2,10,93.97486853062406
111,S2,10,0.0
112,S2,10,0.0
113,S2,10,108.45621606164272
114,S2,10,94.35829142698478
115,S2,10,157.60646066515145
116,S2,10,42.47922397117851
117,S2,10,0.0
118,S2,10,141.91970367633743
119,S2,10,71.59150967147079
120,S2,10,53.773441330221026
121,S2,10,0.0
122,S2,10,0.0
123,S2,10,0.0
124,S2,10,0.0
201,S2,10,49.17910327891029
202,S2,10,42.152116141332414
203,S2,10,82.5013510594765
204,S2,10,34.193804250009194
205,S2,10,29.971043299383364
206,S2,10,62.10320466876742
207,S2,10,53.488063029726455
208,S2,10,77.94690899347142
209,S2,10,78.33203401730961
210,S2,10,101.01678206174032
211,S2,10,0.0
212,S2,10,0.0
213,S2,10,114.1620318757824
214,S2,10,99.99218465270448
215,S2,10,141.85759325039345
216,S2,10,45.91443511276407
217,S2,10,0.0
218,S2,10,172.73870294140474
219,S2,10,88.44549552093332
220,S2,10,54.42644532483413
221,S2,10,0.0
222,S2,10,0.0
223,S2,10,0.0
224,S2,10,0.0
301,S2,10,63.822581243238204
302,S2,10,56.12377297515214
303,S2,10,88.60156402565782
304,S2,10,44.48567779290554
305,S2,10,40.365409325571356
306,S2,10,80.75963292524987
307,S2,10,74.6518461937556
308,S2,10,91.01446733137617
309,S2,10,93.87666616144269
310,S2,10,115.4577618098274
311,S2,10,0.0
312,S2,10,0.0
313,S2,10,145.0832992800971
314,S2,10,116.38510953042838
315,S2,10,213.50885765958395
316,S2,10,60.00053876732379
317,S2,10,0.0
318,S2,10,224.13236960989886
319,S2,10,102.75696678032044
320,S2,10,68.54222874148684
321,S2,10,0.0
322,S2,10,0.0
323,S2,10,0.0
324,S2,10,0.0
325,S2,10,0.0
101,S2,11,38.558635788481226
102,S2,11,35.32236409529358
103,S2,11,64.29824903774887
104,S2,11,27.597928546209793
105,S2,11,30.310043208109388
106,S2,11,55.612271683179664
107,S2,11,53.426321648553895
108,S2,11,71.89085159700242
109,S2,11,75.54714835286413
110,S2,11,91.58042068079033
111,S2,11,0.0
112,S2,11,0.0
113,S2,11,110.91412897629674
114,S2,11,88.52827307750294
115,S2,11,145.55032569218878
116,S2,11,40.20505399962069
117,S2,11,0.0
118,S2,11,131.76151407019438
119,S2,11,69.30991069777075
120,S2,11,52.12481574939226
121,S2,11,0.0
122,S2,11,0.0
123,S2,11,0.0
124,S2,11,0.0
201,S2,11,47.366458571702886
202,S2,11,40.9174306606019
203,S2,11,77.14339700090807
204,S2,11,31.751595680113983
205,S2,11,30.0917012428181
206,S2,11,59.76871670506589
207,S2,11,56.87487611286001
208,S2,11,74.86644054457412
209,S2,11,77.69342979815448
210,S2,11,97.49289552138355
211,S2,11,0.0
212,S2,11,0.0
213,S2,11,117.64920048179447
214,S2,11,92.20017616366323
215,S2,11,137.7448328595655
216,S2,11,43.91431647285122
217,S2,11,0.0
218,S2,11,171.6475180320589
219,S2,11,87.4656376223622
220,S2,11,54.384831442653166
221,S2,11,0.0
222,S2,11,0.0
223,S2,11,0.0
224,S2,11,0.0
301,S2,11,64.98430738139866
302,S2,11,56.9099159026581
303,S2,11,89.23834214680173
304,S2,11,42.70775376188614
305,S2,11,44.512319516428455
306,S2,11,83.15311355895416
307,S2,11,78.04507874365117
308,S2,11,93.21165844039477
309,S2,11,93.10934036537998
310,S2,11,118.3680279810131
311,S2,11,0.0
312,S2,11,0.0
313,S2,11,154.8546459193655
314,S2,11,113.47887375314662
315,S2,11,204.73958688933698
316,S2,11,57.89427745812364
317,S2,11,0.0
318,S2,11,215.25387802208775
319,S2,11,110.42674777266964
320,S2,11,64.12727443095075
321,S2,11,0.0
322,S2,11,0.0
323,S2,11,0.0
324,S2,11,0.0
325,S2,11,0.0
101,S2,12,39.35928639149268
102,S2,12,35.16911533498899
103,S2,12,62.900036295325776
104,S2,12,24.894551544055147
105,S2,12,28.090102749814033
106,S2,12,56.816309769310855
107,S2,12,49.066790800692544
108,S2,12,71.81442001592156
109,S2,12,71.35131981443314
110,S2,12,88.65129218939333
111,S2,12,0.0
112,S2,12,0.0
113,S2,12,98.91391083089322
114,S2,12,86.2400942406372
115,S2,12,149.41396293409468
116,S2,12,39.61372255740812
117,S2,12,0.0
118,S2,12,124.69997506914504
119,S2,12,68.11602597745404
120,S2,12,52.29105909501089
121,S2,12,0.0
122,S2,12,0.0
123,S2,12,0.0
124,S2,12,0.0
201,S2,12,46.644385036121896
202,S2,12,43.82777971882491
203,S2,12,74.86301787720198
204,S2,12,30.96797899964762
205,S2,12,29.930228452896745
206,S2,12,57.459957358866134
207,S2,12,55.23180925108765
208,S2,12,76.06807011687343
209,S2,12,75.46818441861934
210,S2,12,94.61030659856841
211,S2,12,0.0
212,S2,12,0.0
213,S2,12,109.4335460841993
214,S2,12,93.24373830203895
215,S2,12,134.08649564110348
216,S2,12,44.82262121224242
217,S2,12,0.0
218,S2,12,157.06836840716525
219,S2,12,85.19597345915977
220,S2,12,58.557512476082415
221,S2,12,0.0
222,S2,12,0.0
223,S2,12,0.0
224,S2,12,0.0
301,S2,12,64.39445485821851
302,S2,12,58.05021554630937
303,S2,12,89.08307397786135
304,S2,12,46.571320889037516
305,S2,12,42.40283306689959
306,S2,12,83.46263390550497
307,S2,12,73.33571188675789
308,S2,12,84.85400053569091
309,S2,12,92.05462721186318
310,S2,12,113.607388127623
311,S2,12,0.0
312,S2,12,0.0
313,S2,12,156.72117039498787
314,S2,12,114.22124961417403
315,S2,12,221.09849044928038
316,S2,12,58.203597405763695
317,S2,12,0.0
318,S2,12,230.91225911496394
319,S2,12,103.19680573004581
320,S2,12,67.18743110721113
321,S2,12,0.0
322,S2,12,0.0
323,S2,12,0.0
324,S2,12,0.0
325,S2,12,0.0
101,S2,13,38.639040439543614
102,S2,13,34.82033538091054
103,S2,13,60.72462204768778
104,S2,13,25.93012120260351
105,S2,13,28.808328437890754
106,S2,13,52.82790129373757
107,S2,13,52.88337955915644
108,S2,13,66.84373523445677
109,S2,13,69.28872051308848
110,S2,13,89.2576658941722
111,S2,13,0.0
112,S2,13,0.0
113,S2,13,108.25264416472845
114,S2,13,91.14383566384429
115,S2,13,139.89429518506623
116,S2,13,41.60376120763056
117,S2,13,0.0
118,S2,13,129.30703071172078
119,S2,13,70.28044988052383
120,S2,13,49.694599401825826
121,S2,13,0.0
122,S2,13,0.0
123,S2,13,0.0
124,S2,13,0.0
201,S2,13,47.93365254370561
202,S2,13,41.64320452986701
203,S2,13,79.63213855133337
204,S2,13,32.74806254618141
205,S2,13,30.913837718257128
206,S2,13,60.80490230928611
207,S2,13,51.89060150035179
208,S2,13,74.60021833517337
209,S2,13,77.02043461843203
210,S2,13,91.34256237925135
211,S2,13,0.0
212,S2,13,0.0
213,S2,13,106.19928494264612
214,S2,13,90.1657117917692
215,S2,13,133.76952141304176
216,S2,13,44.31303186362038
217,S2,13,0.0
218,S2,13,159.47662675881645
219,S2,13,87.34402319140261
220,S2,13,53.237755408012404
221,S2,13,0.0
222,S2,13,0.0
223,S2,13,0.0
224,S2,13,0.0
301,S2,13,63.143108409944944
302,S2,13,55.418605678857446
303,S2,13,94.74473203794228
304,S2,13,45.226537290525435
305,S2,13,40.25836250827144
306,S2,13,83.06037473989907
307,S2,13,75.0646317147522
308,S2,13,90.72434678327532
309,S2,13,90.80094027799584
310,S2,13,115.15208078673118
311,S2,13,0.0
312,S2,13,0.0
313,S2,13,147.34040502084133
314,S2,13,108.57549895627056
315,S2,13,212.1067208498061
316,S2,13,60.154252302828226
317,S2,13,0.0
318,S2,13,210.54760822247096
319,S2,13,101.11568657068293
320,S2,13,62.0494985715395
321,S2,13,0.0
322,S2,13,0.0
323,S2,13,0.0
324,S2,13,0.0
325,S2,13,0.0
101,S2,14,37.04537862913897
102,S2,14,34.49962345334987
103,S2,14,59.96869336391423
104,S2,14,25.498467230632624
105,S2,14,28.31338884666057
106,S2,14,56.08857010147248
107,S2,14,47.250022151127894
108,S2,14,68.47812820001309
109,S2,14,66.41259338414719
110,S2,14,82.03026184694642
111,S2,14,0.0
112,S2,14,0.0
113,S2,14,100.66647572148763
114,S2,14,83.83067967573245
115,S2,14,144.5142866904733
116,S2,14,40.13648311509972
117,S2,14,0.0
118,S2,14,131.42873551516354
119,S2,14,71.30385828477762
120,S2,14,51.937003358246685
121,S2,14,0.0
122,S2,14,0.0
123,S2,14,0.0
124,S2,14,0.0
201,S2,14,45.72017642641132
202,S2,14,43.30413491117579
203,S2,14,76.15405034059359
204,S2,14,32.610626795688304
205,S2,14,29.203649188404572
206,S2,14,56.16819944445823
207,S2,14,54.21200368253956
208,S2,14,72.71789754033723
209,S2,14,72.5742954675398
210,S2,14,89.61716581284301
211,S2,14,0.0
212,S2,14,0.0
213,S2,14,107.28428301993664
214,S2,14,88.78644864808001
215,S2,14,127.38807428399357
216,S2,14,40.99352096835481
217,S2,14,0.0
218,S2,14,156.94960462398114
219,S2,14,85.9889592333362
220,S2,14,53.93873809691148
221,S2,14,0.0
222,S2,14,0.0
223,S2,14,0.0
224,S2,14,0.0
301,S2,14,62.07974024988301
302,S2,14,54.715242244441576
303,S2,14,92.15350603394398
304,S2,14,44.17541626854256
305,S2,14,39.69180918257539
306,S2,14,83.46576435752334
307,S2,14,69.5863400007272
308,S2,14,89.05925541374957
309,S2,14,86.45640769632799
310,S2,14,106.82174435503897
311,S2,14,0.0
312,S2,14,0.0
313,S2,14,152.09669969641723
314,S2,14,103.94155973817124
315,S2,14,217.63393236910687
316,S2,14,56.218598262200295
317,S2,14,0.0
318,S2,14,218.03805471648153
319,S2,14,105.6704960224572
320,S2,14,66.8585896979313
321,S2,14,0.0
322,S2,14,0.0
323,S2,14,0.0
324,S2,14,0.0
325,S2,14,0.0
101,S2,15,35.345073806761974
102,S2,15,33.73380395165331
103,S2,15,63.1724138666005
104,S2,15,25.923409083888732
105,S2,15,27.444736549850624
106,S2,15,55.73998793121637
107,S2,15,47.196020568122165
108,S2,15,66.71163938128934
109,S2,15,69.61583541336903
110,S2,15,84.0913657951087
111,S2,15,0.0
112,S2,15,0.0
113,S2,15,97.78312972521907
114,S2,15,89.87454906305247
115,S2,15,133.3332806676613
116,S2,15,40.08146984675541
117,S2,15,0.0
118,S2,15,123.78441482135872
119,S2,15,67.28442730566621
120,S2,15,51.23641753713613
121,S2,15,0.0
122,S2,15,0.0
123,S2,15,0.0
124,S2,15,0.0
201,S2,15,44.533758672049586
202,S2,15,41.44078808413448
203,S2,15,76.9970754798885
204,S2,15,33.47753140287439
205,S2,15,29.82155689228652
206,S2,15,60.7441990072057
207,S2,15,54.605420884287916
208,S2,15,77.20734369332995
209,S2,15,74.75834395548114
210,S2,15,93.08252284202992
211,S2,15,0.0
212,S2,15,0.0
213,S2,15,112.26538730662696
214,S2,15,93.82889311502157
215,S2,15,133.11784111620725
216,S2,15,43.78264407184314
217,S2,15,0.0
218,S2,15,157.62979912379666
219,S2,15,85.85573782802386
220,S2,15,57.68465833173236
221,S2,15,0.0
222,S2,15,0.0
223,S2,15,0.0
224,S2,15,0.0
301,S2,15,59.920819809405806
302,S2,15,57.75429001276373
303,S2,15,92.0583155585358
304,S2,15,41.89019890244585
305,S2,15,40.36237964826602
306,S2,15,79.7980020921305
307,S2,15,72.74316542009595
308,S2,15,80.77796085301235
309,S2,15,88.95694127942446
310,S2,15,105.50133501174543
311,S2,15,0.0
312,S2,15,0.0
313,S2,15,143.74774589303374
314,S2,15,104.65221167584909
315,S2,15,197.4465532605304
316,S2,15,59.90708226194703
317,S2,15,0.0
318,S2,15,211.5500851392968
319,S2,15,100.36989154146978
320,S2,15,63.08476636103696
321,S2,15,0.0
322,S2,15,0.0
323,S2,15,0.0
324,S2,15,0.0
325,S2,15,0.0
101,S2,16,37.03537916120165
102,S2,16,32.879443917041655
103,S2,16,64.03173141285282
104,S2,16,25.52459075681493
105,S2,16,29.726638679453288
106,S2,16,53.44865843121235
107,S2,16,49.70480934866914
108,S2,16,68.58799539764097
109,S2,16,73.46494159177877
110,S2,16,89.37858677994375
111,S2,16,0.0
112,S2,16,0.0
113,S2,16,108.75916774014426
114,S2,16,90.49954018334971
115,S2,16,146.13515098399068
116,S2,16,40.387864692539516
117,S2,16,0.0
118,S2,16,133.3431328564927
119,S2,16,72.42922774005014
120,S2,16,50.23075111825718
121,S2,16,0.0
122,S2,16,0.0
123,S2,16,0.0
124,S2,16,0.0
201,S2,16,47.354694709190916
202,S2,16,41.33065438624686
203,S2,16,78.775094662395
204,S2,16,34.158911688189484
205,S2,16,30.836861531271722
206,S2,16,62.839205436031115
207,S2,16,56.38128048815159
208,S2,16,72.69122027336684
209,S2,16,75.01599735024128
210,S2,16,95.2101398840544
211,S2,16,0.0
212,S2,16,0.0
213,S2,16,115.62218751474234
214,S2,16,95.04245740117045
215,S2,16,133.17260194958146
216,S2,16,43.442273049201916
217,S2,16,0.0
218,S2,16,158.81804925613247
219,S2,16,87.98409971344041
220,S2,16,54.19278676220576
221,S2,16,0.0
222,S2,16,0.0
223,S2,16,0.0
224,S2,16,0.0
301,S2,16,63.02642235041651
302,S2,16,56.55253878872753
303,S2,16,87.61090376614399
304,S2,16,42.56904950321719
305,S2,16,39.997993627286164
306,S2,16,75.23787441551019
307,S2,16,71.59141489381503
308,S2,16,83.80111566192227
309,S2,16,84.95140952128625
310,S2,16,108.3232147929328
311,S2,16,0.0
312,S2,16,0.0
313,S2,16,141.18429741151283
314,S2,16,107.25832303369147
315,S2,16,209.81731330631587
316,S2,16,56.63133508916132
317,S2,16,0.0
318,S2,16,218.1380711144876
319,S2,16,102.83085238046972
320,S2,16,61.64819504088968
321,S2,16,0.0
322,S2,16,0.0
323,S2,16,0.0
324,S2,16,0.0
325,S2,16,0.0
101,S2,17,43.79173746462855
102,S2,17,38.76388771782832
103,S2,17,71.71621142613392
104,S2,17,28.571902877717243
105,S2,17,32.82879113581414
106,S2,17,60.142280849268595
107,S2,17,56.68229832440307
108,S2,17,76.22279046317641
109,S2,17,79.37806062199131
110,S2,17,103.15395390281893
111,S2,17,0.0
112,S2,17,0.0
113,S2,17,117.36564212667103
114,S2,17,99.15751287987712
115,S2,17,157.5283033290124
116,S2,17,45.55513490919266
117,S2,17,0.0
118,S2,17,140.8969639416283
119,S2,17,81.33371398100256
120,S2,17,59.87979077555869
121,S2,17,0.0
122,S2,17,0.0
123,S2,17,0.0
124,S2,17,0.0
201,S2,17,53.26908712196786
202,S2,17,47.743123371169865
203,S2,17,87.97594490159595
204,S2,17,36.545424759613965
205,S2,17,36.124580359880255
206,S2,17,64.25983199768868
207,S2,17,63.3135394055448
208,S2,17,84.49735901507293
209,S2,17,82.98275501425316
210,S2,17,101.83339660439944
211,S2,17,0.0
212,S2,17,0.0
213,S2,17,123.88964031047999
214,S2,17,111.11448493188924
215,S2,17,141.7553875073786
216,S2,17,47.048409671303034
217,S2,17,0.0
218,S2,17,179.30342402473863
219,S2,17,102.58544922359609
220,S2,17,59.87384636822932
221,S2,17,0.0
222,S2,17,0.0
223,S2,17,0.0
224,S2,17,0.0
301,S2,17,63.46543450394372
302,S2,17,55.93393883248205
303,S2,17,94.73328700478272
304,S2,17,42.60225857405846
305,S2,17,43.33192177225957
306,S2,17,83.28362765128301
307,S2,17,76.37387305820758
308,S2,17,88.11328129596122
309,S2,17,89.87456039483425
310,S2,17,113.2026503331922
311,S2,17,0.0
312,S2,17,0.0
313,S2,17,149.41938433153288
314,S2,17,115.97163963240273
315,S2,17,216.02908102207252
316,S2,17,58.75917970804964
317,S2,17,0.0
318,S2,17,210.5880734848433
319,S2,17,101.46182608491839
320,S2,17,63.7802476275069
321,S2,17,0.0
322,S2,17,0.0
323,S2,17,0.0
324,S2,17,0.0
325,S2,17,0.0
101,S2,18,44.9373684177596
102,S2,18,42.49640257386884
103,S2,18,76.1941043364224
104,S2,18,31.401062191969103
105,S2,18,36.44251087125229
106,S2,18,66.55489050799973
107,S2,18,62.67264176149304
108,S2,18,87.02991460312387
109,S2,18,90.73953887391981
110,S2,18,111.19865293291772
111,S2,18,0.0
112,S2,18,0.0
113,S2,18,132.51668395390004
114,S2,18,112.5933712132373
115,S2,18,181.43213799478983
116,S2,18,48.308023235275954
117,S2,18,0.0
118,S2,18,167.4445949172448
119,S2,18,87.32439183941108
120,S2,18,62.11034162366204
121,S2,18,0.0
122,S2,18,0.0
123,S2,18,0.0
124,S2,18,0.0
201,S2,18,60.50711408893938
202,S2,18,53.475556084367334
203,S2,18,94.33588087770693
204,S2,18,40.310368777750284
205,S2,18,37.48112674827872
206,S2,18,72.7018897532865
207,S2,18,71.63647670612198
208,S2,18,94.47830218229646
209,S2,18,94.2387074759867
210,S2,18,118.18429454297463
211,S2,18,0.0
212,S2,18,0.0
213,S2,18,134.7990292347575
214,S2,18,119.35122204577313
215,S2,18,171.4376309723366
216,S2,18,52.89711430289313
217,S2,18,0.0
218,S2,18,208.0149401214001
219,S2,18,106.53879491233847
220,S2,18,70.10282062293193
221,S2,18,0.0
222,S2,18,0.0
223,S2,18,0.0
224,S2,18,0.0
301,S2,18,75.77408136942323
302,S2,18,63.92663928249894
303,S2,18,99.47093058273238
304,S2,18,49.75315307720133
305,S2,18,49.161985668056786
306,S2,18,89.54011048743598
307,S2,18,87.69209508353445
308,S2,18,100.18624035799964
309,S2,18,96.72108720210878
310,S2,18,127.51640376493567
311,S2,18,0.0
312,S2,18,0.0
313,S2,18,173.2278992427665
314,S2,18,123.63476492103321
315,S2,18,235.2698937008671
316,S2,18,69.16961451795095
317,S2,18,0.0
318,S2,18,262.43305629775955
319,S2,18,123.19715630378504
320,S2,18,73.40312459894032
321,S2,18,0.0
322,S2,18,0.0
323,S2,18,0.0
324,S2,18,0.0
325,S2,18,0.0
101,S2,19,48.03945446640772
102,S2,19,41.86371299440905
103,S2,19,75.48543919180453
104,S2,19,31.97742609607667
105,S2,19,34.80273453799721
106,S2,19,66.46118273636559
107,S2,19,63.87156252827096
108,S2,19,87.37778523047241
109,S2,19,85.73002091872259
110,S2,19,106.51142041615527
111,S2,19,0.0
112,S2,19,0.0
113,S2,19,125.40518631247161
114,S2,19,110.33475046659079
115,S2,19,170.61487343187068
116,S2,19,48.118286806345516
117,S2,19,0.0
118,S2,19,157.3006516494947
119,S2,19,86.26514969873455
120,S2,19,62.72240158822324
121,S2,19,0.0
122,S2,19,0.0
123,S2,19,0.0
124,S2,19,0.0
201,S2,19,57.19617361248063
202,S2,19,53.42537999569704
203,S2,19,99.80869674625673
204,S2,19,41.4730487087815
205,S2,19,37.50390120096311
206,S2,19,77.36210365863842
207,S2,19,66.84839060550185
208,S2,19,91.21201411714817
209,S2,19,100.38708214216821
210,S2,19,120.97979915825455
211,S2,19,0.0
212,S2,19,0.0
213,S2,19,143.69408157345714
214,S2,19,124.98388377162492
215,S2,19,172.51011886719635
216,S2,19,55.53118615957778
217,S2,19,0.0
218,S2,19,197.74247024915758
219,S2,19,115.9779892632151
220,S2,19,70.87969816839922
221,S2,19,0.0
222,S2,19,0.0
223,S2,19,0.0
224,S2,19,0.0
301,S2,19,77.00358092594637
302,S2,19,66.92791913321268
303,S2,19,109.36838643694908
304,S2,19,52.66645994584134
305,S2,19,47.703411516320955
306,S2,19,91.89189888773957
307,S2,19,87.10689343697993
308,S2,19,95.33242921896624
309,S2,19,97.74803856850373
310,S2,19,127.3783258173661
311,S2,19,0.0
312,S2,19,0.0
313,S2,19,175.42976831190188
314,S2,19,128.2465944849318
315,S2,19,231.7432170064538
316,S2,19,64.79225030739492
317,S2,19,0.0
318,S2,19,251.5505976824623
319,S2,19,119.83482975291247
320,S2,19,75.3154551579785
321,S2,19,0.0
322,S2,19,0.0
323,S2,19,0.0
324,S2,19,0.0
325,S2,19,0.0
101,S2,20,44.07026309684876
102,S2,20,40.66888467445455
103,S2,20,74.34304725163078
104,S2,20,30.725534051156416
105,S2,20,33.771187372325365
106,S2,20,64.92965180071793
107,S2,20,62.03428444379471
108,S2,20,83.21083032400234
109,S2,20,87.09478170948171
110,S2,20,111.7787240242404
111,S2,20,0.0
112,S2,20,0.0
113,S2,20,123.48843458297439
114,S2,20,106.58259111480002
115,S2,20,177.95995012160415
116,S2,20,48.94994174689639
117,S2,20,0.0
118,S2,20,162.29424632328605
119,S2,20,90.11147653832109
120,S2,20,60.947010758479166
121,S2,20,0.0
122,S2,20,0.0
123,S2,20,0.0
124,S2,20,0.0
201,S2,20,60.48858421619828
202,S2,20,55.60112549150708
203,S2,20,95.29471189553664
204,S2,20,41.52549144936166
205,S2,20,39.815363033586635
206,S2,20,73.35799752371778
207,S2,20,71.66378035716005
208,S2,20,91.36140616615393
209,S2,20,98.65881345560064
210,S2,20,124.94933142640846
211,S2,20,0.0
212,S2,20,0.0
213,S2,20,135.56539651743702
214,S2,20,122.73939354935584
215,S2,20,166.87692090754152
216,S2,20,54.18944351574084
217,S2,20,0.0
218,S2,20,199.16733872570717
219,S2,20,106.5712308154451
220,S2,20,66.74461945964069
221,S2,20,0.0
222,S2,20,0.0
223,S2,20,0.0
224,S2,20,0.0
301,S2,20,70.38185634249086
302,S2,20,63.32921477054777
303,S2,20,108.19169156183077
304,S2,20,51.405330430614825
305,S2,20,49.634569802172926
306,S2,20,88.85150380588782
307,S2,20,88.54763835353248
308,S2,20,100.47963122529976
309,S2,20,101.8720550251656
310,S2,20,128.47269171907104
311,S2,20,0.0
312,S2,20,0.0
313,S2,20,172.9647883441
314,S2,20,125.84583090139914
315,S2,20,233.50744653199249
316,S2,20,69.53172776038694
317,S2,20,0.0
318,S2,20,257.6013350158477
319,S2,20,112.32688393618182
320,S2,20,74.28943177412977
321,S2,20,0.0
322,S2,20,0.0
323,S2,20,0.0
324,S2,20,0.0
325,S2,20,0.0
101,S2,21,46.41036311208452
102,S2,21,41.49562069639093
103,S2,21,73.82729143196649
104,S2,21,30.726149357575277
105,S2,21,32.772242695389444
106,S2,21,66.92036359820575
107,S2,21,57.51672517160306
108,S2,21,82.21794200531627
109,S2,21,80.28752785656269
110,S2,21,108.35606121322806
111,S2,21,0.0
112,S2,21,0.0
113,S2,21,126.88983955411942
114,S2,21,98.98439966347306
115,S2,21,173.15150834350692
116,S2,21,47.63787345783791
117,S2,21,0.0
118,S2,21,158.2202715101482
119,S2,21,83.05554441659888
120,S2,21,58.651118297386134
121,S2,21,0.0
122,S2,21,0.0
123,S2,21,0.0
124,S2,21,0.0
201,S2,21,57.82819145284903
202,S2,21,51.496693589250654
203,S2,21,90.36787212741999
204,S2,21,40.72987732530649
205,S2,21,36.41848030406015
206,S2,21,73.10485154018902
207,S2,21,68.52842915286729
208,S2,21,86.04547693684225
209,S2,21,87.99569581814661
210,S2,21,113.32197782606383
211,S2,21,0.0
212,S2,21,0.0
213,S2,21,137.58781651113674
214,S2,21,113.1623207966949
215,S2,21,155.95327637774764
216,S2,21,55.23821885400836
217,S2,21,0.0
218,S2,21,191.29627754010693
219,S2,21,103.5459803777891
220,S2,21,69.59885774759456
221,S2,21,0.0
222,S2,21,0.0
223,S2,21,0.0
224,S2,21,0.0
301,S2,21,70.43067333712064
302,S2,21,60.786982833898826
303,S2,21,101.03521280726194
304,S2,21,49.28478534597538
305,S2,21,47.857947145911105
306,S2,21,91.10264781533574
307,S2,21,79.63915080156927
308,S2,21,98.7038118043678
309,S2,21,94.40051054843629
310,S2,21,125.16861571110866
311,S2,21,0.0
312,S2,21,0.0
313,S2,21,166.5746748063264
314,S2,21,116.67934867606922
315,S2,21,222.31623196815795
316,S2,21,63.53296758241909
317,S2,21,0.0
318,S2,21,233.73191272505858
319,S2,21,111.13647849761
320,S2,21,69.0316993638825
321,S2,21,0.0
322,S2,21,0.0
323,S2,21,0.0
324,S2,21,0.0
325,S2,21,0.0
101,S2,22,41.39389580858476
102,S2,22,36.21845134807455
103,S2,22,69.27749235009907
104,S2,22,26.51900469422935
105,S2,22,32.475490242659376
106,S2,22,61.48629056765556
107,S2,22,56.80997189012278
108,S2,22,76.55463173483814
109,S2,22,78.6903182741019
110,S2,22,97.71294501035268
111,S2,22,0.0
112,S2,22,0.0
113,S2,22,116.35547368000967
114,S2,22,92.831118656726
115,S2,22,161.16696279193832
116,S2,22,42.96011201364938
117,S2,22,0.0
118,S2,22,136.88234345727412
119,S2,22,78.03645941831161
120,S2,22,54.88715211730503
121,S2,22,0.0
122,S2,22,0.0
123,S2,22,0.0
124,S2,22,0.0
201,S2,22,57.50088297433086
202,S2,22,50.31843115303915
203,S2,22,92.85030090648345
204,S2,22,36.15234770056385
205,S2,22,36.407209961621696
206,S2,22,67.15839287334332
207,S2,22,64.74840469362212
208,S2,22,89.27036057917601
209,S2,22,87.00406138604575
210,S2,22,114.18792018615646
211,S2,22,0.0
212,S2,22,0.0
213,S2,22,125.72249130032093
214,S2,22,112.73396305908591
215,S2,22,161.90255718955436
216,S2,22,49.35000815926088
217,S2,22,0.0
218,S2,22,183.19859462821591
219,S2,22,107.64367694299787
220,S2,22,67.86449818884496
221,S2,22,0.0
222,S2,22,0.0
223,S2,22,0.0
224,S2,22,0.0
301,S2,22,69.31395792620548
302,S2,22,58.27852990178117
303,S2,22,96.15279918468134
304,S2,22,44.299785143049725
305,S2,22,45.69725808431155
306,S2,22,82.65190286666291
307,S2,22,78.04242981807951
308,S2,22,90.93609374365363
309,S2,22,94.93821503189044
310,S2,22,111.02168189249166
311,S2,22,0.0
312,S2,22,0.0
313,S2,22,155.71122800997475
314,S2,22,112.8743413139656
315,S2,22,210.32885861992037
316,S2,22,60.17929068085654
317,S2,22,0.0
318,S2,22,237.71479824232895
319,S2,22,106.54501973015377
320,S2,22,69.59658870392768
321,S2,22,0.0
322,S2,22,0.0
323,S2,22,0.0
324,S2,22,0.0
325,S2,22,0.0
101,S2,23,37.11457117750036
102,S2,23,32.33253584181661
103,S2,23,62.130165267931645
104,S2,23,24.13584735868174
105,S2,23,29.124982877236416
106,S2,23,51.968394985079456
107,S2,23,49.430160823878374
108,S2,23,70.75488684069325
109,S2,23,72.94033367624452
110,S2,23,85.28798462256385
111,S2,23,0.0
112,S2,23,0.0
113,S2,23,96.65481037161075
114,S2,23,85.8759758784169
115,S2,23,143.3122888776724
116,S2,23,39.36238402554522
117,S2,23,0.0
118,S2,23,125.07286139918564
119,S2,23,69.52753156637084
120,S2,23,51.96207550033524
121,S2,23,0.0
122,S2,23,0.0
123,S2,23,0.0
124,S2,23,0.0
201,S2,23,52.63544610584157
202,S2,23,44.85147236489644
203,S2,23,81.63858253791624
204,S2,23,36.75856095881932
205,S2,23,33.21299017988779
206,S2,23,67.11065608959512
207,S2,23,58.41150484164768
208,S2,23,78.04533167395279
209,S2,23,82.87358360199264
210,S2,23,105.53692711485522
211,S2,23,0.0
212,S2,23,0.0
213,S2,23,124.34065672057149
214,S2,23,105.45490829608559
215,S2,23,148.19641954104463
216,S2,23,49.202871989415726
217,S2,23,0.0
218,S2,23,169.88255736492354
219,S2,23,98.43721295862777
220,S2,23,59.621531141241675
221,S2,23,0.0
222,S2,23,0.0
223,S2,23,0.0
224,S2,23,0.0
301,S2,23,59.07836886007973
302,S2,23,52.25521204467302
303,S2,23,91.22922754120246
304,S2,23,41.06534199928503
305,S2,23,40.48159423876571
306,S2,23,75.10736282582145
307,S2,23,69.17697614074169
308,S2,23,83.47298707352405
309,S2,23,85.62549553591766
310,S2,23,105.63338957917975
311,S2,23,0.0
312,S2,23,0.0
313,S2,23,142.99086638685674
314,S2,23,102.16394832088096
315,S2,23,190.19227096924396
316,S2,23,56.61465098776905
317,S2,23,0.0
318,S2,23,204.896243581091
319,S2,23,94.9127115581722
320,S2,23,63.25235309052474
321,S2,23,0.0
322,S2,23,0.0
323,S2,23,0.0
324,S2,23,0.0
325,S2,23,0.0
101,S2,24,34.509108181059915
102,S2,24,29.974859684523437
103,S2,24,60.66803274078849
104,S2,24,23.21675938566538
105,S2,24,28.0112160495203
106,S2,24,53.91874792384196
107,S2,24,45.84611487926725
108,S2,24,66.20718406182688
109,S2,24,63.53963092275069
110,S2,24,79.240484319036
111,S2,24,0.0
112,S2,24,0.0
113,S2,24,94.9625631015086
114,S2,24,78.48137923204179
115,S2,24,137.41153194476806
116,S2,24,39.27129042783289
117,S2,24,0.0
118,S2,24,121.43872794766504
119,S2,24,66.9105660588764
120,S2,24,50.35788536364579
121,S2,24,0.0
122,S2,24,0.0
123,S2,24,0.0
124,S2,24,0.0
201,S2,24,49.9456067400233
202,S2,24,43.90566028399786
203,S2,24,80.15739043451566
204,S2,24,32.61317953504118
205,S2,24,31.86149530226288
206,S2,24,61.711365445002755
207,S2,24,57.2586085068579
208,S2,24,77.83186925502697
209,S2,24,80.13328750164634
210,S2,24,96.42295684895893
211,S2,24,0.0
212,S2,24,0.0
213,S2,24,108.21911460331754
214,S2,24,99.85483317002556
215,S2,24,130.5864920353183
216,S2,24,44.270339057901914
217,S2,24,0.0
218,S2,24,167.72573478056245
219,S2,24,92.55365739997592
220,S2,24,57.11818709352564
221,S2,24,0.0
222,S2,24,0.0
223,S2,24,0.0
224,S2,24,0.0
301,S2,24,54.35740917924259
302,S2,24,48.47276949418135
303,S2,24,78.27085958436058
304,S2,24,38.49325161683779
305,S2,24,36.816453830079325
306,S2,24,69.0798017262706
307,S2,24,65.59720582554682
308,S2,24,73.49302605426716
309,S2,24,80.1042099764328
310,S2,24,96.05140211587315
311,S2,24,0.0
312,S2,24,0.0
313,S2,24,126.58417011790583
314,S2,24,98.24988525223738
315,S2,24,178.71186676117907
316,S2,24,51.98363386761399
317,S2,24,0.0
318,S2,24,191.36037048359668
319,S2,24,92.94829490373596
320,S2,24,54.751386438242506
321,S2,24,0.0
322,S2,24,0.0
323,S2,24,0.0
324,S2,24,0.0
325,S2,24,0.0
101,S3,1,30.355615063788154
102,S3,1,27.183848668543185
103,S3,1,51.07510805274532
104,S3,1,20.84057130289989
105,S3,1,22.78554019897099
106,S3,1,43.75649894403623
107,S3,1,42.474768724303196
108,S3,1,59.827669341192504
109,S3,1,61.0367545276297
110,S3,1,76.02550166266339
111,S3,1,0.0
112,S3,1,0.0
113,S3,1,84.7195650047419
114,S3,1,73.08982855805812
115,S3,1,121.37036132406209
116,S3,1,32.538892065365395
117,S3,1,0.0
118,S3,1,103.97080799650047
119,S3,1,56.161295643120845
120,S3,1,45.145581763071554
121,S3,1,0.0
122,S3,1,0.0
123,S3,1,0.0
124,S3,1,0.0
201,S3,1,39.49772861253509
202,S3,1,35.213392344012945
203,S3,1,62.83942409679435
204,S3,1,27.026531795693487
205,S3,1,25.986064990548638
206,S3,1,49.59309223673371
207,S3,1,45.753239246274134
208,S3,1,61.024947883302474
209,S3,1,61.76434613122886
210,S3,1,76.24052263560583
211,S3,1,0.0
212,S3,1,0.0
213,S3,1,93.2117447883085
214,S3,1,79.35016921619912
215,S3,1,111.32164908671182
216,S3,1,36.52449238627856
217,S3,1,0.0
218,S3,1,136.95837125152445
219,S3,1,69.98288777852004
220,S3,1,44.68510812155593
221,S3,1,0.0
222,S3,1,0.0
223,S3,1,0.0
224,S3,1,0.0
301,S3,1,41.71507595740891
302,S3,1,37.21698148171096
303,S3,1,64.40231177290576
304,S3,1,30.422302216037004
305,S3,1,28.27460161384504
306,S3,1,54.18246482118624
307,S3,1,47.920075330068066
308,S3,1,60.210672243018365
309,S3,1,60.94607019639992
310,S3,1,76.32673616935632
311,S3,1,0.0
312,S3,1,0.0
313,S3,1,98.4011332190004
314,S3,1,77.96894674685046
315,S3,1,135.19989120839233
316,S3,1,41.50697911658197
317,S3,1,0.0
318,S3,1,153.13195369017043
319,S3,1,72.12364808233093
320,S3,1,46.0279827631753
321,S3,1,0.0
322,S3,1,0.0
323,S3,1,0.0
324,S3,1,0.0
325,S3,1,0.0
101,S3,2,31.147877622637232
102,S3,2,26.90388245467851
103,S3,2,50.4954553563153
104,S3,2,22.22858565429135
105,S3,2,24.448931071807092
106,S3,2,47.63021274710971
107,S3,2,43.35903845456615
108,S3,2,58.262054067306494
109,S3,2,59.30474567213233
110,S3,2,74.39775344383737
111,S3,2,0.0
112,S3,2,0.0
113,S3,2,83.67881516645397
114,S3,2,69.92954882091854
115,S3,2,117.80195002436736
116,S3,2,33.050134684485414
117,S3,2,0.0
118,S3,2,107.4080638784378
119,S3,2,56.458581469342235
120,S3,2,44.04854506302726
121,S3,2,0.0
122,S3,2,0.0
123,S3,2,0.0
124,S3,2,0.0
201,S3,2,39.03840972368084
202,S3,2,34.10807108714172
203,S3,2,62.71924567819407
204,S3,2,26.54343010607503
205,S3,2,25.12757806650954
206,S3,2,46.34581122703325
207,S3,2,44.480045969081836
208,S3,2,59.28273913208607
209,S3,2,61.81886082048803
210,S3,2,80.31654046911629
211,S3,2,0.0
212,S3,2,0.0
213,S3,2,86.0856986553421
214,S3,2,77.520892419452
215,S3,2,102.33425547482017
216,S3,2,35.959674847466495
217,S3,2,0.0
218,S3,2,131.37701833859842
219,S3,2,72.68796887409147
220,S3,2,43.40123213104487
221,S3,2,0.0
222,S3,2,0.0
223,S3,2,0.0
224,S3,2,0.0
301,S3,2,42.116000294237324
302,S3,2,39.5370339408219
303,S3,2,63.68981235358662
304,S3,2,28.43530782236892
305,S3,2,27.678910373532023
306,S3,2,52.43979189913635
307,S3,2,48.75078697002778
308,S3,2,60.22880818362831
309,S3,2,57.58842233576523
310,S3,2,76.16811278795016
311,S3,2,0.0
312,S3,2,0.0
313,S3,2,104.34914663800413
314,S3,2,77.50769298277064
315,S3,2,139.4723044430276
316,S3,2,38.80166018515081
317,S3,2,0.0
318,S3,2,153.69104758350133
319,S3,2,65.82306039838267
320,S3,2,43.98598539316834
321,S3,2,0.0
322,S3,2,0.0
323,S3,2,0.0
324,S3,2,0.0
325,S3,2,0.0
101,S3,3,29.839977288003215
102,S3,3,28.86893231069499
103,S3,3,50.252009258408975
104,S3,3,22.08460945908319
105,S3,3,24.082767086097988
106,S3,3,45.495385818739
107,S3,3,40.79114286692066
108,S3,3,56.44572270677024
109,S3,3,60.20205896892935
110,S3,3,70.52667587598405
111,S3,3,0.0
112,S3,3,0.0
113,S3,3,83.66445246734301
114,S3,3,73.17721605049725
115,S3,3,123.79267573844011
116,S3,3,34.76390087722642
117,S3,3,0.0
118,S3,3,106.95231052756507
119,S3,3,60.419341829121
120,S3,3,43.01717811571816
121,S3,3,0.0
122,S3,3,0.0
123,S3,3,0.0
124,S3,3,0.0
201,S3,3,39.32078634271813
202,S3,3,32.87615158240588
203,S3,3,61.17184451448778
204,S3,3,26.60390664475206
205,S3,3,23.797929071133968
206,S3,3,46.14858210851888
207,S3,3,44.44948435792606
208,S3,3,60.45386925574842
209,S3,3,58.92937883030376
210,S3,3,75.22454269860879
211,S3,3,0.0
212,S3,3,0.0
213,S3,3,87.86060467536235
214,S3,3,73.24447066332428
215,S3,3,102.10208310626949
216,S3,3,36.058658086909446
217,S3,3,0.0
218,S3,3,131.09511603425767
219,S3,3,71.87009227068283
220,S3,3,44.869198032081
221,S3,3,0.0
222,S3,3,0.0
223,S3,3,0.0
224,S3,3,0.0
301,S3,3,40.25287875761203
302,S3,3,39.58451481556815
303,S3,3,62.77984621054387
304,S3,3,29.423994246943174
305,S3,3,28.22229304230804
306,S3,3,51.218064272995406
307,S3,3,48.10754016591516
308,S3,3,57.80722330607633
309,S3,3,59.92775764014318
310,S3,3,75.80654853914136
311,S3,3,0.0
312,S3,3,0.0
313,S3,3,103.94257783341668
314,S3,3,74.30113068179358
315,S3,3,144.11485653070966
316,S3,3,38.39486245767101
317,S3,3,0.0
318,S3,3,139.64617967194127
319,S3,3,68.4372842455019
320,S3,3,41.5468360571347
321,S3,3,0.0
322,S3,3,0.0
323,S3,3,0.0
324,S3,3,0.0
325,S3,3,0.0
101,S3,4,31.071197440715448
102,S3,4,28.085460768737125
103,S3,4,53.46318550996829
104,S3,4,21.512940604320377
105,S3,4,24.539960531194957
106,S3,4,44.47300456287139
107,S3,4,43.28965678648265
108,S3,4,60.43084545943153
109,S3,4,58.31498723100163
110,S3,4,71.90725371690854
111,S3,4,0.0
112,S3,4,0.0
113,S3,4,85.26777498122229
114,S3,4,77.35882551481643
115,S3,4,117.73821512638754
116,S3,4,34.74274691393555
117,S3,4,0.0
118,S3,4,106.27749690006092
119,S3,4,60.67600252322888
120,S3,4,45.18238045239412
121,S3,4,0.0
122,S3,4,0.0
123,S3,4,0.0
124,S3,4,0.0
201,S3,4,38.058005405064904
202,S3,4,35.461337570790285
203,S3,4,65.69301581660194
204,S3,4,25.500543340400366
205,S3,4,26.13474260251997
206,S3,4,47.56996169605674
207,S3,4,43.68809943015764
208,S3,4,60.604300842724044
209,S3,4,64.22329169428475
210,S3,4,77.21691015607176
211,S3,4,0.0
212,S3,4,0.0
213,S3,4,91.68626757292267
214,S3,4,75.27634553753549
215,S3,4,103.75605469417438
216,S3,4,34.205121815294056
217,S3,4,0.0
218,S3,4,132.3031977312933
219,S3,4,74.17359577271387
220,S3,4,46.832788709602724
221,S3,4,0.0
222,S3,4,0.0
223,S3,4,0.0
224,S3,4,0.0
301,S3,4,41.534303209555816
302,S3,4,39.264887424528865
303,S3,4,59.60726300897164
304,S3,4,28.598930219028162
305,S3,4,27.24262153003329
306,S3,4,53.4614270027055
307,S3,4,47.52561627156501
308,S3,4,57.76186417836115
309,S3,4,57.18861528789639
310,S3,4,72.69586356854722
311,S3,4,0.0
312,S3,4,0.0
313,S3,4,97.25915858164079
314,S3,4,75.93688263132806
315,S3,4,145.4842412218512
316,S3,4,38.32722902263011
317,S3,4,0.0
318,S3,4,141.14411380474687
319,S3,4,65.24942299868262
320,S3,4,43.65358221938806
321,S3,4,0.0
322,S3,4,0.0
323,S3,4,0.0
324,S3,4,0.0
325,S3,4,0.0
101,S3,5,35.044496158837156
102,S3,5,30.365866032312727
103,S3,5,55.26586994116674
104,S3,5,23.87478886141309
105,S3,5,27.589420093834043
106,S3,5,48.44524779217035
107,S3,5,47.83549270632518
108,S3,5,66.62950853031336
109,S3,5,63.9379318259108
110,S3,5,77.33502435919682
111,S3,5,0.0
112,S3,5,0.0
113,S3,5,91.21650685364106
114,S3,5,80.51032200281696
115,S3,5,129.96271520001
116,S3,5,37.97952313012996
117,S3,5,0.0
118,S3,5,122.11921984037743
119,S3,5,66.92844969363453
120,S3,5,46.50454326419548
121,S3,5,0.0
122,S3,5,0.0
123,S3,5,0.0
124,S3,5,0.0
201,S3,5,40.1972317553129
202,S3,5,35.19658343874447
203,S3,5,67.84312556978311
204,S3,5,26.07073748900089
205,S3,5,26.117752150510643
206,S3,5,48.39493863946562
207,S3,5,45.613555219936266
208,S3,5,64.30198865175646
209,S3,5,64.32535644992595
210,S3,5,80.67261170282691
211,S3,5,0.0
212,S3,5,0.0
213,S3,5,93.99853939806563
214,S3,5,82.27829537078118
215,S3,5,112.33251612565681
216,S3,5,38.03606444003356
217,S3,5,0.0
218,S3,5,134.17786740505161
219,S3,5,75.75367634905264
220,S3,5,47.496467417120314
221,S3,5,0.0
222,S3,5,0.0
223,S3,5,0.0
224,S3,5,0.0
301,S3,5,44.140802579663806
302,S3,5,40.85375815931124
303,S3,5,64.96735500095643
304,S3,5,30.69311442942987
305,S3,5,29.717138472547276
306,S3,5,57.86411747085475
307,S3,5,50.60254291237284
308,S3,5,58.747994093953764
309,S3,5,62.777073207572975
310,S3,5,74.70342447666954
311,S3,5,0.0
312,S3,5,0.0
313,S3,5,103.905910700046
314,S3,5,75.2719555980938
315,S3,5,141.47465593676284
316,S3,5,41.69592327689586
317,S3,5,0.0
318,S3,5,157.51878266218424
319,S3,5,68.74811000258259
320,S3,5,45.66436542562926
321,S3,5,0.0
322,S3,5,0.0
323,S3,5,0.0
324,S3,5,0.0
325,S3,5,0.0
101,S3,6,37.95419733937045
102,S3,6,34.466172566911524
103,S3,6,64.03503115155638
104,S3,6,25.747010127014853
105,S3,6,27.876921147826547
106,S3,6,54.963756908096066
107,S3,6,49.9414531424019
108,S3,6,71.45827024839575
109,S3,6,71.49177916456993
110,S3,6,92.70863941134455
111,S3,6,0.0
112,S3,6,0.0
113,S3,6,102.73413711214293
114,S3,6,91.5414551816496
115,S3,6,138.53788677289214
116,S3,6,41.36853531223254
117,S3,6,0.0
118,S3,6,128.169922750621
119,S3,6,70.90945775465649
120,S3,6,51.78691167385353
121,S3,6,0.0
122,S3,6,0.0
123,S3,6,0.0
124,S3,6,0.0
201,S3,6,41.48743011027553
202,S3,6,35.35801596505518
203,S3,6,69.11679724448584
204,S3,6,27.47406852719887
205,S3,6,27.738423999802198
206,S3,6,50.18745225249365
207,S3,6,45.256084205179114
208,S3,6,65.6823651604777
209,S3,6,64.892555248225
210,S3,6,83.68230141852514
211,S3,6,0.0
212,S3,6,0.0
213,S3,6,98.53931324316002
214,S3,6,78.70945741946045
215,S3,6,120.45988006113002
216,S3,6,37.61389194935963
217,S3,6,0.0
218,S3,6,141.44004838154044
219,S3,6,75.36319231423562
220,S3,6,47.699799623099594
221,S3,6,0.0
222,S3,6,0.0
223,S3,6,0.0
224,S3,6,0.0
301,S3,6,47.589515676049594
302,S3,6,45.4747652317639
303,S3,6,70.12123670510094
304,S3,6,33.613843783380595
305,S3,6,31.03519239737043
306,S3,6,61.67851236282615
307,S3,6,57.82977560514071
308,S3,6,67.05442198497647
309,S3,6,65.35306203497541
310,S3,6,89.17551256119876
311,S3,6,0.0
312,S3,6,0.0
313,S3,6,121.57358463137278
314,S3,6,88.16151594318941
315,S3,6,163.35027194204213
316,S3,6,46.99290539174611
317,S3,6,0.0
318,S3,6,178.57634567753095
319,S3,6,78.0706919925567
320,S3,6,49.9060868657491
321,S3,6,0.0
322,S3,6,0.0
323,S3,6,0.0
324,S3,6,0.0
325,S3,6,0.0
101,S3,7,39.38121270962232
102,S3,7,33.24580953895375
103,S3,7,62.063327909182696
104,S3,7,26.222181847917117
105,S3,7,29.941867121403966
106,S3,7,56.18723315349722
107,S3,7,53.53710806165867
108,S3,7,71.95343543358484
109,S3,7,74.86119634362717
110,S3,7,87.8324514866088
111,S3,7,0.0
112,S3,7,0.0
113,S3,7,108.95048297475218
114,S3,7,90.58992503123086
115,S3,7,149.85401586096702
116,S3,7,40.12439646961574
117,S3,7,0.0
118,S3,7,128.77409598520197
119,S3,7,70.18922148827028
120,S3,7,51.08724263426957
121,S3,7,0.0
122,S3,7,0.0
123,S3,7,0.0
124,S3,7,0.0
201,S3,7,41.974365377733214
202,S3,7,36.48014230743351
203,S3,7,65.30139083849734
204,S3,7,29.438236725605048
205,S3,7,26.788280932510748
206,S3,7,53.81864038475653
207,S3,7,46.06760557058526
208,S3,7,67.17067687812555
209,S3,7,65.2602298428413
210,S3,7,79.49330114003143
211,S3,7,0.0
212,S3,7,0.0
213,S3,7,93.66438941732264
214,S3,7,80.01792997412258
215,S3,7,120.47751184311365
216,S3,7,37.04505506406606
217,S3,7,0.0
218,S3,7,141.3767888250215
219,S3,7,77.16545979765183
220,S3,7,50.9957273459803
221,S3,7,0.0
222,S3,7,0.0
223,S3,7,0.0
224,S3,7,0.0
301,S3,7,55.689654940053934
302,S3,7,52.08262775617688
303,S3,7,76.87382527851659
304,S3,7,36.54294792957428
305,S3,7,36.64495896029757
306,S3,7,68.50324509653709
307,S3,7,63.8152115934633
308,S3,7,73.21520295124581
309,S3,7,77.1297289767556
310,S3,7,93.8004440385673
311,S3,7,0.0
312,S3,7,0.0
313,S3,7,136.60640514010132
314,S3,7,91.79224604233727
315,S3,7,177.95817303296167
316,S3,7,50.17973490063744
317,S3,7,0.0
318,S3,7,191.1163763660849
319,S3,7,88.24225137213833
320,S3,7,56.56168371096386
321,S3,7,0.0
322,S3,7,0.0
323,S3,7,0.0
324,S3,7,0.0
325,S3,7,0.0
101,S3,8,38.3834098309719
102,S3,8,33.90874262157287
103,S3,8,63.251219590452095
104,S3,8,27.059054986365197
105,S3,8,28.16191794639715
106,S3,8,53.57027471693296
107,S3,8,49.247238863467146
108,S3,8,69.22232984458282
109,S3,8,74.49494899093409
110,S3,8,89.74727261303849
111,S3,8,0.0
112,S3,8,0.0
113,S3,8,107.69767663564602
114,S3,8,88.95898099716464
115,S3,8,147.9344756098894
116,S3,8,39.68474658869099
117,S3,8,0.0
118,S3,8,131.98581023006503
119,S3,8,70.64363154150503
120,S3,8,53.95313283963689
121,S3,8,0.0
122,S3,8,0.0
123,S3,8,0.0
124,S3,8,0.0
201,S3,8,43.57996921819116
202,S3,8,36.53338744935578
203,S3,8,69.26180830311918
204,S3,8,29.369738528526586
205,S3,8,27.47191050589349
206,S3,8,51.892622452161135
207,S3,8,48.398289876670184
208,S3,8,67.4769669258563
209,S3,8,67.44815611095203
210,S3,8,82.00943377850926
211,S3,8,0.0
212,S3,8,0.0
213,S3,8,95.81528022781025
214,S3,8,80.66087502383425
215,S3,8,118.46249925694147
216,S3,8,39.59364615500441
217,S3,8,0.0
218,S3,8,150.15253611546282
219,S3,8,79.47761211900817
220,S3,8,51.93509208277377
221,S3,8,0.0
222,S3,8,0.0
223,S3,8,0.0
224,S3,8,0.0
301,S3,8,60.31159713155588
302,S3,8,54.387420104507456
303,S3,8,86.53098327448978
304,S3,8,43.49004492894237
305,S3,8,40.474624523100424
306,S3,8,79.33947635335451
307,S3,8,68.27209680143422
308,S3,8,80.68097348433825
309,S3,8,81.80510719834541
310,S3,8,105.32871874157892
311,S3,8,0.0
312,S3,8,0.0
313,S3,8,150.6243880523497
314,S3,8,101.22605437913991
315,S3,8,198.09886034522083
316,S3,8,54.941488729759314
317,S3,8,0.0
318,S3,8,203.27200204347156
319,S3,8,96.33725835430458
320,S3,8,61.85456239929773
321,S3,8,0.0
322,S3,8,0.0
323,S3,8,0.0
324,S3,8,0.0
325,S3,8,0.0
101,S3,9,39.347924424572746
102,S3,9,32.295777675945075
103,S3,9,59.91483260544753
104,S3,9,26.231669678342648
105,S3,9,27.675874822261267
106,S3,9,57.742824130628094
107,S3,9,49.04382737084738
108,S3,9,72.73568156454284
109,S3,9,67.93668087312237
110,S3,9,84.4759217413921
111,S3,9,0.0
112,S3,9,0.0
113,S3,9,98.93799195656993
114,S3,9,88.93892039327804
115,S3,9,144.94754074698494
116,S3,9,40.740437216294225
117,S3,9,0.0
118,S3,9,125.73438941715044
119,S3,9,68.07611178391936
120,S3,9,51.37801092859658
121,S3,9,0.0
122,S3,9,0.0
123,S3,9,0.0
124,S3,9,0.0
201,S3,9,41.956390890733566
202,S3,9,37.13429749438303
203,S3,9,74.17019202095483
204,S3,9,28.14302694885564
205,S3,9,28.25687592945428
206,S3,9,53.300746054314835
207,S3,9,51.61653149269563
208,S3,9,66.15790567048592
209,S3,9,66.2172715869965
210,S3,9,84.1361997340659
211,S3,9,0.0
212,S3,9,0.0
213,S3,9,96.95215559668284
214,S3,9,85.33168071097684
215,S3,9,120.47165554847858
216,S3,9,39.08186929910449
217,S3,9,0.0
218,S3,9,150.50920626504916
219,S3,9,80.759864628218
220,S3,9,50.28391783453377
221,S3,9,0.0
222,S3,9,0.0
223,S3,9,0.0
224,S3,9,0.0
301,S3,9,63.25082118809148
302,S3,9,57.74322794788887
303,S3,9,91.12102957956165
304,S3,9,42.909962173071456
305,S3,9,43.26537654981025
306,S3,9,85.01346032833167
307,S3,9,76.65411874471671
308,S3,9,86.35402868836788
309,S3,9,86.09716860048854
310,S3,9,115.9660416332229
311,S3,9,0.0
312,S3,9,0.0
313,S3,9,153.77119877155226
314,S3,9,110.33945349305355
315,S3,9,217.13365516809927
316,S3,9,57.96012953054927
317,S3,9,0.0
318,S3,9,232.77438487626358
319,S3,9,108.72095834186645
320,S3,9,68.27081851742534
321,S3,9,0.0
322,S3,9,0.0
323,S3,9,0.0
324,S3,9,0.0
325,S3,9,0.0
101,S3,10,38.90208485978227
102,S3,10,35.55499656723327
103,S3,10,63.70238826617208
104,S3,10,25.408687303263697
105,S3,10,27.768040072901652
106,S3,10,53.81009361351199
107,S3,10,50.31466446674137
108,S3,10,68.23722885309698
109,S3,10,74.16738946226242
110,S3,10,88.95524184718744
111,S3,10,0.0
112,S3,10,0.0
113,S3,10,99.99316453428496
114,S3,10,87.60750926514987
115,S3,10,144.46541642048268
116,S3,10,42.25708752530117
117,S3,10,0.0
118,S3,10,133.75561365268464
119,S3,10,73.77532058117843
120,S3,10,51.58653519354389
121,S3,10,0.0
122,S3,10,0.0
123,S3,10,0.0
124,S3,10,0.0
201,S3,10,43.80575186052833
202,S3,10,38.75092410309376
203,S3,10,69.453880870942
204,S3,10,28.634287791658927
205,S3,10,27.178238399226508
206,S3,10,51.68846784739204
207,S3,10,51.012125387799564
208,S3,10,69.75127536769276
209,S3,10,66.32857793671062
210,S3,10,88.08690634029517
211,S3,10,0.0
212,S3,10,0.0
213,S3,10,96.81126437471164
214,S3,10,82.85708884161468
215,S3,10,121.0714478397462
216,S3,10,41.60373924061255
217,S3,10,0.0
218,S3,10,141.14702454350254
219,S3,10,77.87996565307779
220,S3,10,51.8793441881115
221,S3,10,0.0
222,S3,10,0.0
223,S3,10,0.0
224,S3,10,0.0
301,S3,10,70.71599638892069
302,S3,10,62.406432567200085
303,S3,10,93.99845363480443
304,S3,10,48.34123708471808
305,S3,10,45.58442303972857
306,S3,10,87.2487467022663
307,S3,10,79.3853500825527
308,S3,10,92.3396184655184
309,S3,10,94.09135582227748
310,S3,10,120.97755267118202
311,S3,10,0.0
312,S3,10,0.0
313,S3,10,153.07637610567312
314,S3,10,111.68639561381637
315,S3,10,228.32051418006398
316,S3,10,62.0531009014048
317,S3,10,0.0
318,S3,10,233.12976083172626
319,S3,10,112.44899730586323
320,S3,10,66.46860384465457
321,S3,10,0.0
322,S3,10,0.0
323,S3,10,0.0
324,S3,10,0.0
325,S3,10,0.0
101,S3,11,37.816774159242904
102,S3,11,34.028463096009624
103,S3,11,63.46600779630825
104,S3,11,25.191004491716576
105,S3,11,28.61137962720094
106,S3,11,57.14614268769137
107,S3,11,52.66804488717448
108,S3,11,67.43800649045919
109,S3,11,74.49592625821238
110,S3,11,92.37670389402173
111,S3,11,0.0
112,S3,11,0.0
113,S3,11,102.14775487099158
114,S3,11,92.52392238790453
115,S3,11,151.96159008108384
116,S3,11,42.51433722532249
117,S3,11,0.0
118,S3,11,137.51906373941185
119,S3,11,74.90904221357644
120,S3,11,50.79868885996693
121,S3,11,0.0
122,S3,11,0.0
123,S3,11,0.0
124,S3,11,0.0
201,S3,11,44.860942547991456
202,S3,11,40.961054472712576
203,S3,11,71.95319758526423
204,S3,11,29.045885558301354
205,S3,11,27.89275708731623
206,S3,11,52.961384096050665
207,S3,11,49.974347819121945
208,S3,11,71.86164005367038
209,S3,11,71.14221049501931
210,S3,11,90.02953999923702
211,S3,11,0.0
212,S3,11,0.0
213,S3,11,97.72766997240863
214,S3,11,88.67469214491412
215,S3,11,117.53771389265384
216,S3,11,40.75577023335694
217,S3,11,0.0
218,S3,11,144.59599911401094
219,S3,11,83.56494841190568
220,S3,11,51.635736347268036
221,S3,11,0.0
222,S3,11,0.0
223,S3,11,0.0
224,S3,11,0.0
301,S3,11,68.87174106971744
302,S3,11,64.88238835607336
303,S3,11,101.38733429871165
304,S3,11,50.712389536693934
305,S3,11,47.46433792132895
306,S3,11,90.0084382173743
307,S3,11,78.81609167006808
308,S3,11,94.71418245129485
309,S3,11,99.92797993230784
310,S3,11,122.24967984314316
311,S3,11,0.0
312,S3,11,0.0
313,S3,11,168.82879142552125
314,S3,11,125.85023123276419
315,S3,11,236.1668081701611
316,S3,11,64.36150258148501
317,S3,11,0.0
318,S3,11,236.78074243329183
319,S3,11,116.37086828336494
320,S3,11,74.55819454632861
321,S3,11,0.0
322,S3,11,0.0
323,S3,11,0.0
324,S3,11,0.0
325,S3,11,0.0
101,S3,12,38.52900271806506
102,S3,12,34.2054756114858
103,S3,12,65.98805875175097
104,S3,12,25.583787868408404
105,S3,12,29.090488219760747
106,S3,12,55.857541925387395
107,S3,12,49.21582701887849
108,S3,12,68.82707616057026
109,S3,12,70.68487362733292
110,S3,12,88.60839199158336
111,S3,12,0.0
112,S3,12,0.0
113,S3,12,103.04789839467409
114,S3,12,88.66977625319053
115,S3,12,138.72751574375977
116,S3,12,42.45653481414319
117,S3,12,0.0
118,S3,12,126.77374386534784
119,S3,12,72.67906426295971
120,S3,12,54.73658535522011
121,S3,12,0.0
122,S3,12,0.0
123,S3,12,0.0
124,S3,12,0.0
201,S3,12,43.180389853956335
202,S3,12,40.56163376814192
203,S3,12,71.93847370033602
204,S3,12,30.416360735431272
205,S3,12,27.524778209290588
206,S3,12,54.55878133073343
207,S3,12,53.386342565357886
208,S3,12,73.05009381515822
209,S3,12,68.19160164623392
210,S3,12,86.33107833874074
211,S3,12,0.0
212,S3,12,0.0
213,S3,12,105.78184354065368
214,S3,12,92.76803723793441
215,S3,12,120.25033011525296
216,S3,12,40.833276098697795
217,S3,12,0.0
218,S3,12,151.141903779828
219,S3,12,84.11922249815275
220,S3,12,53.261273424318766
221,S3,12,0.0
222,S3,12,0.0
223,S3,12,0.0
224,S3,12,0.0
301,S3,12,69.44691106365237
302,S3,12,63.907271781053545
303,S3,12,96.16952175894319
304,S3,12,46.43377514983399
305,S3,12,45.215631566619656
306,S3,12,84.5468916725618
307,S3,12,77.02368262305474
308,S3,12,98.71948023645237
309,S3,12,100.36486564331447
310,S3,12,119.55724207699343
311,S3,12,0.0
312,S3,12,0.0
313,S3,12,167.14453937253694
314,S3,12,117.7136637501828
315,S3,12,220.29503318134212
316,S3,12,63.49284657574037
317,S3,12,0.0
318,S3,12,249.91444290976276
319,S3,12,113.84380678817952
320,S3,12,69.81509624756553
321,S3,12,0.0
322,S3,12,0.0
323,S3,12,0.0
324,S3,12,0.0
325,S3,12,0.0
101,S3,13,37.28155844490488
102,S3,13,35.60980210389442
103,S3,13,66.51984704319972
104,S3,13,26.910421746021
105,S3,13,28.807575376111455
106,S3,13,56.250557744897094
107,S3,13,51.9041212744516
108,S3,13,73.75176442456252
109,S3,13,69.80580485543538
110,S3,13,86.6063538707811
111,S3,13,0.0
112,S3,13,0.0
113,S3,13,101.91089571282548
114,S3,13,88.19800194048618
115,S3,13,149.52014238464534
116,S3,13,40.68601107051998
117,S3,13,0.0
118,S3,13,129.68667813495122
119,S3,13,73.78411629500128
120,S3,13,52.70320986724675
121,S3,13,0.0
122,S3,13,0.0
123,S3,13,0.0
124,S3,13,0.0
201,S3,13,45.74959457065905
202,S3,13,41.31182015628751
203,S3,13,75.39478635681141
204,S3,13,29.163049457487926
205,S3,13,28.344978886573667
206,S3,13,54.45447532288545
207,S3,13,49.625508433581366
208,S3,13,70.85561134247638
209,S3,13,71.81157951962054
210,S3,13,88.05831891023722
211,S3,13,0.0
212,S3,13,0.0
213,S3,13,107.00057730933474
214,S3,13,90.66355207352606
215,S3,13,122.5015057750344
216,S3,13,42.70681435708782
217,S3,13,0.0
218,S3,13,156.82543841752158
219,S3,13,80.5391405931978
220,S3,13,52.741158857139126
221,S3,13,0.0
222,S3,13,0.0
223,S3,13,0.0
224,S3,13,0.0
301,S3,13,68.29248104480328
302,S3,13,61.09779114714169
303,S3,13,101.47532502922107
304,S3,13,46.829065819242636
305,S3,13,45.051160589828235
306,S3,13,83.49423992437843
307,S3,13,80.97606310737643
308,S3,13,93.13363707879691
309,S3,13,98.38949451383867
310,S3,13,117.3076865352095
311,S3,13,0.0
312,S3,13,0.0
313,S3,13,166.4270164938169
314,S3,13,115.528208924555
315,S3,13,233.56588070766682
316,S3,13,64.76378549768256
317,S3,13,0.0
318,S3,13,243.88138225785934
319,S3,13,112.19875940583557
320,S3,13,71.30764076453113
321,S3,13,0.0
322,S3,13,0.0
323,S3,13,0.0
324,S3,13,0.0
325,S3,13,0.0
101,S3,14,37.307790257601454
102,S3,14,34.849522864123216
103,S3,14,67.54952699193127
104,S3,14,25.937938576698784
105,S3,14,29.58012300732632
106,S3,14,54.1013325465404
107,S3,14,52.85731632087387
108,S3,14,71.18235875789765
109,S3,14,71.60864092248589
110,S3,14,89.85079347840583
111,S3,14,0.0
112,S3,14,0.0
113,S3,14,106.09839586020101
114,S3,14,94.81440389495471
115,S3,14,154.54098871845693
116,S3,14,42.50263050844117
117,S3,14,0.0
118,S3,14,127.13650501474834
119,S3,14,74.14762078936705
120,S3,14,55.114608897707214
121,S3,14,0.0
122,S3,14,0.0
123,S3,14,0.0
124,S3,14,0.0
201,S3,14,45.40062792229508
202,S3,14,41.366310085595565
203,S3,14,75.08257918956943
204,S3,14,31.11123637290804
205,S3,14,28.666560135152487
206,S3,14,55.20868217290428
207,S3,14,50.58781483817205
208,S3,14,68.83386942447285
209,S3,14,71.14149127332055
210,S3,14,91.2119586389315
211,S3,14,0.0
212,S3,14,0.0
213,S3,14,103.1817126456054
214,S3,14,87.38965786136849
215,S3,14,130.10585652001967
216,S3,14,40.781403293814144
217,S3,14,0.0
218,S3,14,151.3531571063655
219,S3,14,81.66090890424155
220,S3,14,52.608590451707116
221,S3,14,0.0
222,S3,14,0.0
223,S3,14,0.0
224,S3,14,0.0
301,S3,14,71.50990711355698
302,S3,14,59.727490090850864
303,S3,14,95.21346999312428
304,S3,14,46.95461986547756
305,S3,14,45.29222871477331
306,S3,14,87.88707024385072
307,S3,14,79.67823497722699
308,S3,14,92.36802972836117
309,S3,14,91.89123727566249
310,S3,14,113.78473285290701
311,S3,14,0.0
312,S3,14,0.0
313,S3,14,169.24830388628354
314,S3,14,117.30514053389903
315,S3,14,221.47289425801375
316,S3,14,62.74103975663913
317,S3,14,0.0
318,S3,14,236.43606000339537
319,S3,14,113.22378216156513
320,S3,14,71.49383229861112
321,S3,14,0.0
322,S3,14,0.0
323,S3,14,0.0
324,S3,14,0.0
325,S3,14,0.0
101,S3,15,39.73104287240042
102,S3,15,33.727143926877204
103,S3,15,63.20383102353716
104,S3,15,27.25969664163876
105,S3,15,29.361549343389807
106,S3,15,59.40480142939058
107,S3,15,49.60720440028484
108,S3,15,68.15372268135592
109,S3,15,76.14946700213204
110,S3,15,87.13367373829782
111,S3,15,0.0
112,S3,15,0.0
113,S3,15,106.98100278653804
114,S3,15,89.10809348048376
115,S3,15,140.70258767628926
116,S3,15,42.21652277231362
117,S3,15,0.0
118,S3,15,129.07522945643856
119,S3,15,73.25284674361933
120,S3,15,51.430826966437635
121,S3,15,0.0
122,S3,15,0.0
123,S3,15,0.0
124,S3,15,0.0
201,S3,15,42.54504471342005
202,S3,15,39.336487892471204
203,S3,15,72.53788418222227
204,S3,15,31.137731725525047
205,S3,15,30.113638979558317
206,S3,15,57.68156917534922
207,S3,15,50.26326306293913
208,S3,15,69.5667316508877
209,S3,15,72.6219109112189
210,S3,15,92.89415332074171
211,S3,15,0.0
212,S3,15,0.0
213,S3,15,101.35427983345254
214,S3,15,92.44776168017405
215,S3,15,124.14211782313029
216,S3,15,40.543370111695424
217,S3,15,0.0
218,S3,15,148.92814334364604
219,S3,15,85.7198536607817
220,S3,15,53.90657308634378
221,S3,15,0.0
222,S3,15,0.0
223,S3,15,0.0
224,S3,15,0.0
301,S3,15,67.98802600747327
302,S3,15,57.473344102295385
303,S3,15,91.14571119770225
304,S3,15,47.295602969435926
305,S3,15,43.84748765583883
306,S3,15,83.76798612395605
307,S3,15,80.56387272375403
308,S3,15,94.91078970503645
309,S3,15,93.22307374333538
310,S3,15,116.41905540497179
311,S3,15,0.0
312,S3,15,0.0
313,S3,15,154.0876640177383
314,S3,15,115.31736447594359
315,S3,15,229.8199078159028
316,S3,15,64.05432371325507
317,S3,15,0.0
318,S3,15,230.0549054058394
319,S3,15,109.59523166670009
320,S3,15,70.27244268437336
321,S3,15,0.0
322,S3,15,0.0
323,S3,15,0.0
324,S3,15,0.0
325,S3,15,0.0
101,S3,16,38.71604600971983
102,S3,16,34.61244234239134
103,S3,16,65.57776296202803
104,S3,16,25.640088113272714
105,S3,16,29.30478874627716
106,S3,16,55.69813528295325
107,S3,16,50.6879204990059
108,S3,16,70.61744527970693
109,S3,16,74.9515614092569
110,S3,16,88.16288611710492
111,S3,16,0.0
112,S3,16,0.0
113,S3,16,105.14168553620259
114,S3,16,91.28477284002759
115,S3,16,153.82990428241857
116,S3,16,40.91909436025249
117,S3,16,0.0
118,S3,16,136.05125082904397
119,S3,16,76.51600092483031
120,S3,16,54.0205678896117
121,S3,16,0.0
122,S3,16,0.0
123,S3,16,0.0
124,S3,16,0.0
201,S3,16,44.66106565311234
202,S3,16,38.90169981108534
203,S3,16,76.04746226515303
204,S3,16,29.22849997936922
205,S3,16,27.936005232092317
206,S3,16,56.53262755041816
207,S3,16,48.79021668349634
208,S3,16,71.98052193521428
209,S3,16,72.49467905635397
210,S3,16,90.42165139287208
211,S3,16,0.0
212,S3,16,0.0
213,S3,16,106.30317124749261
214,S3,16,92.7752457618561
215,S3,16,125.74810746242099
216,S3,16,40.9535223520111
217,S3,16,0.0
218,S3,16,148.49467707993372
219,S3,16,86.16527623040453
220,S3,16,51.545416913078725
221,S3,16,0.0
222,S3,16,0.0
223,S3,16,0.0
224,S3,16,0.0
301,S3,16,63.757727333575474
302,S3,16,58.4072067467396
303,S3,16,85.82555752111068
304,S3,16,43.32058682010527
305,S3,16,40.87025616871486
306,S3,16,77.48288621128958
307,S3,16,68.59712654472668
308,S3,16,88.54316159628274
309,S3,16,88.36900919860358
310,S3,16,103.9710188668559
311,S3,16,0.0
312,S3,16,0.0
313,S3,16,146.0637787345427
314,S3,16,103.37853674042049
315,S3,16,203.66800391872368
316,S3,16,55.82842373902524
317,S3,16,0.0
318,S3,16,216.61417504303063
319,S3,16,98.23950072680375
320,S3,16,66.59594992199312
321,S3,16,0.0
322,S3,16,0.0
323,S3,16,0.0
324,S3,16,0.0
325,S3,16,0.0
101,S3,17,37.71544762983515
102,S3,17,33.695894679279206
103,S3,17,64.84081583777645
104,S3,17,27.850289071339496
105,S3,17,30.78594420173012
106,S3,17,58.56099819609901
107,S3,17,50.222701177812304
108,S3,17,73.52549017401377
109,S3,17,72.28332922948441
110,S3,17,93.30613837089433
111,S3,17,0.0
112,S3,17,0.0
113,S3,17,106.02860315796863
114,S3,17,94.8709793124742
115,S3,17,147.10257685451177
116,S3,17,41.707748804987546
117,S3,17,0.0
118,S3,17,135.8422687555053
119,S3,17,73.7894951779551
120,S3,17,55.70822784779951
121,S3,17,0.0
122,S3,17,0.0
123,S3,17,0.0
124,S3,17,0.0
201,S3,17,43.515006831227744
202,S3,17,38.700156848938555
203,S3,17,74.47055655449634
204,S3,17,30.52873580063622
205,S3,17,27.629446414253053
206,S3,17,53.877442098609905
207,S3,17,52.92666026571734
208,S3,17,70.70528309079991
209,S3,17,74.15429812910395
210,S3,17,87.59497934858567
211,S3,17,0.0
212,S3,17,0.0
213,S3,17,108.21396577389176
214,S3,17,87.33929066157917
215,S3,17,124.65078641333061
216,S3,17,41.131018281347565
217,S3,17,0.0
218,S3,17,147.49453455461077
219,S3,17,81.54533023335765
220,S3,17,50.03023597759461
221,S3,17,0.0
222,S3,17,0.0
223,S3,17,0.0
224,S3,17,0.0
301,S3,17,56.608216108893096
302,S3,17,50.629045910890774
303,S3,17,85.29690910150842
304,S3,17,39.92308449800396
305,S3,17,36.583418653498164
306,S3,17,73.9960170244236
307,S3,17,67.19398369146236
308,S3,17,80.19046815859915
309,S3,17,78.02198537081524
310,S3,17,106.54182821051057
311,S3,17,0.0
312,S3,17,0.0
313,S3,17,143.83261813909772
314,S3,17,103.46317628620763
315,S3,17,188.96100006416597
316,S3,17,55.24479088571054
317,S3,17,0.0
318,S3,17,192.5822291782598
319,S3,17,93.70612779544341
320,S3,17,58.128483527536474
321,S3,17,0.0
322,S3,17,0.0
323,S3,17,0.0
324,S3,17,0.0
325,S3,17,0.0
101,S3,18,37.2869330788535
102,S3,18,35.36999698000883
103,S3,18,64.26145643860907
104,S3,18,25.84916371831555
105,S3,18,30.760975253701435
106,S3,18,55.55088153928363
107,S3,18,53.67639157170186
108,S3,18,75.66144564176915
109,S3,18,76.4870656011538
110,S3,18,89.53459377400337
111,S3,18,0.0
112,S3,18,0.0
113,S3,18,102.8598968689368
114,S3,18,94.68266849039739
115,S3,18,149.07659118423203
116,S3,18,40.113108818551304
117,S3,18,0.0
118,S3,18,138.00938578729614
119,S3,18,74.17668402688228
120,S3,18,54.584482864700014
121,S3,18,0.0
122,S3,18,0.0
123,S3,18,0.0
124,S3,18,0.0
201,S3,18,43.449826529190794
202,S3,18,37.98979132167821
203,S3,18,74.75461523125833
204,S3,18,31.676505752454208
205,S3,18,30.11650880582143
206,S3,18,54.87066318529194
207,S3,18,50.92035675068141
208,S3,18,70.27366155255662
209,S3,18,68.47956963155397
210,S3,18,92.90859683322135
211,S3,18,0.0
212,S3,18,0.0
213,S3,18,105.73919437225197
214,S3,18,88.43945858214967
215,S3,18,127.52666352370935
216,S3,18,39.62308311168531
217,S3,18,0.0
218,S3,18,156.68805238537325
219,S3,18,80.78424090028882
220,S3,18,52.27035529507254
221,S3,18,0.0
222,S3,18,0.0
223,S3,18,0.0
224,S3,18,0.0
301,S3,18,53.17936754177849
302,S3,18,49.51259485266264
303,S3,18,80.45787612447212
304,S3,18,38.317285630107904
305,S3,18,37.27005221703651
306,S3,18,68.99187462922818
307,S3,18,62.02278945550442
308,S3,18,75.11073951191975
309,S3,18,76.2723497908461
310,S3,18,97.62822943119527
311,S3,18,0.0
312,S3,18,0.0
313,S3,18,127.31585462066491
314,S3,18,94.66720630652858
315,S3,18,177.43938830360517
316,S3,18,49.02134390641975
317,S3,18,0.0
318,S3,18,188.5770190591607
319,S3,18,91.53391125494589
320,S3,18,56.56965251041221
321,S3,18,0.0
322,S3,18,0.0
323,S3,18,0.0
324,S3,18,0.0
325,S3,18,0.0
101,S3,19,43.442616348075326
102,S3,19,35.853739672104986
103,S3,19,71.30923553104721
104,S3,19,29.484645257029232
105,S3,19,30.762285702380655
106,S3,19,63.100302456184075
107,S3,19,54.50877436181259
108,S3,19,76.64746799926762
109,S3,19,81.94590659419399
110,S3,19,96.5499159163229
111,S3,19,0.0
112,S3,19,0.0
113,S3,19,114.52263270583298
114,S3,19,101.8694535063628
115,S3,19,164.54199903182646
116,S3,19,45.95503893169793
117,S3,19,0.0
118,S3,19,149.10588447372308
119,S3,19,76.25528545734278
120,S3,19,58.77606832806483
121,S3,19,0.0
122,S3,19,0.0
123,S3,19,0.0
124,S3,19,0.0
201,S3,19,49.50125323087539
202,S3,19,42.49471723443967
203,S3,19,76.68532124944451
204,S3,19,31.99449401107763
205,S3,19,32.385916767849196
206,S3,19,62.63773605640905
207,S3,19,55.54065176096726
208,S3,19,79.23400990864
209,S3,19,74.77195399493174
210,S3,19,101.72370411463093
211,S3,19,0.0
212,S3,19,0.0
213,S3,19,117.31860263954941
214,S3,19,93.79814746505085
215,S3,19,135.49101498052755
216,S3,19,46.30347874888342
217,S3,19,0.0
218,S3,19,170.08140200627605
219,S3,19,86.35901763627454
220,S3,19,59.488614142468805
221,S3,19,0.0
222,S3,19,0.0
223,S3,19,0.0
224,S3,19,0.0
301,S3,19,64.01901791591932
302,S3,19,54.913202310070254
303,S3,19,92.03041685217856
304,S3,19,42.702125270782204
305,S3,19,40.81529123145017
306,S3,19,82.2710906847656
307,S3,19,69.07074529069052
308,S3,19,88.70806297713362
309,S3,19,90.42524528769948
310,S3,19,111.72752836051318
311,S3,19,0.0
312,S3,19,0.0
313,S3,19,142.8577953349229
314,S3,19,108.65368862193918
315,S3,19,206.56697064078344
316,S3,19,59.19272250022274
317,S3,19,0.0
318,S3,19,206.17939884592224
319,S3,19,102.02947829731794
320,S3,19,61.69212834425541
321,S3,19,0.0
322,S3,19,0.0
323,S3,19,0.0
324,S3,19,0.0
325,S3,19,0.0
101,S3,20,42.2403873366387
102,S3,20,38.12547301750837
103,S3,20,70.43499802793602
104,S3,20,27.235508700381835
105,S3,20,31.66501620932451
106,S3,20,57.722337397749456
107,S3,20,54.3650486381371
108,S3,20,77.62442190846322
109,S3,20,78.97552202679987
110,S3,20,100.47786943237587
111,S3,20,0.0
112,S3,20,0.0
113,S3,20,115.91357713362177
114,S3,20,95.26772227087953
115,S3,20,152.39873595104294
116,S3,20,45.83804511146992
117,S3,20,0.0
118,S3,20,135.81235082679174
119,S3,20,76.8839342830014
120,S3,20,56.20133417843188
121,S3,20,0.0
122,S3,20,0.0
123,S3,20,0.0
124,S3,20,0.0
201,S3,20,49.374875505795714
202,S3,20,43.35123135967494
203,S3,20,78.5488579101093
204,S3,20,34.88586662220821
205,S3,20,31.720236320308913
206,S3,20,64.35209695609176
207,S3,20,57.98102380091782
208,S3,20,77.18603804332555
209,S3,20,83.38392745466143
210,S3,20,101.60473980760877
211,S3,20,0.0
212,S3,20,0.0
213,S3,20,116.06579067088911
214,S3,20,101.69070102976613
215,S3,20,145.50209982716865
216,S3,20,47.15941935195528
217,S3,20,0.0
218,S3,20,176.37614438360902
219,S3,20,94.68913045561781
220,S3,20,56.14639191991034
221,S3,20,0.0
222,S3,20,0.0
223,S3,20,0.0
224,S3,20,0.0
301,S3,20,64.1195052679875
302,S3,20,59.75101668168888
303,S3,20,90.06257370993039
304,S3,20,42.55597989704404
305,S3,20,43.070660420436134
306,S3,20,80.81915968187079
307,S3,20,72.40259819000363
308,S3,20,90.44193164755033
309,S3,20,91.08275783685649
310,S3,20,117.16656989911878
311,S3,20,0.0
312,S3,20,0.0
313,S3,20,158.4246453088671
314,S3,20,107.25516460698924
315,S3,20,220.7238184702032
316,S3,20,60.02983699936845
317,S3,20,0.0
318,S3,20,232.72440159594342
319,S3,20,101.53663264821553
320,S3,20,65.63209546424848
321,S3,20,0.0
322,S3,20,0.0
323,S3,20,0.0
324,S3,20,0.0
325,S3,20,0.0
101,S3,21,39.668136062019116
102,S3,21,36.025898927188834
103,S3,21,64.76062883775232
104,S3,21,26.112452293940073
105,S3,21,29.657390225623885
106,S3,21,56.42404940495325
107,S3,21,50.20260637708359
108,S3,21,72.88832590774493
109,S3,21,70.34949776532369
110,S3,21,93.51649670897903
111,S3,21,0.0
112,S3,21,0.0
113,S3,21,105.01856293348762
114,S3,21,92.3640834565486
115,S3,21,156.69725581565666
116,S3,21,42.99716238250103
117,S3,21,0.0
118,S3,21,135.38579747052395
119,S3,21,70.74847898731572
120,S3,21,54.41606767140088
121,S3,21,0.0
122,S3,21,0.0
123,S3,21,0.0
124,S3,21,0.0
201,S3,21,47.16934590467488
202,S3,21,43.94149836202961
203,S3,21,74.60414182878955
204,S3,21,31.96401764803007
205,S3,21,32.503426036110845
206,S3,21,62.07557023106324
207,S3,21,56.22700727620221
208,S3,21,74.76493843851844
209,S3,21,77.13963245744716
210,S3,21,92.60429300026613
211,S3,21,0.0
212,S3,21,0.0
213,S3,21,106.17452993454312
214,S3,21,99.19816923379712
215,S3,21,131.90142998397772
216,S3,21,45.75939995228607
217,S3,21,0.0
218,S3,21,166.8377265352404
219,S3,21,91.45494064601003
220,S3,21,53.34838052757223
221,S3,21,0.0
222,S3,21,0.0
223,S3,21,0.0
224,S3,21,0.0
301,S3,21,57.552716072469735
302,S3,21,50.65287672670713
303,S3,21,85.09842635500216
304,S3,21,39.353985872451
305,S3,21,36.916933032852384
306,S3,21,76.7846542071982
307,S3,21,65.63569382456389
308,S3,21,79.77485732822308
309,S3,21,80.88351404960243
310,S3,21,97.84965449153252
311,S3,21,0.0
312,S3,21,0.0
313,S3,21,133.27769076226892
314,S3,21,101.69616809520821
315,S3,21,183.0771236574151
316,S3,21,55.034969715386694
317,S3,21,0.0
318,S3,21,199.65646936058818
319,S3,21,98.0551910792174
320,S3,21,56.86982537963765
321,S3,21,0.0
322,S3,21,0.0
323,S3,21,0.0
324,S3,21,0.0
325,S3,21,0.0
101,S3,22,34.84690943488675
102,S3,22,32.64482002245264
103,S3,22,62.46597853997855
104,S3,22,25.78317290225765
105,S3,22,27.50867630734469
106,S3,22,56.07574887814241
107,S3,22,48.83922706429177
108,S3,22,69.40089642468541
109,S3,22,70.24207901733982
110,S3,22,88.71973420837412
111,S3,22,0.0
112,S3,22,0.0
113,S3,22,100.30330579712762
114,S3,22,81.58914846073735
115,S3,22,141.2049326342602
116,S3,22,38.48411667420021
117,S3,22,0.0
118,S3,22,126.18781790492957
119,S3,22,68.35962825444787
120,S3,22,51.06830424287654
121,S3,22,0.0
122,S3,22,0.0
123,S3,22,0.0
124,S3,22,0.0
201,S3,22,44.35642859236242
202,S3,22,41.67550272309631
203,S3,22,77.06858175541694
204,S3,22,29.927824904252155
205,S3,22,28.269077557041108
206,S3,22,54.91096450215954
207,S3,22,49.995645825837286
208,S3,22,67.59700304021564
209,S3,22,69.01123626882577
210,S3,22,87.850736124991
211,S3,22,0.0
212,S3,22,0.0
213,S3,22,99.93890563667394
214,S3,22,90.34224320158773
215,S3,22,123.77617276041856
216,S3,22,39.48438350341733
217,S3,22,0.0
218,S3,22,160.17007171950732
219,S3,22,80.42010330084402
220,S3,22,54.99471840924013
221,S3,22,0.0
222,S3,22,0.0
223,S3,22,0.0
224,S3,22,0.0
301,S3,22,53.588557342697776
302,S3,22,48.654140692245456
303,S3,22,76.47121069987493
304,S3,22,37.521784868631414
305,S3,22,34.27404461512609
306,S3,22,70.43644412955352
307,S3,22,64.19076882042317
308,S3,22,76.8453825978152
309,S3,22,77.22709629855932
310,S3,22,92.12077250217841
311,S3,22,0.0
312,S3,22,0.0
313,S3,22,135.43750030987368
314,S3,22,91.48916373550082
315,S3,22,186.34353247335346
316,S3,22,50.03698160160296
317,S3,22,0.0
318,S3,22,198.44454573023506
319,S3,22,91.41896262550225
320,S3,22,56.33058245410494
321,S3,22,0.0
322,S3,22,0.0
323,S3,22,0.0
324,S3,22,0.0
325,S3,22,0.0
101,S3,23,34.720165888250555
102,S3,23,29.800553004401223
103,S3,23,58.56125521458247
104,S3,23,23.94153131693254
105,S3,23,24.795374543216152
106,S3,23,48.78782994416561
107,S3,23,44.13216777094693
108,S3,23,61.364566886403495
109,S3,23,61.16447642639567
110,S3,23,79.00408266366223
111,S3,23,0.0
112,S3,23,0.0
113,S3,23,89.88230998537581
114,S3,23,77.67183272899044
115,S3,23,123.31410383399447
116,S3,23,35.05538633637372
117,S3,23,0.0
118,S3,23,114.46349362925307
119,S3,23,62.28386494772761
120,S3,23,48.44027445777522
121,S3,23,0.0
122,S3,23,0.0
123,S3,23,0.0
124,S3,23,0.0
201,S3,23,41.404618491300255
202,S3,23,38.69246020550338
203,S3,23,71.50535699341123
204,S3,23,27.102227801853875
205,S3,23,27.338831370698113
206,S3,23,54.11643262388387
207,S3,23,46.473526013675524
208,S3,23,66.13849164191258
209,S3,23,68.79797468044883
210,S3,23,86.5835649675878
211,S3,23,0.0
212,S3,23,0.0
213,S3,23,97.21949100320263
214,S3,23,81.17196969886234
215,S3,23,116.44774679391578
216,S3,23,38.89982368799292
217,S3,23,0.0
218,S3,23,141.60364739728757
219,S3,23,81.59276845466512
220,S3,23,51.19212345642926
221,S3,23,0.0
222,S3,23,0.0
223,S3,23,0.0
224,S3,23,0.0
301,S3,23,48.142276205563526
302,S3,23,42.180256699645405
303,S3,23,70.73104292378609
304,S3,23,31.608225495354077
305,S3,23,31.614320439855856
306,S3,23,59.60477172620828
307,S3,23,55.61082735728661
308,S3,23,66.41305474117651
309,S3,23,68.69091633782217
310,S3,23,87.3788212683535
311,S3,23,0.0
312,S3,23,0.0
313,S3,23,117.03779888683246
314,S3,23,82.28520284251096
315,S3,23,159.80111423423796
316,S3,23,44.25632935879598
317,S3,23,0.0
318,S3,23,160.16929185078948
319,S3,23,80.7668218400474
320,S3,23,50.59037431925975
321,S3,23,0.0
322,S3,23,0.0
323,S3,23,0.0
324,S3,23,0.0
325,S3,23,0.0
101,S3,24,32.987136470380726
102,S3,24,29.111404991273524
103,S3,24,52.482917100177666
104,S3,24,22.70056354361147
105,S3,24,23.346650773631406
106,S3,24,48.98301919453349
107,S3,24,45.10795585020585
108,S3,24,58.031078139839934
109,S3,24,60.9700589530661
110,S3,24,71.56317461210674
111,S3,24,0.0
112,S3,24,0.0
113,S3,24,84.78249624210164
114,S3,24,73.64565053659858
115,S3,24,119.50747149262439
116,S3,24,34.75607546559001
117,S3,24,0.0
118,S3,24,106.82063049981186
119,S3,24,57.752508379691
120,S3,24,43.326413307160436
121,S3,24,0.0
122,S3,24,0.0
123,S3,24,0.0
124,S3,24,0.0
201,S3,24,40.73947105930993
202,S3,24,34.85784908169483
203,S3,24,63.27729409433469
204,S3,24,26.93039546437696
205,S3,24,25.606385593029195
206,S3,24,50.6696857411574
207,S3,24,47.836394658512006
208,S3,24,64.53331042350098
209,S3,24,60.87123674269155
210,S3,24,78.1635522692316
211,S3,24,0.0
212,S3,24,0.0
213,S3,24,97.15448984168464
214,S3,24,76.47357087507015
215,S3,24,112.04570054185979
216,S3,24,34.819169595914204
217,S3,24,0.0
218,S3,24,130.96909763080737
219,S3,24,73.95118284380676
220,S3,24,45.456849290698955
221,S3,24,0.0
222,S3,24,0.0
223,S3,24,0.0
224,S3,24,0.0
301,S3,24,46.477080803897834
302,S3,24,38.66891681869496
303,S3,24,63.12968683815744
304,S3,24,31.699481113270206
305,S3,24,29.116285634092954
306,S3,24,54.954246559894045
307,S3,24,51.92934188699904
308,S3,24,60.1956492663367
309,S3,24,60.60240878522804
310,S3,24,75.74470738081557
311,S3,24,0.0
312,S3,24,0.0
313,S3,24,100.61780671942459
314,S3,24,74.62641096412422
315,S3,24,147.14469074030612
316,S3,24,42.089587241496886
317,S3,24,0.0
318,S3,24,161.28343923328447
319,S3,24,69.30518229441687
320,S3,24,46.82616159707531
321,S3,24,0.0
322,S3,24,0.0
323,S3,24,0.0
324,S3,24,0.0
325,S3,24,0.0
101,S4,1,27.44071841201239
102,S4,1,26.149044896220513
103,S4,1,46.185852147230406
104,S4,1,20.227832262225554
105,S4,1,21.822790269274787
106,S4,1,42.844860648275244
107,S4,1,36.844353333251924
108,S4,1,54.72550456890245
109,S4,1,56.95658080194622
110,S4,1,71.00254594912388
111,S4,1,0.0
112,S4,1,0.0
113,S4,1,76.01758275912862
114,S4,1,66.32230416061182
115,S4,1,106.0521428888462
116,S4,1,31.146526650085683
117,S4,1,0.0
118,S4,1,102.34416631103709
119,S4,1,56.47402765005276
120,S4,1,40.5798379691993
121,S4,1,0.0
122,S4,1,0.0
123,S4,1,0.0
124,S4,1,0.0
201,S4,1,35.37940316302327
202,S4,1,34.197046634920774
203,S4,1,63.67990860433418
204,S4,1,26.14926665631213
205,S4,1,23.054128560466232
206,S4,1,47.15449552432417
207,S4,1,41.3856429247439
208,S4,1,59.76007424276398
209,S4,1,60.44426465152235
210,S4,1,71.12612136648949
211,S4,1,0.0
212,S4,1,0.0
213,S4,1,85.55164179852738
214,S4,1,72.3245113222086
215,S4,1,99.34723882679566
216,S4,1,34.18653666376879
217,S4,1,0.0
218,S4,1,120.93049273468542
219,S4,1,68.02141396248487
220,S4,1,42.52295351158862
221,S4,1,0.0
222,S4,1,0.0
223,S4,1,0.0
224,S4,1,0.0
301,S4,1,43.744767155697275
302,S4,1,40.18622860772815
303,S4,1,62.58374392259479
304,S4,1,30.289514933204817
305,S4,1,29.485011232398453
306,S4,1,54.40389940120951
307,S4,1,52.51966253345123
308,S4,1,63.11680225671109
309,S4,1,59.23400590932581
310,S4,1,80.00892663110878
311,S4,1,0.0
312,S4,1,0.0
313,S4,1,102.49349160534922
314,S4,1,75.02429573441832
315,S4,1,143.43384226313057
316,S4,1,43.122083242510904
317,S4,1,0.0
318,S4,1,151.14155376833824
319,S4,1,72.72617215237423
320,S4,1,46.84676037235431
321,S4,1,0.0
322,S4,1,0.0
323,S4,1,0.0
324,S4,1,0.0
325,S4,1,0.0
101,S4,2,26.932990613769135
102,S4,2,24.273090581309315
103,S4,2,45.573440961306616
104,S4,2,19.107110110100916
105,S4,2,21.058715452064558
106,S4,2,42.554187774000354
107,S4,2,37.48058089514228
108,S4,2,52.35404691658533
109,S4,2,54.3458093386571
110,S4,2,68.1277767231315
111,S4,2,0.0
112,S4,2,0.0
113,S4,2,80.64019448880858
114,S4,2,64.25013329682697
115,S4,2,105.94009939216625
116,S4,2,29.6172162772086
117,S4,2,0.0
118,S4,2,97.11348122929779
119,S4,2,52.42713135715865
120,S4,2,37.121624752442436
121,S4,2,0.0
122,S4,2,0.0
123,S4,2,0.0
124,S4,2,0.0
201,S4,2,35.67931084979623
202,S4,2,31.58064361025261
203,S4,2,57.85456095908618
204,S4,2,24.871240468688047
205,S4,2,24.09480382917338
206,S4,2,43.38844444392856
207,S4,2,43.01276340540995
208,S4,2,59.03767945245909
209,S4,2,57.65443455238411
210,S4,2,70.27489008767007
211,S4,2,0.0
212,S4,2,0.0
213,S4,2,87.16181879317661
214,S4,2,72.48670468595314
215,S4,2,99.65602059713174
216,S4,2,32.05053817285992
217,S4,2,0.0
218,S4,2,120.57929866800573
219,S4,2,68.56965413382883
220,S4,2,43.90537574708112
221,S4,2,0.0
222,S4,2,0.0
223,S4,2,0.0
224,S4,2,0.0
301,S4,2,42.69361601185227
302,S4,2,39.80957987743922
303,S4,2,59.59851903110278
304,S4,2,29.42146506009797
305,S4,2,26.97648182189688
306,S4,2,53.486282781593275
307,S4,2,50.87511495561698
308,S4,2,60.16403918646041
309,S4,2,63.00312096836349
310,S4,2,74.0720451611088
311,S4,2,0.0
312,S4,2,0.0
313,S4,2,97.49527654266195
314,S4,2,73.47875125558568
315,S4,2,137.77544751753703
316,S4,2,40.562640829664964
317,S4,2,0.0
318,S4,2,154.75509543329068
319,S4,2,66.76728405677412
320,S4,2,46.03248741761738
321,S4,2,0.0
322,S4,2,0.0
323,S4,2,0.0
324,S4,2,0.0
325,S4,2,0.0
101,S4,3,29.247640498844046
102,S4,3,24.62508577624099
103,S4,3,46.99562331652449
104,S4,3,19.18362552583723
105,S4,3,20.523018187789347
106,S4,3,42.41256089744653
107,S4,3,36.20169132642357
108,S4,3,49.50816157708403
109,S4,3,52.74791428850857
110,S4,3,63.27565312522526
111,S4,3,0.0
112,S4,3,0.0
113,S4,3,76.93516977091026
114,S4,3,65.17167481029551
115,S4,3,106.12828030705539
116,S4,3,31.43570350573849
117,S4,3,0.0
118,S4,3,92.79694045236704
119,S4,3,54.40734537903715
120,S4,3,38.06787999873858
121,S4,3,0.0
122,S4,3,0.0
123,S4,3,0.0
124,S4,3,0.0
201,S4,3,34.31128268839444
202,S4,3,31.38355355922166
203,S4,3,56.54874845753806
204,S4,3,24.95584356196448
205,S4,3,22.26817676738727
206,S4,3,45.17566052122584
207,S4,3,41.33848829104984
208,S4,3,53.956870892019225
209,S4,3,59.327794746459354
210,S4,3,68.95084476308787
211,S4,3,0.0
212,S4,3,0.0
213,S4,3,80.07548611028898
214,S4,3,68.11870022286686
215,S4,3,99.93589942576983
216,S4,3,31.246344461750912
217,S4,3,0.0
218,S4,3,120.19970051707142
219,S4,3,65.53487798789517
220,S4,3,40.24528430178077
221,S4,3,0.0
222,S4,3,0.0
223,S4,3,0.0
224,S4,3,0.0
301,S4,3,41.08765228983691
302,S4,3,37.777064673077824
303,S4,3,60.11576359797565
304,S4,3,27.901240534760767
305,S4,3,27.292423046167166
306,S4,3,50.95508075234318
307,S4,3,50.17183477375842
308,S4,3,59.705507702203704
309,S4,3,56.74440243974191
310,S4,3,76.08808435167401
311,S4,3,0.0
312,S4,3,0.0
313,S4,3,97.04279455348546
314,S4,3,71.9761452292997
315,S4,3,132.955272712355
316,S4,3,40.35163046411439
317,S4,3,0.0
318,S4,3,139.2960315087387
319,S4,3,66.73677585871069
320,S4,3,41.68886367537124
321,S4,3,0.0
322,S4,3,0.0
323,S4,3,0.0
324,S4,3,0.0
325,S4,3,0.0
101,S4,4,27.809378465853865
102,S4,4,25.973960163609174
103,S4,4,44.656742380200576
104,S4,4,18.33271085260364
105,S4,4,21.28694805281995
106,S4,4,40.89030170285109
107,S4,4,37.9327184101777
108,S4,4,53.78261340617083
109,S4,4,54.255257963224146
110,S4,4,67.28660887592886
111,S4,4,0.0
112,S4,4,0.0
113,S4,4,74.47983758481365
114,S4,4,66.150229999769
115,S4,4,112.65528733860151
116,S4,4,30.82921857498143
117,S4,4,0.0
118,S4,4,98.12746289345769
119,S4,4,52.876050417891086
120,S4,4,39.86586211746736
121,S4,4,0.0
122,S4,4,0.0
123,S4,4,0.0
124,S4,4,0.0
201,S4,4,34.81856828241534
202,S4,4,30.53300227298925
203,S4,4,57.782671659398126
204,S4,4,24.05271842195094
205,S4,4,21.786510910386227
206,S4,4,41.976820175193474
207,S4,4,41.31573389017178
208,S4,4,52.26888996950764
209,S4,4,56.01759174170699
210,S4,4,68.3607764409135
211,S4,4,0.0
212,S4,4,0.0
213,S4,4,84.6652228586919
214,S4,4,70.6977308787551
215,S4,4,96.41831906176654
216,S4,4,33.444775729031434
217,S4,4,0.0
218,S4,4,115.44998739837439
219,S4,4,67.88292839118573
220,S4,4,41.383130677045365
221,S4,4,0.0
222,S4,4,0.0
223,S4,4,0.0
224,S4,4,0.0
301,S4,4,40.961911250686896
302,S4,4,37.623099871706735
303,S4,4,59.72602757737183
304,S4,4,29.28183112167324
305,S4,4,27.374824477118757
306,S4,4,54.381520329092766
307,S4,4,48.88721895152632
308,S4,4,59.808410444461785
309,S4,4,57.620898407057254
310,S4,4,75.47705001049903
311,S4,4,0.0
312,S4,4,0.0
313,S4,4,103.39137414053843
314,S4,4,74.80149098621855
315,S4,4,143.5554159930341
316,S4,4,40.14932683996562
317,S4,4,0.0
318,S4,4,149.36546808666262
319,S4,4,69.88103766754085
320,S4,4,42.789945916588046
321,S4,4,0.0
322,S4,4,0.0
323,S4,4,0.0
324,S4,4,0.0
325,S4,4,0.0
101,S4,5,28.778370210085715
102,S4,5,25.11614618116253
103,S4,5,48.313553171052604
104,S4,5,20.284711321759215
105,S4,5,21.76435745729502
106,S4,5,41.96837685326573
107,S4,5,37.87467664809772
108,S4,5,51.3050725078268
109,S4,5,55.015181632346184
110,S4,5,69.95658895784504
111,S4,5,0.0
112,S4,5,0.0
113,S4,5,80.57113869399842
114,S4,5,67.76788033699597
115,S4,5,111.47895990118849
116,S4,5,29.653959173036288
117,S4,5,0.0
118,S4,5,95.76961839007917
119,S4,5,53.83667766904935
120,S4,5,37.89102337090259
121,S4,5,0.0
122,S4,5,0.0
123,S4,5,0.0
124,S4,5,0.0
201,S4,5,35.27568233810253
202,S4,5,30.190123275149865
203,S4,5,60.92388551997899
204,S4,5,24.762695875554506
205,S4,5,23.956717858911567
206,S4,5,44.83895396022423
207,S4,5,41.0652400952364
208,S4,5,56.834598605557304
209,S4,5,54.837633915621396
210,S4,5,74.00972689299803
211,S4,5,0.0
212,S4,5,0.0
213,S4,5,79.68514464166776
214,S4,5,69.16268068256329
215,S4,5,96.41626458475093
216,S4,5,32.30312154522167
217,S4,5,0.0
218,S4,5,121.10098482348384
219,S4,5,64.74449999913372
220,S4,5,39.41221652105612
221,S4,5,0.0
222,S4,5,0.0
223,S4,5,0.0
224,S4,5,0.0
301,S4,5,41.27825730754187
302,S4,5,39.281609368454305
303,S4,5,62.48248739624277
304,S4,5,27.74808095118479
305,S4,5,26.869933071688823
306,S4,5,52.462282209456504
307,S4,5,47.41108402713922
308,S4,5,55.381924953974135
309,S4,5,58.11792946554587
310,S4,5,72.96711298672331
311,S4,5,0.0
312,S4,5,0.0
313,S4,5,95.39593313941272
314,S4,5,74.97632657860218
315,S4,5,141.54503640404627
316,S4,5,37.26753495371109
317,S4,5,0.0
318,S4,5,146.29320531744665
319,S4,5,68.70366806028515
320,S4,5,43.28361576640903
321,S4,5,0.0
322,S4,5,0.0
323,S4,5,0.0
324,S4,5,0.0
325,S4,5,0.0
101,S4,6,28.752700610636428
102,S4,6,26.056423927732506
103,S4,6,50.75479064593176
104,S4,6,20.069254781937197
105,S4,6,21.71668199776859
106,S4,6,41.567633655973474
107,S4,6,41.23437996613276
108,S4,6,52.23659410197849
109,S4,6,54.69398433896689
110,S4,6,69.83843276690676
111,S4,6,0.0
112,S4,6,0.0
113,S4,6,82.56892499917927
114,S4,6,71.46259331115252
115,S4,6,116.64876014911684
116,S4,6,32.38356413081697
117,S4,6,0.0
118,S4,6,97.36182540527544
119,S4,6,56.42033505399818
120,S4,6,38.497351574465725
121,S4,6,0.0
122,S4,6,0.0
123,S4,6,0.0
124,S4,6,0.0
201,S4,6,34.71486188326821
202,S4,6,30.181805374278905
203,S4,6,56.1760842705134
204,S4,6,22.928638877389837
205,S4,6,22.160244394294804
206,S4,6,44.574092612772795
207,S4,6,39.40492535034121
208,S4,6,53.210404723421405
209,S4,6,55.49325781034396
210,S4,6,69.41906892250306
211,S4,6,0.0
212,S4,6,0.0
213,S4,6,85.40413702518111
214,S4,6,72.1916427031103
215,S4,6,94.35757318937986
216,S4,6,32.1033367604439
217,S4,6,0.0
218,S4,6,119.17728329664912
219,S4,6,67.68803466577914
220,S4,6,40.04699597449371
221,S4,6,0.0
222,S4,6,0.0
223,S4,6,0.0
224,S4,6,0.0
301,S4,6,40.84451307696769
302,S4,6,39.264594531789115
303,S4,6,61.1436754170608
304,S4,6,29.381580185024927
305,S4,6,28.13560113316496
306,S4,6,50.56002522396207
307,S4,6,46.413006008572054
308,S4,6,59.6589521133234
309,S4,6,60.58725842050782
310,S4,6,74.18864345150484
311,S4,6,0.0
312,S4,6,0.0
313,S4,6,101.28810369636513
314,S4,6,74.80709235127648
315,S4,6,132.66633976902168
316,S4,6,38.770395918345756
317,S4,6,0.0
318,S4,6,138.03562376715868
319,S4,6,68.38999670305012
320,S4,6,41.90118891898974
321,S4,6,0.0
322,S4,6,0.0
323,S4,6,0.0
324,S4,6,0.0
325,S4,6,0.0
101,S4,7,30.87551375180891
102,S4,7,27.423661277621687
103,S4,7,51.8025954095014
104,S4,7,19.835780783178475
105,S4,7,23.7132556278812
106,S4,7,42.646051175552266
107,S4,7,39.28588367915442
108,S4,7,53.504249266918684
109,S4,7,57.613067327145586
110,S4,7,68.94984445466598
111,S4,7,0.0
112,S4,7,0.0
113,S4,7,79.88074861973202
114,S4,7,70.72432750720432
115,S4,7,114.9758110791069
116,S4,7,31.237605079249523
117,S4,7,0.0
118,S4,7,100.0564695949287
119,S4,7,57.19540995947732
120,S4,7,43.087311286679444
121,S4,7,0.0
122,S4,7,0.0
123,S4,7,0.0
124,S4,7,0.0
201,S4,7,35.114208784619535
202,S4,7,30.016192607563955
203,S4,7,57.82941841994346
204,S4,7,22.82151280887767
205,S4,7,23.4426587041851
206,S4,7,43.865149384079515
207,S4,7,38.829728888760634
208,S4,7,53.807054515163244
209,S4,7,56.46027309747958
210,S4,7,70.14500126952352
211,S4,7,0.0
212,S4,7,0.0
213,S4,7,83.72286058448988
214,S4,7,71.82100783282468
215,S4,7,101.41909003928626
216,S4,7,30.339023228125225
217,S4,7,0.0
218,S4,7,123.76592024178545
219,S4,7,63.45143401455643
220,S4,7,38.9946548510604
221,S4,7,0.0
222,S4,7,0.0
223,S4,7,0.0
224,S4,7,0.0
301,S4,7,43.20327268228091
302,S4,7,35.95359287622983
303,S4,7,58.784968790981154
304,S4,7,28.379336804111922
305,S4,7,28.289951254122418
306,S4,7,52.90912587153245
307,S4,7,49.94017160765776
308,S4,7,56.05002444219499
309,S4,7,60.352153823179165
310,S4,7,75.12753728640737
311,S4,7,0.0
312,S4,7,0.0
313,S4,7,99.60555288680789
314,S4,7,71.09470519545944
315,S4,7,129.86124517904014
316,S4,7,39.11054198340696
317,S4,7,0.0
318,S4,7,142.209512130944
319,S4,7,68.05423252452154
320,S4,7,41.25355225595207
321,S4,7,0.0
322,S4,7,0.0
323,S4,7,0.0
324,S4,7,0.0
325,S4,7,0.0
101,S4,8,31.671300010605833
102,S4,8,28.34133422221153
103,S4,8,55.2197337673627
104,S4,8,21.041984954176954
105,S4,8,23.6973372679328
106,S4,8,45.27272370627957
107,S4,8,43.54088376648595
108,S4,8,59.156424825055616
109,S4,8,58.343829604264414
110,S4,8,76.72430677061455
111,S4,8,0.0
112,S4,8,0.0
113,S4,8,87.66351534593491
114,S4,8,76.24756111591599
115,S4,8,117.41614002199515
116,S4,8,32.93200678292008
117,S4,8,0.0
118,S4,8,110.14094359032202
119,S4,8,61.12023955822675
120,S4,8,43.5477750156475
121,S4,8,0.0
122,S4,8,0.0
123,S4,8,0.0
124,S4,8,0.0
201,S4,8,36.018411536113284
202,S4,8,31.873354935704644
203,S4,8,59.833688854050564
204,S4,8,25.097573998477287
205,S4,8,23.354512048921638
206,S4,8,42.03927489397311
207,S4,8,39.9726385814903
208,S4,8,53.87901465836636
209,S4,8,57.32142622976618
210,S4,8,70.6822918275571
211,S4,8,0.0
212,S4,8,0.0
213,S4,8,79.49100042674819
214,S4,8,66.86323605597985
215,S4,8,96.06928820750676
216,S4,8,32.647273961018236
217,S4,8,0.0
218,S4,8,116.93381055441893
219,S4,8,68.05846996754161
220,S4,8,41.8808517247831
221,S4,8,0.0
222,S4,8,0.0
223,S4,8,0.0
224,S4,8,0.0
301,S4,8,43.78841846298368
302,S4,8,37.2598901375182
303,S4,8,59.92400096742541
304,S4,8,28.588716073788166
305,S4,8,28.937937814295545
306,S4,8,53.583537137562
307,S4,8,47.61538877911322
308,S4,8,56.63564324340621
309,S4,8,59.91904363172391
310,S4,8,74.01217976502262
311,S4,8,0.0
312,S4,8,0.0
313,S4,8,97.36341283388062
314,S4,8,70.84408534069601
315,S4,8,141.0987437225154
316,S4,8,40.12744120329709
317,S4,8,0.0
318,S4,8,152.5209845031529
319,S4,8,67.90560234829503
320,S4,8,43.3035336741848
321,S4,8,0.0
322,S4,8,0.0
323,S4,8,0.0
324,S4,8,0.0
325,S4,8,0.0
101,S4,9,32.535919344589374
102,S4,9,29.588011370040494
103,S4,9,53.85886026509033
104,S4,9,23.36956546406579
105,S4,9,26.36993247345196
106,S4,9,48.32739371778378
107,S4,9,43.29203150111188
108,S4,9,60.32722416046478
109,S4,9,61.230097768295344
110,S4,9,80.36929701390056
111,S4,9,0.0
112,S4,9,0.0
113,S4,9,95.17877132209934
114,S4,9,76.83609650470318
115,S4,9,130.97999397472566
116,S4,9,35.65965032624195
117,S4,9,0.0
118,S4,9,110.30946083295902
119,S4,9,61.04559106422511
120,S4,9,46.50730379120887
121,S4,9,0.0
122,S4,9,0.0
123,S4,9,0.0
124,S4,9,0.0
201,S4,9,34.55939718756052
202,S4,9,33.55709604063634
203,S4,9,63.1297946699367
204,S4,9,25.352452774967947
205,S4,9,23.518139062755747
206,S4,9,44.051370661724555
207,S4,9,40.07436673934453
208,S4,9,56.12059543458782
209,S4,9,59.39162936768095
210,S4,9,75.49901899764154
211,S4,9,0.0
212,S4,9,0.0
213,S4,9,81.80730858722232
214,S4,9,69.5328917382891
215,S4,9,103.89708020993714
216,S4,9,33.089572417324675
217,S4,9,0.0
218,S4,9,124.86333925877821
219,S4,9,67.1092182322206
220,S4,9,44.00751333595011
221,S4,9,0.0
222,S4,9,0.0
223,S4,9,0.0
224,S4,9,0.0
301,S4,9,45.46490392717354
302,S4,9,38.570598096403685
303,S4,9,65.93430772873614
304,S4,9,31.158023883758723
305,S4,9,28.38905059983823
306,S4,9,57.62267760795062
307,S4,9,49.24948187782592
308,S4,9,59.350581874380424
309,S4,9,61.75410999955257
310,S4,9,77.86899859394114
311,S4,9,0.0
312,S4,9,0.0
313,S4,9,108.01584703820225
314,S4,9,73.16635897625949
315,S4,9,148.2742834457574
316,S4,9,38.686696660552
317,S4,9,0.0
318,S4,9,157.16377788974833
319,S4,9,73.21114811923444
320,S4,9,45.28991457395824
321,S4,9,0.0
322,S4,9,0.0
323,S4,9,0.0
324,S4,9,0.0
325,S4,9,0.0
101,S4,10,33.39208830011974
102,S4,10,29.978965928895654
103,S4,10,56.819225440681564
104,S4,10,22.233760272438737
105,S4,10,26.934968995855336
106,S4,10,50.857964151180454
107,S4,10,44.2987420861824
108,S4,10,60.49629088811917
109,S4,10,65.08946359773402
110,S4,10,78.95344795074874
111,S4,10,0.0
112,S4,10,0.0
113,S4,10,89.16277490637499
114,S4,10,82.82142661824761
115,S4,10,135.06623856596244
116,S4,10,36.63296831718555
117,S4,10,0.0
118,S4,10,114.49346454916684
119,S4,10,64.37015591658472
120,S4,10,46.93738397652052
121,S4,10,0.0
122,S4,10,0.0
123,S4,10,0.0
124,S4,10,0.0
201,S4,10,37.07855132873707
202,S4,10,34.018795218269595
203,S4,10,65.06909096449215
204,S4,10,25.037697789016274
205,S4,10,23.515899909540636
206,S4,10,47.41478294846581
207,S4,10,45.225429409725145
208,S4,10,61.09460346183399
209,S4,10,61.66256729559783
210,S4,10,72.16441195685907
211,S4,10,0.0
212,S4,10,0.0
213,S4,10,85.27530710461807
214,S4,10,72.56594791009057
215,S4,10,101.31136262316471
216,S4,10,33.97152300533424
217,S4,10,0.0
218,S4,10,127.39407917124623
219,S4,10,73.04801490545971
220,S4,10,44.75261608094062
221,S4,10,0.0
222,S4,10,0.0
223,S4,10,0.0
224,S4,10,0.0
301,S4,10,45.00474240528892
302,S4,10,41.67659242586793
303,S4,10,67.4683035849156
304,S4,10,30.18048811903922
305,S4,10,29.73403395618387
306,S4,10,56.79770131589889
307,S4,10,54.90822685830521
308,S4,10,60.53248988985134
309,S4,10,66.80053066849678
310,S4,10,75.76276118257047
311,S4,10,0.0
312,S4,10,0.0
313,S4,10,107.73409938368626
314,S4,10,76.26740587638594
315,S4,10,155.66570266873282
316,S4,10,43.03614492123973
317,S4,10,0.0
318,S4,10,152.5714900307028
319,S4,10,75.15781143421718
320,S4,10,48.239444761016294
321,S4,10,0.0
322,S4,10,0.0
323,S4,10,0.0
324,S4,10,0.0
325,S4,10,0.0
101,S4,11,34.53882874609991
102,S4,11,30.295776900089425
103,S4,11,57.72680761649166
104,S4,11,24.383946688830175
105,S4,11,27.081902758333836
106,S4,11,48.53926605160405
107,S4,11,46.99490238650092
108,S4,11,61.76793667709578
109,S4,11,67.12690103407661
110,S4,11,82.04041106566751
111,S4,11,0.0
112,S4,11,0.0
113,S4,11,91.37988218347913
114,S4,11,80.90391541181555
115,S4,11,130.09748828612678
116,S4,11,38.79041234224557
117,S4,11,0.0
118,S4,11,120.68931161945224
119,S4,11,64.30450323758343
120,S4,11,47.8242029092696
121,S4,11,0.0
122,S4,11,0.0
123,S4,11,0.0
124,S4,11,0.0
201,S4,11,37.30051934477519
202,S4,11,33.44408233352739
203,S4,11,60.221820152386485
204,S4,11,25.02438275076593
205,S4,11,25.935220763490424
206,S4,11,47.25868316589255
207,S4,11,45.07170322464367
208,S4,11,61.01800176915761
209,S4,11,61.85264964945552
210,S4,11,72.8404887940775
211,S4,11,0.0
212,S4,11,0.0
213,S4,11,88.54647693698672
214,S4,11,79.2509359235591
215,S4,11,102.80346456250007
216,S4,11,34.96740865813162
217,S4,11,0.0
218,S4,11,124.71281181100308
219,S4,11,72.73585684282823
220,S4,11,46.113706151729346
221,S4,11,0.0
222,S4,11,0.0
223,S4,11,0.0
224,S4,11,0.0
301,S4,11,48.57648924279805
302,S4,11,43.777233724948196
303,S4,11,69.04410364000358
304,S4,11,32.275573003919284
305,S4,11,29.643038378147477
306,S4,11,62.24907421562202
307,S4,11,53.98141218371177
308,S4,11,67.59210019226099
309,S4,11,63.83566726185738
310,S4,11,83.98043041942799
311,S4,11,0.0
312,S4,11,0.0
313,S4,11,108.38969922251435
314,S4,11,80.037953235011
315,S4,11,163.52314911902482
316,S4,11,43.50663557022043
317,S4,11,0.0
318,S4,11,166.24253762014126
319,S4,11,78.42022152854076
320,S4,11,49.1668693601373
321,S4,11,0.0
322,S4,11,0.0
323,S4,11,0.0
324,S4,11,0.0
325,S4,11,0.0
101,S4,12,35.664141242913374
102,S4,12,32.44981426855457
103,S4,12,59.72404333924189
104,S4,12,23.18694270655406
105,S4,12,26.420547589525615
106,S4,12,48.125153983273364
107,S4,12,47.97115104155689
108,S4,12,62.87296765719509
109,S4,12,65.66921997940375
110,S4,12,79.64984091977152
111,S4,12,0.0
112,S4,12,0.0
113,S4,12,91.77867920014484
114,S4,12,77.08241163681626
115,S4,12,127.87034562389141
116,S4,12,37.31831737894245
117,S4,12,0.0
118,S4,12,114.23732578764329
119,S4,12,63.816302642699235
120,S4,12,49.631658317764405
121,S4,12,0.0
122,S4,12,0.0
123,S4,12,0.0
124,S4,12,0.0
201,S4,12,38.19596936518053
202,S4,12,33.455747223260424
203,S4,12,60.58524375041508
204,S4,12,25.67454063023623
205,S4,12,24.43551452819983
206,S4,12,48.410024257857785
207,S4,12,42.34666171388329
208,S4,12,60.674072817928156
209,S4,12,59.7290038948859
210,S4,12,80.76673129981369
211,S4,12,0.0
212,S4,12,0.0
213,S4,12,87.01939199618043
214,S4,12,79.74647739943755
215,S4,12,105.19422362364583
216,S4,12,33.691779310398935
217,S4,12,0.0
218,S4,12,137.56165200321024
219,S4,12,69.72360795639605
220,S4,12,45.423637439099544
221,S4,12,0.0
222,S4,12,0.0
223,S4,12,0.0
224,S4,12,0.0
301,S4,12,49.4846121602946
302,S4,12,43.8747120946415
303,S4,12,70.54402424978389
304,S4,12,32.94947081625928
305,S4,12,30.68933756577723
306,S4,12,60.679269137639224
307,S4,12,57.15265570248893
308,S4,12,64.02680970157104
309,S4,12,64.22972655606695
310,S4,12,82.98802499081525
311,S4,12,0.0
312,S4,12,0.0
313,S4,12,114.66540997043592
314,S4,12,81.96170596350659
315,S4,12,163.5640691503454
316,S4,12,44.98971073844567
317,S4,12,0.0
318,S4,12,161.65780446522808
319,S4,12,81.12791950221657
320,S4,12,49.29659244106738
321,S4,12,0.0
322,S4,12,0.0
323,S4,12,0.0
324,S4,12,0.0
325,S4,12,0.0
101,S4,13,34.56307335358576
102,S4,13,32.123590010857995
103,S4,13,58.77803795772062
104,S4,13,23.162358484979304
105,S4,13,27.725097517874186
106,S4,13,49.558308678648615
107,S4,13,46.35591358376636
108,S4,13,66.61556188296393
109,S4,13,65.1370481397599
110,S4,13,78.52932178534716
111,S4,13,0.0
112,S4,13,0.0
113,S4,13,96.47101841249277
114,S4,13,84.30763855070224
115,S4,13,128.9722563255443
116,S4,13,35.59459343092897
117,S4,13,0.0
118,S4,13,119.95308247102483
119,S4,13,65.91080908799377
120,S4,13,46.995780604476714
121,S4,13,0.0
122,S4,13,0.0
123,S4,13,0.0
124,S4,13,0.0
201,S4,13,38.52570102460719
202,S4,13,34.692948214471485
203,S4,13,66.07275582099594
204,S4,13,25.568633820475338
205,S4,13,25.416482599498046
206,S4,13,47.82913797886908
207,S4,13,46.02822550480347
208,S4,13,62.93420525146395
209,S4,13,62.961109069710005
210,S4,13,74.37444709054475
211,S4,13,0.0
212,S4,13,0.0
213,S4,13,87.12414458778633
214,S4,13,75.3673119993511
215,S4,13,107.64024498720242
216,S4,13,35.62113798456894
217,S4,13,0.0
218,S4,13,136.24006743052433
219,S4,13,71.86738065443421
220,S4,13,42.94896464765621
221,S4,13,0.0
222,S4,13,0.0
223,S4,13,0.0
224,S4,13,0.0
301,S4,13,46.825236610089284
302,S4,13,45.51840697949827
303,S4,13,71.69651541608494
304,S4,13,32.42767317263733
305,S4,13,32.65819960542037
306,S4,13,60.68142180363028
307,S4,13,58.157377274927335
308,S4,13,69.03150090254437
309,S4,13,69.96967507810146
310,S4,13,80.82738123832296
311,S4,13,0.0
312,S4,13,0.0
313,S4,13,111.06491655844887
314,S4,13,83.49838274832663
315,S4,13,159.00758323317393
316,S4,13,44.68990303144634
317,S4,13,0.0
318,S4,13,174.6970924721303
319,S4,13,76.24433862862907
320,S4,13,49.406169194630216
321,S4,13,0.0
322,S4,13,0.0
323,S4,13,0.0
324,S4,13,0.0
325,S4,13,0.0
101,S4,14,34.639597173963686
102,S4,14,30.939308758496114
103,S4,14,59.295153907328704
104,S4,14,24.057461928223898
105,S4,14,25.903736534376616
106,S4,14,49.26350028653216
107,S4,14,45.0254754325606
108,S4,14,63.578979107257446
109,S4,14,65.66326533411429
110,S4,14,83.39097095051439
111,S4,14,0.0
112,S4,14,0.0
113,S4,14,90.84234796538671
114,S4,14,84.74891759037168
115,S4,14,127.74685387982758
116,S4,14,36.561166672458235
117,S4,14,0.0
118,S4,14,123.20921439130909
119,S4,14,66.42575256524385
120,S4,14,48.96917903287054
121,S4,14,0.0
122,S4,14,0.0
123,S4,14,0.0
124,S4,14,0.0
201,S4,14,39.96644844336447
202,S4,14,33.790729406327884
203,S4,14,60.71436328381281
204,S4,14,25.28395951821055
205,S4,14,24.59362976624025
206,S4,14,49.66806935837579
207,S4,14,44.07642553560972
208,S4,14,63.045647591194836
209,S4,14,63.47860813642828
210,S4,14,78.74517427598425
211,S4,14,0.0
212,S4,14,0.0
213,S4,14,87.17016496629999
214,S4,14,75.90025040239354
215,S4,14,109.51043847758858
216,S4,14,36.6572111168854
217,S4,14,0.0
218,S4,14,136.66869649960276
219,S4,14,74.35622421279899
220,S4,14,45.599221897847784
221,S4,14,0.0
222,S4,14,0.0
223,S4,14,0.0
224,S4,14,0.0
301,S4,14,46.7302661506418
302,S4,14,41.62194171524895
303,S4,14,67.07680448477088
304,S4,14,32.695133807678616
305,S4,14,31.530348748312715
306,S4,14,61.85180157858056
307,S4,14,54.009239240186545
308,S4,14,65.90412942885317
309,S4,14,68.9703132825759
310,S4,14,88.5035776843377
311,S4,14,0.0
312,S4,14,0.0
313,S4,14,118.06677896774895
314,S4,14,82.4572601350982
315,S4,14,163.88532371215442
316,S4,14,43.09629921586869
317,S4,14,0.0
318,S4,14,169.72300177670908
319,S4,14,80.91948825001721
320,S4,14,48.41089610162587
321,S4,14,0.0
322,S4,14,0.0
323,S4,14,0.0
324,S4,14,0.0
325,S4,14,0.0
101,S4,15,34.5328360035697
102,S4,15,31.878224200102554
103,S4,15,56.851567846020025
104,S4,15,24.637783797632814
105,S4,15,26.907471468186042
106,S4,15,49.63342923922441
107,S4,15,45.34002251693594
108,S4,15,60.8511050074142
109,S4,15,66.40670927295592
110,S4,15,84.13271041911048
111,S4,15,0.0
112,S4,15,0.0
113,S4,15,90.6828223011461
114,S4,15,84.36787630444675
115,S4,15,128.0658312785132
116,S4,15,36.694465363367144
117,S4,15,0.0
118,S4,15,124.0322678615199
119,S4,15,64.84060299250582
120,S4,15,45.68833430888276
121,S4,15,0.0
122,S4,15,0.0
123,S4,15,0.0
124,S4,15,0.0
201,S4,15,37.879105379927644
202,S4,15,32.77817625229479
203,S4,15,60.94463413738516
204,S4,15,25.0968531978143
205,S4,15,24.420612364701263
206,S4,15,46.868733197750736
207,S4,15,42.881400237329196
208,S4,15,62.63200834663179
209,S4,15,64.05620127342358
210,S4,15,74.82262995756564
211,S4,15,0.0
212,S4,15,0.0
213,S4,15,90.29545075332378
214,S4,15,78.34544236872182
215,S4,15,112.30182069737396
216,S4,15,36.52293317769433
217,S4,15,0.0
218,S4,15,138.42365397291857
219,S4,15,72.8866580550725
220,S4,15,43.68767463639506
221,S4,15,0.0
222,S4,15,0.0
223,S4,15,0.0
224,S4,15,0.0
301,S4,15,47.86761661533988
302,S4,15,42.51338633542858
303,S4,15,67.49639373325245
304,S4,15,31.53095301557928
305,S4,15,33.370510458309845
306,S4,15,60.39350524430858
307,S4,15,55.90661647264398
308,S4,15,66.21142615044944
309,S4,15,65.5628780946034
310,S4,15,80.71858889497521
311,S4,15,0.0
312,S4,15,0.0
313,S4,15,109.15994987378629
314,S4,15,83.0864064470236
315,S4,15,163.5856456846001
316,S4,15,44.94614021154813
317,S4,15,0.0
318,S4,15,175.22194003228773
319,S4,15,80.84041444183019
320,S4,15,48.689647660128436
321,S4,15,0.0
322,S4,15,0.0
323,S4,15,0.0
324,S4,15,0.0
325,S4,15,0.0
101,S4,16,34.04100605782675
102,S4,16,33.17258795102747
103,S4,16,56.08433753098678
104,S4,16,24.54794725650728
105,S4,16,27.156040856612968
106,S4,16,52.51999893632218
107,S4,16,45.04640785002462
108,S4,16,64.40628951095206
109,S4,16,64.18328377708276
110,S4,16,81.05643969040214
111,S4,16,0.0
112,S4,16,0.0
113,S4,16,93.59986635522928
114,S4,16,85.47027892203113
115,S4,16,134.03693339152605
116,S4,16,37.94974332092095
117,S4,16,0.0
118,S4,16,119.90599472601338
119,S4,16,69.32877245885742
120,S4,16,49.617061952478835
121,S4,16,0.0
122,S4,16,0.0
123,S4,16,0.0
124,S4,16,0.0
201,S4,16,37.70163046509005
202,S4,16,33.10716680044586
203,S4,16,62.427151860222274
204,S4,16,27.07066529753648
205,S4,16,24.915988003083967
206,S4,16,49.83200263730509
207,S4,16,42.40421308365241
208,S4,16,61.54227228647767
209,S4,16,59.19123488856048
210,S4,16,76.1144989711459
211,S4,16,0.0
212,S4,16,0.0
213,S4,16,89.40678621723588
214,S4,16,77.86819759148818
215,S4,16,113.22459212856052
216,S4,16,37.20342048973548
217,S4,16,0.0
218,S4,16,130.87760929863148
219,S4,16,73.39478566899561
220,S4,16,46.985418630028754
221,S4,16,0.0
222,S4,16,0.0
223,S4,16,0.0
224,S4,16,0.0
301,S4,16,47.51806014463154
302,S4,16,43.75137370795663
303,S4,16,69.84284615301134
304,S4,16,31.959595612960015
305,S4,16,30.978969793905005
306,S4,16,61.923461994440146
307,S4,16,53.26262369348404
308,S4,16,65.63783101604344
309,S4,16,64.7437002003589
310,S4,16,80.8230056209243
311,S4,16,0.0
312,S4,16,0.0
313,S4,16,109.89480002599987
314,S4,16,79.91082394032368
315,S4,16,158.8590663113335
316,S4,16,43.68262131232604
317,S4,16,0.0
318,S4,16,158.52865788174
319,S4,16,80.10458750732136
320,S4,16,48.41526312307409
321,S4,16,0.0
322,S4,16,0.0
323,S4,16,0.0
324,S4,16,0.0
325,S4,16,0.0
101,S4,17,35.683358759534556
102,S4,17,31.338219027889025
103,S4,17,62.033493099580475
104,S4,17,24.441335538271346
105,S4,17,28.21980522399648
106,S4,17,52.84845880222263
107,S4,17,46.13430863729715
108,S4,17,68.74503119307101
109,S4,17,70.17736596533989
110,S4,17,82.31011394069752
111,S4,17,0.0
112,S4,17,0.0
113,S4,17,98.67610328395973
114,S4,17,82.37817465331675
115,S4,17,143.5536478662488
116,S4,17,40.05242985978574
117,S4,17,0.0
118,S4,17,126.51120643561556
119,S4,17,65.51179433691684
120,S4,17,49.48226589081082
121,S4,17,0.0
122,S4,17,0.0
123,S4,17,0.0
124,S4,17,0.0
201,S4,17,38.27780739793796
202,S4,17,33.3386957868871
203,S4,17,62.47089495563257
204,S4,17,25.16759221024576
205,S4,17,25.588925669343894
206,S4,17,46.808333318724095
207,S4,17,46.48685528513652
208,S4,17,63.2734909099837
209,S4,17,64.07341721516599
210,S4,17,78.24575443854219
211,S4,17,0.0
212,S4,17,0.0
213,S4,17,91.43413596274239
214,S4,17,74.04706255161263
215,S4,17,112.89111183949086
216,S4,17,35.57896855815242
217,S4,17,0.0
218,S4,17,137.05899663009754
219,S4,17,72.28597757487874
220,S4,17,47.544100822978024
221,S4,17,0.0
222,S4,17,0.0
223,S4,17,0.0
224,S4,17,0.0
301,S4,17,50.37872824261629
302,S4,17,43.55991483534836
303,S4,17,65.82105989660636
304,S4,17,34.1259187288711
305,S4,17,32.27738257018157
306,S4,17,63.44464528625114
307,S4,17,53.0550130822253
308,S4,17,64.06691668284785
309,S4,17,67.96358269824785
310,S4,17,87.11311096578017
311,S4,17,0.0
312,S4,17,0.0
313,S4,17,116.15670052617821
314,S4,17,85.62563607835943
315,S4,17,162.06183724326215
316,S4,17,44.097550915101316
317,S4,17,0.0
318,S4,17,162.8060832343115
319,S4,17,79.41884020421959
320,S4,17,50.17145990848214
321,S4,17,0.0
322,S4,17,0.0
323,S4,17,0.0
324,S4,17,0.0
325,S4,17,0.0
101,S4,18,35.990442605051015
102,S4,18,32.66332641640513
103,S4,18,61.606640608856885
104,S4,18,26.95022768110019
105,S4,18,28.65823088731819
106,S4,18,54.99444281393956
107,S4,18,51.406419204398766
108,S4,18,66.8531106160667
109,S4,18,67.22329815600666
110,S4,18,91.99155078020138
111,S4,18,0.0
112,S4,18,0.0
113,S4,18,106.85726599879685
114,S4,18,90.11878795160837
115,S4,18,138.46996337264403
116,S4,18,42.35351064282092
117,S4,18,0.0
118,S4,18,128.7856250074741
119,S4,18,71.70423768162347
120,S4,18,51.739793663229996
121,S4,18,0.0
122,S4,18,0.0
123,S4,18,0.0
124,S4,18,0.0
201,S4,18,40.49703353384216
202,S4,18,35.5621351104194
203,S4,18,64.52342539030772
204,S4,18,26.21844610912226
205,S4,18,26.088928450243376
206,S4,18,47.63909953891102
207,S4,18,44.714294049935006
208,S4,18,61.83178653828411
209,S4,18,65.01618434022237
210,S4,18,81.86361388393523
211,S4,18,0.0
212,S4,18,0.0
213,S4,18,93.96768142988435
214,S4,18,76.37339549683358
215,S4,18,108.71229589835221
216,S4,18,37.5301775198221
217,S4,18,0.0
218,S4,18,138.8861082125175
219,S4,18,76.74257644330149
220,S4,18,46.60045804266284
221,S4,18,0.0
222,S4,18,0.0
223,S4,18,0.0
224,S4,18,0.0
301,S4,18,49.13241587518265
302,S4,18,45.48569482663844
303,S4,18,73.86088868684072
304,S4,18,32.30393055411273
305,S4,18,30.90833781464921
306,S4,18,64.48329228530469
307,S4,18,54.82967596871074
308,S4,18,67.68782960197863
309,S4,18,66.8985968778328
310,S4,18,88.83417184220963
311,S4,18,0.0
312,S4,18,0.0
313,S4,18,120.71167926846861
314,S4,18,88.74915514299671
315,S4,18,155.80070777176394
316,S4,18,47.27776593270078
317,S4,18,0.0
318,S4,18,162.93466339591285
319,S4,18,78.5186367000277
320,S4,18,50.86926972074709
321,S4,18,0.0
322,S4,18,0.0
323,S4,18,0.0
324,S4,18,0.0
325,S4,18,0.0
101,S4,19,40.96316705498296
102,S4,19,37.382103799624126
103,S4,19,64.01237515020314
104,S4,19,28.42923069589176
105,S4,19,29.243832344001838
106,S4,19,59.231227330425746
107,S4,19,56.30750727270199
108,S4,19,72.40699342712652
109,S4,19,78.45434002551801
110,S4,19,93.29856468549926
111,S4,19,0.0
112,S4,19,0.0
113,S4,19,110.2838123983089
114,S4,19,95.10364217694953
115,S4,19,157.89361755763832
116,S4,19,42.02504376299493
117,S4,19,0.0
118,S4,19,133.247790996565
119,S4,19,77.39104857769999
120,S4,19,56.08669996967591
121,S4,19,0.0
122,S4,19,0.0
123,S4,19,0.0
124,S4,19,0.0
201,S4,19,45.01564483796701
202,S4,19,40.74907849039116
203,S4,19,73.86526248778563
204,S4,19,29.93822197094924
205,S4,19,31.350410944442363
206,S4,19,60.22598347237904
207,S4,19,53.40414976456514
208,S4,19,75.49468310960712
209,S4,19,70.43639203770857
210,S4,19,93.36441653491937
211,S4,19,0.0
212,S4,19,0.0
213,S4,19,113.08474564634436
214,S4,19,88.85636373125016
215,S4,19,122.78885224391367
216,S4,19,43.072909592721295
217,S4,19,0.0
218,S4,19,155.76060966254877
219,S4,19,89.10741088443037
220,S4,19,54.802828696531655
221,S4,19,0.0
222,S4,19,0.0
223,S4,19,0.0
224,S4,19,0.0
301,S4,19,55.49908787173165
302,S4,19,49.138230287666616
303,S4,19,75.29528805448075
304,S4,19,38.67178321148278
305,S4,19,37.537328419256916
306,S4,19,68.79358758111437
307,S4,19,60.105383022029585
308,S4,19,74.92758025874278
309,S4,19,76.91807023888218
310,S4,19,99.36934054209087
311,S4,19,0.0
312,S4,19,0.0
313,S4,19,131.3267620694446
314,S4,19,95.28749365885461
315,S4,19,179.61243633375494
316,S4,19,50.38064872950309
317,S4,19,0.0
318,S4,19,185.46489307128667
319,S4,19,86.77499014703385
320,S4,19,53.315585910365215
321,S4,19,0.0
322,S4,19,0.0
323,S4,19,0.0
324,S4,19,0.0
325,S4,19,0.0
101,S4,20,38.027155320556126
102,S4,20,33.60600977985777
103,S4,20,67.43370149410754
104,S4,20,27.883470414321042
105,S4,20,30.11286105855302
106,S4,20,55.90015069617984
107,S4,20,52.68272643054177
108,S4,20,70.42909786715518
109,S4,20,76.31342118665415
110,S4,20,90.0371746662293
111,S4,20,0.0
112,S4,20,0.0
113,S4,20,108.38250895969158
114,S4,20,94.15571943847532
115,S4,20,147.30862360872777
116,S4,20,44.25026834040744
117,S4,20,0.0
118,S4,20,132.49798273177313
119,S4,20,70.81270865079244
120,S4,20,54.891955922682584
121,S4,20,0.0
122,S4,20,0.0
123,S4,20,0.0
124,S4,20,0.0
201,S4,20,46.27151647227423
202,S4,20,39.53215396966159
203,S4,20,74.01006111585961
204,S4,20,30.515652491307726
205,S4,20,30.121704325652285
206,S4,20,58.3623507454595
207,S4,20,52.06678383905947
208,S4,20,72.20351092396054
209,S4,20,77.62946109433668
210,S4,20,95.87682232635946
211,S4,20,0.0
212,S4,20,0.0
213,S4,20,110.60636779873008
214,S4,20,91.53146465980832
215,S4,20,134.39181437158948
216,S4,20,44.369879647341406
217,S4,20,0.0
218,S4,20,163.26180577879177
219,S4,20,84.19620069679307
220,S4,20,54.685997299707594
221,S4,20,0.0
222,S4,20,0.0
223,S4,20,0.0
224,S4,20,0.0
301,S4,20,55.744207907014356
302,S4,20,50.770651844917985
303,S4,20,83.97749118583377
304,S4,20,37.80048073528894
305,S4,20,37.03189795985359
306,S4,20,70.97231243843385
307,S4,20,62.72481252423589
308,S4,20,75.21247479067003
309,S4,20,81.67542127731332
310,S4,20,95.64926210270664
311,S4,20,0.0
312,S4,20,0.0
313,S4,20,136.9391546181179
314,S4,20,93.41938197080758
315,S4,20,185.29056133314933
316,S4,20,50.058018535663436
317,S4,20,0.0
318,S4,20,192.11952823206173
319,S4,20,92.85060678896026
320,S4,20,59.39237833552412
321,S4,20,0.0
322,S4,20,0.0
323,S4,20,0.0
324,S4,20,0.0
325,S4,20,0.0
101,S4,21,37.89267924278005
102,S4,21,34.84994003780926
103,S4,21,64.79013924060372
104,S4,21,24.753021769788372
105,S4,21,29.32644227531572
106,S4,21,52.238409302461406
107,S4,21,48.25981874347623
108,S4,21,71.22993230108752
109,S4,21,72.92369462076344
110,S4,21,84.92833722748647
111,S4,21,0.0
112,S4,21,0.0
113,S4,21,103.85011358942205
114,S4,21,88.38355848783767
115,S4,21,142.89176009125362
116,S4,21,40.7755986231877
117,S4,21,0.0
118,S4,21,123.14654011264557
119,S4,21,70.94208320899556
120,S4,21,51.85697575679193
121,S4,21,0.0
122,S4,21,0.0
123,S4,21,0.0
124,S4,21,0.0
201,S4,21,45.07894910860786
202,S4,21,39.21506663261332
203,S4,21,73.67814012926738
204,S4,21,30.383734832569466
205,S4,21,30.276893933201766
206,S4,21,57.400985408051
207,S4,21,50.10564871221992
208,S4,21,72.38262256006158
209,S4,21,73.0869575666542
210,S4,21,86.89958155949614
211,S4,21,0.0
212,S4,21,0.0
213,S4,21,110.18434816438125
214,S4,21,88.71877629097592
215,S4,21,131.72995768371155
216,S4,21,41.91793408015576
217,S4,21,0.0
218,S4,21,160.97067861075664
219,S4,21,82.26295059302271
220,S4,21,52.261402365862686
221,S4,21,0.0
222,S4,21,0.0
223,S4,21,0.0
224,S4,21,0.0
301,S4,21,56.00453454627186
302,S4,21,50.31673952176855
303,S4,21,81.1859884096449
304,S4,21,39.367917668151144
305,S4,21,35.3447332450021
306,S4,21,71.70761434212295
307,S4,21,65.50919634881878
308,S4,21,73.0016627742684
309,S4,21,79.72114242542419
310,S4,21,98.5715832878285
311,S4,21,0.0
312,S4,21,0.0
313,S4,21,137.2925042663605
314,S4,21,95.76879466775974
315,S4,21,177.02341574073938
316,S4,21,53.375274175564435
317,S4,21,0.0
318,S4,21,198.67998296964655
319,S4,21,93.39758215788953
320,S4,21,59.238368667258996
321,S4,21,0.0
322,S4,21,0.0
323,S4,21,0.0
324,S4,21,0.0
325,S4,21,0.0
101,S4,22,34.62242094568985
102,S4,22,31.42530438823914
103,S4,22,59.67005145641391
104,S4,22,24.278364304337877
105,S4,22,25.859618540144876
106,S4,22,51.5276103984672
107,S4,22,44.0165258697254
108,S4,22,59.94708096271979
109,S4,22,63.41718213508605
110,S4,22,78.95224558659028
111,S4,22,0.0
112,S4,22,0.0
113,S4,22,91.60265745308743
114,S4,22,77.5913795043471
115,S4,22,129.39430614266183
116,S4,22,37.00922243762009
117,S4,22,0.0
118,S4,22,121.1922467379091
119,S4,22,63.62841180658021
120,S4,22,47.783975395822615
121,S4,22,0.0
122,S4,22,0.0
123,S4,22,0.0
124,S4,22,0.0
201,S4,22,41.15695244008458
202,S4,22,37.05501768577889
203,S4,22,66.97078919582434
204,S4,22,28.70826482291607
205,S4,22,28.70223350025966
206,S4,22,54.70541433388846
207,S4,22,49.029500887052116
208,S4,22,65.07770739445233
209,S4,22,70.45172709534417
210,S4,22,85.99212104538302
211,S4,22,0.0
212,S4,22,0.0
213,S4,22,104.12242288276501
214,S4,22,88.85111148536754
215,S4,22,118.8663681583264
216,S4,22,38.80950537401818
217,S4,22,0.0
218,S4,22,152.68464395210682
219,S4,22,78.42126728435089
220,S4,22,50.966791888433235
221,S4,22,0.0
222,S4,22,0.0
223,S4,22,0.0
224,S4,22,0.0
301,S4,22,51.72579891249281
302,S4,22,45.74208673632225
303,S4,22,77.26978289127372
304,S4,22,35.063593727812254
305,S4,22,35.4689967832509
306,S4,22,67.50151528594796
307,S4,22,59.57038739203538
308,S4,22,71.01649803938336
309,S4,22,71.6897334266441
310,S4,22,91.332387808219
311,S4,22,0.0
312,S4,22,0.0
313,S4,22,123.88389810182579
314,S4,22,87.73202090772449
315,S4,22,180.96069635154174
316,S4,22,48.353483967582996
317,S4,22,0.0
318,S4,22,188.116224472854
319,S4,22,87.31488022242961
320,S4,22,53.038226083150775
321,S4,22,0.0
322,S4,22,0.0
323,S4,22,0.0
324,S4,22,0.0
325,S4,22,0.0
101,S4,23,32.48079680529765
102,S4,23,28.166815536409512
103,S4,23,54.07566929440996
104,S4,23,21.193200873781745
105,S4,23,23.059327710921036
106,S4,23,46.22465834210709
107,S4,23,43.90112782754644
108,S4,23,57.77326258240941
109,S4,23,58.12933959711902
110,S4,23,76.4188722158263
111,S4,23,0.0
112,S4,23,0.0
113,S4,23,85.88035435550631
114,S4,23,70.43593709221184
115,S4,23,113.6186043383399
116,S4,23,34.293194399128964
117,S4,23,0.0
118,S4,23,103.43161227736095
119,S4,23,58.24765365745431
120,S4,23,44.284899215233615
121,S4,23,0.0
122,S4,23,0.0
123,S4,23,0.0
124,S4,23,0.0
201,S4,23,41.5731721871218
202,S4,23,35.30699967955912
203,S4,23,63.73005581359945
204,S4,23,28.07298707274543
205,S4,23,25.973634854135373
206,S4,23,50.35506160881761
207,S4,23,46.96840614780991
208,S4,23,61.54447168798404
209,S4,23,63.75523071512175
210,S4,23,80.90958760562982
211,S4,23,0.0
212,S4,23,0.0
213,S4,23,96.54312455165257
214,S4,23,76.70892591921664
215,S4,23,112.45796064615227
216,S4,23,36.95998491523929
217,S4,23,0.0
218,S4,23,137.01956961212383
219,S4,23,71.25329369297677
220,S4,23,46.07047111801422
221,S4,23,0.0
222,S4,23,0.0
223,S4,23,0.0
224,S4,23,0.0
301,S4,23,50.07206099268312
302,S4,23,43.398497144599766
303,S4,23,73.09824314507657
304,S4,23,32.110628009551455
305,S4,23,31.981217521255466
306,S4,23,63.91439451607499
307,S4,23,54.164090450022044
308,S4,23,64.55897684884268
309,S4,23,71.46089217431846
310,S4,23,88.69372289113501
311,S4,23,0.0
312,S4,23,0.0
313,S4,23,115.66658323836319
314,S4,23,85.00427248103789
315,S4,23,155.05672347873025
316,S4,23,47.19374156440739
317,S4,23,0.0
318,S4,23,168.39514137126108
319,S4,23,75.3690178379895
320,S4,23,50.36130830625337
321,S4,23,0.0
322,S4,23,0.0
323,S4,23,0.0
324,S4,23,0.0
325,S4,23,0.0
101,S4,24,29.237024045783365
102,S4,24,26.49737080012265
103,S4,24,47.121027847290804
104,S4,24,21.08885176624055
105,S4,24,23.17470146933448
106,S4,24,43.18673767313341
107,S4,24,40.30699420205637
108,S4,24,54.33844522333024
109,S4,24,53.29566566724065
110,S4,24,67.85652274281128
111,S4,24,0.0
112,S4,24,0.0
113,S4,24,81.1575025909345
114,S4,24,65.95499245155067
115,S4,24,108.69109606071463
116,S4,24,31.47139969817425
117,S4,24,0.0
118,S4,24,100.5205148418882
119,S4,24,55.16425798907527
120,S4,24,42.411716201118566
121,S4,24,0.0
122,S4,24,0.0
123,S4,24,0.0
124,S4,24,0.0
201,S4,24,36.75359774042597
202,S4,24,34.386835139019084
203,S4,24,61.83665546330605
204,S4,24,24.97136847721046
205,S4,24,25.418493072842296
206,S4,24,48.256291209479286
207,S4,24,41.93781983530661
208,S4,24,56.812620069309666
209,S4,24,62.3395683725286
210,S4,24,72.2336393770885
211,S4,24,0.0
212,S4,24,0.0
213,S4,24,89.36056509067375
214,S4,24,74.43352381602006
215,S4,24,102.78029245273589
216,S4,24,35.9250105717413
217,S4,24,0.0
218,S4,24,133.09367428900646
219,S4,24,71.98441790952141
220,S4,24,44.6219291956266
221,S4,24,0.0
222,S4,24,0.0
223,S4,24,0.0
224,S4,24,0.0
301,S4,24,46.76988162401889
302,S4,24,43.0471767380228
303,S4,24,63.04627086826047
304,S4,24,30.073115538465
305,S4,24,30.284406662116094
306,S4,24,57.33321619764143
307,S4,24,54.18226008365046
308,S4,24,62.09039723354795
309,S4,24,66.11577707647226
310,S4,24,81.98915128144607
311,S4,24,0.0
312,S4,24,0.0
313,S4,24,104.5822627406101
314,S4,24,80.63735495797891
315,S4,24,155.98007271283092
316,S4,24,40.88321365474639
317,S4,24,0.0
318,S4,24,151.11700780075452
319,S4,24,70.69647958204168
320,S4,24,49.03582394681051
321,S4,24,0.0
322,S4,24,0.0
323,S4,24,0.0
324,S4,24,0.0
325,S4,24,0.0
101,S5,1,28.949772540238207
102,S5,1,27.370937490258267
103,S5,1,48.40677125192709
104,S5,1,20.550710641962826
105,S5,1,22.032334088017656
106,S5,1,41.16182276312415
107,S5,1,39.22602329881919
108,S5,1,53.72314923685439
109,S5,1,56.60708016414463
110,S5,1,71.7323853104145
111,S5,1,0.0
112,S5,1,0.0
113,S5,1,83.36556840066486
114,S5,1,66.63695715432694
115,S5,1,113.89315993979743
116,S5,1,32.71379760666046
117,S5,1,0.0
118,S5,1,97.48732093705215
119,S5,1,56.380719342531
120,S5,1,38.70637830318211
121,S5,1,0.0
122,S5,1,0.0
123,S5,1,0.0
124,S5,1,0.0
201,S5,1,39.35005303650856
202,S5,1,32.73716499232156
203,S5,1,63.74795507781671
204,S5,1,25.97046364201234
205,S5,1,24.674474623182594
206,S5,1,48.08470656679812
207,S5,1,43.731107771743176
208,S5,1,59.07108800237975
209,S5,1,59.51735204351146
210,S5,1,77.92415651316745
211,S5,1,0.0
212,S5,1,0.0
213,S5,1,86.14902432914528
214,S5,1,73.187137164785
215,S5,1,103.65468155284557
216,S5,1,33.52285909075435
217,S5,1,0.0
218,S5,1,134.00626884398264
219,S5,1,68.21488930341772
220,S5,1,46.263779433133024
221,S5,1,0.0
222,S5,1,0.0
223,S5,1,0.0
224,S5,1,0.0
301,S5,1,43.78655819035467
302,S5,1,39.53304595436322
303,S5,1,61.46642625497465
304,S5,1,30.192706275659628
305,S5,1,27.104957178237875
306,S5,1,51.701453961642606
307,S5,1,50.834311695887756
308,S5,1,54.84864648981639
309,S5,1,60.97157686874026
310,S5,1,75.65193986462677
311,S5,1,0.0
312,S5,1,0.0
313,S5,1,96.27441002774526
314,S5,1,73.94029847241256
315,S5,1,132.9880948909869
316,S5,1,41.060149590260686
317,S5,1,0.0
318,S5,1,142.945346672383
319,S5,1,66.73535918429481
320,S5,1,44.830068032293305
321,S5,1,0.0
322,S5,1,0.0
323,S5,1,0.0
324,S5,1,0.0
325,S5,1,0.0
101,S5,2,30.12743564822645
102,S5,2,25.430759647782576
103,S5,2,48.84104686268481
104,S5,2,19.14970266380038
105,S5,2,22.393585111887308
106,S5,2,41.80627077342037
107,S5,2,38.471507113063836
108,S5,2,51.00622773626248
109,S5,2,54.02612745868963
110,S5,2,70.43547064238415
111,S5,2,0.0
112,S5,2,0.0
113,S5,2,81.96387785257394
114,S5,2,65.89074130662284
115,S5,2,109.26196104420035
116,S5,2,29.699415749460062
117,S5,2,0.0
118,S5,2,99.48045716467466
119,S5,2,53.75899806404812
120,S5,2,39.5356983873404
121,S5,2,0.0
122,S5,2,0.0
123,S5,2,0.0
124,S5,2,0.0
201,S5,2,36.34916280781823
202,S5,2,33.16615455421891
203,S5,2,63.19108109513492
204,S5,2,23.644633457890652
205,S5,2,23.251462087090367
206,S5,2,45.148148210262185
207,S5,2,42.834996332078575
208,S5,2,57.44779485079819
209,S5,2,57.302532259251265
210,S5,2,74.07692717132241
211,S5,2,0.0
212,S5,2,0.0
213,S5,2,88.82524944232335
214,S5,2,71.78351972035324
215,S5,2,104.0056344515377
216,S5,2,33.4975699894106
217,S5,2,0.0
218,S5,2,124.4523795062542
219,S5,2,71.25660733161072
220,S5,2,41.64927374260546
221,S5,2,0.0
222,S5,2,0.0
223,S5,2,0.0
224,S5,2,0.0
301,S5,2,41.05493241523467
302,S5,2,36.57972532357876
303,S5,2,56.530820246035944
304,S5,2,27.962529891807833
305,S5,2,24.77492226577952
306,S5,2,48.57405028650617
307,S5,2,44.47531715594981
308,S5,2,52.02659713503862
309,S5,2,55.94896279774331
310,S5,2,70.57925608234288
311,S5,2,0.0
312,S5,2,0.0
313,S5,2,90.92972691231552
314,S5,2,65.71346910276688
315,S5,2,132.12561146081683
316,S5,2,36.248946578728436
317,S5,2,0.0
318,S5,2,130.5727237924721
319,S5,2,64.52772606824932
320,S5,2,41.076997940570806
321,S5,2,0.0
322,S5,2,0.0
323,S5,2,0.0
324,S5,2,0.0
325,S5,2,0.0
101,S5,3,29.222287411093003
102,S5,3,25.085505605570084
103,S5,3,49.40545157248
104,S5,3,20.508921278385937
105,S5,3,21.492715521460394
106,S5,3,41.088426049593515
107,S5,3,38.64495124661386
108,S5,3,51.97332541966252
109,S5,3,56.437202229017764
110,S5,3,69.5066988654495
111,S5,3,0.0
112,S5,3,0.0
113,S5,3,80.96498145477453
114,S5,3,64.30492263651757
115,S5,3,112.25729009414741
116,S5,3,32.387817522827596
117,S5,3,0.0
118,S5,3,98.70380016430212
119,S5,3,54.702455843524554
120,S5,3,37.90066165695719
121,S5,3,0.0
122,S5,3,0.0
123,S5,3,0.0
124,S5,3,0.0
201,S5,3,33.57723455046177
202,S5,3,32.53269167195141
203,S5,3,56.485014774579895
204,S5,3,24.059071683429355
205,S5,3,23.635353323356593
206,S5,3,42.92482931004246
207,S5,3,42.224687282387634
208,S5,3,53.35894115937303
209,S5,3,55.76757099975762
210,S5,3,69.40321932968408
211,S5,3,0.0
212,S5,3,0.0
213,S5,3,84.47548084280808
214,S5,3,72.79143803350772
215,S5,3,102.01244809020504
216,S5,3,31.765034483001557
217,S5,3,0.0
218,S5,3,122.40678400866504
219,S5,3,66.24834011850665
220,S5,3,41.490346699590745
221,S5,3,0.0
222,S5,3,0.0
223,S5,3,0.0
224,S5,3,0.0
301,S5,3,37.97692135059529
302,S5,3,33.060323248663764
303,S5,3,53.35884439893085
304,S5,3,25.741419874391728
305,S5,3,24.85479725266057
306,S5,3,46.16985795641981
307,S5,3,41.915014773710034
308,S5,3,50.748215839160906
309,S5,3,50.155591523781325
310,S5,3,67.56302258353695
311,S5,3,0.0
312,S5,3,0.0
313,S5,3,91.37030638750547
314,S5,3,64.80431894415976
315,S5,3,125.23375889712084
316,S5,3,34.52215952632956
317,S5,3,0.0
318,S5,3,136.5559676501437
319,S5,3,60.95949520368721
320,S5,3,38.82290051840791
321,S5,3,0.0
322,S5,3,0.0
323,S5,3,0.0
324,S5,3,0.0
325,S5,3,0.0
101,S5,4,29.504370371117307
102,S5,4,24.7671145851682
103,S5,4,49.1710348862786
104,S5,4,19.74362524337091
105,S5,4,21.340544764021587
106,S5,4,42.98607021052661
107,S5,4,39.73407584024199
108,S5,4,51.14619702322629
109,S5,4,52.30561310262882
110,S5,4,70.3243706038301
111,S5,4,0.0
112,S5,4,0.0
113,S5,4,76.62773515089616
114,S5,4,65.99894025258703
115,S5,4,108.51856942782784
116,S5,4,31.287532349834756
117,S5,4,0.0
118,S5,4,95.5290189900607
119,S5,4,55.37147839830489
120,S5,4,38.94852312668064
121,S5,4,0.0
122,S5,4,0.0
123,S5,4,0.0
124,S5,4,0.0
201,S5,4,35.911658934409054
202,S5,4,31.2270454129441
203,S5,4,59.55176255160787
204,S5,4,22.822816489809508
205,S5,4,21.954357473513717
206,S5,4,43.37311890844111
207,S5,4,41.52967805628671
208,S5,4,53.28122871728249
209,S5,4,56.51425787372261
210,S5,4,70.54514801529486
211,S5,4,0.0
212,S5,4,0.0
213,S5,4,81.52870290272682
214,S5,4,69.51431294698726
215,S5,4,100.58607920150405
216,S5,4,33.817376012768655
217,S5,4,0.0
218,S5,4,119.29308288164708
219,S5,4,64.0437644659967
220,S5,4,41.245809461825225
221,S5,4,0.0
222,S5,4,0.0
223,S5,4,0.0
224,S5,4,0.0
301,S5,4,36.551190067913396
302,S5,4,31.65428172755935
303,S5,4,50.82771382765529
304,S5,4,26.352030307938147
305,S5,4,24.124247432978
306,S5,4,44.195959945880304
307,S5,4,40.637894130163865
308,S5,4,48.27113183590619
309,S5,4,50.69724745682785
310,S5,4,65.18886891348751
311,S5,4,0.0
312,S5,4,0.0
313,S5,4,83.33017368450835
314,S5,4,64.6442168246715
315,S5,4,118.82760425530907
316,S5,4,32.923416852481274
317,S5,4,0.0
318,S5,4,125.74561046314032
319,S5,4,59.77500699289844
320,S5,4,37.37472919362947
321,S5,4,0.0
322,S5,4,0.0
323,S5,4,0.0
324,S5,4,0.0
325,S5,4,0.0
101,S5,5,28.271766100300077
102,S5,5,27.838241685115186
103,S5,5,51.6124192728175
104,S5,5,20.394358343185445
105,S5,5,21.910227938630143
106,S5,5,42.40208675745816
107,S5,5,38.24798733873579
108,S5,5,55.50554483311781
109,S5,5,55.784225636763104
110,S5,5,71.59174901041617
111,S5,5,0.0
112,S5,5,0.0
113,S5,5,81.37417353715344
114,S5,5,70.74519555055045
115,S5,5,114.60005389252377
116,S5,5,33.363425370487334
117,S5,5,0.0
118,S5,5,100.42250677045031
119,S5,5,55.42161006653287
120,S5,5,41.93370267925291
121,S5,5,0.0
122,S5,5,0.0
123,S5,5,0.0
124,S5,5,0.0
201,S5,5,34.379446244439826
202,S5,5,31.352868079866063
203,S5,5,60.70220098935786
204,S5,5,24.769386877383585
205,S5,5,23.491764467310972
206,S5,5,44.75647693674289
207,S5,5,39.75373649867929
208,S5,5,56.438346397374644
209,S5,5,55.48673053752432
210,S5,5,71.59837389264723
211,S5,5,0.0
212,S5,5,0.0
213,S5,5,80.45901996611069
214,S5,5,67.1343147472336
215,S5,5,102.24836193505791
216,S5,5,33.88089395300315
217,S5,5,0.0
218,S5,5,122.70187124219767
219,S5,5,64.21953128572255
220,S5,5,42.99465213601645
221,S5,5,0.0
222,S5,5,0.0
223,S5,5,0.0
224,S5,5,0.0
301,S5,5,36.79815675031252
302,S5,5,33.447467214830866
303,S5,5,51.642152105033375
304,S5,5,25.221441900566546
305,S5,5,24.749059865561158
306,S5,5,44.81427497657873
307,S5,5,42.2765037699871
308,S5,5,52.64302824545086
309,S5,5,50.23037336763962
310,S5,5,61.288965701717
311,S5,5,0.0
312,S5,5,0.0
313,S5,5,87.10037776415678
314,S5,5,64.58538541719491
315,S5,5,126.69155717129527
316,S5,5,34.233900668786134
317,S5,5,0.0
318,S5,5,124.19156463355152
319,S5,5,59.8705927284548
320,S5,5,36.73099268954474
321,S5,5,0.0
322,S5,5,0.0
323,S5,5,0.0
324,S5,5,0.0
325,S5,5,0.0
101,S5,6,30.982365883427505
102,S5,6,27.03328535756666
103,S5,6,50.96028948695739
104,S5,6,21.611271252294976
105,S5,6,22.91656353695458
106,S5,6,46.450232159133094
107,S5,6,40.84399602594237
108,S5,6,57.60201060682024
109,S5,6,57.15655614001383
110,S5,6,72.76408166785787
111,S5,6,0.0
112,S5,6,0.0
113,S5,6,82.43709599957188
114,S5,6,71.48329472574123
115,S5,6,112.00876455280392
116,S5,6,33.04025345692019
117,S5,6,0.0
118,S5,6,107.73588934153582
119,S5,6,58.79441511802253
120,S5,6,43.09597388978991
121,S5,6,0.0
122,S5,6,0.0
123,S5,6,0.0
124,S5,6,0.0
201,S5,6,34.00081396878941
202,S5,6,31.400970608162876
203,S5,6,61.84818485580572
204,S5,6,23.463227158923367
205,S5,6,24.169535638559513
206,S5,6,46.891374919660706
207,S5,6,41.20083222094979
208,S5,6,55.341875879988095
209,S5,6,56.88653877954961
210,S5,6,74.92559865286132
211,S5,6,0.0
212,S5,6,0.0
213,S5,6,86.64985390728036
214,S5,6,74.95137050674936
215,S5,6,99.99337763156956
216,S5,6,33.124935173286275
217,S5,6,0.0
218,S5,6,126.12794298293295
219,S5,6,67.27955160430703
220,S5,6,41.68676936029458
221,S5,6,0.0
222,S5,6,0.0
223,S5,6,0.0
224,S5,6,0.0
301,S5,6,40.15830597557222
302,S5,6,34.730081914230816
303,S5,6,53.01911770086471
304,S5,6,25.84360789005146
305,S5,6,26.34903800929912
306,S5,6,48.91133240065794
307,S5,6,45.70233705564047
308,S5,6,52.42543706217833
309,S5,6,51.569452102571155
310,S5,6,63.95041570417573
311,S5,6,0.0
312,S5,6,0.0
313,S5,6,89.06512372233944
314,S5,6,63.92423366322584
315,S5,6,127.1464642453996
316,S5,6,36.10226663275511
317,S5,6,0.0
318,S5,6,126.48814557858874
319,S5,6,60.57939310658841
320,S5,6,38.02470555874022
321,S5,6,0.0
322,S5,6,0.0
323,S5,6,0.0
324,S5,6,0.0
325,S5,6,0.0
101,S5,7,30.77832783322632
102,S5,7,27.314145495213186
103,S5,7,49.22029596763713
104,S5,7,21.617202938234126
105,S5,7,23.057969957877233
106,S5,7,45.492059772096546
107,S5,7,41.159940305734764
108,S5,7,55.24493033524302
109,S5,7,58.70720716363958
110,S5,7,73.8523942373679
111,S5,7,0.0
112,S5,7,0.0
113,S5,7,87.45699950097035
114,S5,7,69.60892587882567
115,S5,7,116.76260443433311
116,S5,7,33.97010085487547
117,S5,7,0.0
118,S5,7,103.9864964180577
119,S5,7,57.83582018956094
120,S5,7,44.4287454710809
121,S5,7,0.0
122,S5,7,0.0
123,S5,7,0.0
124,S5,7,0.0
201,S5,7,34.170440594378796
202,S5,7,31.11449843377112
203,S5,7,57.11230215287749
204,S5,7,24.704050068126982
205,S5,7,22.816137619829206
206,S5,7,46.26829578834789
207,S5,7,42.09406294229198
208,S5,7,52.92806541254645
209,S5,7,55.34467034304912
210,S5,7,72.76777610839973
211,S5,7,0.0
212,S5,7,0.0
213,S5,7,86.3591343264237
214,S5,7,68.39889784934648
215,S5,7,94.5754080993876
216,S5,7,33.78533339028868
217,S5,7,0.0
218,S5,7,115.9349184492251
219,S5,7,65.69290064681182
220,S5,7,40.80449302621357
221,S5,7,0.0
222,S5,7,0.0
223,S5,7,0.0
224,S5,7,0.0
301,S5,7,38.11033929686293
302,S5,7,36.704663866889256
303,S5,7,56.22453202175687
304,S5,7,26.066555878349664
305,S5,7,24.59389341409541
306,S5,7,47.62594862185465
307,S5,7,44.53528900086398
308,S5,7,53.43485000971983
309,S5,7,55.49857164885041
310,S5,7,67.10987201913098
311,S5,7,0.0
312,S5,7,0.0
313,S5,7,92.23980975722364
314,S5,7,69.27647824300412
315,S5,7,124.85912884386691
316,S5,7,34.70623562871862
317,S5,7,0.0
318,S5,7,135.4435262799131
319,S5,7,61.414309130769674
320,S5,7,41.104260440738216
321,S5,7,0.0
322,S5,7,0.0
323,S5,7,0.0
324,S5,7,0.0
325,S5,7,0.0
101,S5,8,30.853019973377922
102,S5,8,29.018420211441146
103,S5,8,52.22848316905514
104,S5,8,21.23629806675162
105,S5,8,24.928838302872506
106,S5,8,48.443956682142165
107,S5,8,44.390720300129004
108,S5,8,60.12602119295771
109,S5,8,63.56142656905243
110,S5,8,75.11991463333099
111,S5,8,0.0
112,S5,8,0.0
113,S5,8,91.84722258777079
114,S5,8,79.09530895764108
115,S5,8,129.17383855364963
116,S5,8,35.67411965497639
117,S5,8,0.0
118,S5,8,114.66672031487438
119,S5,8,62.07874810581665
120,S5,8,45.08722331207335
121,S5,8,0.0
122,S5,8,0.0
123,S5,8,0.0
124,S5,8,0.0
201,S5,8,34.395839743784535
202,S5,8,32.96954838227874
203,S5,8,56.99268408049395
204,S5,8,24.74986623401164
205,S5,8,22.585971783478147
206,S5,8,43.79417233302595
207,S5,8,40.32027752752232
208,S5,8,56.40318794004207
209,S5,8,56.47569602359267
210,S5,8,71.48374529168083
211,S5,8,0.0
212,S5,8,0.0
213,S5,8,84.07785593402755
214,S5,8,71.29810058535723
215,S5,8,99.91780382346232
216,S5,8,33.89412383818424
217,S5,8,0.0
218,S5,8,121.15180508062069
219,S5,8,67.44700360741935
220,S5,8,41.30869963438665
221,S5,8,0.0
222,S5,8,0.0
223,S5,8,0.0
224,S5,8,0.0
301,S5,8,38.08406885568864
302,S5,8,35.51303389384185
303,S5,8,55.23398658036715
304,S5,8,28.48731335348939
305,S5,8,26.697577211203374
306,S5,8,51.1692683307566
307,S5,8,47.83848236547934
308,S5,8,53.08671618087587
309,S5,8,57.42972819856604
310,S5,8,72.23713131645734
311,S5,8,0.0
312,S5,8,0.0
313,S5,8,96.44071649765621
314,S5,8,72.07999335656078
315,S5,8,137.26780579260435
316,S5,8,35.706630241784126
317,S5,8,0.0
318,S5,8,133.26355509410635
319,S5,8,64.15087959437186
320,S5,8,40.06563100162793
321,S5,8,0.0
322,S5,8,0.0
323,S5,8,0.0
324,S5,8,0.0
325,S5,8,0.0
101,S5,9,34.13267696804666
102,S5,9,30.085525727114444
103,S5,9,53.411080857173665
104,S5,9,23.634143312519058
105,S5,9,25.56372218754799
106,S5,9,49.63538829003197
107,S5,9,47.527441516803485
108,S5,9,60.9156478274275
109,S5,9,63.00207651080362
110,S5,9,76.3076306290411
111,S5,9,0.0
112,S5,9,0.0
113,S5,9,88.2953802198911
114,S5,9,78.27438652927748
115,S5,9,127.54956181442455
116,S5,9,37.8773577298166
117,S5,9,0.0
118,S5,9,120.28740712098028
119,S5,9,65.1181877941511
120,S5,9,45.031963117663395
121,S5,9,0.0
122,S5,9,0.0
123,S5,9,0.0
124,S5,9,0.0
201,S5,9,36.34207348648987
202,S5,9,33.65727540947847
203,S5,9,64.57009641207483
204,S5,9,25.971899405300825
205,S5,9,24.80525785545897
206,S5,9,46.79118267713497
207,S5,9,42.96326715598876
208,S5,9,59.90525515429247
209,S5,9,62.28402577787543
210,S5,9,71.38486768764024
211,S5,9,0.0
212,S5,9,0.0
213,S5,9,84.54064653127503
214,S5,9,72.28919935552915
215,S5,9,104.95217644517153
216,S5,9,34.798948460180256
217,S5,9,0.0
218,S5,9,128.63869408718654
219,S5,9,66.66239005128887
220,S5,9,45.92974423325408
221,S5,9,0.0
222,S5,9,0.0
223,S5,9,0.0
224,S5,9,0.0
301,S5,9,43.983788768176396
302,S5,9,39.30056409265687
303,S5,9,61.19319090521811
304,S5,9,30.4770361196975
305,S5,9,27.887649672947752
306,S5,9,55.750639890740636
307,S5,9,48.24232872370847
308,S5,9,57.85713665521558
309,S5,9,60.829631037194254
310,S5,9,76.87849868420595
311,S5,9,0.0
312,S5,9,0.0
313,S5,9,107.5685629826157
314,S5,9,74.64743889192536
315,S5,9,140.08539860280894
316,S5,9,41.40518994710933
317,S5,9,0.0
318,S5,9,148.11687767715213
319,S5,9,68.41437464687468
320,S5,9,46.22666420834893
321,S5,9,0.0
322,S5,9,0.0
323,S5,9,0.0
324,S5,9,0.0
325,S5,9,0.0
101,S5,10,33.324012478576094
102,S5,10,29.698023206203498
103,S5,10,55.954009399904635
104,S5,10,22.526683024748795
105,S5,10,25.201123603852583
106,S5,10,52.65515947717836
107,S5,10,47.34523101258713
108,S5,10,63.13255267440751
109,S5,10,67.01538574640385
110,S5,10,77.77780226598219
111,S5,10,0.0
112,S5,10,0.0
113,S5,10,93.76923605124273
114,S5,10,81.00522507096478
115,S5,10,125.51653235768714
116,S5,10,37.05478631912794
117,S5,10,0.0
118,S5,10,114.00723838334352
119,S5,10,67.95314493854768
120,S5,10,48.52599847585352
121,S5,10,0.0
122,S5,10,0.0
123,S5,10,0.0
124,S5,10,0.0
201,S5,10,38.94158004850426
202,S5,10,33.67601782645669
203,S5,10,63.91384134362259
204,S5,10,25.38659167458385
205,S5,10,24.284995124540814
206,S5,10,46.490616185047664
207,S5,10,43.355229495188716
208,S5,10,62.84063189665255
209,S5,10,63.24618634084827
210,S5,10,79.90563275752775
211,S5,10,0.0
212,S5,10,0.0
213,S5,10,90.31870023558751
214,S5,10,76.40672291162949
215,S5,10,105.36170522296558
216,S5,10,37.149396308472696
217,S5,10,0.0
218,S5,10,127.94989108565937
219,S5,10,69.6187220341762
220,S5,10,45.68873478111277
221,S5,10,0.0
222,S5,10,0.0
223,S5,10,0.0
224,S5,10,0.0
301,S5,10,48.8917853776444
302,S5,10,43.67197428978855
303,S5,10,65.45816624261498
304,S5,10,31.196208218935592
305,S5,10,32.00995681890207
306,S5,10,58.2333248492368
307,S5,10,55.57289071900868
308,S5,10,63.69363890429901
309,S5,10,63.82012092688412
310,S5,10,78.52994713597442
311,S5,10,0.0
312,S5,10,0.0
313,S5,10,111.5604264615955
314,S5,10,84.55195726594944
315,S5,10,157.39594464705687
316,S5,10,41.16743832254228
317,S5,10,0.0
318,S5,10,160.28977101476988
319,S5,10,72.74562192457292
320,S5,10,47.105220428646795
321,S5,10,0.0
322,S5,10,0.0
323,S5,10,0.0
324,S5,10,0.0
325,S5,10,0.0
101,S5,11,36.28643370910018
102,S5,11,31.713272658216777
103,S5,11,59.34588451626489
104,S5,11,23.860861081458392
105,S5,11,27.20864458023192
106,S5,11,50.598249379162944
107,S5,11,45.45248989484477
108,S5,11,66.92698269762077
109,S5,11,66.3193209570818
110,S5,11,80.08967941764213
111,S5,11,0.0
112,S5,11,0.0
113,S5,11,93.73606155146757
114,S5,11,83.48301232970373
115,S5,11,127.65263719679183
116,S5,11,36.537852483893424
117,S5,11,0.0
118,S5,11,118.08738265691424
119,S5,11,62.952014732335215
120,S5,11,45.68950434581136
121,S5,11,0.0
122,S5,11,0.0
123,S5,11,0.0
124,S5,11,0.0
201,S5,11,42.06378401810248
202,S5,11,36.45344867738337
203,S5,11,68.2999086913268
204,S5,11,27.39910563556086
205,S5,11,26.82923014699851
206,S5,11,50.09454713423113
207,S5,11,45.931900984297314
208,S5,11,64.75175624262172
209,S5,11,68.20466752170586
210,S5,11,82.49049206812109
211,S5,11,0.0
212,S5,11,0.0
213,S5,11,94.72310317363329
214,S5,11,80.02590945391466
215,S5,11,114.71670620232582
216,S5,11,37.54624317489612
217,S5,11,0.0
218,S5,11,143.7770977235333
219,S5,11,71.67273295701571
220,S5,11,48.923230333198944
221,S5,11,0.0
222,S5,11,0.0
223,S5,11,0.0
224,S5,11,0.0
301,S5,11,48.130260769628975
302,S5,11,45.61003916007567
303,S5,11,71.57015760544327
304,S5,11,33.741858855740816
305,S5,11,31.848553251347827
306,S5,11,63.878101044384444
307,S5,11,55.06391947279741
308,S5,11,69.07482576476788
309,S5,11,65.81811844528701
310,S5,11,87.18748151705022
311,S5,11,0.0
312,S5,11,0.0
313,S5,11,121.24019519306002
314,S5,11,81.9138513009708
315,S5,11,154.20374348734467
316,S5,11,45.21814504406873
317,S5,11,0.0
318,S5,11,164.72008377581568
319,S5,11,82.22522097715486
320,S5,11,52.138689609421846
321,S5,11,0.0
322,S5,11,0.0
323,S5,11,0.0
324,S5,11,0.0
325,S5,11,0.0
101,S5,12,35.31664560804316
102,S5,12,29.91826973924307
103,S5,12,59.12398630615482
104,S5,12,24.230004266444507
105,S5,12,27.990325315294395
106,S5,12,51.34751322395432
107,S5,12,47.8299640885467
108,S5,12,66.87090442446349
109,S5,12,66.06810668036022
110,S5,12,79.75066348616312
111,S5,12,0.0
112,S5,12,0.0
113,S5,12,97.43190002696703
114,S5,12,79.6447848396487
115,S5,12,133.15776179375527
116,S5,12,36.95689667426392
117,S5,12,0.0
118,S5,12,116.05073811120411
119,S5,12,65.43362592368895
120,S5,12,48.8070117536177
121,S5,12,0.0
122,S5,12,0.0
123,S5,12,0.0
124,S5,12,0.0
201,S5,12,41.785624144903984
202,S5,12,36.89168493933955
203,S5,12,65.50068973710347
204,S5,12,27.939437867184125
205,S5,12,27.09605482543179
206,S5,12,49.55181107972426
207,S5,12,47.475512018575124
208,S5,12,64.4725159720139
209,S5,12,65.23850634320475
210,S5,12,85.29533391635961
211,S5,12,0.0
212,S5,12,0.0
213,S5,12,92.234377276972
214,S5,12,82.58398132455547
215,S5,12,112.90824840738269
216,S5,12,37.733421454088216
217,S5,12,0.0
218,S5,12,143.40516504671135
219,S5,12,79.15650823247192
220,S5,12,48.11800337777719
221,S5,12,0.0
222,S5,12,0.0
223,S5,12,0.0
224,S5,12,0.0
301,S5,12,48.77825154636325
302,S5,12,43.40083535767369
303,S5,12,72.75752141581748
304,S5,12,34.65313258510733
305,S5,12,32.37525730615639
306,S5,12,60.353771985336465
307,S5,12,55.49003891788126
308,S5,12,71.2116621771895
309,S5,12,69.86637393257973
310,S5,12,84.47128291931145
311,S5,12,0.0
312,S5,12,0.0
313,S5,12,117.30769955401769
314,S5,12,89.7684458269919
315,S5,12,159.84976740089675
316,S5,12,45.998096712398
317,S5,12,0.0
318,S5,12,176.38149244984606
319,S5,12,81.69393741770156
320,S5,12,52.127989868409635
321,S5,12,0.0
322,S5,12,0.0
323,S5,12,0.0
324,S5,12,0.0
325,S5,12,0.0
101,S5,13,32.98882672003027
102,S5,13,30.00876838498155
103,S5,13,57.16684666833859
104,S5,13,23.225494252386273
105,S5,13,25.487975408447134
106,S5,13,48.58535664315133
107,S5,13,44.96278281943152
108,S5,13,64.25546258296735
109,S5,13,63.023852735862356
110,S5,13,83.99801914494542
111,S5,13,0.0
112,S5,13,0.0
113,S5,13,98.92946130298624
114,S5,13,79.08593335486924
115,S5,13,125.11720169482464
116,S5,13,37.98209758289554
117,S5,13,0.0
118,S5,13,117.76887251034981
119,S5,13,63.73401926117935
120,S5,13,47.878501663514456
121,S5,13,0.0
122,S5,13,0.0
123,S5,13,0.0
124,S5,13,0.0
201,S5,13,41.4615872351723
202,S5,13,37.068466509943676
203,S5,13,67.98832226465716
204,S5,13,28.130077621168684
205,S5,13,25.800036088033536
206,S5,13,50.03610773693351
207,S5,13,47.39278900154189
208,S5,13,63.30685953855244
209,S5,13,63.690627260926505
210,S5,13,81.57022665973572
211,S5,13,0.0
212,S5,13,0.0
213,S5,13,91.92141459123178
214,S5,13,80.87470571102402
215,S5,13,111.69791797551673
216,S5,13,38.946529041055854
217,S5,13,0.0
218,S5,13,144.71584133028438
219,S5,13,75.99312457154417
220,S5,13,46.32070816552938
221,S5,13,0.0
222,S5,13,0.0
223,S5,13,0.0
224,S5,13,0.0
301,S5,13,50.012149638505065
302,S5,13,43.71921983256571
303,S5,13,71.48772043268058
304,S5,13,35.451968558954746
305,S5,13,32.77338899563915
306,S5,13,60.872939376643394
307,S5,13,56.04801935038014
308,S5,13,66.77165232182843
309,S5,13,72.76425297670593
310,S5,13,84.82592622243057
311,S5,13,0.0
312,S5,13,0.0
313,S5,13,124.12291971371188
314,S5,13,89.26697636921924
315,S5,13,171.59679262801777
316,S5,13,47.276111775074675
317,S5,13,0.0
318,S5,13,179.32105787123427
319,S5,13,79.16311135600522
320,S5,13,52.27054334391825
321,S5,13,0.0
322,S5,13,0.0
323,S5,13,0.0
324,S5,13,0.0
325,S5,13,0.0
101,S5,14,35.2140923909527
102,S5,14,28.809029015624706
103,S5,14,54.4890060191533
104,S5,14,22.683465856876886
105,S5,14,26.259070046525412
106,S5,14,47.39203548865366
107,S5,14,43.172233544997695
108,S5,14,61.48457665926687
109,S5,14,60.28429325828483
110,S5,14,77.55276683163997
111,S5,14,0.0
112,S5,14,0.0
113,S5,14,88.91098265945148
114,S5,14,76.42860787505403
115,S5,14,132.122777928583
116,S5,14,36.03413890309816
117,S5,14,0.0
118,S5,14,112.18275512065685
119,S5,14,64.97371157646596
120,S5,14,46.23977739184536
121,S5,14,0.0
122,S5,14,0.0
123,S5,14,0.0
124,S5,14,0.0
201,S5,14,38.718587960611764
202,S5,14,37.296402422324114
203,S5,14,70.57173872017023
204,S5,14,27.21713049537704
205,S5,14,25.755146210206362
206,S5,14,49.67545474000887
207,S5,14,48.31711334966101
208,S5,14,62.611461845056056
209,S5,14,62.86448373402917
210,S5,14,81.61637280098314
211,S5,14,0.0
212,S5,14,0.0
213,S5,14,98.36568975060624
214,S5,14,83.51039137789067
215,S5,14,112.59587527554791
216,S5,14,36.17182997126422
217,S5,14,0.0
218,S5,14,138.15228187638706
219,S5,14,73.65969732089107
220,S5,14,47.706177104183
221,S5,14,0.0
222,S5,14,0.0
223,S5,14,0.0
224,S5,14,0.0
301,S5,14,49.301992599154595
302,S5,14,44.15656326579986
303,S5,14,74.77820531030213
304,S5,14,35.316073126023426
305,S5,14,33.18307390185713
306,S5,14,64.21088009067296
307,S5,14,57.007980462296786
308,S5,14,68.31792671559738
309,S5,14,67.96455196047593
310,S5,14,83.62135692837691
311,S5,14,0.0
312,S5,14,0.0
313,S5,14,124.9877941423784
314,S5,14,91.78234455304326
315,S5,14,170.19711881790667
316,S5,14,46.08531973174675
317,S5,14,0.0
318,S5,14,178.70805594785193
319,S5,14,84.46942105504881
320,S5,14,50.00502168471068
321,S5,14,0.0
322,S5,14,0.0
323,S5,14,0.0
324,S5,14,0.0
325,S5,14,0.0
101,S5,15,32.783420193950754
102,S5,15,29.13387216494547
103,S5,15,55.25324635818162
104,S5,15,21.182044706473043
105,S5,15,25.552375431607967
106,S5,15,45.95368469049506
107,S5,15,41.946036898456526
108,S5,15,61.01373085190273
109,S5,15,59.20837161317639
110,S5,15,75.93097253287632
111,S5,15,0.0
112,S5,15,0.0
113,S5,15,85.7549506985905
114,S5,15,74.03235860411999
115,S5,15,119.55571192669439
116,S5,15,35.64511389419394
117,S5,15,0.0
118,S5,15,106.10750956165374
119,S5,15,62.12154647650824
120,S5,15,46.11345721938674
121,S5,15,0.0
122,S5,15,0.0
123,S5,15,0.0
124,S5,15,0.0
201,S5,15,41.057511392315384
202,S5,15,34.47690912085953
203,S5,15,69.2980551635633
204,S5,15,25.903533538467574
205,S5,15,26.831916135482732
206,S5,15,52.390542750522265
207,S5,15,44.020785769076376
208,S5,15,60.05984023153046
209,S5,15,63.57224159525133
210,S5,15,80.6577974623293
211,S5,15,0.0
212,S5,15,0.0
213,S5,15,92.63813315317837
214,S5,15,80.85884054654778
215,S5,15,114.59686800513636
216,S5,15,37.61944528502241
217,S5,15,0.0
218,S5,15,134.9320147535179
219,S5,15,71.15598348530192
220,S5,15,48.042244926603935
221,S5,15,0.0
222,S5,15,0.0
223,S5,15,0.0
224,S5,15,0.0
301,S5,15,51.134702033388365
302,S5,15,44.06012192175703
303,S5,15,74.35408484262784
304,S5,15,32.929756416146624
305,S5,15,33.184645714510765
306,S5,15,62.457659099381345
307,S5,15,57.80827311765875
308,S5,15,66.64383532621376
309,S5,15,69.55525872573612
310,S5,15,84.75036191861331
311,S5,15,0.0
312,S5,15,0.0
313,S5,15,121.17929223963141
314,S5,15,85.50487575515422
315,S5,15,160.67476141933525
316,S5,15,47.72209700256597
317,S5,15,0.0
318,S5,15,173.44844654208654
319,S5,15,84.25753206364807
320,S5,15,48.96913304438387
321,S5,15,0.0
322,S5,15,0.0
323,S5,15,0.0
324,S5,15,0.0
325,S5,15,0.0
101,S5,16,31.179748782342294
102,S5,16,29.352303312292147
103,S5,16,53.30859089643024
104,S5,16,22.75162651154018
105,S5,16,24.11270791996992
106,S5,16,47.02653993688896
107,S5,16,41.45077953622954
108,S5,16,60.49393626784545
109,S5,16,57.07428069794952
110,S5,16,71.04257181980476
111,S5,16,0.0
112,S5,16,0.0
113,S5,16,86.13242325762687
114,S5,16,75.98698700188352
115,S5,16,119.0790959075525
116,S5,16,33.1354083258554
117,S5,16,0.0
118,S5,16,107.2337721527344
119,S5,16,61.09321486862202
120,S5,16,44.26901055733326
121,S5,16,0.0
122,S5,16,0.0
123,S5,16,0.0
124,S5,16,0.0
201,S5,16,38.712361885666205
202,S5,16,33.36471485108786
203,S5,16,66.41767824201597
204,S5,16,25.586259538472543
205,S5,16,26.825482757987075
206,S5,16,50.48967402905426
207,S5,16,43.13075752062824
208,S5,16,60.67523596156413
209,S5,16,60.752600052250635
210,S5,16,80.56673957001254
211,S5,16,0.0
212,S5,16,0.0
213,S5,16,95.13514199574429
214,S5,16,77.40144776317523
215,S5,16,114.69227801798422
216,S5,16,35.54580368944997
217,S5,16,0.0
218,S5,16,133.04034705213908
219,S5,16,74.63815465774636
220,S5,16,47.36313923954264
221,S5,16,0.0
222,S5,16,0.0
223,S5,16,0.0
224,S5,16,0.0
301,S5,16,48.89207957272432
302,S5,16,43.095499183355614
303,S5,16,67.63919008521542
304,S5,16,34.04373703839829
305,S5,16,32.036488533118295
306,S5,16,59.650373513495666
307,S5,16,55.56989258444155
308,S5,16,67.9784643760763
309,S5,16,68.81141414263386
310,S5,16,84.01041453124215
311,S5,16,0.0
312,S5,16,0.0
313,S5,16,118.90678573876933
314,S5,16,85.7888841584163
315,S5,16,168.2530352879711
316,S5,16,44.60675537981566
317,S5,16,0.0
318,S5,16,164.42315058525796
319,S5,16,78.92409848288769
320,S5,16,47.8354566755447
321,S5,16,0.0
322,S5,16,0.0
323,S5,16,0.0
324,S5,16,0.0
325,S5,16,0.0
101,S5,17,32.89942225524996
102,S5,17,30.238411182734243
103,S5,17,53.82131372118097
104,S5,17,21.74620942896121
105,S5,17,26.099956557682802
106,S5,17,45.96315232974294
107,S5,17,44.64117874334048
108,S5,17,61.34268296857548
109,S5,17,58.415112246916536
110,S5,17,74.36631846231873
111,S5,17,0.0
112,S5,17,0.0
113,S5,17,89.94119792508342
114,S5,17,74.86854658992279
115,S5,17,126.85782072076648
116,S5,17,36.16782253680346
117,S5,17,0.0
118,S5,17,115.36295488892827
119,S5,17,63.71702860122052
120,S5,17,44.04470427959069
121,S5,17,0.0
122,S5,17,0.0
123,S5,17,0.0
124,S5,17,0.0
201,S5,17,41.447493582773255
202,S5,17,35.012235938277996
203,S5,17,66.77898651876593
204,S5,17,29.152825126669434
205,S5,17,26.678661927404978
206,S5,17,51.42083857288388
207,S5,17,45.739041640893106
208,S5,17,66.76341845800094
209,S5,17,65.5404754456412
210,S5,17,84.40903421063892
211,S5,17,0.0
212,S5,17,0.0
213,S5,17,95.38193679914062
214,S5,17,80.81247911158115
215,S5,17,110.71013546399551
216,S5,17,36.4324704569788
217,S5,17,0.0
218,S5,17,146.31341900992777
219,S5,17,78.74719683602987
220,S5,17,47.70444664721257
221,S5,17,0.0
222,S5,17,0.0
223,S5,17,0.0
224,S5,17,0.0
301,S5,17,50.92739309465902
302,S5,17,43.931861942546305
303,S5,17,68.7723554128979
304,S5,17,35.36762913917505
305,S5,17,31.66388167428564
306,S5,17,62.12951467432211
307,S5,17,59.99594100886057
308,S5,17,68.79076271652518
309,S5,17,71.31758714784445
310,S5,17,90.65112237216135
311,S5,17,0.0
312,S5,17,0.0
313,S5,17,112.476533696474
314,S5,17,82.4330058720173
315,S5,17,165.528656029966
316,S5,17,47.72950047097642
317,S5,17,0.0
318,S5,17,174.39177280473027
319,S5,17,77.36138426377119
320,S5,17,51.72703065716518
321,S5,17,0.0
322,S5,17,0.0
323,S5,17,0.0
324,S5,17,0.0
325,S5,17,0.0
101,S5,18,33.18436120990249
102,S5,18,29.653288267985904
103,S5,18,58.389453530335444
104,S5,18,22.91121020259217
105,S5,18,26.757980590899884
106,S5,18,49.62137225050211
107,S5,18,45.30554502707413
108,S5,18,62.65761468975573
109,S5,18,61.09149138030456
110,S5,18,80.81630176440555
111,S5,18,0.0
112,S5,18,0.0
113,S5,18,92.20954932424705
114,S5,18,75.42282681917841
115,S5,18,128.7169504719002
116,S5,18,38.21203964798731
117,S5,18,0.0
118,S5,18,118.35021860649063
119,S5,18,61.445358560354315
120,S5,18,45.81391776873729
121,S5,18,0.0
122,S5,18,0.0
123,S5,18,0.0
124,S5,18,0.0
201,S5,18,44.34097197213292
202,S5,18,38.694941719537105
203,S5,18,74.11754275009267
204,S5,18,28.110814442876375
205,S5,18,28.418224026672284
206,S5,18,53.84812393009056
207,S5,18,49.22633459074959
208,S5,18,63.89058805951825
209,S5,18,70.15969840173112
210,S5,18,88.10944085403806
211,S5,18,0.0
212,S5,18,0.0
213,S5,18,101.756673125739
214,S5,18,86.51937534969434
215,S5,18,118.94628983677049
216,S5,18,37.908640170041195
217,S5,18,0.0
218,S5,18,144.17278975372832
219,S5,18,77.16682938257676
220,S5,18,52.529392423938944
221,S5,18,0.0
222,S5,18,0.0
223,S5,18,0.0
224,S5,18,0.0
301,S5,18,53.92474356969171
302,S5,18,47.95335177296049
303,S5,18,80.88027283838557
304,S5,18,37.80874669067117
305,S5,18,35.1992660479548
306,S5,18,70.26885044246778
307,S5,18,59.3329557122121
308,S5,18,75.12885959906866
309,S5,18,75.02347555343012
310,S5,18,92.48133184146172
311,S5,18,0.0
312,S5,18,0.0
313,S5,18,121.40666419689073
314,S5,18,92.60532054778008
315,S5,18,181.39566996943975
316,S5,18,47.86582521964766
317,S5,18,0.0
318,S5,18,190.30162703975793
319,S5,18,82.65221758531088
320,S5,18,53.37738121134278
321,S5,18,0.0
322,S5,18,0.0
323,S5,18,0.0
324,S5,18,0.0
325,S5,18,0.0
101,S5,19,33.10802845763483
102,S5,19,31.4694539718677
103,S5,19,58.09982387057737
104,S5,19,22.92702760589168
105,S5,19,26.078422580357206
106,S5,19,49.778290587843
107,S5,19,47.225436611080724
108,S5,19,61.64542040263904
109,S5,19,64.02426904862247
110,S5,19,80.98854303941282
111,S5,19,0.0
112,S5,19,0.0
113,S5,19,90.43813613948524
114,S5,19,76.55673485027043
115,S5,19,127.48420582404916
116,S5,19,37.42141199474826
117,S5,19,0.0
118,S5,19,114.93203082743038
119,S5,19,62.4569068792868
120,S5,19,47.461210048063535
121,S5,19,0.0
122,S5,19,0.0
123,S5,19,0.0
124,S5,19,0.0
201,S5,19,41.457240560907906
202,S5,19,39.18679134888801
203,S5,19,69.05095591128395
204,S5,19,29.384528337375578
205,S5,19,28.549713744259222
206,S5,19,52.73566142680831
207,S5,19,46.11302720584344
208,S5,19,68.72891975298779
209,S5,19,70.27165530197612
210,S5,19,80.66954225455328
211,S5,19,0.0
212,S5,19,0.0
213,S5,19,102.20833854067394
214,S5,19,85.08217510564491
215,S5,19,120.56609622690607
216,S5,19,38.10486795822745
217,S5,19,0.0
218,S5,19,146.68680638037029
219,S5,19,77.99602242595961
220,S5,19,47.482240930085425
221,S5,19,0.0
222,S5,19,0.0
223,S5,19,0.0
224,S5,19,0.0
301,S5,19,52.96018001349876
302,S5,19,48.14534470220986
303,S5,19,75.42126513520559
304,S5,19,36.76371767812335
305,S5,19,36.20701488580502
306,S5,19,63.80376362925395
307,S5,19,63.10417810621402
308,S5,19,74.50173390068024
309,S5,19,70.95738101529638
310,S5,19,88.58970528358567
311,S5,19,0.0
312,S5,19,0.0
313,S5,19,125.61870254400718
314,S5,19,88.76028744816811
315,S5,19,173.36903644294446
316,S5,19,49.021103945795744
317,S5,19,0.0
318,S5,19,172.68777543530697
319,S5,19,87.64837801279317
320,S5,19,56.11709934073747
321,S5,19,0.0
322,S5,19,0.0
323,S5,19,0.0
324,S5,19,0.0
325,S5,19,0.0
101,S5,20,32.213832806882344
102,S5,20,29.14556792332307
103,S5,20,56.7355026477806
104,S5,20,22.481187484127297
105,S5,20,25.559575161250677
106,S5,20,49.32459673042869
107,S5,20,42.14838696043252
108,S5,20,61.66648044232454
109,S5,20,59.23162686471298
110,S5,20,78.24586055853422
111,S5,20,0.0
112,S5,20,0.0
113,S5,20,86.52695757114803
114,S5,20,76.70726326356771
115,S5,20,121.7009599157831
116,S5,20,33.62419783022459
117,S5,20,0.0
118,S5,20,110.15092200512792
119,S5,20,62.189447602702955
120,S5,20,46.18427083948448
121,S5,20,0.0
122,S5,20,0.0
123,S5,20,0.0
124,S5,20,0.0
201,S5,20,42.52799772150729
202,S5,20,38.56535726429499
203,S5,20,65.35269659122625
204,S5,20,28.18668368003984
205,S5,20,27.236823249829268
206,S5,20,53.214036485249906
207,S5,20,46.63630599023236
208,S5,20,63.08888133717029
209,S5,20,64.71428245395006
210,S5,20,87.1945216062397
211,S5,20,0.0
212,S5,20,0.0
213,S5,20,96.00878030301739
214,S5,20,86.58177001035784
215,S5,20,117.77825536042798
216,S5,20,37.82967741156372
217,S5,20,0.0
218,S5,20,147.60418055862377
219,S5,20,75.24406158142422
220,S5,20,51.18470552241455
221,S5,20,0.0
222,S5,20,0.0
223,S5,20,0.0
224,S5,20,0.0
301,S5,20,51.344866399233844
302,S5,20,45.32927328007323
303,S5,20,76.17344721534094
304,S5,20,35.52619863473164
305,S5,20,33.59479711502571
306,S5,20,66.08834477329832
307,S5,20,59.1778827407375
308,S5,20,71.21040572728253
309,S5,20,72.23295353135488
310,S5,20,89.32546783415489
311,S5,20,0.0
312,S5,20,0.0
313,S5,20,120.40433715892095
314,S5,20,87.80422578424782
315,S5,20,167.03036495384148
316,S5,20,48.881729680198056
317,S5,20,0.0
318,S5,20,185.49972895111773
319,S5,20,80.44639980813044
320,S5,20,52.38455905842992
321,S5,20,0.0
322,S5,20,0.0
323,S5,20,0.0
324,S5,20,0.0
325,S5,20,0.0
101,S5,21,33.16000936809274
102,S5,21,28.202534698217384
103,S5,21,51.68740962376985
104,S5,21,22.622728718676072
105,S5,21,23.73011568623946
106,S5,21,45.04105191504326
107,S5,21,43.06398097761865
108,S5,21,60.15331549751261
109,S5,21,59.69020632006503
110,S5,21,73.08653352661868
111,S5,21,0.0
112,S5,21,0.0
113,S5,21,89.10075345070257
114,S5,21,71.9883515952612
115,S5,21,123.9414569612212
116,S5,21,33.87483546539787
117,S5,21,0.0
118,S5,21,106.5191723777858
119,S5,21,57.591399588308136
120,S5,21,45.2106605688891
121,S5,21,0.0
122,S5,21,0.0
123,S5,21,0.0
124,S5,21,0.0
201,S5,21,39.427694592601355
202,S5,21,34.64099297179346
203,S5,21,69.97631646980007
204,S5,21,27.951216028483508
205,S5,21,27.775926812226583
206,S5,21,50.563854832424234
207,S5,21,48.73043674194118
208,S5,21,62.04191209423352
209,S5,21,65.50674001199079
210,S5,21,83.94861100880304
211,S5,21,0.0
212,S5,21,0.0
213,S5,21,96.2043097478589
214,S5,21,80.94548182174665
215,S5,21,118.90221612522235
216,S5,21,36.18149717582178
217,S5,21,0.0
218,S5,21,133.61603212262207
219,S5,21,76.4062081314216
220,S5,21,49.738480889448
221,S5,21,0.0
222,S5,21,0.0
223,S5,21,0.0
224,S5,21,0.0
301,S5,21,51.3897245261773
302,S5,21,46.61291859368042
303,S5,21,72.53188509009095
304,S5,21,34.60945038382153
305,S5,21,34.395755739863674
306,S5,21,65.58190077435759
307,S5,21,57.830472083381835
308,S5,21,66.67986121950905
309,S5,21,69.65978186480541
310,S5,21,86.21290602900994
311,S5,21,0.0
312,S5,21,0.0
313,S5,21,115.93962013468641
314,S5,21,91.73705785597086
315,S5,21,160.87819564522607
316,S5,21,46.09124465141461
317,S5,21,0.0
318,S5,21,181.5566395748866
319,S5,21,83.27445896840932
320,S5,21,49.74182729034703
321,S5,21,0.0
322,S5,21,0.0
323,S5,21,0.0
324,S5,21,0.0
325,S5,21,0.0
101,S5,22,32.017160466345345
102,S5,22,27.521671973585253
103,S5,22,52.36758269398668
104,S5,22,21.594449750598933
105,S5,22,24.209278448547412
106,S5,22,44.92453723226738
107,S5,22,41.22679634995413
108,S5,22,56.61080190172508
109,S5,22,60.406155067981125
110,S5,22,70.95070657971382
111,S5,22,0.0
112,S5,22,0.0
113,S5,22,85.29576631216959
114,S5,22,73.42120796683508
115,S5,22,119.18478990286037
116,S5,22,32.03853882333474
117,S5,22,0.0
118,S5,22,109.80363338859419
119,S5,22,59.78528702714053
120,S5,22,43.04981647652999
121,S5,22,0.0
122,S5,22,0.0
123,S5,22,0.0
124,S5,22,0.0
201,S5,22,41.02404782775282
202,S5,22,37.640253460759375
203,S5,22,66.09923211647688
204,S5,22,28.48860248815443
205,S5,22,25.236262858445524
206,S5,22,48.42277358038258
207,S5,22,45.06255443056477
208,S5,22,61.85227517048172
209,S5,22,67.44802732166586
210,S5,22,82.27762804639002
211,S5,22,0.0
212,S5,22,0.0
213,S5,22,91.02437522419153
214,S5,22,80.50109305966232
215,S5,22,107.73976597933927
216,S5,22,38.17511490631208
217,S5,22,0.0
218,S5,22,134.14674856989834
219,S5,22,72.20738021469707
220,S5,22,45.88629833659365
221,S5,22,0.0
222,S5,22,0.0
223,S5,22,0.0
224,S5,22,0.0
301,S5,22,49.073663919186146
302,S5,22,42.56556534126868
303,S5,22,71.15250588667634
304,S5,22,32.75157124180714
305,S5,22,33.562322952495116
306,S5,22,59.273340231820576
307,S5,22,58.35393929585339
308,S5,22,67.53434678509596
309,S5,22,72.00706835506425
310,S5,22,84.45226232476887
311,S5,22,0.0
312,S5,22,0.0
313,S5,22,120.1998061154956
314,S5,22,85.3648645478936
315,S5,22,165.62856642096233
316,S5,22,43.49728017604176
317,S5,22,0.0
318,S5,22,164.4632638747745
319,S5,22,80.03925158979834
320,S5,22,49.679936178288145
321,S5,22,0.0
322,S5,22,0.0
323,S5,22,0.0
324,S5,22,0.0
325,S5,22,0.0
101,S5,23,31.02447073706504
102,S5,23,25.88792576655207
103,S5,23,47.77517279102176
104,S5,23,20.145951216117634
105,S5,23,21.839915877203822
106,S5,23,44.84762730057997
107,S5,23,41.29290884946972
108,S5,23,56.00206769618634
109,S5,23,55.80099640539259
110,S5,23,69.5716332489707
111,S5,23,0.0
112,S5,23,0.0
113,S5,23,79.95274957773202
114,S5,23,72.64476072465176
115,S5,23,115.65918408789584
116,S5,23,30.53009005929556
117,S5,23,0.0
118,S5,23,102.7554531819531
119,S5,23,58.44792989316371
120,S5,23,40.35503864989177
121,S5,23,0.0
122,S5,23,0.0
123,S5,23,0.0
124,S5,23,0.0
201,S5,23,40.48706489197194
202,S5,23,34.974858661783266
203,S5,23,65.42046747998172
204,S5,23,28.394233297307725
205,S5,23,27.269499314349154
206,S5,23,52.03434106349321
207,S5,23,44.04688481866272
208,S5,23,64.84183520803934
209,S5,23,62.59303863646662
210,S5,23,83.97810219780399
211,S5,23,0.0
212,S5,23,0.0
213,S5,23,93.07972733005488
214,S5,23,76.08369772564555
215,S5,23,116.9427377246769
216,S5,23,37.73629926300819
217,S5,23,0.0
218,S5,23,136.41238292256534
219,S5,23,74.29849838178873
220,S5,23,49.02782502937854
221,S5,23,0.0
222,S5,23,0.0
223,S5,23,0.0
224,S5,23,0.0
301,S5,23,45.57140065230168
302,S5,23,42.332954571156776
303,S5,23,63.327470027240494
304,S5,23,31.655250919250463
305,S5,23,29.40960790980176
306,S5,23,55.4298582286755
307,S5,23,51.28436652870184
308,S5,23,64.65490981207108
309,S5,23,61.65158465728971
310,S5,23,79.96136224871786
311,S5,23,0.0
312,S5,23,0.0
313,S5,23,113.21712007077578
314,S5,23,80.0222736729809
315,S5,23,143.92097489018278
316,S5,23,41.04864649122844
317,S5,23,0.0
318,S5,23,164.0132655034056
319,S5,23,77.54449966447832
320,S5,23,45.47710898231492
321,S5,23,0.0
322,S5,23,0.0
323,S5,23,0.0
324,S5,23,0.0
325,S5,23,0.0
101,S5,24,29.46448420771479
102,S5,24,26.111121836296718
103,S5,24,45.91080256811703
104,S5,24,20.707659023130876
105,S5,24,21.443045703278713
106,S5,24,44.38218076479956
107,S5,24,39.76949564307133
108,S5,24,51.08298144613917
109,S5,24,52.59082971286716
110,S5,24,71.25200226651639
111,S5,24,0.0
112,S5,24,0.0
113,S5,24,80.15712079670705
114,S5,24,66.80863924705727
115,S5,24,109.45183755670598
116,S5,24,30.60516602589491
117,S5,24,0.0
118,S5,24,100.38794705776178
119,S5,24,56.06587637742994
120,S5,24,38.02036925019593
121,S5,24,0.0
122,S5,24,0.0
123,S5,24,0.0
124,S5,24,0.0
201,S5,24,39.385452888210125
202,S5,24,33.61302442292
203,S5,24,64.29460251865743
204,S5,24,26.019816413261726
205,S5,24,24.858329544546425
206,S5,24,46.574539882724316
207,S5,24,44.977891094901665
208,S5,24,58.462121534957674
209,S5,24,60.51396838084976
210,S5,24,77.45043340761771
211,S5,24,0.0
212,S5,24,0.0
213,S5,24,92.34947772152768
214,S5,24,80.3898709231125
215,S5,24,102.26073391056678
216,S5,24,36.2149019444314
217,S5,24,0.0
218,S5,24,130.86448751817557
219,S5,24,72.25380059630263
220,S5,24,46.78035897207816
221,S5,24,0.0
222,S5,24,0.0
223,S5,24,0.0
224,S5,24,0.0
301,S5,24,43.02958988486668
302,S5,24,37.68891913003157
303,S5,24,58.463853237261084
304,S5,24,28.350154370714495
305,S5,24,27.27405491810807
306,S5,24,54.25134505648568
307,S5,24,49.81882278408812
308,S5,24,55.83772831027788
309,S5,24,56.016537963348455
310,S5,24,74.11601597264082
311,S5,24,0.0
312,S5,24,0.0
313,S5,24,94.67671125054491
314,S5,24,70.89560747835085
315,S5,24,133.92652843819653
316,S5,24,39.523704385665695
317,S5,24,0.0
318,S5,24,140.5448609292591
319,S5,24,66.10789672991915
320,S5,24,44.84277121203087
321,S5,24,0.0
322,S5,24,0.0
323,S5,24,0.0
324,S5,24,0.0
325,S5,24,0.0
101,S6,1,58.50014906268394
102,S6,1,48.93639878334538
103,S6,1,96.2287087382836
104,S6,1,37.46367458478959
105,S6,1,41.45621611711801
106,S6,1,86.38953837978303
107,S6,1,76.19273917760358
108,S6,1,100.9036860729025
109,S6,1,102.71234148756021
110,S6,1,139.25817696673778
111,S6,1,0.0
112,S6,1,0.0
113,S6,1,158.85649157321185
114,S6,1,133.36602038778844
115,S6,1,222.31116697708916
116,S6,1,59.9377238514501
117,S6,1,0.0
118,S6,1,204.03059955485028
119,S6,1,105.13477173785752
120,S6,1,80.84229413976921
121,S6,1,0.0
122,S6,1,0.0
123,S6,1,0.0
124,S6,1,0.0
201,S6,1,65.381080382143
202,S6,1,62.58567333053739
203,S6,1,117.62300531148371
204,S6,1,48.160365582049096
205,S6,1,42.30388064824204
206,S6,1,81.99975885165611
207,S6,1,77.42854103130942
208,S6,1,110.28063598788503
209,S6,1,108.49203586284995
210,S6,1,139.86786574159623
211,S6,1,0.0
212,S6,1,0.0
213,S6,1,159.97241862211357
214,S6,1,135.73586101936024
215,S6,1,188.40504439562648
216,S6,1,61.5468686100382
217,S6,1,0.0
218,S6,1,231.624296530166
219,S6,1,124.274262624553
220,S6,1,75.85905712572301
221,S6,1,0.0
222,S6,1,0.0
223,S6,1,0.0
224,S6,1,0.0
301,S6,1,47.042160827567656
302,S6,1,46.645825964471385
303,S6,1,72.53637655241965
304,S6,1,34.60095847854415
305,S6,1,33.49469094110686
306,S6,1,63.32301170693481
307,S6,1,54.735284553622584
308,S6,1,70.74748505051114
309,S6,1,66.71265946189868
310,S6,1,82.3971675088122
311,S6,1,0.0
312,S6,1,0.0
313,S6,1,113.643297137594
314,S6,1,86.5264698830109
315,S6,1,159.6455780133424
316,S6,1,44.87031514310063
317,S6,1,0.0
318,S6,1,174.2501732785928
319,S6,1,80.64754009814112
320,S6,1,51.10644472287029
321,S6,1,0.0
322,S6,1,0.0
323,S6,1,0.0
324,S6,1,0.0
325,S6,1,0.0
101,S6,2,55.936525073735744
102,S6,2,48.54656514149901
103,S6,2,85.85904921653606
104,S6,2,38.55179802991547
105,S6,2,40.59248461297382
106,S6,2,77.53421118699836
107,S6,2,74.86515166530683
108,S6,2,96.71597212958943
109,S6,2,102.36105889253979
110,S6,2,123.87205578451815
111,S6,2,0.0
112,S6,2,0.0
113,S6,2,148.32032476033683
114,S6,2,130.24418629826468
115,S6,2,199.59397942202662
116,S6,2,60.35172782776615
117,S6,2,0.0
118,S6,2,194.52192384258154
119,S6,2,105.3727551902358
120,S6,2,72.3223833982772
121,S6,2,0.0
122,S6,2,0.0
123,S6,2,0.0
124,S6,2,0.0
201,S6,2,62.567336622864374
202,S6,2,56.100934984693026
203,S6,2,110.34277346028261
204,S6,2,42.70167113919017
205,S6,2,41.43843999316958
206,S6,2,81.9600888340796
207,S6,2,72.688490630654
208,S6,2,100.79460811705466
209,S6,2,108.20654389547826
210,S6,2,123.91397385296432
211,S6,2,0.0
212,S6,2,0.0
213,S6,2,159.14009894823513
214,S6,2,131.9948753891154
215,S6,2,176.5857806155813
216,S6,2,57.41317115129296
217,S6,2,0.0
218,S6,2,224.39443633571065
219,S6,2,122.8042503398971
220,S6,2,80.13799830894138
221,S6,2,0.0
222,S6,2,0.0
223,S6,2,0.0
224,S6,2,0.0
301,S6,2,46.74620667489486
302,S6,2,42.80021906968943
303,S6,2,64.77516096745386
304,S6,2,32.7921537662361
305,S6,2,29.902323783356273
306,S6,2,58.98402375094593
307,S6,2,51.90568550003396
308,S6,2,61.83533001512956
309,S6,2,62.499072578322625
310,S6,2,78.10436611054557
311,S6,2,0.0
312,S6,2,0.0
313,S6,2,107.15326691062405
314,S6,2,82.52183873710486
315,S6,2,157.44135999524644
316,S6,2,45.80386205634655
317,S6,2,0.0
318,S6,2,167.1877914273681
319,S6,2,73.40067386085293
320,S6,2,49.76486787268006
321,S6,2,0.0
322,S6,2,0.0
323,S6,2,0.0
324,S6,2,0.0
325,S6,2,0.0
101,S6,3,50.09952068705274
102,S6,3,46.89393369461781
103,S6,3,89.09564329608662
104,S6,3,37.02277208117779
105,S6,3,40.94290017044032
106,S6,3,75.99492401971446
107,S6,3,67.94584861663135
108,S6,3,99.93149212736752
109,S6,3,97.8763455207552
110,S6,3,125.56562460745579
111,S6,3,0.0
112,S6,3,0.0
113,S6,3,138.6837988888598
114,S6,3,126.83020949315207
115,S6,3,194.67190898425005
116,S6,3,53.98592120288481
117,S6,3,0.0
118,S6,3,187.13656684703903
119,S6,3,97.02840617348473
120,S6,3,71.95496055548128
121,S6,3,0.0
122,S6,3,0.0
123,S6,3,0.0
124,S6,3,0.0
201,S6,3,59.611198063260744
202,S6,3,58.0273725190583
203,S6,3,103.85336621104632
204,S6,3,44.41994404985792
205,S6,3,43.19060473367292
206,S6,3,75.73338434597792
207,S6,3,73.84452993809467
208,S6,3,98.14443476689017
209,S6,3,105.85180508124158
210,S6,3,130.82746030500235
211,S6,3,0.0
212,S6,3,0.0
213,S6,3,154.56808508389844
214,S6,3,122.83767598856977
215,S6,3,176.33242695866923
216,S6,3,56.12215012658383
217,S6,3,0.0
218,S6,3,210.84899931218547
219,S6,3,121.3476704042134
220,S6,3,77.23012127074375
221,S6,3,0.0
222,S6,3,0.0
223,S6,3,0.0
224,S6,3,0.0
301,S6,3,44.408068626530095
302,S6,3,41.343556925888066
303,S6,3,68.54918187678705
304,S6,3,30.78933802893458
305,S6,3,31.846878251976943
306,S6,3,60.13699522522299
307,S6,3,54.77998711788142
308,S6,3,63.75273746365256
309,S6,3,64.02175176566693
310,S6,3,84.0905806699737
311,S6,3,0.0
312,S6,3,0.0
313,S6,3,113.15533491312964
314,S6,3,78.69833729862849
315,S6,3,158.23146570891515
316,S6,3,43.43189333807863
317,S6,3,0.0
318,S6,3,159.5591313507732
319,S6,3,75.95753521991793
320,S6,3,48.60134589035041
321,S6,3,0.0
322,S6,3,0.0
323,S6,3,0.0
324,S6,3,0.0
325,S6,3,0.0
101,S6,4,52.027713751831506
102,S6,4,46.867216357157226
103,S6,4,85.67556000437514
104,S6,4,35.79914267175783
105,S6,4,39.44447535000317
106,S6,4,78.03168889751613
107,S6,4,69.49623115962929
108,S6,4,91.61879642475404
109,S6,4,93.1418752514194
110,S6,4,125.01324661527374
111,S6,4,0.0
112,S6,4,0.0
113,S6,4,148.12174695919086
114,S6,4,121.35306230325942
115,S6,4,203.43197591050142
116,S6,4,56.25810687540208
117,S6,4,0.0
118,S6,4,178.26516934043164
119,S6,4,101.14228997416802
120,S6,4,73.97096109112864
121,S6,4,0.0
122,S6,4,0.0
123,S6,4,0.0
124,S6,4,0.0
201,S6,4,59.005939124046144
202,S6,4,55.792173013764796
203,S6,4,108.11962315866516
204,S6,4,42.558174029951154
205,S6,4,39.09772748391909
206,S6,4,79.40777739394912
207,S6,4,73.44482466339782
208,S6,4,101.50011041074711
209,S6,4,99.12536248539708
210,S6,4,125.2061400337913
211,S6,4,0.0
212,S6,4,0.0
213,S6,4,143.50430320677953
214,S6,4,128.31335466714256
215,S6,4,167.06128150709125
216,S6,4,57.850007910214934
217,S6,4,0.0
218,S6,4,219.43913046128804
219,S6,4,111.25532846273782
220,S6,4,69.97300393479846
221,S6,4,0.0
222,S6,4,0.0
223,S6,4,0.0
224,S6,4,0.0
301,S6,4,48.511493185525936
302,S6,4,42.99311083027515
303,S6,4,65.20275005753044
304,S6,4,31.060990350397294
305,S6,4,31.258289753379287
306,S6,4,61.222346487518784
307,S6,4,56.14572680702109
308,S6,4,62.546969237568604
309,S6,4,64.73081826174318
310,S6,4,78.47212967818545
311,S6,4,0.0
312,S6,4,0.0
313,S6,4,110.93357675937565
314,S6,4,76.89747860059745
315,S6,4,147.56844261499762
316,S6,4,43.0609142386667
317,S6,4,0.0
318,S6,4,161.47290924378296
319,S6,4,77.94261209431959
320,S6,4,49.237126109381116
321,S6,4,0.0
322,S6,4,0.0
323,S6,4,0.0
324,S6,4,0.0
325,S6,4,0.0
101,S6,5,51.34734414351907
102,S6,5,45.69129607415065
103,S6,5,84.62202208132388
104,S6,5,34.762253751840305
105,S6,5,40.1548198937047
106,S6,5,79.76706256641054
107,S6,5,71.98323408361604
108,S6,5,101.40092104958234
109,S6,5,96.37288044096354
110,S6,5,126.02081069008852
111,S6,5,0.0
112,S6,5,0.0
113,S6,5,148.25671972366243
114,S6,5,127.91266430955334
115,S6,5,205.12395583091723
116,S6,5,55.71944712821047
117,S6,5,0.0
118,S6,5,177.26468633755715
119,S6,5,96.62470352628218
120,S6,5,73.10077310480955
121,S6,5,0.0
122,S6,5,0.0
123,S6,5,0.0
124,S6,5,0.0
201,S6,5,60.291113521508976
202,S6,5,54.40466111805707
203,S6,5,98.59488321408507
204,S6,5,43.94226217295031
205,S6,5,40.217028917159695
206,S6,5,79.38740158995877
207,S6,5,73.18082621969656
208,S6,5,101.72725210670367
209,S6,5,96.48042073038975
210,S6,5,127.94648201361353
211,S6,5,0.0
212,S6,5,0.0
213,S6,5,147.03301533937451
214,S6,5,123.88101355352296
215,S6,5,167.20958012437774
216,S6,5,54.475493666133886
217,S6,5,0.0
218,S6,5,219.2601129550225
219,S6,5,120.99302048180347
220,S6,5,75.47475823914635
221,S6,5,0.0
222,S6,5,0.0
223,S6,5,0.0
224,S6,5,0.0
301,S6,5,48.31112998162989
302,S6,5,41.76848452936441
303,S6,5,70.63550539357333
304,S6,5,33.552805709712544
305,S6,5,31.528328781027696
306,S6,5,58.05236885842134
307,S6,5,57.03901697318279
308,S6,5,68.5331891964988
309,S6,5,69.01024379486259
310,S6,5,80.50700877701546
311,S6,5,0.0
312,S6,5,0.0
313,S6,5,116.46499243381287
314,S6,5,86.81237443364613
315,S6,5,153.20211133811816
316,S6,5,43.57993231539798
317,S6,5,0.0
318,S6,5,165.17137733759455
319,S6,5,76.16544931128625
320,S6,5,47.856219329366304
321,S6,5,0.0
322,S6,5,0.0
323,S6,5,0.0
324,S6,5,0.0
325,S6,5,0.0
101,S6,6,52.5141314286446
102,S6,6,48.91246852687212
103,S6,6,92.21987718070218
104,S6,6,36.52163161781737
105,S6,6,40.212098590525265
106,S6,6,84.27103816611186
107,S6,6,75.89581250542965
108,S6,6,102.9394429532546
109,S6,6,106.93874568817735
110,S6,6,124.59688167908399
111,S6,6,0.0
112,S6,6,0.0
113,S6,6,155.0813804506122
114,S6,6,127.00430537415386
115,S6,6,201.7499141927987
116,S6,6,61.608052015629156
117,S6,6,0.0
118,S6,6,185.34712498567762
119,S6,6,105.6037467524206
120,S6,6,75.29686172079974
121,S6,6,0.0
122,S6,6,0.0
123,S6,6,0.0
124,S6,6,0.0
201,S6,6,63.02313000775933
202,S6,6,56.243082494612715
203,S6,6,102.74455210639692
204,S6,6,41.41845060118165
205,S6,6,42.027000425300294
206,S6,6,75.93134249457844
207,S6,6,68.18453780348696
208,S6,6,102.20724084955901
209,S6,6,97.93383509114615
210,S6,6,123.22957399885094
211,S6,6,0.0
212,S6,6,0.0
213,S6,6,147.95415751797933
214,S6,6,130.18903442431625
215,S6,6,169.34600762830323
216,S6,6,59.140508306428934
217,S6,6,0.0
218,S6,6,205.83390534411907
219,S6,6,112.80410858208319
220,S6,6,74.37423392221869
221,S6,6,0.0
222,S6,6,0.0
223,S6,6,0.0
224,S6,6,0.0
301,S6,6,51.62331703217086
302,S6,6,47.69351663500712
303,S6,6,76.80493420278415
304,S6,6,33.80624818843641
305,S6,6,34.72890773862343
306,S6,6,64.84787348871738
307,S6,6,62.28467176206386
308,S6,6,71.41308712428504
309,S6,6,71.991977086968
310,S6,6,86.1696016025372
311,S6,6,0.0
312,S6,6,0.0
313,S6,6,117.39767064929278
314,S6,6,85.29488265150115
315,S6,6,164.0277907507752
316,S6,6,48.113667744957596
317,S6,6,0.0
318,S6,6,181.04157831812324
319,S6,6,86.45675877412195
320,S6,6,51.09097994280764
321,S6,6,0.0
322,S6,6,0.0
323,S6,6,0.0
324,S6,6,0.0
325,S6,6,0.0
101,S6,7,63.409406014187134
102,S6,7,52.11967086063434
103,S6,7,102.93612533318716
104,S6,7,41.4059396642789
105,S6,7,47.758766246361176
106,S6,7,92.38388926399935
107,S6,7,83.0285709222249
108,S6,7,116.93017078881158
109,S6,7,114.23904477951038
110,S6,7,149.68611441877263
111,S6,7,0.0
112,S6,7,0.0
113,S6,7,169.0101706413351
114,S6,7,147.12882826942064
115,S6,7,233.81546131958555
116,S6,7,67.26901194028711
117,S6,7,0.0
118,S6,7,211.34488734803085
119,S6,7,118.79752883457355
120,S6,7,87.36311658396706
121,S6,7,0.0
122,S6,7,0.0
123,S6,7,0.0
124,S6,7,0.0
201,S6,7,68.79803688719997
202,S6,7,62.03830994435497
203,S6,7,118.64209829379904
204,S6,7,48.33866308081091
205,S6,7,46.32204962966887
206,S6,7,87.2727417480614
207,S6,7,79.62945692394342
208,S6,7,108.99482522710026
209,S6,7,108.904746374586
210,S6,7,134.93041885822686
211,S6,7,0.0
212,S6,7,0.0
213,S6,7,159.03430460648394
214,S6,7,130.37152392234967
215,S6,7,195.0325845211144
216,S6,7,61.53000280654178
217,S6,7,0.0
218,S6,7,242.02969907923566
219,S6,7,130.87517304123423
220,S6,7,84.17647577093385
221,S6,7,0.0
222,S6,7,0.0
223,S6,7,0.0
224,S6,7,0.0
301,S6,7,58.59587383991687
302,S6,7,50.429455619245616
303,S6,7,86.29009923727754
304,S6,7,40.49231221106938
305,S6,7,38.046869850849475
306,S6,7,71.7062480417477
307,S6,7,67.81160386262326
308,S6,7,78.35378069843667
309,S6,7,82.29702047388558
310,S6,7,104.90066180628305
311,S6,7,0.0
312,S6,7,0.0
313,S6,7,141.62582373683244
314,S6,7,101.21938858711889
315,S6,7,181.03880993091704
316,S6,7,53.836441807888455
317,S6,7,0.0
318,S6,7,189.82391702238155
319,S6,7,95.29817724287177
320,S6,7,61.1517241669632
321,S6,7,0.0
322,S6,7,0.0
323,S6,7,0.0
324,S6,7,0.0
325,S6,7,0.0
101,S6,8,70.07692802917119
102,S6,8,57.98607790262369
103,S6,8,108.3484592843601
104,S6,8,44.48705654530441
105,S6,8,50.39505111456607
106,S6,8,95.4440059476112
107,S6,8,90.48507004678301
108,S6,8,118.70791710074022
109,S6,8,128.06070499147768
110,S6,8,152.50329423926692
111,S6,8,0.0
112,S6,8,0.0
113,S6,8,182.31406109699643
114,S6,8,164.4498295993223
115,S6,8,250.5908848233083
116,S6,8,74.61349098943045
117,S6,8,0.0
118,S6,8,231.7646476666012
119,S6,8,120.22043693004312
120,S6,8,96.65390925664009
121,S6,8,0.0
122,S6,8,0.0
123,S6,8,0.0
124,S6,8,0.0
201,S6,8,75.91388151696464
202,S6,8,66.3109710861982
203,S6,8,121.91532151050778
204,S6,8,51.397332993508236
205,S6,8,49.5179899430152
206,S6,8,98.21866983488331
207,S6,8,90.71363982025949
208,S6,8,116.44451268607378
209,S6,8,125.09892774955976
210,S6,8,152.88002162298238
211,S6,8,0.0
212,S6,8,0.0
213,S6,8,177.4854841748857
214,S6,8,155.36860878827008
215,S6,8,208.7808344188418
216,S6,8,68.58991081341293
217,S6,8,0.0
218,S6,8,263.24706250772454
219,S6,8,135.09845822414155
220,S6,8,90.34313789416352
221,S6,8,0.0
222,S6,8,0.0
223,S6,8,0.0
224,S6,8,0.0
301,S6,8,63.16168567425518
302,S6,8,56.854799109749564
303,S6,8,95.2479149748586
304,S6,8,42.4516988334915
305,S6,8,42.180745452946674
306,S6,8,78.38074267150593
307,S6,8,73.06508472309517
308,S6,8,89.40716114085464
309,S6,8,89.11320329557647
310,S6,8,114.19372392055193
311,S6,8,0.0
312,S6,8,0.0
313,S6,8,151.80145360941427
314,S6,8,114.38466575053678
315,S6,8,216.4780889160785
316,S6,8,59.243700835101976
317,S6,8,0.0
318,S6,8,229.72615375129155
319,S6,8,106.18462330581437
320,S6,8,62.92254203391885
321,S6,8,0.0
322,S6,8,0.0
323,S6,8,0.0
324,S6,8,0.0
325,S6,8,0.0
101,S6,9,75.1255277805172
102,S6,9,65.5806307025986
103,S6,9,124.28875593937457
104,S6,9,48.4364411903614
105,S6,9,56.354279240486626
106,S6,9,105.30881455783805
107,S6,9,95.65484618931345
108,S6,9,133.99229804879053
109,S6,9,142.29542258149377
110,S6,9,163.3421863428264
111,S6,9,0.0
112,S6,9,0.0
113,S6,9,205.8349959535739
114,S6,9,170.1781674567507
115,S6,9,269.05834679599946
116,S6,9,76.92176207681685
117,S6,9,0.0
118,S6,9,260.98281990421066
119,S6,9,136.3644906620383
120,S6,9,97.87262799526006
121,S6,9,0.0
122,S6,9,0.0
123,S6,9,0.0
124,S6,9,0.0
201,S6,9,79.498278257726
202,S6,9,77.01038397705881
203,S6,9,134.10279973555785
204,S6,9,59.46100128360611
205,S6,9,53.85847660769014
206,S6,9,107.22399655690091
207,S6,9,93.75944698498819
208,S6,9,125.92755479390783
209,S6,9,131.54882515396233
210,S6,9,159.80236684777944
211,S6,9,0.0
212,S6,9,0.0
213,S6,9,197.39488419863144
214,S6,9,161.28520388337512
215,S6,9,229.64185153269472
216,S6,9,77.47314497575567
217,S6,9,0.0
218,S6,9,282.6367457971381
219,S6,9,157.33882748571747
220,S6,9,101.2571041224774
221,S6,9,0.0
222,S6,9,0.0
223,S6,9,0.0
224,S6,9,0.0
301,S6,9,69.48625524047398
302,S6,9,66.39915675299942
303,S6,9,104.7786264867773
304,S6,9,50.43656309791427
305,S6,9,48.4503493019143
306,S6,9,86.84452736886998
307,S6,9,85.22820223734406
308,S6,9,100.98870505646433
309,S6,9,100.6824441767841
310,S6,9,126.1608039791873
311,S6,9,0.0
312,S6,9,0.0
313,S6,9,162.30656357383052
314,S6,9,128.3164921858902
315,S6,9,235.71391339501812
316,S6,9,65.30797935399808
317,S6,9,0.0
318,S6,9,238.80228466647222
319,S6,9,111.77415845618798
320,S6,9,71.3334604187079
321,S6,9,0.0
322,S6,9,0.0
323,S6,9,0.0
324,S6,9,0.0
325,S6,9,0.0
101,S6,10,81.55785746231936
102,S6,10,68.32698864532564
103,S6,10,130.09158378451679
104,S6,10,53.1421733494518
105,S6,10,61.75904274605633
106,S6,10,122.55901115345601
107,S6,10,102.5379974856415
108,S6,10,150.12977536947474
109,S6,10,157.7039318480278
110,S6,10,183.20122339229187
111,S6,10,0.0
112,S6,10,0.0
113,S6,10,227.85363975781192
114,S6,10,186.0683842563062
115,S6,10,301.24796852357474
116,S6,10,84.09930445272715
117,S6,10,0.0
118,S6,10,281.9131969759482
119,S6,10,152.38263939240144
120,S6,10,115.53519335914264
121,S6,10,0.0
122,S6,10,0.0
123,S6,10,0.0
124,S6,10,0.0
201,S6,10,90.97049011687169
202,S6,10,77.12608422678893
203,S6,10,141.2973619625123
204,S6,10,64.06776087348686
205,S6,10,56.41569188307767
206,S6,10,112.17666969717101
207,S6,10,105.66817292038982
208,S6,10,139.52931516835795
209,S6,10,143.78700716675635
210,S6,10,184.13320285047533
211,S6,10,0.0
212,S6,10,0.0
213,S6,10,208.28911507739284
214,S6,10,174.92296304958552
215,S6,10,241.47624678574581
216,S6,10,80.5938807441125
217,S6,10,0.0
218,S6,10,310.9098820311808
219,S6,10,173.31112681125342
220,S6,10,105.70583165611332
221,S6,10,0.0
222,S6,10,0.0
223,S6,10,0.0
224,S6,10,0.0
301,S6,10,80.69219035736775
302,S6,10,70.76800833910353
303,S6,10,106.10768581893275
304,S6,10,55.2847447392594
305,S6,10,51.89340510269777
306,S6,10,93.61002999412598
307,S6,10,88.91674744310272
308,S6,10,101.27985139344025
309,S6,10,108.20195448598378
310,S6,10,138.30189600036368
311,S6,10,0.0
312,S6,10,0.0
313,S6,10,180.88153692298428
314,S6,10,131.8494257476471
315,S6,10,242.40705558570065
316,S6,10,72.11322535871855
317,S6,10,0.0
318,S6,10,274.6487991510426
319,S6,10,121.68375169963412
320,S6,10,81.31975186622249
321,S6,10,0.0
322,S6,10,0.0
323,S6,10,0.0
324,S6,10,0.0
325,S6,10,0.0
101,S6,11,90.08408353707941
102,S6,11,75.66360994742281
103,S6,11,149.32458200572046
104,S6,11,59.054929169713596
105,S6,11,63.03594529952187
106,S6,11,122.93178341387544
107,S6,11,114.63589270051261
108,S6,11,152.10301569492415
109,S6,11,158.5914811774556
110,S6,11,210.84700955947014
111,S6,11,0.0
112,S6,11,0.0
113,S6,11,236.4230051552259
114,S6,11,198.90504538159558
115,S6,11,320.83093944009414
116,S6,11,90.9402137390315
117,S6,11,0.0
118,S6,11,307.83841086530464
119,S6,11,161.99363696394937
120,S6,11,121.80289659273016
121,S6,11,0.0
122,S6,11,0.0
123,S6,11,0.0
124,S6,11,0.0
201,S6,11,92.98071047420937
202,S6,11,84.59102685399164
203,S6,11,163.63785704250148
204,S6,11,65.49559904906137
205,S6,11,62.448895669467895
206,S6,11,119.03432403108083
207,S6,11,106.7120241167936
208,S6,11,143.89575007446857
209,S6,11,148.8754679009396
210,S6,11,188.64916896893175
211,S6,11,0.0
212,S6,11,0.0
213,S6,11,231.66918802703714
214,S6,11,192.0150746272075
215,S6,11,267.7836777009305
216,S6,11,86.99288687115562
217,S6,11,0.0
218,S6,11,336.2669641609463
219,S6,11,172.8623498872568
220,S6,11,108.78552741473169
221,S6,11,0.0
222,S6,11,0.0
223,S6,11,0.0
224,S6,11,0.0
301,S6,11,84.72076002277642
302,S6,11,72.94614923437342
303,S6,11,117.1153457796233
304,S6,11,57.988294490671855
305,S6,11,56.35747332901419
306,S6,11,110.23500952496948
307,S6,11,98.12312237697552
308,S6,11,111.74066231095325
309,S6,11,121.18328457453062
310,S6,11,144.34192729486736
311,S6,11,0.0
312,S6,11,0.0
313,S6,11,191.99864571375716
314,S6,11,150.22551928738926
315,S6,11,285.19327921434007
316,S6,11,79.8190676982908
317,S6,11,0.0
318,S6,11,282.46540423265697
319,S6,11,139.621022115088
320,S6,11,85.35582194586405
321,S6,11,0.0
322,S6,11,0.0
323,S6,11,0.0
324,S6,11,0.0
325,S6,11,0.0
101,S6,12,91.61969365148511
102,S6,12,84.2851062160253
103,S6,12,151.10439379104568
104,S6,12,61.41799786367372
105,S6,12,67.2206017684133
106,S6,12,133.2296168751338
107,S6,12,118.10323781161426
108,S6,12,163.82801270124995
109,S6,12,170.7918309354013
110,S6,12,220.77752124100996
111,S6,12,0.0
112,S6,12,0.0
113,S6,12,261.46688711809793
114,S6,12,204.91367189065082
115,S6,12,362.8572807161306
116,S6,12,95.13861669645163
117,S6,12,0.0
118,S6,12,317.74075738125237
119,S6,12,165.27203384187231
120,S6,12,127.4078350910905
121,S6,12,0.0
122,S6,12,0.0
123,S6,12,0.0
124,S6,12,0.0
201,S6,12,99.49430678349988
202,S6,12,93.13534769218435
203,S6,12,173.80052144516696
204,S6,12,65.65309391035566
205,S6,12,68.36378147194503
206,S6,12,121.84675009996093
207,S6,12,120.68137322113505
208,S6,12,152.0835628252801
209,S6,12,165.66908364755878
210,S6,12,206.98044518382167
211,S6,12,0.0
212,S6,12,0.0
213,S6,12,238.56504288458495
214,S6,12,204.90880512139455
215,S6,12,296.62874421108853
216,S6,12,95.80411881882085
217,S6,12,0.0
218,S6,12,353.73549500814653
219,S6,12,194.89960411743309
220,S6,12,114.12792026731208
221,S6,12,0.0
222,S6,12,0.0
223,S6,12,0.0
224,S6,12,0.0
301,S6,12,85.73772889696899
302,S6,12,79.16079502118009
303,S6,12,123.55091437725046
304,S6,12,58.49057781249692
305,S6,12,56.04238460948822
306,S6,12,109.26040747638889
307,S6,12,101.52100105230276
308,S6,12,116.78260375846723
309,S6,12,122.41500358711284
310,S6,12,159.9831261329354
311,S6,12,0.0
312,S6,12,0.0
313,S6,12,209.7975901500877
314,S6,12,148.27063717756235
315,S6,12,295.96617802225643
316,S6,12,86.3887904073658
317,S6,12,0.0
318,S6,12,302.5048608337068
319,S6,12,150.47597727167613
320,S6,12,89.49431016508386
321,S6,12,0.0
322,S6,12,0.0
323,S6,12,0.0
324,S6,12,0.0
325,S6,12,0.0
101,S6,13,95.6396744739434
102,S6,13,86.03468162190438
103,S6,13,151.73468421631796
104,S6,13,63.819985416324144
105,S6,13,70.24449765979016
106,S6,13,144.2477811133303
107,S6,13,129.15729652601118
108,S6,13,168.2471740751882
109,S6,13,174.6917208394096
110,S6,13,216.59433408868145
111,S6,13,0.0
112,S6,13,0.0
113,S6,13,262.9357162170233
114,S6,13,230.919132290409
115,S6,13,363.07543948509345
116,S6,13,97.80718250547483
117,S6,13,0.0
118,S6,13,315.6261661182006
119,S6,13,173.43100018859295
120,S6,13,133.37012464049874
121,S6,13,0.0
122,S6,13,0.0
123,S6,13,0.0
124,S6,13,0.0
201,S6,13,100.90644909201599
202,S6,13,93.81019731008524
203,S6,13,173.06989197482392
204,S6,13,72.6528496596757
205,S6,13,71.4502992129338
206,S6,13,134.44127458218563
207,S6,13,119.81883018288319
208,S6,13,160.56056457067044
209,S6,13,169.5427962396116
210,S6,13,205.07775517261382
211,S6,13,0.0
212,S6,13,0.0
213,S6,13,247.13881190398047
214,S6,13,218.59924210283035
215,S6,13,286.22398384148363
216,S6,13,93.66229922564834
217,S6,13,0.0
218,S6,13,350.9460370011396
219,S6,13,191.90605172437645
220,S6,13,126.38023271188163
221,S6,13,0.0
222,S6,13,0.0
223,S6,13,0.0
224,S6,13,0.0
301,S6,13,94.2349529525128
302,S6,13,83.45591996996733
303,S6,13,141.00761048776164
304,S6,13,62.07623330787574
305,S6,13,62.30434209350019
306,S6,13,118.21369561743238
307,S6,13,107.43197719730176
308,S6,13,130.8561825588781
309,S6,13,126.19589582723111
310,S6,13,161.3183397643224
311,S6,13,0.0
312,S6,13,0.0
313,S6,13,224.06179770535994
314,S6,13,159.48392747899643
315,S6,13,313.3441011866759
316,S6,13,89.72151250886509
317,S6,13,0.0
318,S6,13,339.05784689064774
319,S6,13,156.84476113738276
320,S6,13,97.09893791407647
321,S6,13,0.0
322,S6,13,0.0
323,S6,13,0.0
324,S6,13,0.0
325,S6,13,0.0
101,S6,14,96.6503773959469
102,S6,14,91.80484531407649
103,S6,14,162.98190692154108
104,S6,14,67.27671081404027
105,S6,14,75.14346534137499
106,S6,14,138.11229052998337
107,S6,14,136.68788223870877
108,S6,14,184.16572784643813
109,S6,14,183.1237897222466
110,S6,14,226.31637636745845
111,S6,14,0.0
112,S6,14,0.0
113,S6,14,262.7488374177542
114,S6,14,229.4097327546013
115,S6,14,373.6323532727863
116,S6,14,101.83357570555596
117,S6,14,0.0
118,S6,14,346.2292928321701
119,S6,14,180.95516838934918
120,S6,14,131.44714093675353
121,S6,14,0.0
122,S6,14,0.0
123,S6,14,0.0
124,S6,14,0.0
201,S6,14,113.9895398254158
202,S6,14,96.57061033162925
203,S6,14,185.71534758964995
204,S6,14,73.26219035577125
205,S6,14,69.2728332245765
206,S6,14,135.86316933712988
207,S6,14,124.08085986168915
208,S6,14,173.84710492879086
209,S6,14,177.1663552293588
210,S6,14,223.12002665425447
211,S6,14,0.0
212,S6,14,0.0
213,S6,14,267.09444751364464
214,S6,14,219.6921167807263
215,S6,14,322.2636353190782
216,S6,14,98.32667088255798
217,S6,14,0.0
218,S6,14,369.91797366279945
219,S6,14,209.41380604346097
220,S6,14,128.77629684194355
221,S6,14,0.0
222,S6,14,0.0
223,S6,14,0.0
224,S6,14,0.0
301,S6,14,94.60407484293486
302,S6,14,89.76139479618782
303,S6,14,133.45215134399933
304,S6,14,64.45628312133229
305,S6,14,65.15120382196368
306,S6,14,121.81698199658723
307,S6,14,112.87296153330229
308,S6,14,130.16284214802056
309,S6,14,138.857676472069
310,S6,14,175.51698299162825
311,S6,14,0.0
312,S6,14,0.0
313,S6,14,224.20304148111003
314,S6,14,174.3139764113145
315,S6,14,331.6044193500483
316,S6,14,87.29731948302786
317,S6,14,0.0
318,S6,14,349.85029706509215
319,S6,14,160.72677801393937
320,S6,14,98.76200598728997
321,S6,14,0.0
322,S6,14,0.0
323,S6,14,0.0
324,S6,14,0.0
325,S6,14,0.0
101,S6,15,103.53723063572352
102,S6,15,90.10545374388936
103,S6,15,168.8376544567577
104,S6,15,65.51571221228565
105,S6,15,78.42494684076478
106,S6,15,145.68934542521902
107,S6,15,129.54148619260573
108,S6,15,189.59168295917812
109,S6,15,190.94611071839685
110,S6,15,241.89380097827924
111,S6,15,0.0
112,S6,15,0.0
113,S6,15,281.55927012626387
114,S6,15,225.1040776454987
115,S6,15,380.9190445188472
116,S6,15,103.91171835635853
117,S6,15,0.0
118,S6,15,353.1843610979021
119,S6,15,182.5899152264188
120,S6,15,143.5714316218381
121,S6,15,0.0
122,S6,15,0.0
123,S6,15,0.0
124,S6,15,0.0
201,S6,15,109.19417706938792
202,S6,15,101.93436990654305
203,S6,15,185.09548003258553
204,S6,15,75.08925024550793
205,S6,15,74.69483055334602
206,S6,15,134.45295362952635
207,S6,15,127.19354429888156
208,S6,15,176.54396366089702
209,S6,15,189.19418984366754
210,S6,15,230.27347573496894
211,S6,15,0.0
212,S6,15,0.0
213,S6,15,268.7230286753441
214,S6,15,224.63955889413674
215,S6,15,312.19156393557796
216,S6,15,103.59144945522279
217,S6,15,0.0
218,S6,15,367.798774756051
219,S6,15,202.39924857780235
220,S6,15,138.8537776082325
221,S6,15,0.0
222,S6,15,0.0
223,S6,15,0.0
224,S6,15,0.0
301,S6,15,103.84199287319399
302,S6,15,88.01979283910651
303,S6,15,149.07693296186454
304,S6,15,69.03339434412734
305,S6,15,67.91551590233337
306,S6,15,121.78516014708573
307,S6,15,115.90580839017518
308,S6,15,138.8323140396504
309,S6,15,132.91736865031723
310,S6,15,171.30567436346047
311,S6,15,0.0
312,S6,15,0.0
313,S6,15,228.32537384251708
314,S6,15,175.35255913990005
315,S6,15,320.37652972257405
316,S6,15,92.22345769862235
317,S6,15,0.0
318,S6,15,327.3741598079466
319,S6,15,160.76955404890447
320,S6,15,102.3187108418905
321,S6,15,0.0
322,S6,15,0.0
323,S6,15,0.0
324,S6,15,0.0
325,S6,15,0.0
101,S6,16,94.65252597288294
102,S6,16,81.05596742727403
103,S6,16,148.55033862207537
104,S6,16,60.91516165893958
105,S6,16,70.81978544602843
106,S6,16,132.20516496654938
107,S6,16,126.05545503577571
108,S6,16,165.96951925920484
109,S6,16,169.33332838372536
110,S6,16,228.30885801515126
111,S6,16,0.0
112,S6,16,0.0
113,S6,16,260.8854459942502
114,S6,16,215.65046384701975
115,S6,16,349.1629955040381
116,S6,16,96.15305211211654
117,S6,16,0.0
118,S6,16,308.01003535678603
119,S6,16,171.24826229790557
120,S6,16,124.92650183150528
121,S6,16,0.0
122,S6,16,0.0
123,S6,16,0.0
124,S6,16,0.0
201,S6,16,111.61999745147807
202,S6,16,105.4626010663884
203,S6,16,184.0723668715408
204,S6,16,74.87151896471633
205,S6,16,72.337223975295
206,S6,16,143.15112338015678
207,S6,16,134.38201235485832
208,S6,16,176.65487063660674
209,S6,16,182.64034050890564
210,S6,16,233.75852347616478
211,S6,16,0.0
212,S6,16,0.0
213,S6,16,280.1321255572628
214,S6,16,218.96190479436575
215,S6,16,310.6468320882128
216,S6,16,107.67089019254917
217,S6,16,0.0
218,S6,16,409.6274415575314
219,S6,16,206.43721213273096
220,S6,16,128.737459659261
221,S6,16,0.0
222,S6,16,0.0
223,S6,16,0.0
224,S6,16,0.0
301,S6,16,98.05470739905016
302,S6,16,91.25337272775567
303,S6,16,136.5382779812899
304,S6,16,71.56921391781003
305,S6,16,63.345022750044066
306,S6,16,129.93236235540184
307,S6,16,110.88276732641016
308,S6,16,132.5502622035119
309,S6,16,145.0879008838593
310,S6,16,171.4494961062202
311,S6,16,0.0
312,S6,16,0.0
313,S6,16,236.78089618709754
314,S6,16,172.23564581240575
315,S6,16,343.59655849380874
316,S6,16,91.46837884787318
317,S6,16,0.0
318,S6,16,337.7355856778551
319,S6,16,157.9779228149852
320,S6,16,102.94076602860541
321,S6,16,0.0
322,S6,16,0.0
323,S6,16,0.0
324,S6,16,0.0
325,S6,16,0.0
101,S6,17,89.09675712718588
102,S6,17,78.58268803709318
103,S6,17,148.6226933229634
104,S6,17,60.89360303273773
105,S6,17,68.2133349559098
106,S6,17,124.40035886332787
107,S6,17,112.56649232748867
108,S6,17,162.41461073618146
109,S6,17,166.05538696429772
110,S6,17,211.87694559974474
111,S6,17,0.0
112,S6,17,0.0
113,S6,17,229.19613647023198
114,S6,17,197.7493949532034
115,S6,17,326.4893311783972
116,S6,17,90.77877943276341
117,S6,17,0.0
118,S6,17,298.81402994717604
119,S6,17,158.8924608699205
120,S6,17,114.68897495293027
121,S6,17,0.0
122,S6,17,0.0
123,S6,17,0.0
124,S6,17,0.0
201,S6,17,114.95011089461786
202,S6,17,102.43890688230736
203,S6,17,185.35314795036442
204,S6,17,75.81805498916742
205,S6,17,72.92330706380987
206,S6,17,136.84850676955855
207,S6,17,129.07581666417389
208,S6,17,183.3844296058781
209,S6,17,179.50998921908962
210,S6,17,227.4227710993041
211,S6,17,0.0
212,S6,17,0.0
213,S6,17,261.35972430777963
214,S6,17,226.546189814884
215,S6,17,308.4423599805433
216,S6,17,101.25058282743782
217,S6,17,0.0
218,S6,17,404.5696786391647
219,S6,17,218.85351814991347
220,S6,17,137.15106791527867
221,S6,17,0.0
222,S6,17,0.0
223,S6,17,0.0
224,S6,17,0.0
301,S6,17,94.43085047384729
302,S6,17,87.53602600777808
303,S6,17,138.6058169290669
304,S6,17,65.51100384922584
305,S6,17,62.76954196379188
306,S6,17,123.83426939364016
307,S6,17,116.50181836823886
308,S6,17,133.44217748130578
309,S6,17,137.5361496402822
310,S6,17,168.81048917540707
311,S6,17,0.0
312,S6,17,0.0
313,S6,17,230.22117912971703
314,S6,17,169.2547526862129
315,S6,17,324.1340192297422
316,S6,17,86.91553928238329
317,S6,17,0.0
318,S6,17,339.9313540460496
319,S6,17,149.9957621245821
320,S6,17,96.77470711898854
321,S6,17,0.0
322,S6,17,0.0
323,S6,17,0.0
324,S6,17,0.0
325,S6,17,0.0
101,S6,18,83.03310534300891
102,S6,18,73.16520826505796
103,S6,18,144.7983871779996
104,S6,18,58.44819097368308
105,S6,18,65.07073088795391
106,S6,18,119.52136397891833
107,S6,18,112.84272075180223
108,S6,18,150.09031850681828
109,S6,18,160.9118818647026
110,S6,18,191.5486103844313
111,S6,18,0.0
112,S6,18,0.0
113,S6,18,236.0095360066648
114,S6,18,198.76166928351705
115,S6,18,333.23934581500737
116,S6,18,93.59925301908831
117,S6,18,0.0
118,S6,18,281.00328709276647
119,S6,18,152.62358005825772
120,S6,18,118.40980739057633
121,S6,18,0.0
122,S6,18,0.0
123,S6,18,0.0
124,S6,18,0.0
201,S6,18,110.76186833619803
202,S6,18,95.19669932082857
203,S6,18,184.1257461802693
204,S6,18,73.96511747357387
205,S6,18,75.41441305844758
206,S6,18,138.16478450122057
207,S6,18,130.56069791436687
208,S6,18,169.86096525769761
209,S6,18,171.1673121892208
210,S6,18,217.37684045287395
211,S6,18,0.0
212,S6,18,0.0
213,S6,18,265.55963798939393
214,S6,18,225.6903529822343
215,S6,18,313.06011831400554
216,S6,18,100.56094888912662
217,S6,18,0.0
218,S6,18,377.4510897130628
219,S6,18,209.97958131633928
220,S6,18,133.31113610623032
221,S6,18,0.0
222,S6,18,0.0
223,S6,18,0.0
224,S6,18,0.0
301,S6,18,91.79515796560196
302,S6,18,78.91354456406785
303,S6,18,125.49431645844857
304,S6,18,62.85989836817674
305,S6,18,60.7405371800301
306,S6,18,110.38591096450898
307,S6,18,103.85996791434616
308,S6,18,128.48106523677006
309,S6,18,126.99629670607727
310,S6,18,154.50757715590711
311,S6,18,0.0
312,S6,18,0.0
313,S6,18,222.26325054337195
314,S6,18,157.63876098843846
315,S6,18,313.2179031448633
316,S6,18,82.91190727032541
317,S6,18,0.0
318,S6,18,303.2021639513355
319,S6,18,150.66350709734022
320,S6,18,94.69652748323387
321,S6,18,0.0
322,S6,18,0.0
323,S6,18,0.0
324,S6,18,0.0
325,S6,18,0.0
101,S6,19,80.20048828876503
102,S6,19,76.69486020819912
103,S6,19,142.0338354048864
104,S6,19,54.912870029662216
105,S6,19,60.48876685240562
106,S6,19,118.55428745549662
107,S6,19,113.38267271940168
108,S6,19,153.41513894497294
109,S6,19,155.4427741380527
110,S6,19,190.05967389662115
111,S6,19,0.0
112,S6,19,0.0
113,S6,19,222.4327251244887
114,S6,19,183.49543648536644
115,S6,19,324.5908724070284
116,S6,19,92.06181789791457
117,S6,19,0.0
118,S6,19,278.7895356383415
119,S6,19,156.06998894425047
120,S6,19,110.71184353488563
121,S6,19,0.0
122,S6,19,0.0
123,S6,19,0.0
124,S6,19,0.0
201,S6,19,102.91814965264155
202,S6,19,91.72789192444753
203,S6,19,174.20462049947977
204,S6,19,72.06120007312929
205,S6,19,67.55635277357582
206,S6,19,127.2415552310708
207,S6,19,126.91847625102136
208,S6,19,162.20192911100747
209,S6,19,175.6399384572529
210,S6,19,209.97737394122836
211,S6,19,0.0
212,S6,19,0.0
213,S6,19,258.1509606712505
214,S6,19,206.97912453882836
215,S6,19,291.7381006730193
216,S6,19,94.54284052391945
217,S6,19,0.0
218,S6,19,352.8118963429938
219,S6,19,203.47118403937162
220,S6,19,131.35489715115233
221,S6,19,0.0
222,S6,19,0.0
223,S6,19,0.0
224,S6,19,0.0
301,S6,19,88.56999487636875
302,S6,19,75.15121900097877
303,S6,19,131.47094853071331
304,S6,19,58.12939209601269
305,S6,19,59.47132611857319
306,S6,19,111.33090224905786
307,S6,19,97.79780585512378
308,S6,19,120.09259969800587
309,S6,19,118.86081592847037
310,S6,19,154.0238679433033
311,S6,19,0.0
312,S6,19,0.0
313,S6,19,203.1406074182521
314,S6,19,152.15674196049162
315,S6,19,279.5782338485221
316,S6,19,83.17476056299935
317,S6,19,0.0
318,S6,19,315.0765831373371
319,S6,19,136.26200529575786
320,S6,19,85.09126005355792
321,S6,19,0.0
322,S6,19,0.0
323,S6,19,0.0
324,S6,19,0.0
325,S6,19,0.0
101,S6,20,76.2883151516648
102,S6,20,71.13189116926772
103,S6,20,133.9666079131986
104,S6,20,57.18891320699279
105,S6,20,59.851237947043956
106,S6,20,111.59195737430565
107,S6,20,106.72507242301936
108,S6,20,154.29961397068234
109,S6,20,143.5593619494944
110,S6,20,188.02254037537566
111,S6,20,0.0
112,S6,20,0.0
113,S6,20,218.29295346768734
114,S6,20,182.40531333505038
115,S6,20,313.24434210828304
116,S6,20,87.0436326739914
117,S6,20,0.0
118,S6,20,267.5648217739882
119,S6,20,153.90476381480028
120,S6,20,106.54048754855529
121,S6,20,0.0
122,S6,20,0.0
123,S6,20,0.0
124,S6,20,0.0
201,S6,20,100.17690854864524
202,S6,20,93.27311250467463
203,S6,20,181.76434542162644
204,S6,20,73.83273266538801
205,S6,20,68.68319564553958
206,S6,20,126.2434459793349
207,S6,20,115.18270163513048
208,S6,20,170.95725161187715
209,S6,20,160.17837732917587
210,S6,20,207.70516338328702
211,S6,20,0.0
212,S6,20,0.0
213,S6,20,245.42097944680197
214,S6,20,212.42270416005812
215,S6,20,302.1720750919401
216,S6,20,97.95577905421347
217,S6,20,0.0
218,S6,20,375.12068489796394
219,S6,20,192.5367529608557
220,S6,20,125.03414098029714
221,S6,20,0.0
222,S6,20,0.0
223,S6,20,0.0
224,S6,20,0.0
301,S6,20,85.00894927304485
302,S6,20,74.02895222242022
303,S6,20,125.57046517427294
304,S6,20,56.60735448562196
305,S6,20,57.71393005110947
306,S6,20,106.04745675156468
307,S6,20,102.44193474617794
308,S6,20,109.72034363424058
309,S6,20,117.28692980965852
310,S6,20,147.432030322117
311,S6,20,0.0
312,S6,20,0.0
313,S6,20,195.06054878234417
314,S6,20,151.8455712168607
315,S6,20,283.0629029723596
316,S6,20,74.87394992710162
317,S6,20,0.0
318,S6,20,277.7451371712524
319,S6,20,133.30571829261024
320,S6,20,84.11873148558956
321,S6,20,0.0
322,S6,20,0.0
323,S6,20,0.0
324,S6,20,0.0
325,S6,20,0.0
101,S6,21,78.87345230444032
102,S6,21,71.17554034950523
103,S6,21,126.66720374974439
104,S6,21,54.56906586916104
105,S6,21,57.74303460020578
106,S6,21,111.41034964851296
107,S6,21,106.9939675665704
108,S6,21,149.08908156788596
109,S6,21,146.15441499509967
110,S6,21,180.94686213092695
111,S6,21,0.0
112,S6,21,0.0
113,S6,21,207.9352067107862
114,S6,21,189.476370036207
115,S6,21,289.22777496084177
116,S6,21,82.47175414936564
117,S6,21,0.0
118,S6,21,261.60371301543637
119,S6,21,141.3729776813666
120,S6,21,108.62456500337679
121,S6,21,0.0
122,S6,21,0.0
123,S6,21,0.0
124,S6,21,0.0
201,S6,21,101.99019047107171
202,S6,21,89.4792489965908
203,S6,21,158.24150763890705
204,S6,21,65.65226249644542
205,S6,21,65.02534586573412
206,S6,21,120.80354029146757
207,S6,21,116.5583825831101
208,S6,21,154.5984293579177
209,S6,21,159.42945578188258
210,S6,21,201.5801205865071
211,S6,21,0.0
212,S6,21,0.0
213,S6,21,233.26896597348315
214,S6,21,196.12355511314254
215,S6,21,268.34131966418033
216,S6,21,91.62054994198475
217,S6,21,0.0
218,S6,21,335.79513847664174
219,S6,21,187.8642037937937
220,S6,21,111.44732635589251
221,S6,21,0.0
222,S6,21,0.0
223,S6,21,0.0
224,S6,21,0.0
301,S6,21,80.81324959948206
302,S6,21,72.56212491706741
303,S6,21,112.83391676563647
304,S6,21,54.46976221671975
305,S6,21,54.7356800182823
306,S6,21,100.23294835034314
307,S6,21,98.05252616595405
308,S6,21,116.73420776819847
309,S6,21,117.46454102156616
310,S6,21,143.79171282376637
311,S6,21,0.0
312,S6,21,0.0
313,S6,21,183.42196227609062
314,S6,21,146.66121862606616
315,S6,21,259.43780206958746
316,S6,21,72.29044674792998
317,S6,21,0.0
318,S6,21,284.5739201250863
319,S6,21,134.00655324819203
320,S6,21,84.96112367758423
321,S6,21,0.0
322,S6,21,0.0
323,S6,21,0.0
324,S6,21,0.0
325,S6,21,0.0
101,S6,22,69.0809411951264
102,S6,22,66.98341730203194
103,S6,22,119.10532983208249
104,S6,22,50.643635329793966
105,S6,22,52.51869058700522
106,S6,22,107.02075000806718
107,S6,22,98.27553333947787
108,S6,22,138.5848027084495
109,S6,22,141.2320563267576
110,S6,22,176.75210857736695
111,S6,22,0.0
112,S6,22,0.0
113,S6,22,201.74881794139756
114,S6,22,166.25289918744193
115,S6,22,282.6122875889482
116,S6,22,74.25107033049143
117,S6,22,0.0
118,S6,22,251.3878790838163
119,S6,22,132.21509139594858
120,S6,22,97.65586534554812
121,S6,22,0.0
122,S6,22,0.0
123,S6,22,0.0
124,S6,22,0.0
201,S6,22,96.49801991675919
202,S6,22,84.026904142589
203,S6,22,152.74984237643088
204,S6,22,64.22026603039721
205,S6,22,63.770235292651996
206,S6,22,118.01335006074864
207,S6,22,108.89839221856018
208,S6,22,147.7974764199341
209,S6,22,143.22353623192802
210,S6,22,191.69420476805257
211,S6,22,0.0
212,S6,22,0.0
213,S6,22,220.53757477708223
214,S6,22,192.9175647670642
215,S6,22,251.16857104065403
216,S6,22,84.70056037724787
217,S6,22,0.0
218,S6,22,323.37659212967225
219,S6,22,174.82515344930167
220,S6,22,110.90343805562095
221,S6,22,0.0
222,S6,22,0.0
223,S6,22,0.0
224,S6,22,0.0
301,S6,22,77.47479409185058
302,S6,22,64.38782743407525
303,S6,22,107.41938168903349
304,S6,22,49.7225750578103
305,S6,22,49.76826557284974
306,S6,22,92.66128854198303
307,S6,22,91.51171289633584
308,S6,22,100.07101136402316
309,S6,22,102.61799337425525
310,S6,22,124.81488269365569
311,S6,22,0.0
312,S6,22,0.0
313,S6,22,175.1146839060451
314,S6,22,135.56110945127523
315,S6,22,253.8299306026124
316,S6,22,70.26748625106104
317,S6,22,0.0
318,S6,22,247.84433580159393
319,S6,22,117.25570116350313
320,S6,22,79.07333467595411
321,S6,22,0.0
322,S6,22,0.0
323,S6,22,0.0
324,S6,22,0.0
325,S6,22,0.0
101,S6,23,65.44676389477623
102,S6,23,56.85448038872313
103,S6,23,112.35833354916777
104,S6,23,46.98958664611212
105,S6,23,52.640216706667054
106,S6,23,99.30260729613288
107,S6,23,91.3516579380449
108,S6,23,121.76970368858966
109,S6,23,122.6849656584793
110,S6,23,160.35309586030382
111,S6,23,0.0
112,S6,23,0.0
113,S6,23,181.63884716077771
114,S6,23,151.12623772710327
115,S6,23,256.90097710119136
116,S6,23,70.17254280588563
117,S6,23,0.0
118,S6,23,220.2735404268848
119,S6,23,125.87324889652683
120,S6,23,87.65264660536327
121,S6,23,0.0
122,S6,23,0.0
123,S6,23,0.0
124,S6,23,0.0
201,S6,23,82.48076410443576
202,S6,23,73.96257690159838
203,S6,23,138.61827739952454
204,S6,23,58.784491448155606
205,S6,23,58.192646992003525
206,S6,23,110.52711400802654
207,S6,23,103.38419460837498
208,S6,23,140.27250975672763
209,S6,23,132.67254800086883
210,S6,23,181.4041651129359
211,S6,23,0.0
212,S6,23,0.0
213,S6,23,200.50719960533894
214,S6,23,172.39224162964294
215,S6,23,250.25432476246525
216,S6,23,76.43410458814532
217,S6,23,0.0
218,S6,23,290.27318099787476
219,S6,23,155.68358316766543
220,S6,23,101.20009047658996
221,S6,23,0.0
222,S6,23,0.0
223,S6,23,0.0
224,S6,23,0.0
301,S6,23,71.27338317563232
302,S6,23,63.914250228312945
303,S6,23,96.07889447974574
304,S6,23,46.03583446596888
305,S6,23,43.4552798886315
306,S6,23,84.35428957077191
307,S6,23,78.98189570202044
308,S6,23,91.36075251930234
309,S6,23,93.75416355306785
310,S6,23,124.18293016188197
311,S6,23,0.0
312,S6,23,0.0
313,S6,23,156.0424996395909
314,S6,23,123.2235502089595
315,S6,23,232.89048244761076
316,S6,23,63.375967988067934
317,S6,23,0.0
318,S6,23,231.43149442033337
319,S6,23,115.23659242602515
320,S6,23,66.094557200203
321,S6,23,0.0
322,S6,23,0.0
323,S6,23,0.0
324,S6,23,0.0
325,S6,23,0.0
101,S6,24,64.89762948244908
102,S6,24,55.576344031480204
103,S6,24,108.34258278144813
104,S6,24,43.39093606738375
105,S6,24,49.04720773248362
106,S6,24,92.68537589103481
107,S6,24,85.17641530556735
108,S6,24,113.67180529560817
109,S6,24,120.00352280787467
110,S6,24,140.23996832957556
111,S6,24,0.0
112,S6,24,0.0
113,S6,24,165.3566374820501
114,S6,24,145.07233986280406
115,S6,24,237.44783787009848
116,S6,24,70.38330892692017
117,S6,24,0.0
118,S6,24,224.36695644892447
119,S6,24,114.31381426434402
120,S6,24,85.84455554972891
121,S6,24,0.0
122,S6,24,0.0
123,S6,24,0.0
124,S6,24,0.0
201,S6,24,76.17294364440652
202,S6,24,70.36673998628487
203,S6,24,127.65613744574101
204,S6,24,55.42967853093522
205,S6,24,50.121967501273446
206,S6,24,100.86627802279465
207,S6,24,95.46941150150145
208,S6,24,126.3789352927086
209,S6,24,133.77922059080905
210,S6,24,161.5607812518884
211,S6,24,0.0
212,S6,24,0.0
213,S6,24,188.04802340017454
214,S6,24,154.99408357552971
215,S6,24,217.43947985835604
216,S6,24,73.9315234955095
217,S6,24,0.0
218,S6,24,263.5406038875101
219,S6,24,147.39897162459258
220,S6,24,98.65166926678403
221,S6,24,0.0
222,S6,24,0.0
223,S6,24,0.0
224,S6,24,0.0
301,S6,24,59.811678180136546
302,S6,24,53.986150094796635
303,S6,24,87.99001553535166
304,S6,24,42.63822564764603
305,S6,24,40.87394819034757
306,S6,24,78.37692338250534
307,S6,24,68.54390850192466
308,S6,24,86.8780442681193
309,S6,24,85.19426435206621
310,S6,24,109.5980332946417
311,S6,24,0.0
312,S6,24,0.0
313,S6,24,152.92754252096634
314,S6,24,106.13866572978392
315,S6,24,209.80125452938202
316,S6,24,55.408498197579576
317,S6,24,0.0
318,S6,24,211.39747808547122
319,S6,24,103.30665649364627
320,S6,24,63.91924643621547
321,S6,24,0.0
322,S6,24,0.0
323,S6,24,0.0
324,S6,24,0.0
325,S6,24,0.0
101,S7,1,34.86612435563639
102,S7,1,29.539773394147815
103,S7,1,57.657128696379445
104,S7,1,22.54383498056049
105,S7,1,26.069460860172335
106,S7,1,48.4075968786673
107,S7,1,47.98717463390282
108,S7,1,61.17062766258431
109,S7,1,63.51788768714157
110,S7,1,79.31655907719133
111,S7,1,0.0
112,S7,1,0.0
113,S7,1,96.88036995402551
114,S7,1,80.09283496293558
115,S7,1,130.70836798664988
116,S7,1,36.223566743152105
117,S7,1,0.0
118,S7,1,120.07702410883324
119,S7,1,62.76323994835031
120,S7,1,46.32055793904617
121,S7,1,0.0
122,S7,1,0.0
123,S7,1,0.0
124,S7,1,0.0
201,S7,1,38.73193894017963
202,S7,1,34.657990052108254
203,S7,1,66.64357469518109
204,S7,1,28.603750658381177
205,S7,1,25.46519897598154
206,S7,1,48.71055635651315
207,S7,1,45.44050291220902
208,S7,1,64.47963160413323
209,S7,1,66.96839178894548
210,S7,1,79.47088978511637
211,S7,1,0.0
212,S7,1,0.0
213,S7,1,96.9838483567935
214,S7,1,81.70157643080458
215,S7,1,112.65577621136913
216,S7,1,37.258852262427396
217,S7,1,0.0
218,S7,1,132.67660268503036
219,S7,1,74.79450696519982
220,S7,1,46.13663143823038
221,S7,1,0.0
222,S7,1,0.0
223,S7,1,0.0
224,S7,1,0.0
301,S7,1,42.15089943358203
302,S7,1,36.12172134926488
303,S7,1,60.046753600949216
304,S7,1,30.151403914195598
305,S7,1,27.366876923894015
306,S7,1,50.83345498914832
307,S7,1,48.670067421845786
308,S7,1,58.01404223517908
309,S7,1,59.23321473786546
310,S7,1,71.09617848155477
311,S7,1,0.0
312,S7,1,0.0
313,S7,1,101.32126222803292
314,S7,1,69.57161482675501
315,S7,1,144.48924804901858
316,S7,1,37.97423657371458
317,S7,1,0.0
318,S7,1,150.93260956307066
319,S7,1,70.49945657476172
320,S7,1,42.258012756121936
321,S7,1,0.0
322,S7,1,0.0
323,S7,1,0.0
324,S7,1,0.0
325,S7,1,0.0
101,S7,2,34.117636291084885
102,S7,2,30.730061494904078
103,S7,2,53.1251795891704
104,S7,2,22.411707419262644
105,S7,2,24.36948968523758
106,S7,2,50.39534893781082
107,S7,2,46.03673546301941
108,S7,2,58.4508620249431
109,S7,2,61.667833160431464
110,S7,2,80.4783769439083
111,S7,2,0.0
112,S7,2,0.0
113,S7,2,92.75982909434335
114,S7,2,76.05442174237233
115,S7,2,129.63570012547513
116,S7,2,34.52529264338932
117,S7,2,0.0
118,S7,2,114.60998081786762
119,S7,2,61.59206566533195
120,S7,2,45.3433580478563
121,S7,2,0.0
122,S7,2,0.0
123,S7,2,0.0
124,S7,2,0.0
201,S7,2,38.360312374298886
202,S7,2,35.282623247194095
203,S7,2,64.45534441439764
204,S7,2,27.448124668872314
205,S7,2,26.259783669546746
206,S7,2,49.91251389642106
207,S7,2,44.38248376697193
208,S7,2,59.22913904815518
209,S7,2,63.47691927606877
210,S7,2,79.48659540233939
211,S7,2,0.0
212,S7,2,0.0
213,S7,2,90.48118480340162
214,S7,2,74.59811512643222
215,S7,2,106.73588253260591
216,S7,2,36.34367795741721
217,S7,2,0.0
218,S7,2,137.92756518806942
219,S7,2,73.29187980295622
220,S7,2,46.30839168283559
221,S7,2,0.0
222,S7,2,0.0
223,S7,2,0.0
224,S7,2,0.0
301,S7,2,41.525865280715834
302,S7,2,34.539591539637556
303,S7,2,60.33364021579589
304,S7,2,28.111348325628732
305,S7,2,25.734331539486426
306,S7,2,49.77860351977122
307,S7,2,46.67243214737999
308,S7,2,52.93428155634277
309,S7,2,54.803437021201574
310,S7,2,69.97089876318178
311,S7,2,0.0
312,S7,2,0.0
313,S7,2,95.53978491374797
314,S7,2,66.38746430513089
315,S7,2,131.705445981585
316,S7,2,38.51947196756541
317,S7,2,0.0
318,S7,2,138.42181156612037
319,S7,2,61.759001247536474
320,S7,2,42.27038829968498
321,S7,2,0.0
322,S7,2,0.0
323,S7,2,0.0
324,S7,2,0.0
325,S7,2,0.0
101,S7,3,33.22915568286546
102,S7,3,27.418546868510354
103,S7,3,52.73630129873306
104,S7,3,21.77665919141919
105,S7,3,24.534213124183317
106,S7,3,49.032883189802845
107,S7,3,41.731732137178746
108,S7,3,56.99727298464096
109,S7,3,58.45780602106341
110,S7,3,73.00292481185033
111,S7,3,0.0
112,S7,3,0.0
113,S7,3,92.36776427151943
114,S7,3,74.24255363613776
115,S7,3,125.18966710518939
116,S7,3,34.97784232298808
117,S7,3,0.0
118,S7,3,106.91838394359215
119,S7,3,59.283547370057384
120,S7,3,45.347980750013406
121,S7,3,0.0
122,S7,3,0.0
123,S7,3,0.0
124,S7,3,0.0
201,S7,3,37.63603659386426
202,S7,3,33.46159554983047
203,S7,3,63.45267945745279
204,S7,3,25.71480185571191
205,S7,3,24.49081657527858
206,S7,3,46.57676499285976
207,S7,3,42.256994652273086
208,S7,3,60.50487147331138
209,S7,3,58.194815706816726
210,S7,3,72.20457736735028
211,S7,3,0.0
212,S7,3,0.0
213,S7,3,91.17920959785414
214,S7,3,71.53716171339313
215,S7,3,106.69233734028253
216,S7,3,34.72218448063523
217,S7,3,0.0
218,S7,3,130.9490947972944
219,S7,3,67.23946355985618
220,S7,3,45.95194487457733
221,S7,3,0.0
222,S7,3,0.0
223,S7,3,0.0
224,S7,3,0.0
301,S7,3,38.885782613383604
302,S7,3,33.284645376167234
303,S7,3,53.22850730674277
304,S7,3,27.469032718298042
305,S7,3,25.02374869740978
306,S7,3,48.53314534890455
307,S7,3,44.806513436529336
308,S7,3,52.605937533300875
309,S7,3,53.890439459629185
310,S7,3,68.8733983640371
311,S7,3,0.0
312,S7,3,0.0
313,S7,3,91.1269559877324
314,S7,3,65.03015810249019
315,S7,3,133.17350408695404
316,S7,3,37.6795478102154
317,S7,3,0.0
318,S7,3,129.08224195391546
319,S7,3,64.23711077767189
320,S7,3,37.73548706282359
321,S7,3,0.0
322,S7,3,0.0
323,S7,3,0.0
324,S7,3,0.0
325,S7,3,0.0
101,S7,4,30.22201887608125
102,S7,4,27.33910758428569
103,S7,4,52.83184076644686
104,S7,4,21.322601754576628
105,S7,4,23.79813848140286
106,S7,4,45.305023286868554
107,S7,4,42.61750265975772
108,S7,4,57.668820502484
109,S7,4,59.11930293828849
110,S7,4,73.27198210081579
111,S7,4,0.0
112,S7,4,0.0
113,S7,4,88.60549714218223
114,S7,4,72.09858501367985
115,S7,4,118.53631843422772
116,S7,4,33.980158023979946
117,S7,4,0.0
118,S7,4,108.6119897502076
119,S7,4,62.19022481465913
120,S7,4,41.92490221431376
121,S7,4,0.0
122,S7,4,0.0
123,S7,4,0.0
124,S7,4,0.0
201,S7,4,37.89565994619978
202,S7,4,31.55125305297745
203,S7,4,60.196984292586436
204,S7,4,25.85037873527817
205,S7,4,25.196427937827405
206,S7,4,46.48657849594489
207,S7,4,43.363457696848336
208,S7,4,56.74294924352567
209,S7,4,58.11409247295196
210,S7,4,73.06959257420675
211,S7,4,0.0
212,S7,4,0.0
213,S7,4,87.72007515228316
214,S7,4,76.58424407025764
215,S7,4,100.5250737914201
216,S7,4,33.71896184185013
217,S7,4,0.0
218,S7,4,123.18704365465119
219,S7,4,66.45329719588261
220,S7,4,41.41751482241521
221,S7,4,0.0
222,S7,4,0.0
223,S7,4,0.0
224,S7,4,0.0
301,S7,4,36.72807368220505
302,S7,4,35.08833806000129
303,S7,4,56.8706776068403
304,S7,4,26.597099745353177
305,S7,4,24.33066346922593
306,S7,4,47.20818483583183
307,S7,4,43.899031903125966
308,S7,4,53.5264687320872
309,S7,4,55.28728168361199
310,S7,4,66.89945607900171
311,S7,4,0.0
312,S7,4,0.0
313,S7,4,95.3308620434256
314,S7,4,67.14903265732207
315,S7,4,122.10898569081957
316,S7,4,34.764013838411735
317,S7,4,0.0
318,S7,4,137.9523245852046
319,S7,4,60.04433173812159
320,S7,4,38.7738140789028
321,S7,4,0.0
322,S7,4,0.0
323,S7,4,0.0
324,S7,4,0.0
325,S7,4,0.0
101,S7,5,30.55279883943222
102,S7,5,28.888852911000438
103,S7,5,53.42659440201969
104,S7,5,22.40823450974046
105,S7,5,24.58088177737097
106,S7,5,48.737490314122134
107,S7,5,42.943025752317254
108,S7,5,58.24065589382851
109,S7,5,59.441516178256144
110,S7,5,77.54109626179323
111,S7,5,0.0
112,S7,5,0.0
113,S7,5,90.37788093171218
114,S7,5,77.37859274039936
115,S7,5,115.48148071878124
116,S7,5,34.697374122466634
117,S7,5,0.0
118,S7,5,106.36381004708225
119,S7,5,60.88949588262593
120,S7,5,44.95005460403654
121,S7,5,0.0
122,S7,5,0.0
123,S7,5,0.0
124,S7,5,0.0
201,S7,5,35.1991487941205
202,S7,5,31.952616772090003
203,S7,5,63.62615266806997
204,S7,5,24.54803833384657
205,S7,5,22.945138661298
206,S7,5,44.373538605155005
207,S7,5,42.884403126450934
208,S7,5,59.93434380793289
209,S7,5,61.6533123215986
210,S7,5,73.28116145695654
211,S7,5,0.0
212,S7,5,0.0
213,S7,5,91.00819654768038
214,S7,5,71.01830342167716
215,S7,5,102.75005453544317
216,S7,5,32.79141149735546
217,S7,5,0.0
218,S7,5,124.89635535913872
219,S7,5,68.74250486555347
220,S7,5,41.96699870892959
221,S7,5,0.0
222,S7,5,0.0
223,S7,5,0.0
224,S7,5,0.0
301,S7,5,37.46214294975821
302,S7,5,35.00801601796578
303,S7,5,55.67622192205192
304,S7,5,26.06857991321186
305,S7,5,25.1343256501802
306,S7,5,50.100102316612826
307,S7,5,46.02827369979115
308,S7,5,51.37066363496555
309,S7,5,55.28157419933597
310,S7,5,64.68954048697434
311,S7,5,0.0
312,S7,5,0.0
313,S7,5,89.86897775022894
314,S7,5,67.47814539626597
315,S7,5,128.7600842334334
316,S7,5,34.63259520036692
317,S7,5,0.0
318,S7,5,136.20450744593018
319,S7,5,62.08635555839386
320,S7,5,40.25309991122987
321,S7,5,0.0
322,S7,5,0.0
323,S7,5,0.0
324,S7,5,0.0
325,S7,5,0.0
101,S7,6,29.958569391675077
102,S7,6,28.892921548422585
103,S7,6,49.384418734960846
104,S7,6,20.624449526366963
105,S7,6,23.732298347135295
106,S7,6,44.020491343145025
107,S7,6,42.33985544693257
108,S7,6,59.37260757377048
109,S7,6,60.00071100658589
110,S7,6,75.10375682467458
111,S7,6,0.0
112,S7,6,0.0
113,S7,6,82.95444218708573
114,S7,6,74.33753236332495
115,S7,6,120.07950493077033
116,S7,6,32.78189568992515
117,S7,6,0.0
118,S7,6,103.48141884707954
119,S7,6,58.31568585383032
120,S7,6,42.15797290365605
121,S7,6,0.0
122,S7,6,0.0
123,S7,6,0.0
124,S7,6,0.0
201,S7,6,34.01110175261961
202,S7,6,31.385713021799532
203,S7,6,58.60160924889511
204,S7,6,23.67322257796647
205,S7,6,23.48464250515751
206,S7,6,46.06461937568324
207,S7,6,40.396565016771106
208,S7,6,56.79909649146864
209,S7,6,55.916867621233706
210,S7,6,71.03616045029027
211,S7,6,0.0
212,S7,6,0.0
213,S7,6,84.80868831606348
214,S7,6,70.62500845793512
215,S7,6,105.33235093558552
216,S7,6,31.79219523019275
217,S7,6,0.0
218,S7,6,119.73091436645593
219,S7,6,63.88669658766868
220,S7,6,41.64718539522226
221,S7,6,0.0
222,S7,6,0.0
223,S7,6,0.0
224,S7,6,0.0
301,S7,6,38.82871419014236
302,S7,6,36.43352960142167
303,S7,6,57.42453448441174
304,S7,6,26.993126685743302
305,S7,6,24.6787801188287
306,S7,6,49.89890341438568
307,S7,6,45.87489452494486
308,S7,6,50.933190629264175
309,S7,6,54.291569434137294
310,S7,6,68.225876048288
311,S7,6,0.0
312,S7,6,0.0
313,S7,6,88.44594898060349
314,S7,6,67.37490022772894
315,S7,6,127.99580413011137
316,S7,6,34.801415244827815
317,S7,6,0.0
318,S7,6,129.02297418184654
319,S7,6,63.00758517772715
320,S7,6,38.845228171396464
321,S7,6,0.0
322,S7,6,0.0
323,S7,6,0.0
324,S7,6,0.0
325,S7,6,0.0
101,S7,7,33.58342678397642
102,S7,7,29.373166725921514
103,S7,7,56.691604298613385
104,S7,7,23.118662575227322
105,S7,7,25.389596468870465
106,S7,7,49.0805509419245
107,S7,7,44.319208470772125
108,S7,7,59.38854072281864
109,S7,7,60.32340252998231
110,S7,7,76.75863699075026
111,S7,7,0.0
112,S7,7,0.0
113,S7,7,92.00433137439471
114,S7,7,79.03700308274338
115,S7,7,121.15478389693845
116,S7,7,35.3438771094893
117,S7,7,0.0
118,S7,7,111.75673332265637
119,S7,7,61.47148148395725
120,S7,7,44.9903181386699
121,S7,7,0.0
122,S7,7,0.0
123,S7,7,0.0
124,S7,7,0.0
201,S7,7,35.07763623581607
202,S7,7,33.604182527361885
203,S7,7,59.78854405645732
204,S7,7,25.782579895583495
205,S7,7,23.77661972237201
206,S7,7,46.20687729386449
207,S7,7,42.91301889767556
208,S7,7,55.83565723705956
209,S7,7,60.16845979529115
210,S7,7,73.45832580328397
211,S7,7,0.0
212,S7,7,0.0
213,S7,7,88.48483377788686
214,S7,7,72.34600361140124
215,S7,7,100.67719266754301
216,S7,7,32.885745705874086
217,S7,7,0.0
218,S7,7,119.54393367936625
219,S7,7,64.10368461104188
220,S7,7,41.87263241229189
221,S7,7,0.0
222,S7,7,0.0
223,S7,7,0.0
224,S7,7,0.0
301,S7,7,41.044028309827965
302,S7,7,35.892105506810985
303,S7,7,55.28169695333679
304,S7,7,26.44380472594682
305,S7,7,25.270612590653997
306,S7,7,47.91916047731579
307,S7,7,44.24833548359894
308,S7,7,56.86095467305091
309,S7,7,57.68981335020255
310,S7,7,70.29557183113552
311,S7,7,0.0
312,S7,7,0.0
313,S7,7,97.58560936815911
314,S7,7,72.13370021000799
315,S7,7,132.23455363870008
316,S7,7,35.61830106588404
317,S7,7,0.0
318,S7,7,135.24629923593432
319,S7,7,65.20426671181824
320,S7,7,41.30261497582741
321,S7,7,0.0
322,S7,7,0.0
323,S7,7,0.0
324,S7,7,0.0
325,S7,7,0.0
101,S7,8,36.77068770209103
102,S7,8,32.83590097625291
103,S7,8,61.54872484491937
104,S7,8,25.706950676342625
105,S7,8,29.435744487755578
106,S7,8,52.41067603369088
107,S7,8,51.83949071900208
108,S7,8,66.42747148665221
109,S7,8,69.74644998869537
110,S7,8,85.22603707690547
111,S7,8,0.0
112,S7,8,0.0
113,S7,8,96.5383735054701
114,S7,8,88.4781380952807
115,S7,8,135.08582453158894
116,S7,8,41.298628686896805
117,S7,8,0.0
118,S7,8,132.624139315946
119,S7,8,68.70613253761344
120,S7,8,48.360601337596144
121,S7,8,0.0
122,S7,8,0.0
123,S7,8,0.0
124,S7,8,0.0
201,S7,8,37.90965381464711
202,S7,8,34.270796018872026
203,S7,8,61.79522554627378
204,S7,8,26.09874622992996
205,S7,8,24.719235301429535
206,S7,8,46.68087691922224
207,S7,8,43.619254389941716
208,S7,8,64.61254590558306
209,S7,8,60.59901655348925
210,S7,8,81.05655895350864
211,S7,8,0.0
212,S7,8,0.0
213,S7,8,94.58978104614809
214,S7,8,76.21260764812517
215,S7,8,114.43244736467307
216,S7,8,37.34622236307292
217,S7,8,0.0
218,S7,8,137.30828169957266
219,S7,8,71.2869863333046
220,S7,8,45.85480707494503
221,S7,8,0.0
222,S7,8,0.0
223,S7,8,0.0
224,S7,8,0.0
301,S7,8,44.594796890505755
302,S7,8,37.407105654949525
303,S7,8,60.36380724585879
304,S7,8,29.38951495780451
305,S7,8,29.24149850651184
306,S7,8,55.58607562521699
307,S7,8,51.00422677775437
308,S7,8,59.55802334743893
309,S7,8,57.42701458603851
310,S7,8,72.6846105828317
311,S7,8,0.0
312,S7,8,0.0
313,S7,8,103.74635228884898
314,S7,8,72.48839318833934
315,S7,8,142.5492591902957
316,S7,8,39.09045529062519
317,S7,8,0.0
318,S7,8,144.68203257627465
319,S7,8,72.23972777881734
320,S7,8,43.26501221779396
321,S7,8,0.0
322,S7,8,0.0
323,S7,8,0.0
324,S7,8,0.0
325,S7,8,0.0
101,S7,9,40.55798051199331
102,S7,9,35.55300978831725
103,S7,9,64.18686058877022
104,S7,9,27.122448075079316
105,S7,9,29.54287636743347
106,S7,9,56.12053858602555
107,S7,9,54.95389000635642
108,S7,9,72.95956193931242
109,S7,9,73.42739026110104
110,S7,9,96.16957036079754
111,S7,9,0.0
112,S7,9,0.0
113,S7,9,113.9211980189266
114,S7,9,95.83652056721509
115,S7,9,155.77996079875578
116,S7,9,43.99056115722696
117,S7,9,0.0
118,S7,9,136.86802673570327
119,S7,9,77.25078667542299
120,S7,9,56.78075589494776
121,S7,9,0.0
122,S7,9,0.0
123,S7,9,0.0
124,S7,9,0.0
201,S7,9,41.073817091578974
202,S7,9,38.65397033460458
203,S7,9,67.07793624535097
204,S7,9,29.079509086102235
205,S7,9,27.974423781515387
206,S7,9,55.68189171908029
207,S7,9,48.253424866232315
208,S7,9,69.31224310650198
209,S7,9,67.85915160907106
210,S7,9,86.98375344440332
211,S7,9,0.0
212,S7,9,0.0
213,S7,9,94.65189209653599
214,S7,9,88.18516774037994
215,S7,9,120.20930575854823
216,S7,9,40.13727651191597
217,S7,9,0.0
218,S7,9,144.67631426312343
219,S7,9,80.08300846775711
220,S7,9,48.929490639809806
221,S7,9,0.0
222,S7,9,0.0
223,S7,9,0.0
224,S7,9,0.0
301,S7,9,48.35029768238135
302,S7,9,41.74442799769602
303,S7,9,67.48263587958543
304,S7,9,32.741732215418004
305,S7,9,29.80705466967293
306,S7,9,62.49816284573975
307,S7,9,56.868117436179126
308,S7,9,64.35082232812759
309,S7,9,63.96066132100337
310,S7,9,85.12629363662873
311,S7,9,0.0
312,S7,9,0.0
313,S7,9,111.23690510146143
314,S7,9,82.71068185115946
315,S7,9,149.90972931548228
316,S7,9,46.0029007107167
317,S7,9,0.0
318,S7,9,165.50003081638084
319,S7,9,75.03809367395075
320,S7,9,50.79707123736529
321,S7,9,0.0
322,S7,9,0.0
323,S7,9,0.0
324,S7,9,0.0
325,S7,9,0.0
101,S7,10,43.307064984928566
102,S7,10,41.09300962930168
103,S7,10,73.09839346184559
104,S7,10,30.026969763221857
105,S7,10,35.26282663402005
106,S7,10,66.22769204443466
107,S7,10,58.07100350454063
108,S7,10,77.13250791316791
109,S7,10,85.34078260734583
110,S7,10,103.11970070502507
111,S7,10,0.0
112,S7,10,0.0
113,S7,10,115.16415960746993
114,S7,10,107.87731299357118
115,S7,10,162.18815842868304
116,S7,10,47.85528418754904
117,S7,10,0.0
118,S7,10,148.18519980518394
119,S7,10,80.49870920580292
120,S7,10,58.369416441376266
121,S7,10,0.0
122,S7,10,0.0
123,S7,10,0.0
124,S7,10,0.0
201,S7,10,44.82346105563955
202,S7,10,38.87541086182193
203,S7,10,74.09036503353106
204,S7,10,30.60075622772993
205,S7,10,28.22979096866353
206,S7,10,57.249941927283764
207,S7,10,50.14779271902843
208,S7,10,68.98212292533772
209,S7,10,70.33883340559213
210,S7,10,85.33457393238264
211,S7,10,0.0
212,S7,10,0.0
213,S7,10,102.38358030811709
214,S7,10,90.16490753617086
215,S7,10,124.87111152968664
216,S7,10,39.036231819975356
217,S7,10,0.0
218,S7,10,145.37681493533947
219,S7,10,78.96623810688692
220,S7,10,50.11672815738275
221,S7,10,0.0
222,S7,10,0.0
223,S7,10,0.0
224,S7,10,0.0
301,S7,10,52.76281258007527
302,S7,10,45.135125422962524
303,S7,10,69.3070773052132
304,S7,10,34.05939589344044
305,S7,10,34.74673341207822
306,S7,10,63.892181046110835
307,S7,10,59.73600967230508
308,S7,10,66.09115672976615
309,S7,10,71.12146068003928
310,S7,10,86.44755182269031
311,S7,10,0.0
312,S7,10,0.0
313,S7,10,114.61508382720417
314,S7,10,85.58650124276227
315,S7,10,163.07920225103163
316,S7,10,48.411082745807136
317,S7,10,0.0
318,S7,10,179.62836143595106
319,S7,10,85.21511109791126
320,S7,10,50.42908451449955
321,S7,10,0.0
322,S7,10,0.0
323,S7,10,0.0
324,S7,10,0.0
325,S7,10,0.0
101,S7,11,48.00948852843525
102,S7,11,44.30213309978048
103,S7,11,75.7109383803294
104,S7,11,32.11708602709493
105,S7,11,34.77041674805808
106,S7,11,70.41989593967756
107,S7,11,61.19584004915498
108,S7,11,83.54136026093354
109,S7,11,92.67833481377383
110,S7,11,109.24739773831702
111,S7,11,0.0
112,S7,11,0.0
113,S7,11,133.2055741581165
114,S7,11,110.8051251352437
115,S7,11,187.41277432183836
116,S7,11,50.621606565434654
117,S7,11,0.0
118,S7,11,162.58670508344127
119,S7,11,85.00015613611313
120,S7,11,66.52839809330321
121,S7,11,0.0
122,S7,11,0.0
123,S7,11,0.0
124,S7,11,0.0
201,S7,11,43.79889592940303
202,S7,11,40.34474320170835
203,S7,11,77.18200456603472
204,S7,11,29.842367910057025
205,S7,11,29.933917191186485
206,S7,11,60.012418069372885
207,S7,11,53.518964297017305
208,S7,11,71.33653283031798
209,S7,11,73.3162276034247
210,S7,11,93.8232070118952
211,S7,11,0.0
212,S7,11,0.0
213,S7,11,109.71726400916899
214,S7,11,90.21787418617131
215,S7,11,134.20908783197194
216,S7,11,40.24222792174205
217,S7,11,0.0
218,S7,11,153.28226751126093
219,S7,11,86.5651584303366
220,S7,11,52.92057263593633
221,S7,11,0.0
222,S7,11,0.0
223,S7,11,0.0
224,S7,11,0.0
301,S7,11,51.81961683125376
302,S7,11,48.089549407268024
303,S7,11,75.91796706178849
304,S7,11,35.644332645558386
305,S7,11,33.80974644912494
306,S7,11,65.71152553038942
307,S7,11,62.941385351321166
308,S7,11,72.13016824733093
309,S7,11,72.30439385672229
310,S7,11,92.59643853960048
311,S7,11,0.0
312,S7,11,0.0
313,S7,11,122.18646215504002
314,S7,11,91.95898678279113
315,S7,11,169.49825477643736
316,S7,11,51.87230827834053
317,S7,11,0.0
318,S7,11,193.5197573534016
319,S7,11,86.49819037048815
320,S7,11,52.48362766960195
321,S7,11,0.0
322,S7,11,0.0
323,S7,11,0.0
324,S7,11,0.0
325,S7,11,0.0
101,S7,12,50.55776811379286
102,S7,12,43.18354206547042
103,S7,12,81.13532731131578
104,S7,12,34.44655655646758
105,S7,12,40.1780535265658
106,S7,12,74.84230625301252
107,S7,12,69.65122672163653
108,S7,12,89.78377542844396
109,S7,12,99.05142444723373
110,S7,12,123.10777940593047
111,S7,12,0.0
112,S7,12,0.0
113,S7,12,143.4740784682399
114,S7,12,123.89767983605422
115,S7,12,190.1762053331578
116,S7,12,55.65892556406498
117,S7,12,0.0
118,S7,12,167.12670850288885
119,S7,12,91.68688101070575
120,S7,12,70.28113552871646
121,S7,12,0.0
122,S7,12,0.0
123,S7,12,0.0
124,S7,12,0.0
201,S7,12,48.42116360978438
202,S7,12,40.783049669799226
203,S7,12,76.9251686939506
204,S7,12,31.120936609061328
205,S7,12,31.22015252177071
206,S7,12,61.94197625920574
207,S7,12,54.698530558609136
208,S7,12,77.02201720504624
209,S7,12,73.37639155395743
210,S7,12,99.36921755649372
211,S7,12,0.0
212,S7,12,0.0
213,S7,12,117.34045279859184
214,S7,12,91.69515719487626
215,S7,12,128.07709242576655
216,S7,12,45.52243680839136
217,S7,12,0.0
218,S7,12,161.43675440348196
219,S7,12,85.33107416677217
220,S7,12,55.949656819156935
221,S7,12,0.0
222,S7,12,0.0
223,S7,12,0.0
224,S7,12,0.0
301,S7,12,54.97002771614937
302,S7,12,50.05287231536779
303,S7,12,78.66933187921414
304,S7,12,39.211257605246956
305,S7,12,35.9287122205108
306,S7,12,69.59942260150365
307,S7,12,63.16763202493507
308,S7,12,77.22948302345497
309,S7,12,81.08715866888221
310,S7,12,96.14074109784816
311,S7,12,0.0
312,S7,12,0.0
313,S7,12,128.05665007291307
314,S7,12,100.51749040857584
315,S7,12,191.55698031664227
316,S7,12,55.09506076563394
317,S7,12,0.0
318,S7,12,200.46511130734382
319,S7,12,95.71794492906719
320,S7,12,56.9196451099073
321,S7,12,0.0
322,S7,12,0.0
323,S7,12,0.0
324,S7,12,0.0
325,S7,12,0.0
101,S7,13,52.02793412894884
102,S7,13,46.291112063769866
103,S7,13,91.36138665993316
104,S7,13,38.03112774621417
105,S7,13,42.13749449890166
106,S7,13,80.18810909044817
107,S7,13,72.22639946453101
108,S7,13,98.1740014343429
109,S7,13,102.5905212336668
110,S7,13,121.57247587390414
111,S7,13,0.0
112,S7,13,0.0
113,S7,13,139.90606205290806
114,S7,13,121.72469136257583
115,S7,13,202.28707247728045
116,S7,13,56.29704759466607
117,S7,13,0.0
118,S7,13,193.66118988260376
119,S7,13,101.49058878635745
120,S7,13,73.3481023881805
121,S7,13,0.0
122,S7,13,0.0
123,S7,13,0.0
124,S7,13,0.0
201,S7,13,47.4720689623291
202,S7,13,42.97128130309105
203,S7,13,85.3207027563754
204,S7,13,33.26525154221266
205,S7,13,32.43806106399695
206,S7,13,63.630558421656126
207,S7,13,57.85534444022478
208,S7,13,76.85131129702631
209,S7,13,76.65906850612505
210,S7,13,98.7971703882941
211,S7,13,0.0
212,S7,13,0.0
213,S7,13,118.77543656200952
214,S7,13,98.75718458967012
215,S7,13,142.56753577783826
216,S7,13,47.793306576743255
217,S7,13,0.0
218,S7,13,179.09739044100039
219,S7,13,90.23460527014228
220,S7,13,60.1135636070217
221,S7,13,0.0
222,S7,13,0.0
223,S7,13,0.0
224,S7,13,0.0
301,S7,13,56.508169415589144
302,S7,13,52.68528173685684
303,S7,13,82.7929277100432
304,S7,13,42.32713521833479
305,S7,13,40.03109182930229
306,S7,13,73.07151260980682
307,S7,13,69.7034134570412
308,S7,13,84.75878243484087
309,S7,13,85.01208307670913
310,S7,13,103.23123509494714
311,S7,13,0.0
312,S7,13,0.0
313,S7,13,143.0898259458185
314,S7,13,104.7926855159511
315,S7,13,203.58481799411717
316,S7,13,56.22961705936876
317,S7,13,0.0
318,S7,13,197.1981427075837
319,S7,13,100.00594237113171
320,S7,13,62.16778547256841
321,S7,13,0.0
322,S7,13,0.0
323,S7,13,0.0
324,S7,13,0.0
325,S7,13,0.0
101,S7,14,54.089619046513135
102,S7,14,51.22987720878164
103,S7,14,94.65669150915858
104,S7,14,37.082293249261475
105,S7,14,41.781939586127486
106,S7,14,81.27813607108594
107,S7,14,76.47597600280432
108,S7,14,107.83608713746601
109,S7,14,107.79568718789663
110,S7,14,125.42862308028253
111,S7,14,0.0
112,S7,14,0.0
113,S7,14,159.96029826314128
114,S7,14,125.61280132671035
115,S7,14,205.1155980914615
116,S7,14,60.44499885998968
117,S7,14,0.0
118,S7,14,188.89466027027075
119,S7,14,102.06798450041327
120,S7,14,77.45182071747959
121,S7,14,0.0
122,S7,14,0.0
123,S7,14,0.0
124,S7,14,0.0
201,S7,14,51.17360621878099
202,S7,14,44.53723604749217
203,S7,14,88.04530645774531
204,S7,14,37.16583349207783
205,S7,14,34.69184359316484
206,S7,14,66.12604701188583
207,S7,14,60.42749066887473
208,S7,14,80.57612951467817
209,S7,14,82.03628580981697
210,S7,14,104.0455386500935
211,S7,14,0.0
212,S7,14,0.0
213,S7,14,117.1750311271938
214,S7,14,107.27075877292509
215,S7,14,140.4054433684596
216,S7,14,47.83157320618159
217,S7,14,0.0
218,S7,14,178.6660496696746
219,S7,14,94.62228575454205
220,S7,14,64.3471443910137
221,S7,14,0.0
222,S7,14,0.0
223,S7,14,0.0
224,S7,14,0.0
301,S7,14,63.16273156569039
302,S7,14,54.841117513517005
303,S7,14,87.27027037549742
304,S7,14,43.10344763459714
305,S7,14,42.66527145056171
306,S7,14,78.01195735521205
307,S7,14,70.22047534451474
308,S7,14,87.97836342656605
309,S7,14,90.16095405404053
310,S7,14,112.28396484386126
311,S7,14,0.0
312,S7,14,0.0
313,S7,14,152.5471537647516
314,S7,14,108.29148952753431
315,S7,14,196.92835953877602
316,S7,14,58.7853706076754
317,S7,14,0.0
318,S7,14,204.72488817896468
319,S7,14,103.35265672323882
320,S7,14,60.602993696431156
321,S7,14,0.0
322,S7,14,0.0
323,S7,14,0.0
324,S7,14,0.0
325,S7,14,0.0
101,S7,15,55.01787622107009
102,S7,15,53.33129513855921
103,S7,15,97.29704562203156
104,S7,15,39.69594384783441
105,S7,15,45.521387220392775
106,S7,15,86.89521741766406
107,S7,15,79.7079821290364
108,S7,15,111.26482276659259
109,S7,15,107.54223273714145
110,S7,15,133.0513429427454
111,S7,15,0.0
112,S7,15,0.0
113,S7,15,152.25671397071778
114,S7,15,131.62008801727572
115,S7,15,225.11099488077375
116,S7,15,64.22166882924186
117,S7,15,0.0
118,S7,15,196.273021165209
119,S7,15,113.25797487311235
120,S7,15,76.26054562311431
121,S7,15,0.0
122,S7,15,0.0
123,S7,15,0.0
124,S7,15,0.0
201,S7,15,52.139633590014235
202,S7,15,49.84366230878451
203,S7,15,94.16765004406241
204,S7,15,37.621137823029414
205,S7,15,35.20622991755374
206,S7,15,65.21169301519572
207,S7,15,64.50027362903445
208,S7,15,85.33006036939148
209,S7,15,88.85159427681624
210,S7,15,112.74098777756794
211,S7,15,0.0
212,S7,15,0.0
213,S7,15,129.17806499146232
214,S7,15,112.73214478234334
215,S7,15,146.98277875124714
216,S7,15,51.33440411101275
217,S7,15,0.0
218,S7,15,195.95681939504755
219,S7,15,100.5110061612061
220,S7,15,64.49140897866492
221,S7,15,0.0
222,S7,15,0.0
223,S7,15,0.0
224,S7,15,0.0
301,S7,15,64.20389885499928
302,S7,15,56.885174516903064
303,S7,15,96.5475541875901
304,S7,15,43.7566832970393
305,S7,15,41.001854222703024
306,S7,15,84.81454749885766
307,S7,15,74.52525778878181
308,S7,15,88.1870964577073
309,S7,15,87.31977534453851
310,S7,15,110.74740259796236
311,S7,15,0.0
312,S7,15,0.0
313,S7,15,159.17722228000608
314,S7,15,107.38319016536599
315,S7,15,216.16593540717778
316,S7,15,57.273156919557216
317,S7,15,0.0
318,S7,15,229.841019927811
319,S7,15,101.86017346540795
320,S7,15,67.7488441451062
321,S7,15,0.0
322,S7,15,0.0
323,S7,15,0.0
324,S7,15,0.0
325,S7,15,0.0
101,S7,16,60.69823167243996
102,S7,16,50.96581032617534
103,S7,16,97.63724828189385
104,S7,16,39.119874102227804
105,S7,16,44.40611725245527
106,S7,16,88.63958616201093
107,S7,16,78.38826530821211
108,S7,16,110.37389050951737
109,S7,16,108.51804395354448
110,S7,16,135.91422065543875
111,S7,16,0.0
112,S7,16,0.0
113,S7,16,165.49828971935275
114,S7,16,132.52761369293626
115,S7,16,231.28998705839922
116,S7,16,61.89884942580199
117,S7,16,0.0
118,S7,16,192.49884360725787
119,S7,16,107.57664526188833
120,S7,16,82.30188275378266
121,S7,16,0.0
122,S7,16,0.0
123,S7,16,0.0
124,S7,16,0.0
201,S7,16,53.348993228476395
202,S7,16,49.4870825966712
203,S7,16,88.11702889338802
204,S7,16,38.927381339014694
205,S7,16,35.63125493683882
206,S7,16,68.68956036567793
207,S7,16,67.32849436728125
208,S7,16,87.0829935469783
209,S7,16,90.26134984685397
210,S7,16,115.51087926203152
211,S7,16,0.0
212,S7,16,0.0
213,S7,16,133.64957619744172
214,S7,16,108.45011532568485
215,S7,16,161.80868667591886
216,S7,16,53.63749468040622
217,S7,16,0.0
218,S7,16,188.54745557247804
219,S7,16,100.07191578832871
220,S7,16,68.59991019678299
221,S7,16,0.0
222,S7,16,0.0
223,S7,16,0.0
224,S7,16,0.0
301,S7,16,61.94946761318211
302,S7,16,55.731760190826186
303,S7,16,90.28626289395599
304,S7,16,43.83500726186164
305,S7,16,44.6117019994232
306,S7,16,84.27355612273003
307,S7,16,78.02069956091081
308,S7,16,85.87031203147195
309,S7,16,89.94526944305798
310,S7,16,114.59237585988004
311,S7,16,0.0
312,S7,16,0.0
313,S7,16,154.7732942363358
314,S7,16,107.77684844354319
315,S7,16,202.6545807532369
316,S7,16,58.829960257459355
317,S7,16,0.0
318,S7,16,220.74031003256678
319,S7,16,101.1749443849544
320,S7,16,64.54109127307404
321,S7,16,0.0
322,S7,16,0.0
323,S7,16,0.0
324,S7,16,0.0
325,S7,16,0.0
101,S7,17,55.765231539575964
102,S7,17,52.4123047128172
103,S7,17,97.66463565443037
104,S7,17,40.9098259405422
105,S7,17,45.82565666997223
106,S7,17,81.91569457465359
107,S7,17,80.95303333071432
108,S7,17,107.77810912125905
109,S7,17,110.22507823442183
110,S7,17,138.5187998430674
111,S7,17,0.0
112,S7,17,0.0
113,S7,17,165.8808840535782
114,S7,17,140.3792481578378
115,S7,17,212.37275911982093
116,S7,17,62.88650245554077
117,S7,17,0.0
118,S7,17,206.7624224822367
119,S7,17,111.05790256808508
120,S7,17,81.34871088299703
121,S7,17,0.0
122,S7,17,0.0
123,S7,17,0.0
124,S7,17,0.0
201,S7,17,53.72718130354235
202,S7,17,49.135659767800234
203,S7,17,95.43465914491325
204,S7,17,37.19843588705873
205,S7,17,37.80586805586377
206,S7,17,66.96687672017912
207,S7,17,61.613545637388185
208,S7,17,90.95809494394481
209,S7,17,89.62787272182217
210,S7,17,109.11708799496951
211,S7,17,0.0
212,S7,17,0.0
213,S7,17,125.40455790445753
214,S7,17,109.20828545808662
215,S7,17,156.282070451977
216,S7,17,50.509434652656914
217,S7,17,0.0
218,S7,17,192.81594162793436
219,S7,17,108.21153805415236
220,S7,17,66.7369924067686
221,S7,17,0.0
222,S7,17,0.0
223,S7,17,0.0
224,S7,17,0.0
301,S7,17,61.725521736247686
302,S7,17,55.53648350388964
303,S7,17,89.23378864428597
304,S7,17,45.27966960968696
305,S7,17,44.045576179352345
306,S7,17,80.08921964015899
307,S7,17,76.39901954995196
308,S7,17,91.82528493330109
309,S7,17,88.13493810597156
310,S7,17,113.97251583993125
311,S7,17,0.0
312,S7,17,0.0
313,S7,17,151.71751441830293
314,S7,17,108.77707888999274
315,S7,17,206.22614884270584
316,S7,17,58.56822744975497
317,S7,17,0.0
318,S7,17,226.76207495007185
319,S7,17,101.01518014860116
320,S7,17,66.49015605368947
321,S7,17,0.0
322,S7,17,0.0
323,S7,17,0.0
324,S7,17,0.0
325,S7,17,0.0
101,S7,18,54.404415953663225
102,S7,18,47.99211046785508
103,S7,18,88.79832851029315
104,S7,18,37.557285114249744
105,S7,18,42.0636673154511
106,S7,18,84.44807241436584
107,S7,18,76.71013292130046
108,S7,18,98.48275702788698
109,S7,18,103.18749869665314
110,S7,18,129.1786000103869
111,S7,18,0.0
112,S7,18,0.0
113,S7,18,148.86720427877205
114,S7,18,134.01411996880097
115,S7,18,218.16197338012626
116,S7,18,58.23470655672211
117,S7,18,0.0
118,S7,18,192.10997347620057
119,S7,18,108.14166127130785
120,S7,18,79.88192989258627
121,S7,18,0.0
122,S7,18,0.0
123,S7,18,0.0
124,S7,18,0.0
201,S7,18,52.28080815061298
202,S7,18,47.952932893600405
203,S7,18,88.95155541640577
204,S7,18,36.505770072877965
205,S7,18,34.53691641106809
206,S7,18,65.61142822511056
207,S7,18,60.72375941969185
208,S7,18,88.97824394690596
209,S7,18,88.7630692028965
210,S7,18,109.1474230776803
211,S7,18,0.0
212,S7,18,0.0
213,S7,18,127.01652904224666
214,S7,18,111.08034728416213
215,S7,18,155.662251728838
216,S7,18,49.29883052292248
217,S7,18,0.0
218,S7,18,194.8544864494106
219,S7,18,105.23766904239628
220,S7,18,62.44864898666626
221,S7,18,0.0
222,S7,18,0.0
223,S7,18,0.0
224,S7,18,0.0
301,S7,18,64.2489362713291
302,S7,18,57.346778361321526
303,S7,18,86.5603348745881
304,S7,18,42.28112048700789
305,S7,18,41.10993196138217
306,S7,18,81.69906703712165
307,S7,18,75.0378272062437
308,S7,18,86.6314306361301
309,S7,18,86.02079538897483
310,S7,18,113.46197356354139
311,S7,18,0.0
312,S7,18,0.0
313,S7,18,150.26000921614718
314,S7,18,107.22746919471857
315,S7,18,199.8295431131198
316,S7,18,57.87078441814451
317,S7,18,0.0
318,S7,18,208.22441252109644
319,S7,18,100.4994746253588
320,S7,18,64.04865192599841
321,S7,18,0.0
322,S7,18,0.0
323,S7,18,0.0
324,S7,18,0.0
325,S7,18,0.0
101,S7,19,57.49149146184152
102,S7,19,49.14622090900548
103,S7,19,97.31994656613979
104,S7,19,39.76250697173408
105,S7,19,41.07770589296085
106,S7,19,81.56672679263312
107,S7,19,77.20613486287643
108,S7,19,102.02707293570336
109,S7,19,102.36159292828623
110,S7,19,132.95899752745117
111,S7,19,0.0
112,S7,19,0.0
113,S7,19,155.63760804945366
114,S7,19,136.12044362981723
115,S7,19,204.36799533252633
116,S7,19,59.121398796624355
117,S7,19,0.0
118,S7,19,183.82663936109478
119,S7,19,103.49637873402003
120,S7,19,75.19505955502149
121,S7,19,0.0
122,S7,19,0.0
123,S7,19,0.0
124,S7,19,0.0
201,S7,19,54.41724946040614
202,S7,19,52.07801630246424
203,S7,19,93.39976888910564
204,S7,19,39.36385457700957
205,S7,19,36.87476501817379
206,S7,19,74.4021758378548
207,S7,19,67.54786335625111
208,S7,19,89.71403570787996
209,S7,19,89.79350118815617
210,S7,19,110.53858843780318
211,S7,19,0.0
212,S7,19,0.0
213,S7,19,128.89453746853877
214,S7,19,108.92765783314118
215,S7,19,152.19811864282664
216,S7,19,49.97626811742081
217,S7,19,0.0
218,S7,19,190.69463439690298
219,S7,19,102.41119691663648
220,S7,19,70.1150655312889
221,S7,19,0.0
222,S7,19,0.0
223,S7,19,0.0
224,S7,19,0.0
301,S7,19,62.70621788198484
302,S7,19,56.799521580863804
303,S7,19,92.55572663096136
304,S7,19,44.3746423411356
305,S7,19,44.807639538897384
306,S7,19,82.75257349044803
307,S7,19,74.84114964033559
308,S7,19,91.01971332981621
309,S7,19,94.8229160266221
310,S7,19,107.81045070666177
311,S7,19,0.0
312,S7,19,0.0
313,S7,19,160.76562720158844
314,S7,19,113.12655295648052
315,S7,19,221.1970173995955
316,S7,19,61.21279594356898
317,S7,19,0.0
318,S7,19,219.07781179733826
319,S7,19,101.7060270798662
320,S7,19,64.98448641600591
321,S7,19,0.0
322,S7,19,0.0
323,S7,19,0.0
324,S7,19,0.0
325,S7,19,0.0
101,S7,20,54.46312710532297
102,S7,20,46.06506875882087
103,S7,20,87.7649493125508
104,S7,20,34.75160418382198
105,S7,20,41.860283735001474
106,S7,20,81.97902982842392
107,S7,20,73.36136178353694
108,S7,20,101.07017331124177
109,S7,20,104.84130565327929
110,S7,20,128.57683255161
111,S7,20,0.0
112,S7,20,0.0
113,S7,20,149.61299662748127
114,S7,20,119.57743136177623
115,S7,20,213.73401538672266
116,S7,20,59.829046879698254
117,S7,20,0.0
118,S7,20,187.03925380356873
119,S7,20,100.75217288296234
120,S7,20,71.01271282118321
121,S7,20,0.0
122,S7,20,0.0
123,S7,20,0.0
124,S7,20,0.0
201,S7,20,57.00920941378222
202,S7,20,48.9548392060852
203,S7,20,91.01853649960631
204,S7,20,37.05530939150663
205,S7,20,35.83567879355491
206,S7,20,70.45363659332631
207,S7,20,65.77583672892163
208,S7,20,87.83392374517847
209,S7,20,84.62856983882436
210,S7,20,105.13927049582352
211,S7,20,0.0
212,S7,20,0.0
213,S7,20,124.88322982206883
214,S7,20,115.05239369517537
215,S7,20,161.74712179768815
216,S7,20,48.78591355835523
217,S7,20,0.0
218,S7,20,195.1805692576342
219,S7,20,102.04021733889705
220,S7,20,67.70337488205169
221,S7,20,0.0
222,S7,20,0.0
223,S7,20,0.0
224,S7,20,0.0
301,S7,20,67.24342080699543
302,S7,20,58.17450174739222
303,S7,20,89.52029718246031
304,S7,20,44.82587904654862
305,S7,20,43.11653235530055
306,S7,20,80.59418136483566
307,S7,20,73.18283852254856
308,S7,20,91.42393085129727
309,S7,20,92.10578872879243
310,S7,20,113.96530549581533
311,S7,20,0.0
312,S7,20,0.0
313,S7,20,154.00785226255996
314,S7,20,109.8181565166172
315,S7,20,219.71038457098845
316,S7,20,57.45718140386945
317,S7,20,0.0
318,S7,20,219.06181610880634
319,S7,20,99.44014646718982
320,S7,20,62.45121371299681
321,S7,20,0.0
322,S7,20,0.0
323,S7,20,0.0
324,S7,20,0.0
325,S7,20,0.0
101,S7,21,48.98246276530001
102,S7,21,43.836507986982696
103,S7,21,83.73324366766666
104,S7,21,33.87424011540453
105,S7,21,37.17459410892591
106,S7,21,69.57719126999552
107,S7,21,68.1712810494301
108,S7,21,90.03952141652115
109,S7,21,90.77958372712146
110,S7,21,110.94735963070633
111,S7,21,0.0
112,S7,21,0.0
113,S7,21,137.8620072095727
114,S7,21,120.56355450916001
115,S7,21,185.86835904814714
116,S7,21,53.71811029798264
117,S7,21,0.0
118,S7,21,161.81241024922173
119,S7,21,95.73935446332015
120,S7,21,65.35808456711045
121,S7,21,0.0
122,S7,21,0.0
123,S7,21,0.0
124,S7,21,0.0
201,S7,21,50.50413686464007
202,S7,21,46.064820406908474
203,S7,21,86.53071470085864
204,S7,21,34.37770133659153
205,S7,21,32.66573789677937
206,S7,21,63.77320608412304
207,S7,21,62.95479804212429
208,S7,21,78.40252441062185
209,S7,21,82.38518474634472
210,S7,21,104.7408528652241
211,S7,21,0.0
212,S7,21,0.0
213,S7,21,129.25950907085152
214,S7,21,103.168202930983
215,S7,21,146.18849997301692
216,S7,21,49.87817157567988
217,S7,21,0.0
218,S7,21,182.93504313721323
219,S7,21,96.18777739644368
220,S7,21,59.9380944248613
221,S7,21,0.0
222,S7,21,0.0
223,S7,21,0.0
224,S7,21,0.0
301,S7,21,61.053097718294936
302,S7,21,52.70816747690608
303,S7,21,88.85618658044886
304,S7,21,39.67198500151512
305,S7,21,37.782706393816646
306,S7,21,74.74187326894337
307,S7,21,68.08980040687746
308,S7,21,84.14379936063153
309,S7,21,83.04713193796555
310,S7,21,104.79378300095487
311,S7,21,0.0
312,S7,21,0.0
313,S7,21,140.65579348459724
314,S7,21,103.2406458953983
315,S7,21,192.1499408908621
316,S7,21,56.068099392607365
317,S7,21,0.0
318,S7,21,216.47332221268329
319,S7,21,95.62778579329867
320,S7,21,59.84707024124797
321,S7,21,0.0
322,S7,21,0.0
323,S7,21,0.0
324,S7,21,0.0
325,S7,21,0.0
101,S7,22,42.417737975803966
102,S7,22,39.86240652666719
103,S7,22,73.17261869680696
104,S7,22,29.80057292408408
105,S7,22,32.68441569191479
106,S7,22,63.391738945637435
107,S7,22,58.96659047573484
108,S7,22,83.10014151933579
109,S7,22,81.64618336896802
110,S7,22,103.62627339489072
111,S7,22,0.0
112,S7,22,0.0
113,S7,22,118.44633000919933
114,S7,22,102.07809767800423
115,S7,22,164.31731574498846
116,S7,22,47.608604597503586
117,S7,22,0.0
118,S7,22,146.80070098614394
119,S7,22,83.63919051660487
120,S7,22,58.36528840319534
121,S7,22,0.0
122,S7,22,0.0
123,S7,22,0.0
124,S7,22,0.0
201,S7,22,48.1542209228771
202,S7,22,45.17444436723301
203,S7,22,81.29829060062248
204,S7,22,32.97608934654039
205,S7,22,33.63009880832408
206,S7,22,59.05665263881434
207,S7,22,56.31220473120252
208,S7,22,77.52738395577323
209,S7,22,80.99440595459241
210,S7,22,99.90225584234092
211,S7,22,0.0
212,S7,22,0.0
213,S7,22,112.29196766343115
214,S7,22,95.17201765067772
215,S7,22,139.37793838669376
216,S7,22,46.83353571144131
217,S7,22,0.0
218,S7,22,171.58575003366298
219,S7,22,92.8882335811269
220,S7,22,56.24173834201832
221,S7,22,0.0
222,S7,22,0.0
223,S7,22,0.0
224,S7,22,0.0
301,S7,22,52.51037054139085
302,S7,22,51.591957798521285
303,S7,22,76.0946532403733
304,S7,22,38.94627117140302
305,S7,22,37.303819176531945
306,S7,22,66.6827355929447
307,S7,22,63.15214580044419
308,S7,22,72.28958135834831
309,S7,22,77.69560660881557
310,S7,22,92.46846624560519
311,S7,22,0.0
312,S7,22,0.0
313,S7,22,132.60215184109381
314,S7,22,96.07236980840322
315,S7,22,181.40309085568177
316,S7,22,49.353710290756645
317,S7,22,0.0
318,S7,22,189.3380102466037
319,S7,22,92.45658932795708
320,S7,22,58.89769352889193
321,S7,22,0.0
322,S7,22,0.0
323,S7,22,0.0
324,S7,22,0.0
325,S7,22,0.0
101,S7,23,40.11623030213941
102,S7,23,36.42838945132469
103,S7,23,66.74447957768396
104,S7,23,26.708479536935183
105,S7,23,29.90048141433711
106,S7,23,59.5582978304231
107,S7,23,50.75808683654411
108,S7,23,74.92454021389437
109,S7,23,75.9836861009971
110,S7,23,92.10382713450001
111,S7,23,0.0
112,S7,23,0.0
113,S7,23,111.86228337361187
114,S7,23,95.333241712137
115,S7,23,151.5751416029195
116,S7,23,43.08879480482961
117,S7,23,0.0
118,S7,23,134.39037877415646
119,S7,23,74.83393049774608
120,S7,23,56.4341376360928
121,S7,23,0.0
122,S7,23,0.0
123,S7,23,0.0
124,S7,23,0.0
201,S7,23,46.32132986899115
202,S7,23,39.48557728229335
203,S7,23,78.93405663343289
204,S7,23,31.192524777578864
205,S7,23,29.985946594329256
206,S7,23,59.76682259043938
207,S7,23,52.13926742925407
208,S7,23,70.0046629376137
209,S7,23,76.40429114076782
210,S7,23,89.39926381491519
211,S7,23,0.0
212,S7,23,0.0
213,S7,23,108.70293664441417
214,S7,23,92.11150870294931
215,S7,23,132.29235214179326
216,S7,23,42.23338181689212
217,S7,23,0.0
218,S7,23,153.62557545014113
219,S7,23,86.8705379695586
220,S7,23,50.91880035456166
221,S7,23,0.0
222,S7,23,0.0
223,S7,23,0.0
224,S7,23,0.0
301,S7,23,50.55848796751364
302,S7,23,43.30452257786546
303,S7,23,72.17598411621651
304,S7,23,34.61766504812981
305,S7,23,34.08254738294382
306,S7,23,59.92392369748445
307,S7,23,58.125393233977825
308,S7,23,65.23953400527579
309,S7,23,69.09679608986896
310,S7,23,90.41301446277417
311,S7,23,0.0
312,S7,23,0.0
313,S7,23,122.31969078598769
314,S7,23,82.58247942952552
315,S7,23,162.9815284108083
316,S7,23,43.84248263210116
317,S7,23,0.0
318,S7,23,166.1938518076933
319,S7,23,82.53297462741594
320,S7,23,52.531938189065556
321,S7,23,0.0
322,S7,23,0.0
323,S7,23,0.0
324,S7,23,0.0
325,S7,23,0.0
101,S7,24,36.42957979877905
102,S7,24,33.97788053757113
103,S7,24,58.044043398157356
104,S7,24,25.65610094405357
105,S7,24,28.660321198019936
106,S7,24,53.713442409988424
107,S7,24,47.99788082258388
108,S7,24,68.2040619561892
109,S7,24,67.44193942028433
110,S7,24,82.39035404326928
111,S7,24,0.0
112,S7,24,0.0
113,S7,24,98.33918878781384
114,S7,24,81.65534812532417
115,S7,24,138.8403534512529
116,S7,24,40.59757941877703
117,S7,24,0.0
118,S7,24,126.72255776969996
119,S7,24,66.55153178098593
120,S7,24,47.993207298196594
121,S7,24,0.0
122,S7,24,0.0
123,S7,24,0.0
124,S7,24,0.0
201,S7,24,42.06111136445357
202,S7,24,36.41061181806698
203,S7,24,69.71404576064235
204,S7,24,27.900176137486824
205,S7,24,26.949152859714538
206,S7,24,53.68728699471904
207,S7,24,50.01930348582116
208,S7,24,66.30252628139948
209,S7,24,68.22038865258018
210,S7,24,87.60540085214274
211,S7,24,0.0
212,S7,24,0.0
213,S7,24,98.8837264562458
214,S7,24,82.67694493226013
215,S7,24,123.57843243042639
216,S7,24,39.07334568101864
217,S7,24,0.0
218,S7,24,142.45607499438233
219,S7,24,79.13774578607018
220,S7,24,48.509763476580034
221,S7,24,0.0
222,S7,24,0.0
223,S7,24,0.0
224,S7,24,0.0
301,S7,24,46.730937736767785
302,S7,24,39.628898923062025
303,S7,24,65.82544197403537
304,S7,24,31.43559563292581
305,S7,24,29.811402984338404
306,S7,24,55.40336160836847
307,S7,24,51.99156329079773
308,S7,24,60.215931523949635
309,S7,24,63.015199957075815
310,S7,24,77.57670817031806
311,S7,24,0.0
312,S7,24,0.0
313,S7,24,103.89281738573847
314,S7,24,82.10046693395208
315,S7,24,145.6153754797098
316,S7,24,43.72579449650382
317,S7,24,0.0
318,S7,24,157.45862800257464
319,S7,24,73.56512357113064
320,S7,24,45.46776841454635
321,S7,24,0.0
322,S7,24,0.0
323,S7,24,0.0
324,S7,24,0.0
325,S7,24,0.0
101,S8,1,31.325488251567823
102,S8,1,27.656315351963325
103,S8,1,49.88540654279036
104,S8,1,21.941488582522677
105,S8,1,24.196800104715216
106,S8,1,47.408529085503574
107,S8,1,42.60318765869459
108,S8,1,54.59476816610339
109,S8,1,61.02049998082492
110,S8,1,73.86767953819341
111,S8,1,0.0
112,S8,1,0.0
113,S8,1,81.2847352056399
114,S8,1,71.77274645336325
115,S8,1,121.73314080368607
116,S8,1,33.60143520844362
117,S8,1,0.0
118,S8,1,103.30505293693487
119,S8,1,60.76852924200626
120,S8,1,44.38838513158097
121,S8,1,0.0
122,S8,1,0.0
123,S8,1,0.0
124,S8,1,0.0
201,S8,1,37.78758966827614
202,S8,1,36.94219153236135
203,S8,1,66.48149912431991
204,S8,1,26.047922115024814
205,S8,1,26.155025868412647
206,S8,1,48.32201876209748
207,S8,1,47.11961508890228
208,S8,1,64.8483183052894
209,S8,1,62.216435692688684
210,S8,1,81.15992209622243
211,S8,1,0.0
212,S8,1,0.0
213,S8,1,91.15501395755759
214,S8,1,81.01015832755925
215,S8,1,112.23782597524553
216,S8,1,37.97848647490833
217,S8,1,0.0
218,S8,1,140.85436722932903
219,S8,1,71.21387651869321
220,S8,1,45.26541161505416
221,S8,1,0.0
222,S8,1,0.0
223,S8,1,0.0
224,S8,1,0.0
301,S8,1,42.40324199979159
302,S8,1,37.02960362093521
303,S8,1,63.181962396816914
304,S8,1,30.547077286747506
305,S8,1,28.370872671686893
306,S8,1,56.663671248852836
307,S8,1,49.19556094427649
308,S8,1,59.883044090154314
309,S8,1,59.540822471698476
310,S8,1,74.0365107311796
311,S8,1,0.0
312,S8,1,0.0
313,S8,1,101.64395197394845
314,S8,1,72.13393335302683
315,S8,1,143.15753551759732
316,S8,1,41.19761769717951
317,S8,1,0.0
318,S8,1,147.11069914360897
319,S8,1,72.51471621107716
320,S8,1,45.23909968351611
321,S8,1,0.0
322,S8,1,0.0
323,S8,1,0.0
324,S8,1,0.0
325,S8,1,0.0
101,S8,2,32.52282958229131
102,S8,2,26.805309539532008
103,S8,2,53.09130551728509
104,S8,2,20.701760905380567
105,S8,2,23.55325111873973
106,S8,2,45.76349137762961
107,S8,2,43.48710184554071
108,S8,2,55.63098597491608
109,S8,2,55.66120798218844
110,S8,2,72.97399748101708
111,S8,2,0.0
112,S8,2,0.0
113,S8,2,85.84596494985821
114,S8,2,72.35142252295319
115,S8,2,119.11781312483566
116,S8,2,31.933902114233803
117,S8,2,0.0
118,S8,2,102.53795476613678
119,S8,2,59.11976042139238
120,S8,2,44.4566701932556
121,S8,2,0.0
122,S8,2,0.0
123,S8,2,0.0
124,S8,2,0.0
201,S8,2,39.88734953691714
202,S8,2,34.539666791471554
203,S8,2,68.09654335085625
204,S8,2,26.55883987855237
205,S8,2,24.52720079284831
206,S8,2,50.03922519523459
207,S8,2,43.41019694373694
208,S8,2,58.887880225433136
209,S8,2,65.11588782442243
210,S8,2,78.03806011121593
211,S8,2,0.0
212,S8,2,0.0
213,S8,2,91.17382865820767
214,S8,2,80.00567743275336
215,S8,2,106.6899398081416
216,S8,2,37.39527824833114
217,S8,2,0.0
218,S8,2,130.23570753125463
219,S8,2,71.21749966725683
220,S8,2,46.36322637457022
221,S8,2,0.0
222,S8,2,0.0
223,S8,2,0.0
224,S8,2,0.0
301,S8,2,40.50776100995208
302,S8,2,37.16053556933882
303,S8,2,56.78840606419919
304,S8,2,28.463913523442333
305,S8,2,26.862406159786556
306,S8,2,52.377439562530846
307,S8,2,47.32846647542355
308,S8,2,58.909532400125585
309,S8,2,60.88795488412802
310,S8,2,75.03337065541524
311,S8,2,0.0
312,S8,2,0.0
313,S8,2,96.67810678243384
314,S8,2,69.43241497599173
315,S8,2,132.28241358314844
316,S8,2,37.3560816503187
317,S8,2,0.0
318,S8,2,145.5650178933607
319,S8,2,69.21827847094575
320,S8,2,41.90720090453223
321,S8,2,0.0
322,S8,2,0.0
323,S8,2,0.0
324,S8,2,0.0
325,S8,2,0.0
101,S8,3,32.473485982978104
102,S8,3,27.354181728066017
103,S8,3,53.127613926634574
104,S8,3,20.792594653488564
105,S8,3,25.163298054327058
106,S8,3,46.267262527770775
107,S8,3,43.45719053256269
108,S8,3,58.058644583829796
109,S8,3,59.70898623759384
110,S8,3,70.50915450991835
111,S8,3,0.0
112,S8,3,0.0
113,S8,3,85.2039981311944
114,S8,3,75.94843526723129
115,S8,3,117.7076918907589
116,S8,3,33.77588156728259
117,S8,3,0.0
118,S8,3,110.46956556044547
119,S8,3,57.508507688320044
120,S8,3,43.20121941796969
121,S8,3,0.0
122,S8,3,0.0
123,S8,3,0.0
124,S8,3,0.0
201,S8,3,39.866095110992156
202,S8,3,36.025144698460196
203,S8,3,65.57539585705926
204,S8,3,27.12975146524377
205,S8,3,26.847123992775973
206,S8,3,51.01085406687855
207,S8,3,46.50989713131971
208,S8,3,59.4142455380043
209,S8,3,65.55928829735
210,S8,3,82.72231861817328
211,S8,3,0.0
212,S8,3,0.0
213,S8,3,88.61464086845216
214,S8,3,76.67114506283865
215,S8,3,107.34390979525163
216,S8,3,36.38328199510829
217,S8,3,0.0
218,S8,3,128.9146847410695
219,S8,3,74.97589051606235
220,S8,3,45.24826980879521
221,S8,3,0.0
222,S8,3,0.0
223,S8,3,0.0
224,S8,3,0.0
301,S8,3,40.51821852404399
302,S8,3,36.80975172677303
303,S8,3,55.416985234127246
304,S8,3,28.294053717440075
305,S8,3,26.490705008097265
306,S8,3,53.32086945678287
307,S8,3,44.72997734351916
308,S8,3,53.84665954362091
309,S8,3,54.45639150326439
310,S8,3,69.53838147723856
311,S8,3,0.0
312,S8,3,0.0
313,S8,3,97.00161210383239
314,S8,3,69.91176676442288
315,S8,3,129.492655446399
316,S8,3,37.092133124545946
317,S8,3,0.0
318,S8,3,146.48829427012245
319,S8,3,68.40127204417642
320,S8,3,41.20478487248673
321,S8,3,0.0
322,S8,3,0.0
323,S8,3,0.0
324,S8,3,0.0
325,S8,3,0.0
101,S8,4,34.25833360398272
102,S8,4,29.3316729185098
103,S8,4,56.248265466393754
104,S8,4,22.77745446021423
105,S8,4,24.330720190246417
106,S8,4,48.98588926057865
107,S8,4,44.17547664361668
108,S8,4,58.02924869597809
109,S8,4,63.910087734652315
110,S8,4,74.06741613010952
111,S8,4,0.0
112,S8,4,0.0
113,S8,4,86.83375996435494
114,S8,4,75.29160304654302
115,S8,4,124.38078470301637
116,S8,4,34.51609126813354
117,S8,4,0.0
118,S8,4,114.92553680489888
119,S8,4,60.209762652716954
120,S8,4,43.54495120500429
121,S8,4,0.0
122,S8,4,0.0
123,S8,4,0.0
124,S8,4,0.0
201,S8,4,40.61356600963453
202,S8,4,35.69241447395339
203,S8,4,64.3854153076784
204,S8,4,26.5498870572806
205,S8,4,24.50411764846353
206,S8,4,48.50834835535346
207,S8,4,43.60116657979673
208,S8,4,62.732902476914795
209,S8,4,60.91839262121389
210,S8,4,81.1084696781306
211,S8,4,0.0
212,S8,4,0.0
213,S8,4,90.78308391851348
214,S8,4,77.34658300692747
215,S8,4,115.8578161975867
216,S8,4,35.43586972259853
217,S8,4,0.0
218,S8,4,130.39684166205726
219,S8,4,71.18529325736927
220,S8,4,46.381486679115504
221,S8,4,0.0
222,S8,4,0.0
223,S8,4,0.0
224,S8,4,0.0
301,S8,4,40.113858824576994
302,S8,4,36.05300452788969
303,S8,4,57.58570603182734
304,S8,4,27.512384105688657
305,S8,4,25.93190588229453
306,S8,4,50.086401850520346
307,S8,4,48.21169306701145
308,S8,4,55.323091825868914
309,S8,4,56.11491827744417
310,S8,4,67.177226463069
311,S8,4,0.0
312,S8,4,0.0
313,S8,4,94.90946979993224
314,S8,4,71.2424318967598
315,S8,4,129.16862349080841
316,S8,4,38.22949758749281
317,S8,4,0.0
318,S8,4,145.74584395342578
319,S8,4,65.78747660245472
320,S8,4,39.82861868920638
321,S8,4,0.0
322,S8,4,0.0
323,S8,4,0.0
324,S8,4,0.0
325,S8,4,0.0
101,S8,5,34.94284431355905
102,S8,5,33.89890334014967
103,S8,5,61.23693436696833
104,S8,5,25.26517375153899
105,S8,5,28.859505763001323
106,S8,5,54.216526130651864
107,S8,5,50.44388155272242
108,S8,5,65.55021763504666
109,S8,5,71.92125769808096
110,S8,5,88.7899119937407
111,S8,5,0.0
112,S8,5,0.0
113,S8,5,95.51913740581556
114,S8,5,85.75776634077717
115,S8,5,136.07591558872315
116,S8,5,38.268400957486826
117,S8,5,0.0
118,S8,5,127.89002617882177
119,S8,5,68.4407441464205
120,S8,5,51.15963838507001
121,S8,5,0.0
122,S8,5,0.0
123,S8,5,0.0
124,S8,5,0.0
201,S8,5,39.786816507207746
202,S8,5,36.90476980049813
203,S8,5,70.03113680302596
204,S8,5,28.526827220488393
205,S8,5,27.368515494621217
206,S8,5,49.01111364119574
207,S8,5,45.97583309527564
208,S8,5,65.77646501166284
209,S8,5,68.19324675202468
210,S8,5,82.55669277467781
211,S8,5,0.0
212,S8,5,0.0
213,S8,5,97.36117363315451
214,S8,5,83.08662948374719
215,S8,5,112.69816377595119
216,S8,5,36.62779340073271
217,S8,5,0.0
218,S8,5,133.1848142475019
219,S8,5,72.30713098491763
220,S8,5,46.40724496316417
221,S8,5,0.0
222,S8,5,0.0
223,S8,5,0.0
224,S8,5,0.0
301,S8,5,41.87416864664152
302,S8,5,38.45270547523035
303,S8,5,61.48916956728909
304,S8,5,27.463305379789993
305,S8,5,27.94555922853534
306,S8,5,53.23096878401093
307,S8,5,48.29947972857936
308,S8,5,55.15833781550553
309,S8,5,59.45244653227532
310,S8,5,69.65180796243044
311,S8,5,0.0
312,S8,5,0.0
313,S8,5,101.18127688232596
314,S8,5,68.1477711451856
315,S8,5,140.5972878750564
316,S8,5,39.331856097799374
317,S8,5,0.0
318,S8,5,141.3997407091931
319,S8,5,68.74384512416331
320,S8,5,39.75315925143874
321,S8,5,0.0
322,S8,5,0.0
323,S8,5,0.0
324,S8,5,0.0
325,S8,5,0.0
101,S8,6,43.43877416683447
102,S8,6,38.24561139609619
103,S8,6,72.72456317534854
104,S8,6,29.68015256251602
105,S8,6,31.40670720250548
106,S8,6,58.451943140349016
107,S8,6,56.16681731341649
108,S8,6,76.44317507252626
109,S8,6,75.65413894732231
110,S8,6,96.02263953430383
111,S8,6,0.0
112,S8,6,0.0
113,S8,6,120.22279206725256
114,S8,6,100.72019208181256
115,S8,6,160.5643576925322
116,S8,6,43.939472827593356
117,S8,6,0.0
118,S8,6,148.37018153174597
119,S8,6,76.54156558935789
120,S8,6,57.10346182115025
121,S8,6,0.0
122,S8,6,0.0
123,S8,6,0.0
124,S8,6,0.0
201,S8,6,42.56111801462297
202,S8,6,39.219484773479074
203,S8,6,69.98776301880689
204,S8,6,28.069204431632336
205,S8,6,29.019931063110533
206,S8,6,55.01397005290629
207,S8,6,49.43544669373797
208,S8,6,70.20052329503346
209,S8,6,67.76267783466315
210,S8,6,90.83692212527905
211,S8,6,0.0
212,S8,6,0.0
213,S8,6,101.21427486871245
214,S8,6,88.31861884907175
215,S8,6,124.78411954886468
216,S8,6,41.02313141757929
217,S8,6,0.0
218,S8,6,143.77228971203735
219,S8,6,77.83969101936692
220,S8,6,53.41091255379306
221,S8,6,0.0
222,S8,6,0.0
223,S8,6,0.0
224,S8,6,0.0
301,S8,6,43.360743131812136
302,S8,6,38.96042955203629
303,S8,6,59.2665009571636
304,S8,6,30.967006513079305
305,S8,6,29.041505653869354
306,S8,6,56.70764798195493
307,S8,6,50.143991189131896
308,S8,6,59.075155371826284
309,S8,6,60.79193727460553
310,S8,6,75.51065099444814
311,S8,6,0.0
312,S8,6,0.0
313,S8,6,103.67986260714498
314,S8,6,71.48011189168753
315,S8,6,135.5934228763331
316,S8,6,38.93378568241305
317,S8,6,0.0
318,S8,6,146.65811701083882
319,S8,6,66.49707275271382
320,S8,6,42.7692859476933
321,S8,6,0.0
322,S8,6,0.0
323,S8,6,0.0
324,S8,6,0.0
325,S8,6,0.0
101,S8,7,43.63803819182605
102,S8,7,38.20639517306814
103,S8,7,71.46959710877064
104,S8,7,30.891315900306026
105,S8,7,34.79999424686006
106,S8,7,65.38462950257899
107,S8,7,59.32712431635536
108,S8,7,82.90492099097007
109,S8,7,79.73235436240526
110,S8,7,101.04463041856071
111,S8,7,0.0
112,S8,7,0.0
113,S8,7,121.56120764033487
114,S8,7,105.96068798990956
115,S8,7,168.07242952378414
116,S8,7,46.18735742062834
117,S8,7,0.0
118,S8,7,146.9905443416048
119,S8,7,80.35448169782157
120,S8,7,62.45113222358817
121,S8,7,0.0
122,S8,7,0.0
123,S8,7,0.0
124,S8,7,0.0
201,S8,7,47.81453434185371
202,S8,7,42.02574655183161
203,S8,7,75.17051303608095
204,S8,7,30.48581429087231
205,S8,7,29.71337127007358
206,S8,7,56.280728854876614
207,S8,7,51.47253910237536
208,S8,7,77.42234576921805
209,S8,7,76.09485345902975
210,S8,7,95.22166685378527
211,S8,7,0.0
212,S8,7,0.0
213,S8,7,112.56017986427528
214,S8,7,92.52674982937012
215,S8,7,131.12386433144502
216,S8,7,42.312119863088924
217,S8,7,0.0
218,S8,7,158.15830483432222
219,S8,7,83.62296567161022
220,S8,7,53.36013124365658
221,S8,7,0.0
222,S8,7,0.0
223,S8,7,0.0
224,S8,7,0.0
301,S8,7,50.31212969037758
302,S8,7,45.37452268011386
303,S8,7,71.78967947662852
304,S8,7,32.343699277532885
305,S8,7,32.971255018935324
306,S8,7,62.34843645683171
307,S8,7,54.32677169646001
308,S8,7,65.2912972129417
309,S8,7,66.67830714202633
310,S8,7,83.12228502486033
311,S8,7,0.0
312,S8,7,0.0
313,S8,7,120.154008136907
314,S8,7,81.22756025568516
315,S8,7,155.11197187175128
316,S8,7,45.258130081987765
317,S8,7,0.0
318,S8,7,175.1520312347243
319,S8,7,82.15878459371577
320,S8,7,52.014748471333995
321,S8,7,0.0
322,S8,7,0.0
323,S8,7,0.0
324,S8,7,0.0
325,S8,7,0.0
101,S8,8,41.41634204148647
102,S8,8,37.22935046221358
103,S8,8,65.64002931324353
104,S8,8,28.041000337431147
105,S8,8,31.100318722303207
106,S8,8,57.72966051866356
107,S8,8,56.797785268385056
108,S8,8,79.55667606699787
109,S8,8,80.41138530157376
110,S8,8,93.63280791387082
111,S8,8,0.0
112,S8,8,0.0
113,S8,8,117.19033755045415
114,S8,8,95.93884108174454
115,S8,8,160.1224560101277
116,S8,8,46.20001665383338
117,S8,8,0.0
118,S8,8,139.71182915423876
119,S8,8,81.47286894654744
120,S8,8,55.383653874733554
121,S8,8,0.0
122,S8,8,0.0
123,S8,8,0.0
124,S8,8,0.0
201,S8,8,43.509446428405795
202,S8,8,39.776282704188255
203,S8,8,73.15308106708974
204,S8,8,30.0087062553986
205,S8,8,29.62325867842382
206,S8,8,58.0245053713939
207,S8,8,54.10511011719538
208,S8,8,74.4163206418446
209,S8,8,72.74706155047645
210,S8,8,94.01746077086956
211,S8,8,0.0
212,S8,8,0.0
213,S8,8,104.99840176401281
214,S8,8,95.6543312477776
215,S8,8,122.53017788852564
216,S8,8,41.48417178840214
217,S8,8,0.0
218,S8,8,162.3185669386817
219,S8,8,88.36706568137838
220,S8,8,51.71708996261018
221,S8,8,0.0
222,S8,8,0.0
223,S8,8,0.0
224,S8,8,0.0
301,S8,8,50.90787727417274
302,S8,8,47.049044147789196
303,S8,8,76.6093226380343
304,S8,8,35.284570471114655
305,S8,8,33.10173059733458
306,S8,8,68.77686356786069
307,S8,8,58.914613992316866
308,S8,8,68.85247613893695
309,S8,8,69.88814099259332
310,S8,8,92.6510299110798
311,S8,8,0.0
312,S8,8,0.0
313,S8,8,117.58380409266042
314,S8,8,89.40749789195715
315,S8,8,165.38195929847768
316,S8,8,49.55731302338158
317,S8,8,0.0
318,S8,8,179.71217365768382
319,S8,8,82.37916557027177
320,S8,8,51.099825698648964
321,S8,8,0.0
322,S8,8,0.0
323,S8,8,0.0
324,S8,8,0.0
325,S8,8,0.0
101,S8,9,38.76252947227189
102,S8,9,35.82804973524589
103,S8,9,63.064551868951106
104,S8,9,25.792076948422377
105,S8,9,27.938675989013042
106,S8,9,57.29544308783924
107,S8,9,50.25118586862257
108,S8,9,73.34096829674486
109,S8,9,73.18248961622791
110,S8,9,87.6020759842483
111,S8,9,0.0
112,S8,9,0.0
113,S8,9,100.38855635334822
114,S8,9,87.94761196178936
115,S8,9,148.40812066381397
116,S8,9,41.75778826373908
117,S8,9,0.0
118,S8,9,136.5757924554435
119,S8,9,68.60798174759174
120,S8,9,50.80722681510988
121,S8,9,0.0
122,S8,9,0.0
123,S8,9,0.0
124,S8,9,0.0
201,S8,9,44.16096164005972
202,S8,9,40.61152410613774
203,S8,9,72.45247712937817
204,S8,9,29.54896366306665
205,S8,9,27.712314449484417
206,S8,9,56.38976690702014
207,S8,9,51.669488057498725
208,S8,9,66.7869670468344
209,S8,9,74.74533569037213
210,S8,9,91.48919591897459
211,S8,9,0.0
212,S8,9,0.0
213,S8,9,99.744561784529
214,S8,9,91.5067380462846
215,S8,9,127.58343422803257
216,S8,9,42.547009414597476
217,S8,9,0.0
218,S8,9,144.91165423455584
219,S8,9,82.40342557337131
220,S8,9,52.51132184402609
221,S8,9,0.0
222,S8,9,0.0
223,S8,9,0.0
224,S8,9,0.0
301,S8,9,53.54583776983335
302,S8,9,51.06296538066143
303,S8,9,80.4955474749841
304,S8,9,37.52524859103636
305,S8,9,36.96060342871925
306,S8,9,71.60299772476075
307,S8,9,61.9596492816497
308,S8,9,77.26178125253928
309,S8,9,75.17491995708741
310,S8,9,94.48041161987757
311,S8,9,0.0
312,S8,9,0.0
313,S8,9,125.04351547718743
314,S8,9,99.36382181970357
315,S8,9,191.22984411990862
316,S8,9,52.52470656729246
317,S8,9,0.0
318,S8,9,193.44381466209023
319,S8,9,89.96687026507026
320,S8,9,53.99386411291826
321,S8,9,0.0
322,S8,9,0.0
323,S8,9,0.0
324,S8,9,0.0
325,S8,9,0.0
101,S8,10,37.389251794851795
102,S8,10,32.88185637537665
103,S8,10,58.74472479227806
104,S8,10,23.92753777618454
105,S8,10,28.533306493225428
106,S8,10,53.91013637246145
107,S8,10,49.02407079818872
108,S8,10,67.13723490891235
109,S8,10,71.23111154409781
110,S8,10,82.72044679875479
111,S8,10,0.0
112,S8,10,0.0
113,S8,10,102.13084720644534
114,S8,10,82.67421078722664
115,S8,10,144.19746177643114
116,S8,10,38.147745479094795
117,S8,10,0.0
118,S8,10,128.059165189107
119,S8,10,65.64334618997088
120,S8,10,51.042146564896264
121,S8,10,0.0
122,S8,10,0.0
123,S8,10,0.0
124,S8,10,0.0
201,S8,10,42.38546570703008
202,S8,10,39.908955087601484
203,S8,10,68.8618894383307
204,S8,10,28.053946623798485
205,S8,10,27.038903404118443
206,S8,10,53.87983836444985
207,S8,10,48.470084367684166
208,S8,10,65.34581870310976
209,S8,10,67.37141734501985
210,S8,10,83.45441524316853
211,S8,10,0.0
212,S8,10,0.0
213,S8,10,101.6334820900493
214,S8,10,83.13559996904577
215,S8,10,127.03828606127793
216,S8,10,39.5142139953097
217,S8,10,0.0
218,S8,10,151.9261883193971
219,S8,10,84.61137519517484
220,S8,10,51.01677657185735
221,S8,10,0.0
222,S8,10,0.0
223,S8,10,0.0
224,S8,10,0.0
301,S8,10,55.65236735021929
302,S8,10,50.435530547246294
303,S8,10,81.3550568484866
304,S8,10,41.50180678971012
305,S8,10,36.24287274335766
306,S8,10,69.7271156098337
307,S8,10,69.29377491925537
308,S8,10,80.92235881118918
309,S8,10,83.83980848710918
310,S8,10,100.37237435343397
311,S8,10,0.0
312,S8,10,0.0
313,S8,10,134.32394444401444
314,S8,10,100.3388970408387
315,S8,10,183.92370466903915
316,S8,10,54.462580881382536
317,S8,10,0.0
318,S8,10,201.37239698248644
319,S8,10,93.39209499392288
320,S8,10,60.570976960539596
321,S8,10,0.0
322,S8,10,0.0
323,S8,10,0.0
324,S8,10,0.0
325,S8,10,0.0
101,S8,11,35.52791904732987
102,S8,11,32.66233583315842
103,S8,11,61.055735485560376
104,S8,11,23.98302508939249
105,S8,11,25.79614016513227
106,S8,11,50.987746614773194
107,S8,11,46.33414485749201
108,S8,11,63.01579838808198
109,S8,11,68.94978086981264
110,S8,11,83.62543179376902
111,S8,11,0.0
112,S8,11,0.0
113,S8,11,97.84528818616678
114,S8,11,83.09440662057095
115,S8,11,134.20491659774024
116,S8,11,38.541814400110795
117,S8,11,0.0
118,S8,11,127.72283882738706
119,S8,11,68.65767155221886
120,S8,11,49.31535500657628
121,S8,11,0.0
122,S8,11,0.0
123,S8,11,0.0
124,S8,11,0.0
201,S8,11,40.57079421024064
202,S8,11,34.121649758459675
203,S8,11,63.07744176356077
204,S8,11,25.76924927832291
205,S8,11,26.406890694080946
206,S8,11,48.11894244039681
207,S8,11,43.91705505915908
208,S8,11,63.512094606595305
209,S8,11,65.30740407557546
210,S8,11,77.22084780986924
211,S8,11,0.0
212,S8,11,0.0
213,S8,11,94.60789570967242
214,S8,11,80.51944881944733
215,S8,11,110.6115674349902
216,S8,11,37.355678719359375
217,S8,11,0.0
218,S8,11,129.8727027275521
219,S8,11,76.34202090856334
220,S8,11,46.7153026036883
221,S8,11,0.0
222,S8,11,0.0
223,S8,11,0.0
224,S8,11,0.0
301,S8,11,60.48034021153535
302,S8,11,54.08994031604354
303,S8,11,85.84181115406899
304,S8,11,39.236034430763866
305,S8,11,41.08354184338888
306,S8,11,75.82569814476729
307,S8,11,70.1902337003396
308,S8,11,78.82820157385372
309,S8,11,86.05152718714658
310,S8,11,105.35210047573979
311,S8,11,0.0
312,S8,11,0.0
313,S8,11,135.93952329777758
314,S8,11,104.3734165425737
315,S8,11,201.21148753065572
316,S8,11,53.75796649406787
317,S8,11,0.0
318,S8,11,202.7061724611023
319,S8,11,92.83020431159136
320,S8,11,63.232653258915576
321,S8,11,0.0
322,S8,11,0.0
323,S8,11,0.0
324,S8,11,0.0
325,S8,11,0.0
101,S8,12,33.30146735826002
102,S8,12,31.712292401016775
103,S8,12,59.24613437106138
104,S8,12,23.291541735875427
105,S8,12,27.609776567761358
106,S8,12,51.372106378398584
107,S8,12,48.054052110579576
108,S8,12,63.508551793017574
109,S8,12,65.44194230850997
110,S8,12,81.3163594712474
111,S8,12,0.0
112,S8,12,0.0
113,S8,12,99.47356969877973
114,S8,12,83.92592254538826
115,S8,12,127.71237432910912
116,S8,12,37.52747303925398
117,S8,12,0.0
118,S8,12,118.66563268786516
119,S8,12,63.48663397747118
120,S8,12,45.768585415479286
121,S8,12,0.0
122,S8,12,0.0
123,S8,12,0.0
124,S8,12,0.0
201,S8,12,44.592361973229636
202,S8,12,38.409611060456555
203,S8,12,73.15044326705288
204,S8,12,30.266296972663305
205,S8,12,29.133579796889833
206,S8,12,52.423342563102956
207,S8,12,51.36733247520484
208,S8,12,69.27736993718986
209,S8,12,72.4874838117876
210,S8,12,88.40588922711176
211,S8,12,0.0
212,S8,12,0.0
213,S8,12,102.89100901242567
214,S8,12,83.29120723448578
215,S8,12,123.55341287515459
216,S8,12,39.99266818717505
217,S8,12,0.0
218,S8,12,140.2743049138627
219,S8,12,83.16958947035111
220,S8,12,52.976510114858876
221,S8,12,0.0
222,S8,12,0.0
223,S8,12,0.0
224,S8,12,0.0
301,S8,12,62.0176275794984
302,S8,12,52.402093754292416
303,S8,12,85.35389789460697
304,S8,12,41.075509011676935
305,S8,12,39.58170648811602
306,S8,12,78.5429437757313
307,S8,12,71.61045154244222
308,S8,12,86.18628991623966
309,S8,12,86.45901753517606
310,S8,12,101.73093346432705
311,S8,12,0.0
312,S8,12,0.0
313,S8,12,149.77117794602373
314,S8,12,109.84989227548795
315,S8,12,191.45840782143364
316,S8,12,58.909111083809684
317,S8,12,0.0
318,S8,12,217.5593143522413
319,S8,12,94.03402054837858
320,S8,12,60.023688588236894
321,S8,12,0.0
322,S8,12,0.0
323,S8,12,0.0
324,S8,12,0.0
325,S8,12,0.0
101,S8,13,32.80645561092654
102,S8,13,32.425738626652674
103,S8,13,56.205664027413064
104,S8,13,22.986008661667388
105,S8,13,27.122296974115812
106,S8,13,51.19557004708788
107,S8,13,46.046293802451984
108,S8,13,66.33158009403716
109,S8,13,61.81600704845696
110,S8,13,80.00299706644165
111,S8,13,0.0
112,S8,13,0.0
113,S8,13,90.35588918459834
114,S8,13,80.25912811255971
115,S8,13,137.23003900402205
116,S8,13,35.25114322149262
117,S8,13,0.0
118,S8,13,122.43727164120179
119,S8,13,61.5542952563062
120,S8,13,48.28169124602302
121,S8,13,0.0
122,S8,13,0.0
123,S8,13,0.0
124,S8,13,0.0
201,S8,13,40.07449011826622
202,S8,13,38.1483530297674
203,S8,13,69.90956797877445
204,S8,13,30.204882547692225
205,S8,13,26.35952080078875
206,S8,13,51.84423718589569
207,S8,13,48.98786202202644
208,S8,13,66.73092280180367
209,S8,13,68.24747124167848
210,S8,13,84.43265892291586
211,S8,13,0.0
212,S8,13,0.0
213,S8,13,101.23025015900016
214,S8,13,83.66512599368744
215,S8,13,115.14040489997481
216,S8,13,38.10551756319485
217,S8,13,0.0
218,S8,13,147.28665557646593
219,S8,13,81.70823357328652
220,S8,13,50.303876142935266
221,S8,13,0.0
222,S8,13,0.0
223,S8,13,0.0
224,S8,13,0.0
301,S8,13,61.96299783932886
302,S8,13,57.15387042178841
303,S8,13,90.3822476111537
304,S8,13,44.0658873506124
305,S8,13,40.100309099010204
306,S8,13,73.80288579277423
307,S8,13,68.84916463401032
308,S8,13,83.10711469549688
309,S8,13,89.42256847364202
310,S8,13,107.64784010813099
311,S8,13,0.0
312,S8,13,0.0
313,S8,13,142.77124885927282
314,S8,13,110.23160249774614
315,S8,13,210.49991507291617
316,S8,13,55.98563231329394
317,S8,13,0.0
318,S8,13,222.12471783382475
319,S8,13,96.76511299447661
320,S8,13,60.58027278270527
321,S8,13,0.0
322,S8,13,0.0
323,S8,13,0.0
324,S8,13,0.0
325,S8,13,0.0
101,S8,14,35.03722205910967
102,S8,14,28.783665971849814
103,S8,14,54.01892582158645
104,S8,14,23.582533137013133
105,S8,14,24.686756963290264
106,S8,14,48.45368999239749
107,S8,14,45.26545733680803
108,S8,14,64.54039780546734
109,S8,14,62.83678663988133
110,S8,14,76.35214075553822
111,S8,14,0.0
112,S8,14,0.0
113,S8,14,93.29033087179636
114,S8,14,82.35515461636658
115,S8,14,128.59825492905128
116,S8,14,37.084630943668024
117,S8,14,0.0
118,S8,14,121.09055203489567
119,S8,14,60.553253403640774
120,S8,14,44.81909092391784
121,S8,14,0.0
122,S8,14,0.0
123,S8,14,0.0
124,S8,14,0.0
201,S8,14,40.17356539013419
202,S8,14,37.44427430639553
203,S8,14,65.77611390936097
204,S8,14,28.604939599268977
205,S8,14,25.95863843090428
206,S8,14,54.42059727789106
207,S8,14,46.67290722368516
208,S8,14,67.55365453032198
209,S8,14,69.92205661932685
210,S8,14,83.06007460895258
211,S8,14,0.0
212,S8,14,0.0
213,S8,14,98.51770529002552
214,S8,14,84.27468361608575
215,S8,14,115.22309210644147
216,S8,14,36.91950687941207
217,S8,14,0.0
218,S8,14,143.33214153277072
219,S8,14,80.47388235340134
220,S8,14,50.53461237444861
221,S8,14,0.0
222,S8,14,0.0
223,S8,14,0.0
224,S8,14,0.0
301,S8,14,60.58908915619528
302,S8,14,55.220946844677314
303,S8,14,87.5170598937123
304,S8,14,44.0802346379775
305,S8,14,39.55115161596135
306,S8,14,81.85687330316577
307,S8,14,72.52120468725096
308,S8,14,81.57152096860946
309,S8,14,90.27713773198117
310,S8,14,109.94346208902924
311,S8,14,0.0
312,S8,14,0.0
313,S8,14,146.3427297948002
314,S8,14,111.29436178131841
315,S8,14,195.85288384647416
316,S8,14,60.14750025710741
317,S8,14,0.0
318,S8,14,223.25351576844267
319,S8,14,98.16991296169397
320,S8,14,64.11146089874497
321,S8,14,0.0
322,S8,14,0.0
323,S8,14,0.0
324,S8,14,0.0
325,S8,14,0.0
101,S8,15,32.42521593013242
102,S8,15,31.485642345367552
103,S8,15,54.85450700111453
104,S8,15,23.878105409423956
105,S8,15,25.704681036772527
106,S8,15,49.19909304728115
107,S8,15,44.7636784005862
108,S8,15,64.3881535901439
109,S8,15,62.22665005835896
110,S8,15,77.16921973786684
111,S8,15,0.0
112,S8,15,0.0
113,S8,15,91.57809456123465
114,S8,15,81.40248549526166
115,S8,15,123.56345857925739
116,S8,15,37.703321940073295
117,S8,15,0.0
118,S8,15,111.55477205318735
119,S8,15,62.82370628450708
120,S8,15,47.26260537681941
121,S8,15,0.0
122,S8,15,0.0
123,S8,15,0.0
124,S8,15,0.0
201,S8,15,41.91636126927563
202,S8,15,37.11606583398205
203,S8,15,65.7484712120145
204,S8,15,28.08517546827814
205,S8,15,26.296609515277737
206,S8,15,49.55896294886231
207,S8,15,47.780361340528124
208,S8,15,63.41841551039514
209,S8,15,68.55299076577604
210,S8,15,81.1077426311295
211,S8,15,0.0
212,S8,15,0.0
213,S8,15,96.44826794087491
214,S8,15,80.20119022501159
215,S8,15,110.09531652300767
216,S8,15,36.69672620371557
217,S8,15,0.0
218,S8,15,147.08036329713656
219,S8,15,78.36898510303139
220,S8,15,47.79473211382959
221,S8,15,0.0
222,S8,15,0.0
223,S8,15,0.0
224,S8,15,0.0
301,S8,15,64.8797025524862
302,S8,15,54.83989565133013
303,S8,15,86.4545325883257
304,S8,15,41.48849878731911
305,S8,15,42.199232175956986
306,S8,15,78.11075746070203
307,S8,15,75.48108297972618
308,S8,15,84.78219905398132
309,S8,15,83.15107229594959
310,S8,15,106.28041440899416
311,S8,15,0.0
312,S8,15,0.0
313,S8,15,145.88193202380268
314,S8,15,107.17720371680402
315,S8,15,212.18142840140007
316,S8,15,56.15238615046123
317,S8,15,0.0
318,S8,15,218.67088829215922
319,S8,15,102.85438437153734
320,S8,15,64.37541222525255
321,S8,15,0.0
322,S8,15,0.0
323,S8,15,0.0
324,S8,15,0.0
325,S8,15,0.0
101,S8,16,32.86974295277034
102,S8,16,28.85598156374813
103,S8,16,55.192851563159074
104,S8,16,22.99953794750833
105,S8,16,26.34161122860149
106,S8,16,48.44138938513413
107,S8,16,46.51545792263875
108,S8,16,60.86978284200968
109,S8,16,64.34992643551134
110,S8,16,77.18530390128922
111,S8,16,0.0
112,S8,16,0.0
113,S8,16,92.23910596118957
114,S8,16,75.3223051377162
115,S8,16,126.15586898262121
116,S8,16,35.61920798395706
117,S8,16,0.0
118,S8,16,120.23779784842684
119,S8,16,60.55497450991889
120,S8,16,44.199058043241855
121,S8,16,0.0
122,S8,16,0.0
123,S8,16,0.0
124,S8,16,0.0
201,S8,16,39.1970357184448
202,S8,16,36.73889256662774
203,S8,16,68.33284842437857
204,S8,16,27.030786572049514
205,S8,16,26.856282031079637
206,S8,16,52.803853147197074
207,S8,16,48.434378888050595
208,S8,16,65.26783658771203
209,S8,16,67.97572577610818
210,S8,16,80.95665365309502
211,S8,16,0.0
212,S8,16,0.0
213,S8,16,100.04583216740646
214,S8,16,85.50306680852249
215,S8,16,117.80652539724638
216,S8,16,36.44348081742997
217,S8,16,0.0
218,S8,16,139.82814487389888
219,S8,16,79.43275103969177
220,S8,16,46.56928750034807
221,S8,16,0.0
222,S8,16,0.0
223,S8,16,0.0
224,S8,16,0.0
301,S8,16,60.26180914301804
302,S8,16,53.70539543935366
303,S8,16,89.36767478274494
304,S8,16,41.26383037872956
305,S8,16,40.90311937927428
306,S8,16,73.42311546935078
307,S8,16,68.07794635948437
308,S8,16,80.81440786492425
309,S8,16,83.63759005682967
310,S8,16,102.70415535332823
311,S8,16,0.0
312,S8,16,0.0
313,S8,16,140.29070216433993
314,S8,16,105.37202602224572
315,S8,16,202.24475188991667
316,S8,16,56.46563029559271
317,S8,16,0.0
318,S8,16,221.17612572124747
319,S8,16,96.24096990913326
320,S8,16,64.71139916249822
321,S8,16,0.0
322,S8,16,0.0
323,S8,16,0.0
324,S8,16,0.0
325,S8,16,0.0
101,S8,17,36.081076892946186
102,S8,17,31.388603267041514
103,S8,17,57.82059663124268
104,S8,17,25.142318419141482
105,S8,17,27.009330051329787
106,S8,17,50.91640525836779
107,S8,17,48.24863403630326
108,S8,17,69.35866210104544
109,S8,17,69.14881479691111
110,S8,17,84.72031159956062
111,S8,17,0.0
112,S8,17,0.0
113,S8,17,101.94225776701347
114,S8,17,83.35396815534388
115,S8,17,141.95976331657357
116,S8,17,37.939740223972144
117,S8,17,0.0
118,S8,17,118.71593418097991
119,S8,17,65.46186586869149
120,S8,17,48.82634110990048
121,S8,17,0.0
122,S8,17,0.0
123,S8,17,0.0
124,S8,17,0.0
201,S8,17,45.07484418266134
202,S8,17,39.14949029764176
203,S8,17,72.76247706881361
204,S8,17,29.03994701626761
205,S8,17,27.2976164490402
206,S8,17,53.72830866014355
207,S8,17,49.02679841482965
208,S8,17,67.3480562270028
209,S8,17,70.49992485419622
210,S8,17,86.4506720375826
211,S8,17,0.0
212,S8,17,0.0
213,S8,17,101.11492396205844
214,S8,17,85.71725142976189
215,S8,17,128.41377433790905
216,S8,17,40.56302818316401
217,S8,17,0.0
218,S8,17,149.66999779196817
219,S8,17,78.57947677279789
220,S8,17,50.5126327750767
221,S8,17,0.0
222,S8,17,0.0
223,S8,17,0.0
224,S8,17,0.0
301,S8,17,60.710175733577834
302,S8,17,57.03290666856907
303,S8,17,89.625943817931
304,S8,17,42.36528551265591
305,S8,17,39.9635849595832
306,S8,17,76.83563484251374
307,S8,17,69.53384737899462
308,S8,17,81.2244784795984
309,S8,17,83.52447109476276
310,S8,17,100.45955076514234
311,S8,17,0.0
312,S8,17,0.0
313,S8,17,137.31800858060203
314,S8,17,110.10463530975753
315,S8,17,205.73652336378896
316,S8,17,58.72506868191162
317,S8,17,0.0
318,S8,17,200.99648862387113
319,S8,17,99.37540715357807
320,S8,17,64.59887795833104
321,S8,17,0.0
322,S8,17,0.0
323,S8,17,0.0
324,S8,17,0.0
325,S8,17,0.0
101,S8,18,40.35845724483225
102,S8,18,34.46301325969905
103,S8,18,64.985537334529
104,S8,18,25.89064776468242
105,S8,18,31.21641673503223
106,S8,18,56.84466794578518
107,S8,18,53.13618963151128
108,S8,18,71.9785906691326
109,S8,18,71.37849710434307
110,S8,18,93.47469192912304
111,S8,18,0.0
112,S8,18,0.0
113,S8,18,113.08254385992569
114,S8,18,90.74636756202845
115,S8,18,145.73583358345192
116,S8,18,42.08466219159882
117,S8,18,0.0
118,S8,18,137.17903955016365
119,S8,18,76.5867908819664
120,S8,18,52.374799808775414
121,S8,18,0.0
122,S8,18,0.0
123,S8,18,0.0
124,S8,18,0.0
201,S8,18,52.20159353763412
202,S8,18,43.71279792333149
203,S8,18,81.00090828604363
204,S8,18,35.17273600803635
205,S8,18,33.86284964515272
206,S8,18,64.51474639292962
207,S8,18,60.509771030255386
208,S8,18,79.53506075061787
209,S8,18,81.5055337041791
210,S8,18,98.37047942338181
211,S8,18,0.0
212,S8,18,0.0
213,S8,18,125.13959797565403
214,S8,18,101.29763983635632
215,S8,18,146.72526292836577
216,S8,18,46.05833302390345
217,S8,18,0.0
218,S8,18,171.38391053690816
219,S8,18,96.11610451436154
220,S8,18,59.86809906545101
221,S8,18,0.0
222,S8,18,0.0
223,S8,18,0.0
224,S8,18,0.0
301,S8,18,68.55837726301472
302,S8,18,61.07627807646138
303,S8,18,92.42018372526968
304,S8,18,45.76286339661638
305,S8,18,42.294350098346236
306,S8,18,86.64737148915663
307,S8,18,72.62972139814879
308,S8,18,87.30927838409345
309,S8,18,95.1510389421615
310,S8,18,117.41369273615494
311,S8,18,0.0
312,S8,18,0.0
313,S8,18,159.13924609195976
314,S8,18,115.47691328660736
315,S8,18,210.63804824868154
316,S8,18,59.15422847938125
317,S8,18,0.0
318,S8,18,236.00202533966447
319,S8,18,102.94681400589637
320,S8,18,70.05656887357442
321,S8,18,0.0
322,S8,18,0.0
323,S8,18,0.0
324,S8,18,0.0
325,S8,18,0.0
101,S8,19,40.6198968029483
102,S8,19,35.97370601919416
103,S8,19,65.96351011933601
104,S8,19,27.39824115505297
105,S8,19,31.35547846619065
106,S8,19,59.07201563045727
107,S8,19,54.270960670006914
108,S8,19,69.55368801072986
109,S8,19,75.82641809099793
110,S8,19,89.95135865071816
111,S8,19,0.0
112,S8,19,0.0
113,S8,19,108.58039128143885
114,S8,19,97.0604977142369
115,S8,19,153.040837828963
116,S8,19,43.596056387952544
117,S8,19,0.0
118,S8,19,134.34427498149182
119,S8,19,71.7612056966648
120,S8,19,53.50357349307649
121,S8,19,0.0
122,S8,19,0.0
123,S8,19,0.0
124,S8,19,0.0
201,S8,19,53.82483115970592
202,S8,19,46.44687575254167
203,S8,19,90.55656550161062
204,S8,19,36.40483460717799
205,S8,19,34.70646479363089
206,S8,19,66.15730624475971
207,S8,19,58.57602067803108
208,S8,19,80.88318988433068
209,S8,19,88.05255473188868
210,S8,19,111.07539446685824
211,S8,19,0.0
212,S8,19,0.0
213,S8,19,118.9745758729869
214,S8,19,109.77208541405427
215,S8,19,149.35308969361975
216,S8,19,49.25590179957861
217,S8,19,0.0
218,S8,19,173.48235401975398
219,S8,19,100.84738717779224
220,S8,19,64.14811997002847
221,S8,19,0.0
222,S8,19,0.0
223,S8,19,0.0
224,S8,19,0.0
301,S8,19,68.31838681043668
302,S8,19,59.077807757263884
303,S8,19,94.49532863346718
304,S8,19,46.81414808239685
305,S8,19,41.976579998828306
306,S8,19,80.18615327320063
307,S8,19,71.88914780305339
308,S8,19,87.74891904599363
309,S8,19,87.67251975805812
310,S8,19,117.84139836267049
311,S8,19,0.0
312,S8,19,0.0
313,S8,19,149.14702833899085
314,S8,19,116.84471618701934
315,S8,19,217.22357389561586
316,S8,19,58.27163302183825
317,S8,19,0.0
318,S8,19,221.8660649795162
319,S8,19,101.56816285572943
320,S8,19,63.847148780132976
321,S8,19,0.0
322,S8,19,0.0
323,S8,19,0.0
324,S8,19,0.0
325,S8,19,0.0
101,S8,20,37.63103421006779
102,S8,20,34.62706619202114
103,S8,20,67.27374258671549
104,S8,20,26.815936885210352
105,S8,20,31.20352975080146
106,S8,20,54.93320457859055
107,S8,20,52.27041900445093
108,S8,20,72.57096906143978
109,S8,20,77.26016590724933
110,S8,20,89.54399479196977
111,S8,20,0.0
112,S8,20,0.0
113,S8,20,110.63590874215403
114,S8,20,90.26243611791283
115,S8,20,144.87231939575094
116,S8,20,40.591873618409764
117,S8,20,0.0
118,S8,20,140.2393767033367
119,S8,20,74.04685853251799
120,S8,20,55.60267191078419
121,S8,20,0.0
122,S8,20,0.0
123,S8,20,0.0
124,S8,20,0.0
201,S8,20,54.337101893129855
202,S8,20,45.10933375694653
203,S8,20,89.87933974910395
204,S8,20,35.17641497577967
205,S8,20,35.128800247725295
206,S8,20,67.21521691450795
207,S8,20,57.51019710352983
208,S8,20,80.66588746440864
209,S8,20,81.70143696306923
210,S8,20,107.59655908438637
211,S8,20,0.0
212,S8,20,0.0
213,S8,20,120.12181782815321
214,S8,20,104.34933264859531
215,S8,20,152.7518796505097
216,S8,20,47.385184835907566
217,S8,20,0.0
218,S8,20,183.63843247998855
219,S8,20,97.61121561378674
220,S8,20,63.23583066370668
221,S8,20,0.0
222,S8,20,0.0
223,S8,20,0.0
224,S8,20,0.0
301,S8,20,63.35295679364898
302,S8,20,56.483400675204116
303,S8,20,87.5648954710332
304,S8,20,40.92855027759308
305,S8,20,42.95030684309134
306,S8,20,81.59477537073995
307,S8,20,70.29683662593813
308,S8,20,86.75797250667506
309,S8,20,83.99915634524481
310,S8,20,109.38492407180357
311,S8,20,0.0
312,S8,20,0.0
313,S8,20,152.76789356814604
314,S8,20,110.07786675313046
315,S8,20,198.0341714157096
316,S8,20,57.0770258377294
317,S8,20,0.0
318,S8,20,212.4357710968216
319,S8,20,98.70047935636082
320,S8,20,65.99720029416314
321,S8,20,0.0
322,S8,20,0.0
323,S8,20,0.0
324,S8,20,0.0
325,S8,20,0.0
101,S8,21,36.197879612145634
102,S8,21,34.94037647675206
103,S8,21,62.81974227436882
104,S8,21,25.86682249621638
105,S8,21,29.92757098013937
106,S8,21,53.727735965242104
107,S8,21,52.16425628769843
108,S8,21,68.10628015835364
109,S8,21,71.86664239510247
110,S8,21,91.44210246189995
111,S8,21,0.0
112,S8,21,0.0
113,S8,21,104.4376368166738
114,S8,21,90.3334302371775
115,S8,21,148.57902947739504
116,S8,21,41.54141131755513
117,S8,21,0.0
118,S8,21,126.52796175385085
119,S8,21,71.01845047599392
120,S8,21,53.05625426063842
121,S8,21,0.0
122,S8,21,0.0
123,S8,21,0.0
124,S8,21,0.0
201,S8,21,52.64351998101336
202,S8,21,46.16063671533992
203,S8,21,83.90440956911239
204,S8,21,34.62362373832566
205,S8,21,34.5888870713545
206,S8,21,64.95164201105
207,S8,21,59.24325495095231
208,S8,21,84.02354986137253
209,S8,21,80.6725416483304
210,S8,21,99.83724692935401
211,S8,21,0.0
212,S8,21,0.0
213,S8,21,126.58159806720317
214,S8,21,106.86672315317153
215,S8,21,148.7212948421234
216,S8,21,45.049296903990935
217,S8,21,0.0
218,S8,21,177.49724228783253
219,S8,21,95.22995363104273
220,S8,21,62.734708530540566
221,S8,21,0.0
222,S8,21,0.0
223,S8,21,0.0
224,S8,21,0.0
301,S8,21,59.3094243817655
302,S8,21,52.388461878468085
303,S8,21,86.52203842165252
304,S8,21,39.80020493003319
305,S8,21,40.76642059469822
306,S8,21,72.72369953591192
307,S8,21,70.72093264546835
308,S8,21,84.38728331541697
309,S8,21,86.19125633349118
310,S8,21,101.39533856796054
311,S8,21,0.0
312,S8,21,0.0
313,S8,21,140.01810193240195
314,S8,21,109.16716521641442
315,S8,21,202.037643086895
316,S8,21,53.335515336001606
317,S8,21,0.0
318,S8,21,216.39375643711747
319,S8,21,97.89116730142123
320,S8,21,61.552852889968406
321,S8,21,0.0
322,S8,21,0.0
323,S8,21,0.0
324,S8,21,0.0
325,S8,21,0.0
101,S8,22,33.80858215110257
102,S8,22,30.745220231042683
103,S8,22,56.912201330045455
104,S8,22,24.466742220787463
105,S8,22,25.48101253915848
106,S8,22,49.668531359999655
107,S8,22,45.9321243821091
108,S8,22,62.82726550276773
109,S8,22,64.42354431706589
110,S8,22,79.36348554211364
111,S8,22,0.0
112,S8,22,0.0
113,S8,22,98.63679400885468
114,S8,22,84.83138741590169
115,S8,22,134.53756158565798
116,S8,22,38.805859616757466
117,S8,22,0.0
118,S8,22,122.71877632543112
119,S8,22,68.59719159280428
120,S8,22,47.708628415270404
121,S8,22,0.0
122,S8,22,0.0
123,S8,22,0.0
124,S8,22,0.0
201,S8,22,48.744943240027695
202,S8,22,45.53732655946844
203,S8,22,79.90933532093858
204,S8,22,34.693263984433536
205,S8,22,30.9578502080729
206,S8,22,58.88969132069269
207,S8,22,55.123284048897915
208,S8,22,76.03811960153321
209,S8,22,77.11762173643736
210,S8,22,96.21967723935218
211,S8,22,0.0
212,S8,22,0.0
213,S8,22,118.74973299480476
214,S8,22,93.22801473461179
215,S8,22,143.82427550918376
216,S8,22,47.214502503081306
217,S8,22,0.0
218,S8,22,171.4933192263745
219,S8,22,91.7560625835975
220,S8,22,58.50644330384607
221,S8,22,0.0
222,S8,22,0.0
223,S8,22,0.0
224,S8,22,0.0
301,S8,22,54.9517175483324
302,S8,22,52.678477252553776
303,S8,22,77.66344236468913
304,S8,22,38.319814115734474
305,S8,22,37.4182162545716
306,S8,22,73.23405735807732
307,S8,22,67.52056846959776
308,S8,22,78.46301138465849
309,S8,22,80.0089639297991
310,S8,22,94.99465634551564
311,S8,22,0.0
312,S8,22,0.0
313,S8,22,138.80331056582182
314,S8,22,97.26230088623873
315,S8,22,178.83635574891682
316,S8,22,52.3777964007501
317,S8,22,0.0
318,S8,22,184.6488782464885
319,S8,22,86.39634796877966
320,S8,22,58.76322718350522
321,S8,22,0.0
322,S8,22,0.0
323,S8,22,0.0
324,S8,22,0.0
325,S8,22,0.0
101,S8,23,33.63847273482811
102,S8,23,27.85522137609556
103,S8,23,54.86372140952427
104,S8,23,22.711687523025734
105,S8,23,24.19172805174187
106,S8,23,46.22218115168031
107,S8,23,44.67968075803444
108,S8,23,58.444641825011054
109,S8,23,60.105279340747636
110,S8,23,74.28226481378364
111,S8,23,0.0
112,S8,23,0.0
113,S8,23,85.22722015107631
114,S8,23,72.41448655691615
115,S8,23,121.78453823962036
116,S8,23,35.445304761952634
117,S8,23,0.0
118,S8,23,116.0356805273186
119,S8,23,60.128904223586424
120,S8,23,44.475593130686896
121,S8,23,0.0
122,S8,23,0.0
123,S8,23,0.0
124,S8,23,0.0
201,S8,23,44.33160212971281
202,S8,23,41.28462276967032
203,S8,23,73.64658658801422
204,S8,23,31.312614394156878
205,S8,23,30.6441280639796
206,S8,23,54.93400227997261
207,S8,23,51.646038536782505
208,S8,23,74.23469495522178
209,S8,23,69.31601629808193
210,S8,23,88.65714677533508
211,S8,23,0.0
212,S8,23,0.0
213,S8,23,103.100846532045
214,S8,23,89.58934610122435
215,S8,23,131.4232702741492
216,S8,23,39.71204955088528
217,S8,23,0.0
218,S8,23,158.99768706150542
219,S8,23,86.06067544643264
220,S8,23,53.315849086005564
221,S8,23,0.0
222,S8,23,0.0
223,S8,23,0.0
224,S8,23,0.0
301,S8,23,52.796435856726625
302,S8,23,45.20487900106964
303,S8,23,74.6937429837091
304,S8,23,36.46437829484555
305,S8,23,34.15067014060031
306,S8,23,61.292698966863284
307,S8,23,56.15568692817268
308,S8,23,66.24824893112157
309,S8,23,71.7633638337886
310,S8,23,88.010279798577
311,S8,23,0.0
312,S8,23,0.0
313,S8,23,124.10154197595091
314,S8,23,89.83418819784819
315,S8,23,167.50493020486311
316,S8,23,48.39464566411474
317,S8,23,0.0
318,S8,23,180.06761150273337
319,S8,23,84.90973126227667
320,S8,23,53.33297850415842
321,S8,23,0.0
322,S8,23,0.0
323,S8,23,0.0
324,S8,23,0.0
325,S8,23,0.0
101,S8,24,30.526285226681203
102,S8,24,28.573823574928483
103,S8,24,52.56593422437568
104,S8,24,20.962818275416012
105,S8,24,24.596015552530208
106,S8,24,46.68630621062645
107,S8,24,40.80258853728994
108,S8,24,58.76183464006204
109,S8,24,60.77643958349283
110,S8,24,75.87031243721798
111,S8,24,0.0
112,S8,24,0.0
113,S8,24,82.54252048387984
114,S8,24,73.70466525977739
115,S8,24,120.69666631856379
116,S8,24,33.574701203786496
117,S8,24,0.0
118,S8,24,104.09285412332126
119,S8,24,56.74957869257795
120,S8,24,42.98566776210421
121,S8,24,0.0
122,S8,24,0.0
123,S8,24,0.0
124,S8,24,0.0
201,S8,24,44.04076561112974
202,S8,24,39.84234317994194
203,S8,24,74.06906826527975
204,S8,24,28.282024072399224
205,S8,24,27.810922033233908
206,S8,24,55.85697662145368
207,S8,24,48.879156142690235
208,S8,24,64.61670728153804
209,S8,24,65.97286288548976
210,S8,24,89.70521202013695
211,S8,24,0.0
212,S8,24,0.0
213,S8,24,100.88134685646259
214,S8,24,84.26671190408514
215,S8,24,119.48743623706909
216,S8,24,39.56827443210847
217,S8,24,0.0
218,S8,24,152.41946804138115
219,S8,24,82.31251960410279
220,S8,24,49.56463719467353
221,S8,24,0.0
222,S8,24,0.0
223,S8,24,0.0
224,S8,24,0.0
301,S8,24,44.55782247986296
302,S8,24,39.788537569007275
303,S8,24,64.35235553509872
304,S8,24,33.205427604259164
305,S8,24,29.17666286592994
306,S8,24,57.45431531765647
307,S8,24,52.577298243896585
308,S8,24,61.257392020486996
309,S8,24,63.94193134462076
310,S8,24,80.33455047470903
311,S8,24,0.0
312,S8,24,0.0
313,S8,24,106.02013564417966
314,S8,24,83.88926485282234
315,S8,24,148.9658724734212
316,S8,24,42.724448071310086
317,S8,24,0.0
318,S8,24,154.41970747881865
319,S8,24,72.66551252943594
320,S8,24,47.44173403173329
321,S8,24,0.0
322,S8,24,0.0
323,S8,24,0.0
324,S8,24,0.0
325,S8,24,0.0
101,S9,1,36.23115572798827
102,S9,1,32.709148842857566
103,S9,1,61.48786122448899
104,S9,1,24.809420911961876
105,S9,1,28.71478908989965
106,S9,1,54.41059260556753
107,S9,1,47.60551579516361
108,S9,1,63.97098118150183
109,S9,1,67.63167820224756
110,S9,1,84.2803456037281
111,S9,1,0.0
112,S9,1,0.0
113,S9,1,98.5588863178672
114,S9,1,82.46897320247876
115,S9,1,142.7433371577821
116,S9,1,39.95509288871463
117,S9,1,0.0
118,S9,1,125.89895254517683
119,S9,1,67.20372020486471
120,S9,1,49.77904391719159
121,S9,1,0.0
122,S9,1,0.0
123,S9,1,0.0
124,S9,1,0.0
201,S9,1,44.73124109355307
202,S9,1,37.93082739522627
203,S9,1,74.16166356736322
204,S9,1,28.943127000180084
205,S9,1,28.37744789448588
206,S9,1,52.854613284525804
207,S9,1,50.225736285972346
208,S9,1,65.33620920933168
209,S9,1,68.01590094899149
210,S9,1,86.59387470244066
211,S9,1,0.0
212,S9,1,0.0
213,S9,1,106.0495972708585
214,S9,1,91.11359042597127
215,S9,1,118.65710494678464
216,S9,1,40.57683002252348
217,S9,1,0.0
218,S9,1,156.68388564387078
219,S9,1,82.39368086300853
220,S9,1,50.45692349324948
221,S9,1,0.0
222,S9,1,0.0
223,S9,1,0.0
224,S9,1,0.0
301,S9,1,45.801619258741404
302,S9,1,41.688726498867524
303,S9,1,66.15119094249168
304,S9,1,31.236325230867713
305,S9,1,28.816638088817722
306,S9,1,54.133769419329155
307,S9,1,50.32471087038813
308,S9,1,60.41040489946617
309,S9,1,59.99310252620938
310,S9,1,76.63500960961824
311,S9,1,0.0
312,S9,1,0.0
313,S9,1,103.05693500070142
314,S9,1,75.05340195500736
315,S9,1,151.225584411497
316,S9,1,40.41111661067765
317,S9,1,0.0
318,S9,1,158.80603306641626
319,S9,1,70.89367079983157
320,S9,1,44.261462102189824
321,S9,1,0.0
322,S9,1,0.0
323,S9,1,0.0
324,S9,1,0.0
325,S9,1,0.0
101,S9,2,34.1671836981023
102,S9,2,29.589228260616583
103,S9,2,56.985617426042666
104,S9,2,24.06027665851457
105,S9,2,26.224945605976302
106,S9,2,47.957155907599095
107,S9,2,45.62869709305003
108,S9,2,61.65350610182603
109,S9,2,61.971572057400905
110,S9,2,82.62405289532676
111,S9,2,0.0
112,S9,2,0.0
113,S9,2,93.40977772055112
114,S9,2,83.28222785683754
115,S9,2,128.1753970461981
116,S9,2,35.213679308605116
117,S9,2,0.0
118,S9,2,114.84241669683162
119,S9,2,66.41315489167613
120,S9,2,45.449875099700684
121,S9,2,0.0
122,S9,2,0.0
123,S9,2,0.0
124,S9,2,0.0
201,S9,2,42.00610482848845
202,S9,2,35.671676563921054
203,S9,2,65.78109309299113
204,S9,2,29.38204038792793
205,S9,2,28.095592312316374
206,S9,2,53.21652416505379
207,S9,2,45.487062464235564
208,S9,2,67.89990170237637
209,S9,2,69.29993758834368
210,S9,2,81.8367110143841
211,S9,2,0.0
212,S9,2,0.0
213,S9,2,100.17344776042569
214,S9,2,85.28179039663797
215,S9,2,114.3361589928576
216,S9,2,37.331435119188775
217,S9,2,0.0
218,S9,2,137.8377923634558
219,S9,2,77.69162122425074
220,S9,2,50.41218020758033
221,S9,2,0.0
222,S9,2,0.0
223,S9,2,0.0
224,S9,2,0.0
301,S9,2,41.75536233239427
302,S9,2,36.18327440484986
303,S9,2,56.78914716573005
304,S9,2,29.69593608008405
305,S9,2,27.645598491489352
306,S9,2,54.032904675971004
307,S9,2,47.08592836549569
308,S9,2,54.741652480188904
309,S9,2,57.048449151430454
310,S9,2,75.98039901076511
311,S9,2,0.0
312,S9,2,0.0
313,S9,2,94.73633296654859
314,S9,2,70.32477467667255
315,S9,2,139.2393463276351
316,S9,2,37.919962749021536
317,S9,2,0.0
318,S9,2,138.24126207834092
319,S9,2,63.87050131403886
320,S9,2,40.807950257186874
321,S9,2,0.0
322,S9,2,0.0
323,S9,2,0.0
324,S9,2,0.0
325,S9,2,0.0
101,S9,3,33.35340379721035
102,S9,3,30.354194934894586
103,S9,3,54.298125564623675
104,S9,3,22.44881933049079
105,S9,3,25.69048995613295
106,S9,3,50.31019637231482
107,S9,3,44.013846008794076
108,S9,3,63.176318969769035
109,S9,3,61.15690911456149
110,S9,3,79.88657345312149
111,S9,3,0.0
112,S9,3,0.0
113,S9,3,88.84779183301545
114,S9,3,73.86270551653155
115,S9,3,126.94964568287429
116,S9,3,34.03043231661047
117,S9,3,0.0
118,S9,3,114.56297966604262
119,S9,3,63.93688417255086
120,S9,3,46.32335175092405
121,S9,3,0.0
122,S9,3,0.0
123,S9,3,0.0
124,S9,3,0.0
201,S9,3,38.121453135891024
202,S9,3,36.2129542331578
203,S9,3,63.86972884980917
204,S9,3,27.030772928773096
205,S9,3,25.038424183716643
206,S9,3,51.16532234961193
207,S9,3,46.0512581142504
208,S9,3,60.959203101818
209,S9,3,64.79401984656948
210,S9,3,82.47658609432007
211,S9,3,0.0
212,S9,3,0.0
213,S9,3,93.34358135850583
214,S9,3,76.86741346927901
215,S9,3,107.54798877710553
216,S9,3,36.884052395624906
217,S9,3,0.0
218,S9,3,136.5253067498079
219,S9,3,70.7326583246068
220,S9,3,44.719161706443934
221,S9,3,0.0
222,S9,3,0.0
223,S9,3,0.0
224,S9,3,0.0
301,S9,3,40.712035971936636
302,S9,3,39.043627432998235
303,S9,3,58.30870832191948
304,S9,3,29.135083896175676
305,S9,3,27.283062602030487
306,S9,3,53.34064578420418
307,S9,3,47.507844250142995
308,S9,3,56.37393165618771
309,S9,3,58.30028875751749
310,S9,3,71.40049193818625
311,S9,3,0.0
312,S9,3,0.0
313,S9,3,100.08168045154069
314,S9,3,75.59733879122179
315,S9,3,135.90517221170091
316,S9,3,40.20021185278073
317,S9,3,0.0
318,S9,3,145.0405720213258
319,S9,3,64.79838126553571
320,S9,3,41.36380135558642
321,S9,3,0.0
322,S9,3,0.0
323,S9,3,0.0
324,S9,3,0.0
325,S9,3,0.0
101,S9,4,30.674678585634595
102,S9,4,29.497434859846805
103,S9,4,52.63254983832889
104,S9,4,21.449961661264627
105,S9,4,25.843725494609107
106,S9,4,48.19957439645045
107,S9,4,41.9025402776833
108,S9,4,57.66911314580359
109,S9,4,61.15770790732995
110,S9,4,76.07450461349525
111,S9,4,0.0
112,S9,4,0.0
113,S9,4,84.39440261894593
114,S9,4,76.07588659769132
115,S9,4,125.70554066572888
116,S9,4,34.30264171025712
117,S9,4,0.0
118,S9,4,115.40609027682875
119,S9,4,61.801867613694476
120,S9,4,43.903118019024014
121,S9,4,0.0
122,S9,4,0.0
123,S9,4,0.0
124,S9,4,0.0
201,S9,4,38.171115590397925
202,S9,4,32.586392663852735
203,S9,4,64.68875886346092
204,S9,4,26.237602997724228
205,S9,4,24.578686602873866
206,S9,4,47.4345858244071
207,S9,4,43.814761085866365
208,S9,4,58.148532491803955
209,S9,4,60.1372520192928
210,S9,4,79.6225563088216
211,S9,4,0.0
212,S9,4,0.0
213,S9,4,94.33093748384361
214,S9,4,75.20088508111007
215,S9,4,112.94412341814096
216,S9,4,37.00059280595842
217,S9,4,0.0
218,S9,4,125.77701297226058
219,S9,4,69.6645218137991
220,S9,4,46.421274621732856
221,S9,4,0.0
222,S9,4,0.0
223,S9,4,0.0
224,S9,4,0.0
301,S9,4,40.415423564268366
302,S9,4,37.41414049189054
303,S9,4,59.51019279262738
304,S9,4,27.99575897607248
305,S9,4,27.796749120886645
306,S9,4,49.015276157313615
307,S9,4,47.78702749522797
308,S9,4,56.245714656162825
309,S9,4,55.56010119540624
310,S9,4,67.15681374865709
311,S9,4,0.0
312,S9,4,0.0
313,S9,4,97.61780764773773
314,S9,4,67.33432611797151
315,S9,4,130.65933915591424
316,S9,4,37.42486437013001
317,S9,4,0.0
318,S9,4,137.6853822116823
319,S9,4,67.45791932102519
320,S9,4,39.320549689192816
321,S9,4,0.0
322,S9,4,0.0
323,S9,4,0.0
324,S9,4,0.0
325,S9,4,0.0
101,S9,5,31.252989148491675
102,S9,5,28.288677116803367
103,S9,5,53.52679000850423
104,S9,5,21.451215777416937
105,S9,5,25.32131893141201
106,S9,5,46.42759822994472
107,S9,5,43.463524634335556
108,S9,5,56.001762460701784
109,S9,5,58.707648744488175
110,S9,5,71.58774764635318
111,S9,5,0.0
112,S9,5,0.0
113,S9,5,89.24232376212468
114,S9,5,75.06398448051443
115,S9,5,126.28752785251298
116,S9,5,34.20226162498945
117,S9,5,0.0
118,S9,5,114.3544076806442
119,S9,5,62.35495696253536
120,S9,5,43.40141792247132
121,S9,5,0.0
122,S9,5,0.0
123,S9,5,0.0
124,S9,5,0.0
201,S9,5,35.31383901471449
202,S9,5,32.423049180060936
203,S9,5,59.59526234811628
204,S9,5,26.007386915067634
205,S9,5,24.285422730602132
206,S9,5,44.7008911864082
207,S9,5,43.27088730449858
208,S9,5,55.426130572813285
209,S9,5,57.61445186923349
210,S9,5,72.24881861597143
211,S9,5,0.0
212,S9,5,0.0
213,S9,5,90.62850481507915
214,S9,5,76.75792495374837
215,S9,5,107.12859106666481
216,S9,5,35.09558334133928
217,S9,5,0.0
218,S9,5,123.91981335375401
219,S9,5,69.33702265579792
220,S9,5,43.51827448455203
221,S9,5,0.0
222,S9,5,0.0
223,S9,5,0.0
224,S9,5,0.0
301,S9,5,39.96247678742101
302,S9,5,37.49052192650972
303,S9,5,59.45764756518289
304,S9,5,26.766052728461926
305,S9,5,26.917962399350056
306,S9,5,52.21030604901744
307,S9,5,46.54606222116834
308,S9,5,54.83334929004961
309,S9,5,56.255389918495474
310,S9,5,69.87442958947366
311,S9,5,0.0
312,S9,5,0.0
313,S9,5,92.1920152583788
314,S9,5,73.29338658765764
315,S9,5,130.57099508461718
316,S9,5,39.39562245864901
317,S9,5,0.0
318,S9,5,136.74962511512436
319,S9,5,64.61568782642748
320,S9,5,39.67297985141467
321,S9,5,0.0
322,S9,5,0.0
323,S9,5,0.0
324,S9,5,0.0
325,S9,5,0.0
101,S9,6,31.444473429824605
102,S9,6,28.76642173794406
103,S9,6,55.40550732453479
104,S9,6,22.967536575760406
105,S9,6,24.503332424848477
106,S9,6,48.40348079459543
107,S9,6,45.21660267702234
108,S9,6,59.24540467283265
109,S9,6,61.8253180826393
110,S9,6,75.27534583635122
111,S9,6,0.0
112,S9,6,0.0
113,S9,6,87.48977222635047
114,S9,6,74.35012282853515
115,S9,6,117.41706332746425
116,S9,6,36.0940431267862
117,S9,6,0.0
118,S9,6,113.65477962473891
119,S9,6,62.63910360889835
120,S9,6,46.42788693377632
121,S9,6,0.0
122,S9,6,0.0
123,S9,6,0.0
124,S9,6,0.0
201,S9,6,37.73994452996315
202,S9,6,30.738549429033093
203,S9,6,60.019533917566115
204,S9,6,23.47988356787892
205,S9,6,22.60000657282054
206,S9,6,44.33169580948771
207,S9,6,42.64654755648562
208,S9,6,57.869188732982884
209,S9,6,57.61353070208466
210,S9,6,70.45375533767316
211,S9,6,0.0
212,S9,6,0.0
213,S9,6,85.82816803930501
214,S9,6,70.94545051164647
215,S9,6,96.65841428929322
216,S9,6,33.55896519806112
217,S9,6,0.0
218,S9,6,124.68393090744195
219,S9,6,70.74864056603116
220,S9,6,44.61363053084067
221,S9,6,0.0
222,S9,6,0.0
223,S9,6,0.0
224,S9,6,0.0
301,S9,6,42.556611306103584
302,S9,6,36.514852091843515
303,S9,6,58.195919925489456
304,S9,6,26.97837679310057
305,S9,6,27.593633656749834
306,S9,6,52.517695850845584
307,S9,6,47.374215292353945
308,S9,6,53.47260158569889
309,S9,6,54.83108355188352
310,S9,6,70.32166164382221
311,S9,6,0.0
312,S9,6,0.0
313,S9,6,96.53912611409972
314,S9,6,68.28422007540705
315,S9,6,130.76830060780694
316,S9,6,35.92643333028363
317,S9,6,0.0
318,S9,6,147.21696601938777
319,S9,6,67.42642062333269
320,S9,6,43.252175853985854
321,S9,6,0.0
322,S9,6,0.0
323,S9,6,0.0
324,S9,6,0.0
325,S9,6,0.0
101,S9,7,33.510502052349224
102,S9,7,31.750182696544908
103,S9,7,56.63329631271462
104,S9,7,24.353214619942865
105,S9,7,26.02191166869498
106,S9,7,53.47861884132936
107,S9,7,44.94532272597189
108,S9,7,62.967219832685856
109,S9,7,64.24702154542632
110,S9,7,79.5380282064438
111,S9,7,0.0
112,S9,7,0.0
113,S9,7,96.40926900462871
114,S9,7,84.05790093738085
115,S9,7,133.72008167587404
116,S9,7,36.753566658881574
117,S9,7,0.0
118,S9,7,115.34120410166457
119,S9,7,67.78935743736842
120,S9,7,47.97980523002775
121,S9,7,0.0
122,S9,7,0.0
123,S9,7,0.0
124,S9,7,0.0
201,S9,7,37.871684746984414
202,S9,7,34.32777850575242
203,S9,7,65.40122914912358
204,S9,7,26.817120898885538
205,S9,7,24.351963192958014
206,S9,7,48.35665153498637
207,S9,7,41.908484912893776
208,S9,7,58.70015246052714
209,S9,7,59.60735048614651
210,S9,7,72.37981488867051
211,S9,7,0.0
212,S9,7,0.0
213,S9,7,92.61021389959208
214,S9,7,78.53525880985946
215,S9,7,109.13868651641657
216,S9,7,36.278912745672905
217,S9,7,0.0
218,S9,7,127.56959128537805
219,S9,7,73.66239938531629
220,S9,7,45.027767629765016
221,S9,7,0.0
222,S9,7,0.0
223,S9,7,0.0
224,S9,7,0.0
301,S9,7,44.5335354163032
302,S9,7,39.95663253438103
303,S9,7,62.81693674384959
304,S9,7,30.721293811745827
305,S9,7,29.07738104160047
306,S9,7,52.666518959527174
307,S9,7,49.14963966483641
308,S9,7,59.185590274931634
309,S9,7,59.1988993881388
310,S9,7,74.26075574040122
311,S9,7,0.0
312,S9,7,0.0
313,S9,7,106.2433540705514
314,S9,7,75.76413406739684
315,S9,7,135.43503164295998
316,S9,7,38.891077668741566
317,S9,7,0.0
318,S9,7,147.8551812376979
319,S9,7,68.70928930683976
320,S9,7,45.54597490177322
321,S9,7,0.0
322,S9,7,0.0
323,S9,7,0.0
324,S9,7,0.0
325,S9,7,0.0
101,S9,8,37.24793835669802
102,S9,8,34.594503269181324
103,S9,8,64.92545949150094
104,S9,8,26.37296367015766
105,S9,8,30.191930703771654
106,S9,8,56.670759343766754
107,S9,8,52.70407850696643
108,S9,8,71.75875560380423
109,S9,8,74.31599763443634
110,S9,8,88.3905742820769
111,S9,8,0.0
112,S9,8,0.0
113,S9,8,103.3716785124089
114,S9,8,88.46491545303176
115,S9,8,146.70142313298314
116,S9,8,39.69376794232026
117,S9,8,0.0
118,S9,8,133.244061509508
119,S9,8,72.59486772016001
120,S9,8,51.97409648951692
121,S9,8,0.0
122,S9,8,0.0
123,S9,8,0.0
124,S9,8,0.0
201,S9,8,41.23992770438369
202,S9,8,34.92661066512976
203,S9,8,66.3539403144229
204,S9,8,27.533814442942408
205,S9,8,25.66294187988551
206,S9,8,50.94744713252307
207,S9,8,46.427684839856546
208,S9,8,62.254824905325705
209,S9,8,61.779601608261544
210,S9,8,84.24756819892757
211,S9,8,0.0
212,S9,8,0.0
213,S9,8,98.47709058878107
214,S9,8,77.87433187759721
215,S9,8,117.75065476891432
216,S9,8,37.4768955802727
217,S9,8,0.0
218,S9,8,136.4136896201491
219,S9,8,71.16629990399443
220,S9,8,45.766093627344716
221,S9,8,0.0
222,S9,8,0.0
223,S9,8,0.0
224,S9,8,0.0
301,S9,8,44.70048318714397
302,S9,8,41.40999294113489
303,S9,8,68.18503412161056
304,S9,8,33.25438381032778
305,S9,8,29.848423151375187
306,S9,8,61.16855472775966
307,S9,8,51.189410925846865
308,S9,8,65.03233922853178
309,S9,8,64.39266120541991
310,S9,8,78.69377470311584
311,S9,8,0.0
312,S9,8,0.0
313,S9,8,114.14308279854605
314,S9,8,81.71759089080712
315,S9,8,150.29983903103394
316,S9,8,42.51961991117542
317,S9,8,0.0
318,S9,8,159.7851396932222
319,S9,8,73.32742785059696
320,S9,8,46.79064165971361
321,S9,8,0.0
322,S9,8,0.0
323,S9,8,0.0
324,S9,8,0.0
325,S9,8,0.0
101,S9,9,42.12041138984552
102,S9,9,38.71635075553154
103,S9,9,66.4479119289053
104,S9,9,28.96603207071092
105,S9,9,31.32012430409934
106,S9,9,60.343897145302414
107,S9,9,53.82767203158437
108,S9,9,76.66532478947762
109,S9,9,74.22026929982033
110,S9,9,99.21235525819344
111,S9,9,0.0
112,S9,9,0.0
113,S9,9,108.46180206963314
114,S9,9,94.12230430329463
115,S9,9,155.1029188284135
116,S9,9,44.62000394375497
117,S9,9,0.0
118,S9,9,135.72806339643242
119,S9,9,74.8194675689512
120,S9,9,59.39913435268404
121,S9,9,0.0
122,S9,9,0.0
123,S9,9,0.0
124,S9,9,0.0
201,S9,9,41.1024776357727
202,S9,9,38.51316315046315
203,S9,9,66.31428358655373
204,S9,9,29.493180967673556
205,S9,9,28.217308278722676
206,S9,9,54.97220779882546
207,S9,9,46.19813600715735
208,S9,9,62.690417649000274
209,S9,9,68.2142399286752
210,S9,9,88.29634064420159
211,S9,9,0.0
212,S9,9,0.0
213,S9,9,97.71504953065275
214,S9,9,84.85868960418203
215,S9,9,122.29139122122444
216,S9,9,39.76049373707474
217,S9,9,0.0
218,S9,9,139.94664274667997
219,S9,9,75.05409379331368
220,S9,9,48.99148388404686
221,S9,9,0.0
222,S9,9,0.0
223,S9,9,0.0
224,S9,9,0.0
301,S9,9,51.20313671243467
302,S9,9,44.00301380140318
303,S9,9,70.30129416045013
304,S9,9,34.72778936152467
305,S9,9,31.25405280527889
306,S9,9,64.06672022613544
307,S9,9,55.09939724335493
308,S9,9,67.87440846608834
309,S9,9,68.08693204892697
310,S9,9,81.22969368156784
311,S9,9,0.0
312,S9,9,0.0
313,S9,9,119.67441197246089
314,S9,9,84.06263063271395
315,S9,9,168.32448312049164
316,S9,9,43.644693732783544
317,S9,9,0.0
318,S9,9,176.89807786934932
319,S9,9,78.7209704531373
320,S9,9,50.15719143079541
321,S9,9,0.0
322,S9,9,0.0
323,S9,9,0.0
324,S9,9,0.0
325,S9,9,0.0
101,S9,10,44.7338770613807
102,S9,10,39.335069534400446
103,S9,10,74.069586659853
104,S9,10,30.880342885149357
105,S9,10,33.51416168249467
106,S9,10,67.62308480196381
107,S9,10,58.054510842763456
108,S9,10,84.82364495318294
109,S9,10,83.84963019493799
110,S9,10,100.45867276304624
111,S9,10,0.0
112,S9,10,0.0
113,S9,10,125.93979350025096
114,S9,10,104.24991840002319
115,S9,10,175.65064294004497
116,S9,10,47.12322966736671
117,S9,10,0.0
118,S9,10,156.47559352899276
119,S9,10,81.00825171644644
120,S9,10,59.82934090614369
121,S9,10,0.0
122,S9,10,0.0
123,S9,10,0.0
124,S9,10,0.0
201,S9,10,44.001446251043205
202,S9,10,38.71189193097273
203,S9,10,72.48496881219421
204,S9,10,28.09047623392755
205,S9,10,27.755223556480942
206,S9,10,56.125546621252724
207,S9,10,48.25758521973281
208,S9,10,71.0772896059924
209,S9,10,67.93794758079706
210,S9,10,88.1233617553438
211,S9,10,0.0
212,S9,10,0.0
213,S9,10,103.09946619634047
214,S9,10,87.89910964161012
215,S9,10,119.8775524231834
216,S9,10,39.184636476589624
217,S9,10,0.0
218,S9,10,151.7690947820685
219,S9,10,82.75950409780738
220,S9,10,52.537770911227646
221,S9,10,0.0
222,S9,10,0.0
223,S9,10,0.0
224,S9,10,0.0
301,S9,10,53.731143904860076
302,S9,10,47.16795512283891
303,S9,10,74.38642163311764
304,S9,10,36.42812932466802
305,S9,10,32.634297290693674
306,S9,10,67.28131295483836
307,S9,10,61.55370297112868
308,S9,10,71.75053617689953
309,S9,10,70.44797115704571
310,S9,10,91.01137959698463
311,S9,10,0.0
312,S9,10,0.0
313,S9,10,119.08229355319537
314,S9,10,85.30620606200425
315,S9,10,167.66399274440403
316,S9,10,46.86702099645916
317,S9,10,0.0
318,S9,10,182.99073731725818
319,S9,10,81.16822423646863
320,S9,10,51.8627107091385
321,S9,10,0.0
322,S9,10,0.0
323,S9,10,0.0
324,S9,10,0.0
325,S9,10,0.0
101,S9,11,47.13734151230981
102,S9,11,43.290972691831236
103,S9,11,80.21835336417737
104,S9,11,30.213025183708734
105,S9,11,36.25933262328629
106,S9,11,67.81729719534587
107,S9,11,59.97451301876026
108,S9,11,84.44436517357937
109,S9,11,86.6931542622167
110,S9,11,111.20600544697643
111,S9,11,0.0
112,S9,11,0.0
113,S9,11,131.77576379540554
114,S9,11,105.48780304171193
115,S9,11,184.02188405537356
116,S9,11,49.45730373335735
117,S9,11,0.0
118,S9,11,158.98155890847087
119,S9,11,91.25280337408734
120,S9,11,65.71377224684277
121,S9,11,0.0
122,S9,11,0.0
123,S9,11,0.0
124,S9,11,0.0
201,S9,11,45.630594677976916
202,S9,11,38.722919382481145
203,S9,11,69.75167317183404
204,S9,11,30.338352437230274
205,S9,11,29.760041379801244
206,S9,11,57.357432609727226
207,S9,11,49.9898460151273
208,S9,11,66.40540646328951
209,S9,11,68.89439706670896
210,S9,11,87.86366421241316
211,S9,11,0.0
212,S9,11,0.0
213,S9,11,102.56516558464484
214,S9,11,83.62156010934002
215,S9,11,127.16307231541664
216,S9,11,40.977351925089096
217,S9,11,0.0
218,S9,11,149.47596598129095
219,S9,11,83.79790996034293
220,S9,11,49.18612373395318
221,S9,11,0.0
222,S9,11,0.0
223,S9,11,0.0
224,S9,11,0.0
301,S9,11,54.438184239402915
302,S9,11,50.14587406102914
303,S9,11,73.76275694404083
304,S9,11,38.577199894538055
305,S9,11,35.08469674423923
306,S9,11,65.19816926390381
307,S9,11,60.59477821583356
308,S9,11,69.78385827138564
309,S9,11,72.08741239799319
310,S9,11,97.94245813748864
311,S9,11,0.0
312,S9,11,0.0
313,S9,11,127.75796840427675
314,S9,11,90.12080265865141
315,S9,11,177.17620025110637
316,S9,11,48.110096119912235
317,S9,11,0.0
318,S9,11,188.54012528660476
319,S9,11,87.10155136630674
320,S9,11,55.61109355715541
321,S9,11,0.0
322,S9,11,0.0
323,S9,11,0.0
324,S9,11,0.0
325,S9,11,0.0
101,S9,12,48.11063908636095
102,S9,12,42.68496564932873
103,S9,12,81.83324137655774
104,S9,12,31.740114502943182
105,S9,12,35.67164323769469
106,S9,12,71.57000818893866
107,S9,12,65.38705784195362
108,S9,12,91.07061806703943
109,S9,12,92.26945143198647
110,S9,12,116.67447092843236
111,S9,12,0.0
112,S9,12,0.0
113,S9,12,138.8193419856382
114,S9,12,107.34623488307182
115,S9,12,191.41220557376727
116,S9,12,53.23909890655034
117,S9,12,0.0
118,S9,12,164.4635061654805
119,S9,12,86.86069451733609
120,S9,12,65.43980971231201
121,S9,12,0.0
122,S9,12,0.0
123,S9,12,0.0
124,S9,12,0.0
201,S9,12,43.58066857690964
202,S9,12,38.8548750573453
203,S9,12,74.76587874649478
204,S9,12,28.90316569598876
205,S9,12,27.54653197858173
206,S9,12,54.865923938383084
207,S9,12,50.43676837886905
208,S9,12,67.14351543629697
209,S9,12,70.92188474193847
210,S9,12,85.41150633605342
211,S9,12,0.0
212,S9,12,0.0
213,S9,12,103.533632019232
214,S9,12,83.17789827321785
215,S9,12,115.89870067077274
216,S9,12,39.11461898482538
217,S9,12,0.0
218,S9,12,142.29106606165783
219,S9,12,77.67047934899493
220,S9,12,49.20528963197947
221,S9,12,0.0
222,S9,12,0.0
223,S9,12,0.0
224,S9,12,0.0
301,S9,12,53.121808188788584
302,S9,12,46.639100799557816
303,S9,12,77.36743412891128
304,S9,12,38.091194032709076
305,S9,12,35.582131609561635
306,S9,12,66.17003461043673
307,S9,12,63.34344181132153
308,S9,12,73.09227521350073
309,S9,12,72.15037543712445
310,S9,12,89.42236883778206
311,S9,12,0.0
312,S9,12,0.0
313,S9,12,129.35503825283254
314,S9,12,95.9010218603389
315,S9,12,168.38395596895816
316,S9,12,50.7633288273792
317,S9,12,0.0
318,S9,12,178.51170148983726
319,S9,12,82.84622464069625
320,S9,12,55.569307378215264
321,S9,12,0.0
322,S9,12,0.0
323,S9,12,0.0
324,S9,12,0.0
325,S9,12,0.0
101,S9,13,47.51889828874689
102,S9,13,47.04812659004253
103,S9,13,81.41178615760566
104,S9,13,32.828282044486514
105,S9,13,36.35333824820622
106,S9,13,71.07942338958112
107,S9,13,65.86957496915157
108,S9,13,94.78975194193623
109,S9,13,96.87024707362482
110,S9,13,116.42300365613033
111,S9,13,0.0
112,S9,13,0.0
113,S9,13,142.43407609256596
114,S9,13,114.78414113115915
115,S9,13,185.16017495065734
116,S9,13,52.75647193427318
117,S9,13,0.0
118,S9,13,173.6966879777675
119,S9,13,96.95321656750204
120,S9,13,65.81321316481718
121,S9,13,0.0
122,S9,13,0.0
123,S9,13,0.0
124,S9,13,0.0
201,S9,13,43.54765591911962
202,S9,13,38.00475675766355
203,S9,13,66.8383141806882
204,S9,13,29.006243885648672
205,S9,13,27.696498021114962
206,S9,13,53.11524094125975
207,S9,13,46.50524685695977
208,S9,13,65.5563569772437
209,S9,13,65.27635028871308
210,S9,13,83.76672351449551
211,S9,13,0.0
212,S9,13,0.0
213,S9,13,102.90608532097451
214,S9,13,87.34944780375955
215,S9,13,120.31337625886778
216,S9,13,40.294054020751474
217,S9,13,0.0
218,S9,13,149.58493349827296
219,S9,13,77.78799418092274
220,S9,13,49.165171612102895
221,S9,13,0.0
222,S9,13,0.0
223,S9,13,0.0
224,S9,13,0.0
301,S9,13,54.000278009834936
302,S9,13,48.74947398857379
303,S9,13,73.485716733866
304,S9,13,37.656766962944
305,S9,13,33.84512413272435
306,S9,13,64.37818467177043
307,S9,13,59.5922869035798
308,S9,13,70.8750145787165
309,S9,13,73.72016473525262
310,S9,13,96.77506923104991
311,S9,13,0.0
312,S9,13,0.0
313,S9,13,124.7196271515102
314,S9,13,91.26854124107311
315,S9,13,172.28156921574396
316,S9,13,48.38141217840605
317,S9,13,0.0
318,S9,13,179.82469757917258
319,S9,13,89.91556513796402
320,S9,13,55.816689073924785
321,S9,13,0.0
322,S9,13,0.0
323,S9,13,0.0
324,S9,13,0.0
325,S9,13,0.0
101,S9,14,50.54228305959804
102,S9,14,45.30558594966803
103,S9,14,82.36867065315425
104,S9,14,35.77659506806697
105,S9,14,37.473928749200795
106,S9,14,76.33832994913189
107,S9,14,71.78986604350341
108,S9,14,92.05388975233102
109,S9,14,99.09476242094082
110,S9,14,120.20378824828134
111,S9,14,0.0
112,S9,14,0.0
113,S9,14,136.61872825885808
114,S9,14,121.64499599787365
115,S9,14,203.84675151885264
116,S9,14,55.86008211099158
117,S9,14,0.0
118,S9,14,175.34973361710948
119,S9,14,97.4766782924812
120,S9,14,70.32581721754144
121,S9,14,0.0
122,S9,14,0.0
123,S9,14,0.0
124,S9,14,0.0
201,S9,14,40.36427524559837
202,S9,14,36.09840742497558
203,S9,14,71.03242418708012
204,S9,14,29.061399615601022
205,S9,14,27.84864689764314
206,S9,14,50.73099900700021
207,S9,14,45.957205075965284
208,S9,14,65.04634482954854
209,S9,14,70.19091769270109
210,S9,14,84.46026448903751
211,S9,14,0.0
212,S9,14,0.0
213,S9,14,96.49175653957685
214,S9,14,86.35328013554559
215,S9,14,112.28258839640063
216,S9,14,40.260146318269506
217,S9,14,0.0
218,S9,14,139.62356148681258
219,S9,14,81.34967825282612
220,S9,14,47.55860890415131
221,S9,14,0.0
222,S9,14,0.0
223,S9,14,0.0
224,S9,14,0.0
301,S9,14,51.11270767327609
302,S9,14,47.35230547765086
303,S9,14,76.76920343075034
304,S9,14,34.75372969035755
305,S9,14,36.07161090921739
306,S9,14,64.80761143354307
307,S9,14,60.90793710625761
308,S9,14,72.46163663747436
309,S9,14,73.25279907450506
310,S9,14,89.00691369531972
311,S9,14,0.0
312,S9,14,0.0
313,S9,14,128.11692986300451
314,S9,14,93.13744912958718
315,S9,14,177.6176486595719
316,S9,14,49.51857558337838
317,S9,14,0.0
318,S9,14,187.61382813521934
319,S9,14,84.14033388354282
320,S9,14,52.1271957608335
321,S9,14,0.0
322,S9,14,0.0
323,S9,14,0.0
324,S9,14,0.0
325,S9,14,0.0
101,S9,15,54.73141472848661
102,S9,15,48.44732109530543
103,S9,15,90.89545145139422
104,S9,15,35.613661855107765
105,S9,15,39.20127147294577
106,S9,15,80.39182599389257
107,S9,15,67.66929845787645
108,S9,15,93.69419002711551
109,S9,15,101.13930069408235
110,S9,15,128.803824703771
111,S9,15,0.0
112,S9,15,0.0
113,S9,15,136.9908626736287
114,S9,15,123.31228401137987
115,S9,15,207.90499234549986
116,S9,15,58.603867960710474
117,S9,15,0.0
118,S9,15,174.56132243665712
119,S9,15,93.35657942848538
120,S9,15,74.58131740614206
121,S9,15,0.0
122,S9,15,0.0
123,S9,15,0.0
124,S9,15,0.0
201,S9,15,43.37727176464106
202,S9,15,38.467178378975376
203,S9,15,67.64473449597189
204,S9,15,29.56055721731366
205,S9,15,27.22418426448888
206,S9,15,51.06221363655185
207,S9,15,48.0529201631189
208,S9,15,68.01778270922442
209,S9,15,69.5454607626448
210,S9,15,82.9700911796158
211,S9,15,0.0
212,S9,15,0.0
213,S9,15,95.85989741799406
214,S9,15,86.86112732113885
215,S9,15,125.24567178358367
216,S9,15,40.966824484186205
217,S9,15,0.0
218,S9,15,146.99601571443608
219,S9,15,83.27801030683183
220,S9,15,48.20195824711911
221,S9,15,0.0
222,S9,15,0.0
223,S9,15,0.0
224,S9,15,0.0
301,S9,15,52.682267203973794
302,S9,15,45.24191177942362
303,S9,15,71.06409482835521
304,S9,15,36.54339746857863
305,S9,15,34.58305796458804
306,S9,15,65.1956615020285
307,S9,15,57.713919415356344
308,S9,15,71.6338477963188
309,S9,15,70.77738181015854
310,S9,15,88.94472808193096
311,S9,15,0.0
312,S9,15,0.0
313,S9,15,121.45855973605599
314,S9,15,86.5357828960134
315,S9,15,175.64344005915856
316,S9,15,46.655527162171595
317,S9,15,0.0
318,S9,15,175.33157696061443
319,S9,15,86.88537978585671
320,S9,15,55.149111419781
321,S9,15,0.0
322,S9,15,0.0
323,S9,15,0.0
324,S9,15,0.0
325,S9,15,0.0
101,S9,16,53.70296213965182
102,S9,16,49.513529485424286
103,S9,16,87.12189390394084
104,S9,16,36.43869783660988
105,S9,16,39.083661094498495
106,S9,16,73.71873910836803
107,S9,16,69.48125312753987
108,S9,16,92.41200318031458
109,S9,16,100.8007693760406
110,S9,16,129.05436216202585
111,S9,16,0.0
112,S9,16,0.0
113,S9,16,147.46284219047098
114,S9,16,124.03671931619589
115,S9,16,193.14545161086318
116,S9,16,54.98272170832367
117,S9,16,0.0
118,S9,16,187.54790925880258
119,S9,16,100.22906282906398
120,S9,16,75.6731120436724
121,S9,16,0.0
122,S9,16,0.0
123,S9,16,0.0
124,S9,16,0.0
201,S9,16,42.20080923192146
202,S9,16,37.70211723510904
203,S9,16,68.80947301342721
204,S9,16,30.281357142454716
205,S9,16,27.959712566939615
206,S9,16,55.001607704805636
207,S9,16,49.08286926711185
208,S9,16,67.6128573729924
209,S9,16,72.10593796672974
210,S9,16,86.19809765776436
211,S9,16,0.0
212,S9,16,0.0
213,S9,16,100.53958341402215
214,S9,16,85.30315280866787
215,S9,16,122.25516539612751
216,S9,16,39.071846774328435
217,S9,16,0.0
218,S9,16,151.9884577170377
219,S9,16,83.17802892831745
220,S9,16,53.262908921727
221,S9,16,0.0
222,S9,16,0.0
223,S9,16,0.0
224,S9,16,0.0
301,S9,16,48.893076015744676
302,S9,16,47.50751007744776
303,S9,16,75.97682796414604
304,S9,16,35.33862285895714
305,S9,16,34.1341615819208
306,S9,16,67.92206781568085
307,S9,16,59.530220978719214
308,S9,16,71.23738576674877
309,S9,16,73.77905233632194
310,S9,16,87.79959085930516
311,S9,16,0.0
312,S9,16,0.0
313,S9,16,120.80802537058412
314,S9,16,91.17451401928452
315,S9,16,165.8097088121028
316,S9,16,49.811236654440194
317,S9,16,0.0
318,S9,16,184.91867091402375
319,S9,16,83.29614601307506
320,S9,16,54.02433320249059
321,S9,16,0.0
322,S9,16,0.0
323,S9,16,0.0
324,S9,16,0.0
325,S9,16,0.0
101,S9,17,50.004486601501625
102,S9,17,45.08552176496988
103,S9,17,91.39847076671178
104,S9,17,34.579407744608645
105,S9,17,41.84714240732517
106,S9,17,77.19313134376527
107,S9,17,72.84130716660611
108,S9,17,95.8576790259044
109,S9,17,99.86228925537097
110,S9,17,124.52896680207047
111,S9,17,0.0
112,S9,17,0.0
113,S9,17,150.8167386773223
114,S9,17,120.55278951672602
115,S9,17,205.28802229299248
116,S9,17,58.36905210432231
117,S9,17,0.0
118,S9,17,188.46392212016366
119,S9,17,99.20781394147924
120,S9,17,74.34224119401573
121,S9,17,0.0
122,S9,17,0.0
123,S9,17,0.0
124,S9,17,0.0
201,S9,17,45.548320789442386
202,S9,17,37.79378535728323
203,S9,17,74.46135139354722
204,S9,17,28.389948055083902
205,S9,17,29.624311184777877
206,S9,17,53.75054786234171
207,S9,17,50.52301576099849
208,S9,17,72.07327460673538
209,S9,17,72.03470075666817
210,S9,17,87.67641101495286
211,S9,17,0.0
212,S9,17,0.0
213,S9,17,101.46790112943965
214,S9,17,88.77506304648718
215,S9,17,122.28586096799273
216,S9,17,41.24992153890325
217,S9,17,0.0
218,S9,17,152.9125911861529
219,S9,17,82.87840720533475
220,S9,17,49.134760161585305
221,S9,17,0.0
222,S9,17,0.0
223,S9,17,0.0
224,S9,17,0.0
301,S9,17,51.27322188590198
302,S9,17,47.273605619668295
303,S9,17,75.28787135940853
304,S9,17,34.657639494633024
305,S9,17,34.752778437437044
306,S9,17,62.94406229909104
307,S9,17,60.92844143587276
308,S9,17,69.04165156321821
309,S9,17,73.4252951761538
310,S9,17,87.56612600687006
311,S9,17,0.0
312,S9,17,0.0
313,S9,17,125.99593645137665
314,S9,17,87.00164952986646
315,S9,17,174.64627375844756
316,S9,17,45.364727935366155
317,S9,17,0.0
318,S9,17,172.04617501325103
319,S9,17,80.09404208802951
320,S9,17,51.52657783858701
321,S9,17,0.0
322,S9,17,0.0
323,S9,17,0.0
324,S9,17,0.0
325,S9,17,0.0
101,S9,18,51.680196050540864
102,S9,18,45.13365573270222
103,S9,18,79.54146478051346
104,S9,18,34.48738077178254
105,S9,18,39.41704916615144
106,S9,18,74.6107254186849
107,S9,18,65.38702062404066
108,S9,18,92.34393065908145
109,S9,18,96.7064524005818
110,S9,18,112.45545246245686
111,S9,18,0.0
112,S9,18,0.0
113,S9,18,139.06017820270768
114,S9,18,115.28677858911743
115,S9,18,183.27316749182268
116,S9,18,55.314756074354904
117,S9,18,0.0
118,S9,18,175.30920224561785
119,S9,18,90.92114657422698
120,S9,18,70.09358684823188
121,S9,18,0.0
122,S9,18,0.0
123,S9,18,0.0
124,S9,18,0.0
201,S9,18,44.767075145657145
202,S9,18,39.01966850146111
203,S9,18,73.63125248904348
204,S9,18,30.71923064539714
205,S9,18,27.248074543207156
206,S9,18,52.119373467522664
207,S9,18,50.61406959323643
208,S9,18,67.56338208073083
209,S9,18,69.95909182617966
210,S9,18,86.50630500772934
211,S9,18,0.0
212,S9,18,0.0
213,S9,18,100.24126573829541
214,S9,18,89.13547347094512
215,S9,18,121.93440716095218
216,S9,18,37.85549614999797
217,S9,18,0.0
218,S9,18,146.7897898025179
219,S9,18,76.48050787937314
220,S9,18,48.1526908546336
221,S9,18,0.0
222,S9,18,0.0
223,S9,18,0.0
224,S9,18,0.0
301,S9,18,50.289566979240554
302,S9,18,46.65655629322989
303,S9,18,73.46684173273684
304,S9,18,33.21623767060412
305,S9,18,32.70096265060304
306,S9,18,63.965149577531
307,S9,18,58.14195046342954
308,S9,18,71.4603668406203
309,S9,18,69.43420068718632
310,S9,18,88.54186974591155
311,S9,18,0.0
312,S9,18,0.0
313,S9,18,124.40401097656925
314,S9,18,84.14166092354897
315,S9,18,170.35160775159284
316,S9,18,44.99427525400344
317,S9,18,0.0
318,S9,18,169.71733409849296
319,S9,18,81.91548727850277
320,S9,18,52.06351521085731
321,S9,18,0.0
322,S9,18,0.0
323,S9,18,0.0
324,S9,18,0.0
325,S9,18,0.0
101,S9,19,47.751982330719564
102,S9,19,41.78099575183904
103,S9,19,77.51426466202845
104,S9,19,33.71710738148564
105,S9,19,35.738374542281505
106,S9,19,67.57984203989221
107,S9,19,64.71879524826154
108,S9,19,84.62144865926217
109,S9,19,86.57587774062789
110,S9,19,114.86237413241835
111,S9,19,0.0
112,S9,19,0.0
113,S9,19,129.60700786383154
114,S9,19,114.30280722484702
115,S9,19,183.04097581467047
116,S9,19,53.141809357138314
117,S9,19,0.0
118,S9,19,170.89578032157013
119,S9,19,89.51275081961128
120,S9,19,66.59087145745752
121,S9,19,0.0
122,S9,19,0.0
123,S9,19,0.0
124,S9,19,0.0
201,S9,19,41.678734901952886
202,S9,19,39.53722841425164
203,S9,19,73.287630165558
204,S9,19,29.28709754571678
205,S9,19,28.327618382389506
206,S9,19,53.59595615348606
207,S9,19,51.5058183200068
208,S9,19,67.8635990052655
209,S9,19,66.45769813738997
210,S9,19,82.28803743321778
211,S9,19,0.0
212,S9,19,0.0
213,S9,19,96.1604186722425
214,S9,19,86.02433987895625
215,S9,19,117.27505419708855
216,S9,19,38.60556611675034
217,S9,19,0.0
218,S9,19,145.64861581201447
219,S9,19,76.81370210416064
220,S9,19,52.60273950336321
221,S9,19,0.0
222,S9,19,0.0
223,S9,19,0.0
224,S9,19,0.0
301,S9,19,50.35064947363962
302,S9,19,43.71557846002539
303,S9,19,73.66739012366578
304,S9,19,36.094193940699725
305,S9,19,33.05512665003775
306,S9,19,62.9297509441469
307,S9,19,60.937587911032054
308,S9,19,65.89428015555075
309,S9,19,70.00456179023055
310,S9,19,88.85381663000261
311,S9,19,0.0
312,S9,19,0.0
313,S9,19,124.36132656286894
314,S9,19,90.83811436798685
315,S9,19,169.67690210225487
316,S9,19,48.41041391917917
317,S9,19,0.0
318,S9,19,171.42180993405043
319,S9,19,81.40821155243466
320,S9,19,53.0587310955131
321,S9,19,0.0
322,S9,19,0.0
323,S9,19,0.0
324,S9,19,0.0
325,S9,19,0.0
101,S9,20,49.47114558783808
102,S9,20,42.46435416937183
103,S9,20,81.15401129611567
104,S9,20,33.2419881027884
105,S9,20,34.991439361116804
106,S9,20,67.27087650535012
107,S9,20,65.37951865098302
108,S9,20,86.98135114207433
109,S9,20,86.3053528281585
110,S9,20,106.41156277710368
111,S9,20,0.0
112,S9,20,0.0
113,S9,20,125.74470697732009
114,S9,20,115.12134965074064
115,S9,20,179.71288977288793
116,S9,20,49.88927216560732
117,S9,20,0.0
118,S9,20,162.34589489198822
119,S9,20,85.07444665241655
120,S9,20,61.995815480772
121,S9,20,0.0
122,S9,20,0.0
123,S9,20,0.0
124,S9,20,0.0
201,S9,20,44.33345085786579
202,S9,20,41.28824373590489
203,S9,20,75.48960909159528
204,S9,20,28.832930945277283
205,S9,20,29.288987836101825
206,S9,20,55.97808664723316
207,S9,20,52.52271073734175
208,S9,20,72.44827069794442
209,S9,20,69.67534565394384
210,S9,20,86.05897368301672
211,S9,20,0.0
212,S9,20,0.0
213,S9,20,109.26408466085715
214,S9,20,86.51650154706653
215,S9,20,125.88252870472803
216,S9,20,40.573804087017855
217,S9,20,0.0
218,S9,20,156.76598843303452
219,S9,20,84.0964478350245
220,S9,20,50.31550860230626
221,S9,20,0.0
222,S9,20,0.0
223,S9,20,0.0
224,S9,20,0.0
301,S9,20,56.467368943772435
302,S9,20,48.606031530394006
303,S9,20,79.19883436425428
304,S9,20,37.57788444901462
305,S9,20,36.203839056773774
306,S9,20,65.79012148748036
307,S9,20,66.06378957146161
308,S9,20,73.77352554278383
309,S9,20,76.39610609577453
310,S9,20,92.82959881632902
311,S9,20,0.0
312,S9,20,0.0
313,S9,20,125.74804553406332
314,S9,20,95.53028851478501
315,S9,20,182.98507188737383
316,S9,20,52.665180935526806
317,S9,20,0.0
318,S9,20,197.9177307773639
319,S9,20,92.40306728744497
320,S9,20,56.34478003357473
321,S9,20,0.0
322,S9,20,0.0
323,S9,20,0.0
324,S9,20,0.0
325,S9,20,0.0
101,S9,21,46.117514905228745
102,S9,21,40.99411758726533
103,S9,21,72.25229464958726
104,S9,21,29.781929063755157
105,S9,21,33.83221304752604
106,S9,21,68.26498389335057
107,S9,21,62.71615676707521
108,S9,21,83.75269420539247
109,S9,21,84.30218600537465
110,S9,21,103.6353335446238
111,S9,21,0.0
112,S9,21,0.0
113,S9,21,126.7510610591978
114,S9,21,105.71023945230887
115,S9,21,173.82187662777565
116,S9,21,46.294317628575264
117,S9,21,0.0
118,S9,21,156.1330268456367
119,S9,21,80.02034040980513
120,S9,21,64.08885032082473
121,S9,21,0.0
122,S9,21,0.0
123,S9,21,0.0
124,S9,21,0.0
201,S9,21,42.71278246193878
202,S9,21,39.30650743132879
203,S9,21,74.9494190398255
204,S9,21,28.635852798525214
205,S9,21,29.644373419394164
206,S9,21,53.992496153208656
207,S9,21,49.59675215507668
208,S9,21,65.51374202373205
209,S9,21,66.91111679228754
210,S9,21,90.82957872427998
211,S9,21,0.0
212,S9,21,0.0
213,S9,21,100.20697058116427
214,S9,21,88.75603727334898
215,S9,21,117.94506217792217
216,S9,21,38.58744917292614
217,S9,21,0.0
218,S9,21,153.6107975886934
219,S9,21,79.59960867103362
220,S9,21,51.982499686762594
221,S9,21,0.0
222,S9,21,0.0
223,S9,21,0.0
224,S9,21,0.0
301,S9,21,51.61772137495462
302,S9,21,47.317857590474475
303,S9,21,80.53899773433403
304,S9,21,37.79881206038566
305,S9,21,33.66066533525343
306,S9,21,69.81739562905754
307,S9,21,64.94589343311534
308,S9,21,70.68429586027725
309,S9,21,73.25489496409085
310,S9,21,90.69298256198368
311,S9,21,0.0
312,S9,21,0.0
313,S9,21,125.39412808259038
314,S9,21,96.6020483284509
315,S9,21,176.0618471736097
316,S9,21,48.985127621057266
317,S9,21,0.0
318,S9,21,188.37046801475236
319,S9,21,87.61324786912802
320,S9,21,54.080436716430505
321,S9,21,0.0
322,S9,21,0.0
323,S9,21,0.0
324,S9,21,0.0
325,S9,21,0.0
101,S9,22,42.61834625437015
102,S9,22,37.10944164346586
103,S9,22,70.40597711246932
104,S9,22,27.202185407288493
105,S9,22,30.666737858587513
106,S9,22,58.7365587598527
107,S9,22,57.310733241667066
108,S9,22,75.23149383369841
109,S9,22,74.34371234952037
110,S9,22,97.79397915901575
111,S9,22,0.0
112,S9,22,0.0
113,S9,22,109.79886648626575
114,S9,22,99.74180468217902
115,S9,22,160.3716530690495
116,S9,22,44.547145845899756
117,S9,22,0.0
118,S9,22,146.52481303408342
119,S9,22,77.51486820524103
120,S9,22,59.70723296214528
121,S9,22,0.0
122,S9,22,0.0
123,S9,22,0.0
124,S9,22,0.0
201,S9,22,40.67816550455353
202,S9,22,38.001683653036935
203,S9,22,67.46452009518528
204,S9,22,28.462422031609997
205,S9,22,27.526104685978083
206,S9,22,50.75241238962399
207,S9,22,49.57633838318886
208,S9,22,65.52559126016311
209,S9,22,67.17964798371418
210,S9,22,86.60809459751782
211,S9,22,0.0
212,S9,22,0.0
213,S9,22,99.50957809669231
214,S9,22,83.15549612414935
215,S9,22,111.39620595260874
216,S9,22,36.41573211291617
217,S9,22,0.0
218,S9,22,143.23789865463468
219,S9,22,73.90987367491846
220,S9,22,51.40287114470599
221,S9,22,0.0
222,S9,22,0.0
223,S9,22,0.0
224,S9,22,0.0
301,S9,22,50.30804187678967
302,S9,22,45.68106120519399
303,S9,22,72.4562701945102
304,S9,22,35.98842494337793
305,S9,22,33.239730852117574
306,S9,22,64.91039882654249
307,S9,22,58.56103345784802
308,S9,22,68.25715208978184
309,S9,22,68.9095662498602
310,S9,22,86.52736758614266
311,S9,22,0.0
312,S9,22,0.0
313,S9,22,119.04922253628378
314,S9,22,93.4854346141192
315,S9,22,165.92431429242762
316,S9,22,46.534537208641616
317,S9,22,0.0
318,S9,22,176.8600482393528
319,S9,22,82.62228426030786
320,S9,22,50.56035729824005
321,S9,22,0.0
322,S9,22,0.0
323,S9,22,0.0
324,S9,22,0.0
325,S9,22,0.0
101,S9,23,38.249540987221295
102,S9,23,33.62192541076863
103,S9,23,62.55144640003342
104,S9,23,26.846461725070508
105,S9,23,27.814983049435092
106,S9,23,56.90901102728659
107,S9,23,49.02850212317919
108,S9,23,69.61693290720181
109,S9,23,74.3393843606921
110,S9,23,89.74485496309843
111,S9,23,0.0
112,S9,23,0.0
113,S9,23,107.34714887125145
114,S9,23,87.52220095945896
115,S9,23,148.8972458272664
116,S9,23,40.46995836013783
117,S9,23,0.0
118,S9,23,127.55512291279823
119,S9,23,73.33762923437736
120,S9,23,53.92045619311157
121,S9,23,0.0
122,S9,23,0.0
123,S9,23,0.0
124,S9,23,0.0
201,S9,23,38.652463897831794
202,S9,23,36.73834335168354
203,S9,23,63.92923270180921
204,S9,23,25.87954552285251
205,S9,23,26.639368903625755
206,S9,23,48.82282876082575
207,S9,23,46.25638989984091
208,S9,23,58.8499955225783
209,S9,23,64.76877121385567
210,S9,23,80.08370249526946
211,S9,23,0.0
212,S9,23,0.0
213,S9,23,94.23450161083771
214,S9,23,76.09313672838427
215,S9,23,115.02468022563238
216,S9,23,34.96275893672151
217,S9,23,0.0
218,S9,23,128.97811820875464
219,S9,23,75.5468880757882
220,S9,23,44.88045564068488
221,S9,23,0.0
222,S9,23,0.0
223,S9,23,0.0
224,S9,23,0.0
301,S9,23,49.58137291728077
302,S9,23,43.842787002552356
303,S9,23,71.36324614537303
304,S9,23,32.29571354803182
305,S9,23,31.635914939826737
306,S9,23,60.76764244449464
307,S9,23,54.89617663620364
308,S9,23,68.31257155191186
309,S9,23,66.65890185561408
310,S9,23,85.98974391282664
311,S9,23,0.0
312,S9,23,0.0
313,S9,23,110.38734667654907
314,S9,23,79.42688438805678
315,S9,23,157.20584645544596
316,S9,23,43.775506916246215
317,S9,23,0.0
318,S9,23,166.034061825639
319,S9,23,78.47784317939684
320,S9,23,46.54660499393037
321,S9,23,0.0
322,S9,23,0.0
323,S9,23,0.0
324,S9,23,0.0
325,S9,23,0.0
101,S9,24,35.77965492910996
102,S9,24,33.16877675140395
103,S9,24,59.52400670769727
104,S9,24,25.246803491022913
105,S9,24,27.766167809583838
106,S9,24,50.149020480280456
107,S9,24,46.4230236708908
108,S9,24,61.85018391681457
109,S9,24,68.55762896934303
110,S9,24,84.87813397745946
111,S9,24,0.0
112,S9,24,0.0
113,S9,24,97.7057407909222
114,S9,24,85.47486848284534
115,S9,24,134.18388406650297
116,S9,24,36.685092106138626
117,S9,24,0.0
118,S9,24,120.72155779696463
119,S9,24,67.98380406457014
120,S9,24,50.52984186479432
121,S9,24,0.0
122,S9,24,0.0
123,S9,24,0.0
124,S9,24,0.0
201,S9,24,37.673483966994596
202,S9,24,32.618072948038424
203,S9,24,63.95688400310754
204,S9,24,24.513492119161892
205,S9,24,23.63426150316091
206,S9,24,44.88548031995141
207,S9,24,41.78815566838314
208,S9,24,59.14518564738378
209,S9,24,57.40710356427087
210,S9,24,75.69432300634723
211,S9,24,0.0
212,S9,24,0.0
213,S9,24,86.00875794983217
214,S9,24,76.48021578385472
215,S9,24,104.23697042770137
216,S9,24,33.667469749487445
217,S9,24,0.0
218,S9,24,125.05435907261632
219,S9,24,67.32661738291102
220,S9,24,44.639251042551216
221,S9,24,0.0
222,S9,24,0.0
223,S9,24,0.0
224,S9,24,0.0
301,S9,24,42.725282317293264
302,S9,24,41.61037539790558
303,S9,24,65.75496059391058
304,S9,24,29.766264246809243
305,S9,24,29.538791029684074
306,S9,24,55.77153304294546
307,S9,24,54.13827515371355
308,S9,24,59.09981767169178
309,S9,24,62.0017696621375
310,S9,24,79.31029077741326
311,S9,24,0.0
312,S9,24,0.0
313,S9,24,104.77074518656346
314,S9,24,79.56112884282898
315,S9,24,147.31323635542935
316,S9,24,39.4892752348068
317,S9,24,0.0
318,S9,24,160.62615215624692
319,S9,24,74.96977391823785
320,S9,24,44.29441091974588
321,S9,24,0.0
322,S9,24,0.0
323,S9,24,0.0
324,S9,24,0.0
325,S9,24,0.0
101,S10,1,30.465959189380087
102,S10,1,26.801304175419673
103,S10,1,48.39071707282939
104,S10,1,21.6064412044086
105,S10,1,22.89702900336621
106,S10,1,44.23328158111678
107,S10,1,41.32675441209043
108,S10,1,54.44623846146088
109,S10,1,56.43158696171567
110,S10,1,73.6999087489963
111,S10,1,0.0
112,S10,1,0.0
113,S10,1,81.52826671352332
114,S10,1,67.17652323174529
115,S10,1,109.86275367638865
116,S10,1,33.46010738372649
117,S10,1,0.0
118,S10,1,108.99932238263116
119,S10,1,55.48537643608651
120,S10,1,42.49151166219309
121,S10,1,0.0
122,S10,1,0.0
123,S10,1,0.0
124,S10,1,0.0
201,S10,1,37.7726820235908
202,S10,1,33.47978551261062
203,S10,1,61.76631694992876
204,S10,1,27.527452577008393
205,S10,1,24.41825469362818
206,S10,1,47.94487015858335
207,S10,1,42.606266180242095
208,S10,1,59.476835167199766
209,S10,1,63.477104490714126
210,S10,1,78.92436313096673
211,S10,1,0.0
212,S10,1,0.0
213,S10,1,86.89543445838076
214,S10,1,80.59433994770518
215,S10,1,104.87173182434665
216,S10,1,33.988093204164635
217,S10,1,0.0
218,S10,1,133.49513760005559
219,S10,1,69.3174639832103
220,S10,1,43.69048403828713
221,S10,1,0.0
222,S10,1,0.0
223,S10,1,0.0
224,S10,1,0.0
301,S10,1,42.20285403137095
302,S10,1,38.46544060912364
303,S10,1,57.61631083100805
304,S10,1,27.648253820282598
305,S10,1,26.165754625315945
306,S10,1,52.37985923374153
307,S10,1,47.32722126668765
308,S10,1,53.00428580167078
309,S10,1,55.40826665298487
310,S10,1,72.94103283172065
311,S10,1,0.0
312,S10,1,0.0
313,S10,1,92.68881248248383
314,S10,1,73.00288292748536
315,S10,1,136.18632410273236
316,S10,1,39.58284330661922
317,S10,1,0.0
318,S10,1,135.687207687409
319,S10,1,64.4038176895843
320,S10,1,40.96214842956173
321,S10,1,0.0
322,S10,1,0.0
323,S10,1,0.0
324,S10,1,0.0
325,S10,1,0.0
101,S10,2,31.525752345912824
102,S10,2,27.102159255005937
103,S10,2,50.30171312412565
104,S10,2,20.132442417819274
105,S10,2,23.849545204850262
106,S10,2,46.095245754136656
107,S10,2,40.40265825237981
108,S10,2,54.02137425607945
109,S10,2,57.118689888298015
110,S10,2,71.08913443175896
111,S10,2,0.0
112,S10,2,0.0
113,S10,2,79.39664610210863
114,S10,2,68.15258874269901
115,S10,2,115.23769896571014
116,S10,2,31.985217814124578
117,S10,2,0.0
118,S10,2,100.51615659972649
119,S10,2,58.141071190473625
120,S10,2,40.733640540202884
121,S10,2,0.0
122,S10,2,0.0
123,S10,2,0.0
124,S10,2,0.0
201,S10,2,38.83974259939197
202,S10,2,32.12570140402977
203,S10,2,60.93095733593915
204,S10,2,26.039591267543454
205,S10,2,23.928957766097177
206,S10,2,47.80172975700995
207,S10,2,44.30647550121515
208,S10,2,58.84057092941019
209,S10,2,58.59453727182101
210,S10,2,76.5906738994413
211,S10,2,0.0
212,S10,2,0.0
213,S10,2,88.90441692416833
214,S10,2,74.84461804115989
215,S10,2,104.58979339551746
216,S10,2,33.50069779655526
217,S10,2,0.0
218,S10,2,125.49515869320254
219,S10,2,67.71863438210192
220,S10,2,42.89538057768957
221,S10,2,0.0
222,S10,2,0.0
223,S10,2,0.0
224,S10,2,0.0
301,S10,2,38.43707590323289
302,S10,2,32.999979165588805
303,S10,2,54.992123563902645
304,S10,2,27.533342801255987
305,S10,2,24.286179187048628
306,S10,2,48.54160198803797
307,S10,2,44.66337676651167
308,S10,2,52.78127467857897
309,S10,2,54.78407302961939
310,S10,2,68.72122508225299
311,S10,2,0.0
312,S10,2,0.0
313,S10,2,87.78022697403013
314,S10,2,63.837671250206625
315,S10,2,120.0420485013621
316,S10,2,36.46859645480509
317,S10,2,0.0
318,S10,2,134.88635367600853
319,S10,2,62.55520262038484
320,S10,2,39.92002525965148
321,S10,2,0.0
322,S10,2,0.0
323,S10,2,0.0
324,S10,2,0.0
325,S10,2,0.0
101,S10,3,29.976469069939927
102,S10,3,27.25559878181749
103,S10,3,51.02024354242548
104,S10,3,20.72653911103019
105,S10,3,23.813070458750317
106,S10,3,42.204741232236756
107,S10,3,38.591095682720436
108,S10,3,57.277565128029266
109,S10,3,56.96259217140109
110,S10,3,72.15452808236302
111,S10,3,0.0
112,S10,3,0.0
113,S10,3,86.30581974799412
114,S10,3,68.81245234023106
115,S10,3,114.35731662933395
116,S10,3,31.068954534520664
117,S10,3,0.0
118,S10,3,107.04512102070338
119,S10,3,56.82232997112086
120,S10,3,40.23117899945729
121,S10,3,0.0
122,S10,3,0.0
123,S10,3,0.0
124,S10,3,0.0
201,S10,3,38.687340355809695
202,S10,3,32.21209084137287
203,S10,3,63.07134447739038
204,S10,3,26.278233616877582
205,S10,3,24.205834751116665
206,S10,3,48.59789281031755
207,S10,3,44.50090259030612
208,S10,3,57.6874925417121
209,S10,3,63.038923278308026
210,S10,3,71.54633463336673
211,S10,3,0.0
212,S10,3,0.0
213,S10,3,88.36801814285819
214,S10,3,72.58247228881359
215,S10,3,107.15646694922029
216,S10,3,35.875688060952925
217,S10,3,0.0
218,S10,3,129.75037778394702
219,S10,3,72.00466409831446
220,S10,3,46.16212872852557
221,S10,3,0.0
222,S10,3,0.0
223,S10,3,0.0
224,S10,3,0.0
301,S10,3,36.716785361927805
302,S10,3,33.39240104470591
303,S10,3,53.925259574356765
304,S10,3,25.773060607007096
305,S10,3,25.499592418430698
306,S10,3,48.9997590322512
307,S10,3,41.86574827109661
308,S10,3,48.82188536452255
309,S10,3,51.51441786074681
310,S10,3,65.17364625845038
311,S10,3,0.0
312,S10,3,0.0
313,S10,3,91.18541082215798
314,S10,3,63.90494141333015
315,S10,3,123.14158372909499
316,S10,3,35.184572621824586
317,S10,3,0.0
318,S10,3,124.23252612083093
319,S10,3,62.31823657480772
320,S10,3,39.673453189556085
321,S10,3,0.0
322,S10,3,0.0
323,S10,3,0.0
324,S10,3,0.0
325,S10,3,0.0
101,S10,4,29.301888306156307
102,S10,4,28.11153815616429
103,S10,4,50.3591886332129
104,S10,4,20.207060891282755
105,S10,4,22.026426396991102
106,S10,4,44.53227392385441
107,S10,4,40.78529388928564
108,S10,4,57.90991991533428
109,S10,4,54.699965693806114
110,S10,4,73.81941386110556
111,S10,4,0.0
112,S10,4,0.0
113,S10,4,80.97288189244011
114,S10,4,69.04503398307995
115,S10,4,117.18432652639767
116,S10,4,32.169466959640765
117,S10,4,0.0
118,S10,4,107.1974121930436
119,S10,4,57.38880123751417
120,S10,4,43.703166159175055
121,S10,4,0.0
122,S10,4,0.0
123,S10,4,0.0
124,S10,4,0.0
201,S10,4,36.0790621534308
202,S10,4,33.417327725431555
203,S10,4,59.93660610421257
204,S10,4,25.113282956363093
205,S10,4,24.62148792139458
206,S10,4,47.09180491918438
207,S10,4,44.707067645516524
208,S10,4,59.700259933899254
209,S10,4,61.73389817660206
210,S10,4,76.34557395904868
211,S10,4,0.0
212,S10,4,0.0
213,S10,4,92.22277618898877
214,S10,4,72.37522492970736
215,S10,4,108.17246433100915
216,S10,4,33.468696078386735
217,S10,4,0.0
218,S10,4,122.48362273702566
219,S10,4,67.45208357794613
220,S10,4,44.07912865044198
221,S10,4,0.0
222,S10,4,0.0
223,S10,4,0.0
224,S10,4,0.0
301,S10,4,35.03761549240271
302,S10,4,33.64554572199037
303,S10,4,52.225020489594684
304,S10,4,24.529531911733542
305,S10,4,23.36251547047297
306,S10,4,44.30413699957318
307,S10,4,42.41142916813681
308,S10,4,48.543654314949144
309,S10,4,50.930675634965056
310,S10,4,66.33957493049338
311,S10,4,0.0
312,S10,4,0.0
313,S10,4,85.33002069361639
314,S10,4,62.57486656955942
315,S10,4,119.09027378741874
316,S10,4,35.65541595390066
317,S10,4,0.0
318,S10,4,120.6681374085719
319,S10,4,59.76667329130359
320,S10,4,39.21335214765309
321,S10,4,0.0
322,S10,4,0.0
323,S10,4,0.0
324,S10,4,0.0
325,S10,4,0.0
101,S10,5,31.551226332825067
102,S10,5,28.70345170481024
103,S10,5,52.44087328442646
104,S10,5,21.607076261346492
105,S10,5,24.402018891782788
106,S10,5,43.30803827028801
107,S10,5,43.13234046458006
108,S10,5,54.44673747015822
109,S10,5,59.687271014364704
110,S10,5,74.74388782313869
111,S10,5,0.0
112,S10,5,0.0
113,S10,5,84.90140088686681
114,S10,5,70.1307704447736
115,S10,5,114.68117625550276
116,S10,5,34.39905024840399
117,S10,5,0.0
118,S10,5,110.83449840124173
119,S10,5,57.11002525143007
120,S10,5,41.906773170191606
121,S10,5,0.0
122,S10,5,0.0
123,S10,5,0.0
124,S10,5,0.0
201,S10,5,35.986777695415284
202,S10,5,35.0057573500005
203,S10,5,64.85212899679065
204,S10,5,25.03490676183316
205,S10,5,25.042282394780496
206,S10,5,48.491340263542504
207,S10,5,42.771704488094166
208,S10,5,61.64892673407582
209,S10,5,61.56522584247437
210,S10,5,76.2621447839029
211,S10,5,0.0
212,S10,5,0.0
213,S10,5,89.14313027068229
214,S10,5,73.14170725970061
215,S10,5,105.39838948507561
216,S10,5,35.31117913737023
217,S10,5,0.0
218,S10,5,125.47775092124688
219,S10,5,71.32193283973012
220,S10,5,44.95098114070771
221,S10,5,0.0
222,S10,5,0.0
223,S10,5,0.0
224,S10,5,0.0
301,S10,5,35.92587353577624
302,S10,5,34.81237386436697
303,S10,5,52.54923165329949
304,S10,5,26.252317033984372
305,S10,5,24.757139370291316
306,S10,5,45.12981422379843
307,S10,5,42.11008575848526
308,S10,5,50.67807288716227
309,S10,5,53.73461336225917
310,S10,5,64.83910061826633
311,S10,5,0.0
312,S10,5,0.0
313,S10,5,88.2076278280035
314,S10,5,68.0184890426668
315,S10,5,117.87063959442906
316,S10,5,34.35371130355696
317,S10,5,0.0
318,S10,5,131.7863595207527
319,S10,5,60.367037465128945
320,S10,5,38.49091849740771
321,S10,5,0.0
322,S10,5,0.0
323,S10,5,0.0
324,S10,5,0.0
325,S10,5,0.0
101,S10,6,30.710788247090033
102,S10,6,29.264797098791288
103,S10,6,54.029087312858884
104,S10,6,21.07518896673414
105,S10,6,24.469701830352324
106,S10,6,46.28503791341584
107,S10,6,43.62012567051783
108,S10,6,58.902668877851966
109,S10,6,59.49714243402475
110,S10,6,77.73073610023663
111,S10,6,0.0
112,S10,6,0.0
113,S10,6,88.63234738149494
114,S10,6,76.41767446689795
115,S10,6,121.4007252613829
116,S10,6,33.14534250693331
117,S10,6,0.0
118,S10,6,111.70321698869235
119,S10,6,57.84760297718962
120,S10,6,44.70724775283222
121,S10,6,0.0
122,S10,6,0.0
123,S10,6,0.0
124,S10,6,0.0
201,S10,6,37.91911282355411
202,S10,6,35.0681739725112
203,S10,6,62.39413851145904
204,S10,6,26.49787521543451
205,S10,6,24.88105049859542
206,S10,6,49.70011116209459
207,S10,6,43.295955935480855
208,S10,6,63.170448070536196
209,S10,6,61.17602025170379
210,S10,6,75.7010895064612
211,S10,6,0.0
212,S10,6,0.0
213,S10,6,87.96000311354858
214,S10,6,81.81755432240682
215,S10,6,106.39594804341063
216,S10,6,34.53630335905833
217,S10,6,0.0
218,S10,6,135.40081150604385
219,S10,6,75.18566933873429
220,S10,6,46.3822883011051
221,S10,6,0.0
222,S10,6,0.0
223,S10,6,0.0
224,S10,6,0.0
301,S10,6,39.9193349989263
302,S10,6,35.721331390284206
303,S10,6,58.06449469591824
304,S10,6,25.785107996301484
305,S10,6,24.993107815306313
306,S10,6,48.00544267823232
307,S10,6,45.10367333440927
308,S10,6,55.590508862492584
309,S10,6,55.72773040609697
310,S10,6,70.36995721555716
311,S10,6,0.0
312,S10,6,0.0
313,S10,6,93.86095503867439
314,S10,6,69.79412526654478
315,S10,6,133.2360596187607
316,S10,6,37.167166191785405
317,S10,6,0.0
318,S10,6,134.00451493703846
319,S10,6,62.49438496082734
320,S10,6,41.93232722530763
321,S10,6,0.0
322,S10,6,0.0
323,S10,6,0.0
324,S10,6,0.0
325,S10,6,0.0
101,S10,7,31.718053524907614
102,S10,7,29.099163738050102
103,S10,7,56.05361354540709
104,S10,7,21.34225383312784
105,S10,7,26.07341406423534
106,S10,7,45.432022238337034
107,S10,7,42.75074869051684
108,S10,7,59.517317847138735
109,S10,7,60.66287368898579
110,S10,7,80.38946155553064
111,S10,7,0.0
112,S10,7,0.0
113,S10,7,89.3746011836731
114,S10,7,73.33970485605617
115,S10,7,129.02587157658166
116,S10,7,34.95250111733063
117,S10,7,0.0
118,S10,7,115.7814672582248
119,S10,7,59.07948424710044
120,S10,7,44.21694087301677
121,S10,7,0.0
122,S10,7,0.0
123,S10,7,0.0
124,S10,7,0.0
201,S10,7,39.33682397803035
202,S10,7,36.47098557064269
203,S10,7,63.85586899765473
204,S10,7,26.658983073852003
205,S10,7,25.03917036008386
206,S10,7,49.0720073528923
207,S10,7,45.57174242743219
208,S10,7,59.05254069369504
209,S10,7,60.94703676899125
210,S10,7,75.11953750102982
211,S10,7,0.0
212,S10,7,0.0
213,S10,7,95.9645780410422
214,S10,7,78.58447890649725
215,S10,7,105.52488533889704
216,S10,7,36.62170981343128
217,S10,7,0.0
218,S10,7,130.29191210435832
219,S10,7,75.16767597771342
220,S10,7,47.890781164731024
221,S10,7,0.0
222,S10,7,0.0
223,S10,7,0.0
224,S10,7,0.0
301,S10,7,42.78787567025703
302,S10,7,37.86553129312179
303,S10,7,61.02720560990477
304,S10,7,28.559742816932697
305,S10,7,27.53501409761661
306,S10,7,55.24495639054353
307,S10,7,49.333711437872125
308,S10,7,59.673297631215654
309,S10,7,60.87161801980249
310,S10,7,73.88030069715846
311,S10,7,0.0
312,S10,7,0.0
313,S10,7,104.03826257453004
314,S10,7,73.52819325300143
315,S10,7,143.91278874649512
316,S10,7,40.166003860636636
317,S10,7,0.0
318,S10,7,143.77401253645166
319,S10,7,69.51289025705043
320,S10,7,41.66939975825183
321,S10,7,0.0
322,S10,7,0.0
323,S10,7,0.0
324,S10,7,0.0
325,S10,7,0.0
101,S10,8,35.04626101286342
102,S10,8,29.46717077242144
103,S10,8,56.076909604673276
104,S10,8,23.27595369967583
105,S10,8,25.70196206910509
106,S10,8,46.57762137477562
107,S10,8,44.074803602688256
108,S10,8,62.304548837379045
109,S10,8,65.58875091685573
110,S10,8,75.16635238062065
111,S10,8,0.0
112,S10,8,0.0
113,S10,8,94.52891660600815
114,S10,8,78.84816632896008
115,S10,8,131.93949973976
116,S10,8,35.3145861482278
117,S10,8,0.0
118,S10,8,114.11305295118248
119,S10,8,59.78538331338801
120,S10,8,44.70384495633147
121,S10,8,0.0
122,S10,8,0.0
123,S10,8,0.0
124,S10,8,0.0
201,S10,8,37.52281101139972
202,S10,8,33.37308602048495
203,S10,8,64.90612610449317
204,S10,8,27.666106248788218
205,S10,8,26.37770502917594
206,S10,8,49.31548282487158
207,S10,8,42.924374688830255
208,S10,8,63.57283270181493
209,S10,8,64.13149656757712
210,S10,8,74.53073429076923
211,S10,8,0.0
212,S10,8,0.0
213,S10,8,90.42893368261399
214,S10,8,79.09509103427983
215,S10,8,114.09594411551288
216,S10,8,35.27475644022461
217,S10,8,0.0
218,S10,8,129.22812184520143
219,S10,8,71.31278097814183
220,S10,8,44.099264385371235
221,S10,8,0.0
222,S10,8,0.0
223,S10,8,0.0
224,S10,8,0.0
301,S10,8,43.55517157157614
302,S10,8,39.11379341917712
303,S10,8,66.69849401092189
304,S10,8,30.342024190072685
305,S10,8,29.500348732887822
306,S10,8,59.259699756442885
307,S10,8,52.111841103947334
308,S10,8,58.78672978710536
309,S10,8,60.506469074432594
310,S10,8,79.95559261172136
311,S10,8,0.0
312,S10,8,0.0
313,S10,8,102.53450017403334
314,S10,8,79.99243291752643
315,S10,8,148.94280065622485
316,S10,8,41.758071660870556
317,S10,8,0.0
318,S10,8,150.4822585922042
319,S10,8,72.43227821353304
320,S10,8,46.621652409829046
321,S10,8,0.0
322,S10,8,0.0
323,S10,8,0.0
324,S10,8,0.0
325,S10,8,0.0
101,S10,9,34.11336546299734
102,S10,9,29.68908670293956
103,S10,9,59.195432354257115
104,S10,9,24.39179785319321
105,S10,9,25.7523029232215
106,S10,9,51.04922776864662
107,S10,9,46.916840156068275
108,S10,9,60.308218383096204
109,S10,9,61.77832692237506
110,S10,9,80.49076604739042
111,S10,9,0.0
112,S10,9,0.0
113,S10,9,93.58798525137243
114,S10,9,78.61829606859837
115,S10,9,128.51269428519393
116,S10,9,36.091220917520964
117,S10,9,0.0
118,S10,9,111.53372859533545
119,S10,9,64.24047359510135
120,S10,9,48.21148989466624
121,S10,9,0.0
122,S10,9,0.0
123,S10,9,0.0
124,S10,9,0.0
201,S10,9,40.80868990005852
202,S10,9,34.841562078219994
203,S10,9,69.12507781770353
204,S10,9,26.27966067623682
205,S10,9,27.332418579111906
206,S10,9,50.985263682656615
207,S10,9,45.64231916223954
208,S10,9,64.04148131590847
209,S10,9,65.70128471983526
210,S10,9,79.41015486288039
211,S10,9,0.0
212,S10,9,0.0
213,S10,9,93.44863562628493
214,S10,9,81.54986745158583
215,S10,9,115.63087141337813
216,S10,9,37.11867353092293
217,S10,9,0.0
218,S10,9,143.2176761200746
219,S10,9,71.36333298438379
220,S10,9,48.4837013325394
221,S10,9,0.0
222,S10,9,0.0
223,S10,9,0.0
224,S10,9,0.0
301,S10,9,51.45573309035166
302,S10,9,42.2240852142956
303,S10,9,71.71713626159337
304,S10,9,34.7430581856048
305,S10,9,32.41107761373557
306,S10,9,62.25618428207279
307,S10,9,59.98371805618492
308,S10,9,64.52183203956126
309,S10,9,68.58945643802885
310,S10,9,85.20620127041164
311,S10,9,0.0
312,S10,9,0.0
313,S10,9,115.1512804454282
314,S10,9,87.2279288266864
315,S10,9,166.67014756090532
316,S10,9,46.24906360081479
317,S10,9,0.0
318,S10,9,167.25220411375645
319,S10,9,83.39520876704307
320,S10,9,48.426745908938564
321,S10,9,0.0
322,S10,9,0.0
323,S10,9,0.0
324,S10,9,0.0
325,S10,9,0.0
101,S10,10,34.81981268175323
102,S10,10,31.873223233957702
103,S10,10,56.66341220251663
104,S10,10,24.394517613258742
105,S10,10,24.76610885102222
106,S10,10,50.98739765041832
107,S10,10,43.93039351222935
108,S10,10,62.04356767237488
109,S10,10,63.94549969812393
110,S10,10,83.21737110666074
111,S10,10,0.0
112,S10,10,0.0
113,S10,10,96.81685912965136
114,S10,10,83.06548946515956
115,S10,10,128.9447172740258
116,S10,10,37.43533397843023
117,S10,10,0.0
118,S10,10,120.7034313740785
119,S10,10,65.94237559623011
120,S10,10,45.25519221098668
121,S10,10,0.0
122,S10,10,0.0
123,S10,10,0.0
124,S10,10,0.0
201,S10,10,39.1710445565709
202,S10,10,36.203565121827026
203,S10,10,67.93788198247881
204,S10,10,26.739456472636725
205,S10,10,25.43358677188285
206,S10,10,53.37691505695796
207,S10,10,49.13229316324308
208,S10,10,63.65911013693046
209,S10,10,68.30596335764426
210,S10,10,80.40911917665457
211,S10,10,0.0
212,S10,10,0.0
213,S10,10,95.37518364766181
214,S10,10,80.70827297943738
215,S10,10,119.5459867404188
216,S10,10,35.90517610048872
217,S10,10,0.0
218,S10,10,145.5904624870521
219,S10,10,72.9602613461575
220,S10,10,46.80009581348803
221,S10,10,0.0
222,S10,10,0.0
223,S10,10,0.0
224,S10,10,0.0
301,S10,10,54.77514425374101
302,S10,10,48.20830031645922
303,S10,10,78.52476689415693
304,S10,10,36.929036727170555
305,S10,10,36.22785040734152
306,S10,10,66.12107290344909
307,S10,10,60.39622826509083
308,S10,10,71.35631395386696
309,S10,10,74.66588599892246
310,S10,10,90.71360624601854
311,S10,10,0.0
312,S10,10,0.0
313,S10,10,123.7661825929495
314,S10,10,93.14862716522649
315,S10,10,177.41125788130665
316,S10,10,47.455583716929205
317,S10,10,0.0
318,S10,10,173.58911190445176
319,S10,10,88.75328796789125
320,S10,10,54.214979221749545
321,S10,10,0.0
322,S10,10,0.0
323,S10,10,0.0
324,S10,10,0.0
325,S10,10,0.0
101,S10,11,32.83937398887307
102,S10,11,29.809044256790568
103,S10,11,58.14398778447857
104,S10,11,23.448611037065394
105,S10,11,26.421799650200466
106,S10,11,50.924703154915065
107,S10,11,46.953865303911776
108,S10,11,62.060912309700356
109,S10,11,63.167413680593825
110,S10,11,77.32592754283255
111,S10,11,0.0
112,S10,11,0.0
113,S10,11,91.23201087565938
114,S10,11,77.79180009511653
115,S10,11,128.97491796463964
116,S10,11,38.37685974319845
117,S10,11,0.0
118,S10,11,112.74502215621959
119,S10,11,66.4889069177355
120,S10,11,47.85565893118397
121,S10,11,0.0
122,S10,11,0.0
123,S10,11,0.0
124,S10,11,0.0
201,S10,11,41.34164256419963
202,S10,11,36.307502156475
203,S10,11,68.71488345691454
204,S10,11,27.395590698475598
205,S10,11,25.883645673424475
206,S10,11,52.75974726797799
207,S10,11,46.29387893347661
208,S10,11,64.80065344587346
209,S10,11,64.4357613653286
210,S10,11,81.8376762460648
211,S10,11,0.0
212,S10,11,0.0
213,S10,11,101.41771619265879
214,S10,11,80.76202871202034
215,S10,11,122.11303694298552
216,S10,11,36.44226984821566
217,S10,11,0.0
218,S10,11,146.0531801653831
219,S10,11,80.14536768022785
220,S10,11,48.34374993909916
221,S10,11,0.0
222,S10,11,0.0
223,S10,11,0.0
224,S10,11,0.0
301,S10,11,57.09138859718078
302,S10,11,49.7035663815061
303,S10,11,81.75780608896898
304,S10,11,35.891837639483846
305,S10,11,36.37638723408342
306,S10,11,66.36359316713731
307,S10,11,62.564280193109404
308,S10,11,76.88436086704678
309,S10,11,73.873242574117
310,S10,11,95.8196405868901
311,S10,11,0.0
312,S10,11,0.0
313,S10,11,131.76250855319768
314,S10,11,97.280970105431
315,S10,11,183.38650145897532
316,S10,11,49.46642815634602
317,S10,11,0.0
318,S10,11,187.12799537350617
319,S10,11,88.6939175169483
320,S10,11,53.35188596854346
321,S10,11,0.0
322,S10,11,0.0
323,S10,11,0.0
324,S10,11,0.0
325,S10,11,0.0
101,S10,12,33.3901342432617
102,S10,12,30.31742247508272
103,S10,12,57.66704030849312
104,S10,12,23.06386081464223
105,S10,12,24.955774496907676
106,S10,12,47.34338752437129
107,S10,12,47.501273696304295
108,S10,12,65.18908726439099
109,S10,12,65.7728637714408
110,S10,12,82.7456843198321
111,S10,12,0.0
112,S10,12,0.0
113,S10,12,95.803142019206
114,S10,12,80.6451884087941
115,S10,12,130.52970327792073
116,S10,12,36.23896292548365
117,S10,12,0.0
118,S10,12,117.28919579765935
119,S10,12,63.146403743418915
120,S10,12,47.70021374680689
121,S10,12,0.0
122,S10,12,0.0
123,S10,12,0.0
124,S10,12,0.0
201,S10,12,39.85490401975535
202,S10,12,37.15741472599564
203,S10,12,67.00290296996857
204,S10,12,27.330989523384066
205,S10,12,28.366530876706733
206,S10,12,52.011466922565454
207,S10,12,49.068239068469474
208,S10,12,65.52073582634492
209,S10,12,67.95404293900836
210,S10,12,82.76925254194092
211,S10,12,0.0
212,S10,12,0.0
213,S10,12,95.60240030087228
214,S10,12,79.3769208451234
215,S10,12,111.81610005576218
216,S10,12,39.44244585434608
217,S10,12,0.0
218,S10,12,148.14586595851364
219,S10,12,74.86269796812093
220,S10,12,47.06891348357634
221,S10,12,0.0
222,S10,12,0.0
223,S10,12,0.0
224,S10,12,0.0
301,S10,12,53.51255431190544
302,S10,12,52.43801794215926
303,S10,12,78.65686539790632
304,S10,12,37.517856839413255
305,S10,12,37.57589879292372
306,S10,12,66.91175608303014
307,S10,12,65.86200321939577
308,S10,12,75.09363419518675
309,S10,12,79.98760856545093
310,S10,12,93.2857563017645
311,S10,12,0.0
312,S10,12,0.0
313,S10,12,127.93911289966825
314,S10,12,92.35315529695626
315,S10,12,183.77369751332267
316,S10,12,49.99269280255345
317,S10,12,0.0
318,S10,12,202.07591996397838
319,S10,12,90.84132162485834
320,S10,12,59.14865536859669
321,S10,12,0.0
322,S10,12,0.0
323,S10,12,0.0
324,S10,12,0.0
325,S10,12,0.0
101,S10,13,34.56295623201469
102,S10,13,29.346950367360538
103,S10,13,54.140384294334794
104,S10,13,24.04153137601937
105,S10,13,26.54751736776195
106,S10,13,47.637214645053675
107,S10,13,44.99970464376217
108,S10,13,61.3127590668334
109,S10,13,64.98634074589458
110,S10,13,76.74089703920642
111,S10,13,0.0
112,S10,13,0.0
113,S10,13,96.4616842155359
114,S10,13,77.94833478796726
115,S10,13,125.25121082797146
116,S10,13,34.860024841085
117,S10,13,0.0
118,S10,13,121.73194093818523
119,S10,13,62.495650777361085
120,S10,13,46.37020245338208
121,S10,13,0.0
122,S10,13,0.0
123,S10,13,0.0
124,S10,13,0.0
201,S10,13,43.02843901654323
202,S10,13,37.08543450129271
203,S10,13,67.30544311958883
204,S10,13,27.724278307055755
205,S10,13,26.88696579010064
206,S10,13,53.30038504569026
207,S10,13,49.05339797088619
208,S10,13,67.29000446814334
209,S10,13,65.59694553121862
210,S10,13,82.80640007744532
211,S10,13,0.0
212,S10,13,0.0
213,S10,13,98.000801426327
214,S10,13,81.81422299713672
215,S10,13,114.71796904185034
216,S10,13,39.7951980770272
217,S10,13,0.0
218,S10,13,140.0945943851396
219,S10,13,75.82689435800029
220,S10,13,47.72743009231077
221,S10,13,0.0
222,S10,13,0.0
223,S10,13,0.0
224,S10,13,0.0
301,S10,13,54.183682489534455
302,S10,13,48.129433328465716
303,S10,13,79.5701847698999
304,S10,13,40.06117640810052
305,S10,13,35.8395878426286
306,S10,13,72.45822521588782
307,S10,13,65.18155997382834
308,S10,13,76.77453690193893
309,S10,13,77.14922914336107
310,S10,13,96.03397346455812
311,S10,13,0.0
312,S10,13,0.0
313,S10,13,132.65164315871021
314,S10,13,97.19823543983503
315,S10,13,185.96374504914974
316,S10,13,52.59384741892249
317,S10,13,0.0
318,S10,13,200.30647280017573
319,S10,13,88.85040943409331
320,S10,13,57.56868941071656
321,S10,13,0.0
322,S10,13,0.0
323,S10,13,0.0
324,S10,13,0.0
325,S10,13,0.0
101,S10,14,32.96928933459155
102,S10,14,29.62665380931359
103,S10,14,56.55521693190036
104,S10,14,21.991784963155684
105,S10,14,25.55614738951403
106,S10,14,48.689978321971
107,S10,14,47.28838854323382
108,S10,14,59.69193907259386
109,S10,14,60.67054803330237
110,S10,14,76.05668237489083
111,S10,14,0.0
112,S10,14,0.0
113,S10,14,94.977348254981
114,S10,14,82.1378111825412
115,S10,14,126.60857567815518
116,S10,14,36.46498761228016
117,S10,14,0.0
118,S10,14,115.56307217020621
119,S10,14,65.90126658552508
120,S10,14,45.79732419855061
121,S10,14,0.0
122,S10,14,0.0
123,S10,14,0.0
124,S10,14,0.0
201,S10,14,40.519030121390735
202,S10,14,36.37926574201184
203,S10,14,71.4838462166224
204,S10,14,27.113194821448833
205,S10,14,25.688192318021212
206,S10,14,53.25655824774597
207,S10,14,48.13724159343193
208,S10,14,63.66905980057731
209,S10,14,67.62720230645355
210,S10,14,85.91927388517243
211,S10,14,0.0
212,S10,14,0.0
213,S10,14,100.9296682837263
214,S10,14,81.99919077406847
215,S10,14,114.56536234593291
216,S10,14,36.24394974919928
217,S10,14,0.0
218,S10,14,144.08502195701297
219,S10,14,74.52375864427331
220,S10,14,48.36146189928107
221,S10,14,0.0
222,S10,14,0.0
223,S10,14,0.0
224,S10,14,0.0
301,S10,14,54.55648011561378
302,S10,14,50.018456416186325
303,S10,14,82.0128116555806
304,S10,14,37.286500983727215
305,S10,14,36.05796712554372
306,S10,14,72.46530209350144
307,S10,14,67.39146491976791
308,S10,14,72.72816962065565
309,S10,14,74.05107750689152
310,S10,14,96.79049514884407
311,S10,14,0.0
312,S10,14,0.0
313,S10,14,131.09751196310143
314,S10,14,99.78379046746055
315,S10,14,186.33686955023143
316,S10,14,52.993576915233895
317,S10,14,0.0
318,S10,14,182.9798269800826
319,S10,14,94.5085956813526
320,S10,14,58.76289997626445
321,S10,14,0.0
322,S10,14,0.0
323,S10,14,0.0
324,S10,14,0.0
325,S10,14,0.0
101,S10,15,33.11446121484588
102,S10,15,28.71433994101054
103,S10,15,54.701414191606354
104,S10,15,22.60951195686262
105,S10,15,24.46239703543913
106,S10,15,49.85350567520154
107,S10,15,43.78651249123425
108,S10,15,58.744309617527996
109,S10,15,62.00433963690998
110,S10,15,75.82383643483581
111,S10,15,0.0
112,S10,15,0.0
113,S10,15,92.23237538826224
114,S10,15,81.17995069358594
115,S10,15,125.0542267001002
116,S10,15,37.87913973747228
117,S10,15,0.0
118,S10,15,121.09983509020526
119,S10,15,62.56108456313729
120,S10,15,46.06740371326061
121,S10,15,0.0
122,S10,15,0.0
123,S10,15,0.0
124,S10,15,0.0
201,S10,15,42.15745916437968
202,S10,15,36.28921345934562
203,S10,15,67.46122191997004
204,S10,15,28.10004203319587
205,S10,15,25.786450102263398
206,S10,15,49.82918138371226
207,S10,15,46.926624652422085
208,S10,15,66.80318362241402
209,S10,15,65.53777635124864
210,S10,15,85.2719022790429
211,S10,15,0.0
212,S10,15,0.0
213,S10,15,99.40376392841813
214,S10,15,83.08107080156515
215,S10,15,115.43751547828643
216,S10,15,35.92316408157813
217,S10,15,0.0
218,S10,15,141.8765197457781
219,S10,15,73.23146736785807
220,S10,15,46.1145229592333
221,S10,15,0.0
222,S10,15,0.0
223,S10,15,0.0
224,S10,15,0.0
301,S10,15,57.03819810802959
302,S10,15,49.94567278097393
303,S10,15,81.0639266129522
304,S10,15,39.24372695330366
305,S10,15,36.66461412417477
306,S10,15,69.0240024369898
307,S10,15,66.66837751693976
308,S10,15,73.50059976012157
309,S10,15,77.57446859516463
310,S10,15,101.11234992948098
311,S10,15,0.0
312,S10,15,0.0
313,S10,15,134.17985749704664
314,S10,15,97.32626202081089
315,S10,15,187.23927702136126
316,S10,15,53.18102658251474
317,S10,15,0.0
318,S10,15,199.20931081415992
319,S10,15,89.23543996463569
320,S10,15,59.61125871250172
321,S10,15,0.0
322,S10,15,0.0
323,S10,15,0.0
324,S10,15,0.0
325,S10,15,0.0
101,S10,16,35.60917846605677
102,S10,16,31.08344197495302
103,S10,16,58.71741707807396
104,S10,16,24.042371005998326
105,S10,16,27.25235905633997
106,S10,16,50.073336794320305
107,S10,16,46.71303661628013
108,S10,16,64.6493877635721
109,S10,16,65.41434004338494
110,S10,16,78.89141308797267
111,S10,16,0.0
112,S10,16,0.0
113,S10,16,97.70782744528533
114,S10,16,79.70346113653027
115,S10,16,127.62376706904948
116,S10,16,36.457825082737465
117,S10,16,0.0
118,S10,16,112.73511363896398
119,S10,16,65.0302303549856
120,S10,16,48.92323617074409
121,S10,16,0.0
122,S10,16,0.0
123,S10,16,0.0
124,S10,16,0.0
201,S10,16,41.274837688314605
202,S10,16,35.54702614179058
203,S10,16,66.02294112427755
204,S10,16,28.774212222744737
205,S10,16,27.505145264528416
206,S10,16,51.27781324569602
207,S10,16,48.48857325494613
208,S10,16,62.749981326132136
209,S10,16,65.27216738864519
210,S10,16,79.59755182391585
211,S10,16,0.0
212,S10,16,0.0
213,S10,16,96.5394229601578
214,S10,16,83.8907308282193
215,S10,16,110.71046275570271
216,S10,16,37.85962626078368
217,S10,16,0.0
218,S10,16,138.61320396291106
219,S10,16,79.23953547016181
220,S10,16,48.001115864201466
221,S10,16,0.0
222,S10,16,0.0
223,S10,16,0.0
224,S10,16,0.0
301,S10,16,54.86135042804354
302,S10,16,49.41138954859769
303,S10,16,75.50895019745158
304,S10,16,39.35659730007318
305,S10,16,35.94131731053719
306,S10,16,67.19601554985366
307,S10,16,63.15774971809496
308,S10,16,72.94626661134485
309,S10,16,77.11052492949918
310,S10,16,91.03282556571065
311,S10,16,0.0
312,S10,16,0.0
313,S10,16,133.5485016675919
314,S10,16,92.30844771500614
315,S10,16,177.75524953373693
316,S10,16,49.590050899351674
317,S10,16,0.0
318,S10,16,194.5731541909368
319,S10,16,89.77154825369436
320,S10,16,53.81985344031348
321,S10,16,0.0
322,S10,16,0.0
323,S10,16,0.0
324,S10,16,0.0
325,S10,16,0.0
101,S10,17,36.399040918433435
102,S10,17,32.03701046098496
103,S10,17,60.06498515873724
104,S10,17,24.542530713330052
105,S10,17,29.353068377923893
106,S10,17,56.01466514011428
107,S10,17,49.79221790673566
108,S10,17,65.09391640353824
109,S10,17,71.84540087865317
110,S10,17,84.93326947721225
111,S10,17,0.0
112,S10,17,0.0
113,S10,17,102.77541685301087
114,S10,17,88.40461077951771
115,S10,17,145.0881417809313
116,S10,17,41.209763636617005
117,S10,17,0.0
118,S10,17,126.1747945313409
119,S10,17,69.31654557243637
120,S10,17,52.75672434770821
121,S10,17,0.0
122,S10,17,0.0
123,S10,17,0.0
124,S10,17,0.0
201,S10,17,41.96324148918299
202,S10,17,39.83758753032628
203,S10,17,69.96178429663313
204,S10,17,29.552490276550962
205,S10,17,28.800293274016806
206,S10,17,55.48570000931999
207,S10,17,48.68178702223512
208,S10,17,69.29920287420838
209,S10,17,68.15861422596048
210,S10,17,86.56718114932976
211,S10,17,0.0
212,S10,17,0.0
213,S10,17,101.540609924557
214,S10,17,91.42589910925432
215,S10,17,125.24292858520677
216,S10,17,40.969549639272394
217,S10,17,0.0
218,S10,17,150.55705009692744
219,S10,17,83.91877499957927
220,S10,17,52.4216306053944
221,S10,17,0.0
222,S10,17,0.0
223,S10,17,0.0
224,S10,17,0.0
301,S10,17,56.912870839822155
302,S10,17,48.49676280796845
303,S10,17,82.34616767864533
304,S10,17,36.97807861269823
305,S10,17,37.87436586853237
306,S10,17,69.21695084332949
307,S10,17,63.44422472665952
308,S10,17,80.57718749878812
309,S10,17,74.947823981862
310,S10,17,100.5224570789261
311,S10,17,0.0
312,S10,17,0.0
313,S10,17,133.7444000892216
314,S10,17,98.50862054168203
315,S10,17,185.73070484472785
316,S10,17,52.11591891202698
317,S10,17,0.0
318,S10,17,200.1098358627402
319,S10,17,90.6010496472475
320,S10,17,57.81212564590143
321,S10,17,0.0
322,S10,17,0.0
323,S10,17,0.0
324,S10,17,0.0
325,S10,17,0.0
101,S10,18,36.95330185570933
102,S10,18,36.440307693854685
103,S10,18,61.946053757703545
104,S10,18,26.860030120959944
105,S10,18,30.003680252616526
106,S10,18,56.32886271394946
107,S10,18,54.101191755872435
108,S10,18,72.24818383788464
109,S10,18,75.68337580608795
110,S10,18,93.82287859125766
111,S10,18,0.0
112,S10,18,0.0
113,S10,18,102.01366608354127
114,S10,18,89.40533378830021
115,S10,18,145.7688333761959
116,S10,18,42.546606066734114
117,S10,18,0.0
118,S10,18,139.7154397492021
119,S10,18,70.20022996540354
120,S10,18,51.803341017431265
121,S10,18,0.0
122,S10,18,0.0
123,S10,18,0.0
124,S10,18,0.0
201,S10,18,48.99618858807346
202,S10,18,40.6526997057757
203,S10,18,79.42858309845025
204,S10,18,31.855911908285062
205,S10,18,29.46855914235556
206,S10,18,61.19396842126267
207,S10,18,55.48375523737974
208,S10,18,72.95581970085868
209,S10,18,74.12529487603587
210,S10,18,92.01918865342944
211,S10,18,0.0
212,S10,18,0.0
213,S10,18,106.29051130829949
214,S10,18,94.90498855236078
215,S10,18,132.41238440104976
216,S10,18,42.78596661080936
217,S10,18,0.0
218,S10,18,159.11092845496069
219,S10,18,91.38336967393283
220,S10,18,55.66027543973852
221,S10,18,0.0
222,S10,18,0.0
223,S10,18,0.0
224,S10,18,0.0
301,S10,18,64.46846950420016
302,S10,18,56.36446595778741
303,S10,18,92.34234672108666
304,S10,18,41.630012701846056
305,S10,18,38.84034593390773
306,S10,18,76.11414565031747
307,S10,18,68.939339580182
308,S10,18,86.9442786028353
309,S10,18,88.52380266020305
310,S10,18,103.95871188193792
311,S10,18,0.0
312,S10,18,0.0
313,S10,18,147.55217235448052
314,S10,18,106.79463871717378
315,S10,18,196.79893761616245
316,S10,18,57.3724065557501
317,S10,18,0.0
318,S10,18,221.37127711231597
319,S10,18,95.31247873013128
320,S10,18,63.06314771460841
321,S10,18,0.0
322,S10,18,0.0
323,S10,18,0.0
324,S10,18,0.0
325,S10,18,0.0
101,S10,19,36.33570862584427
102,S10,19,32.4976331241689
103,S10,19,62.24420270709072
104,S10,19,26.933532588891723
105,S10,19,29.96975304205488
106,S10,19,55.42760292305958
107,S10,19,50.58807211563223
108,S10,19,69.53270932091918
109,S10,19,69.95221028746218
110,S10,19,91.5878591747684
111,S10,19,0.0
112,S10,19,0.0
113,S10,19,103.56314591773412
114,S10,19,87.15842142923654
115,S10,19,140.2945982801079
116,S10,19,39.59799162061608
117,S10,19,0.0
118,S10,19,125.94129934121388
119,S10,19,68.42030856630069
120,S10,19,52.70636420022687
121,S10,19,0.0
122,S10,19,0.0
123,S10,19,0.0
124,S10,19,0.0
201,S10,19,45.43043465100924
202,S10,19,40.5092184653445
203,S10,19,76.299550885101
204,S10,19,31.25820666527647
205,S10,19,30.711423518833126
206,S10,19,59.945554381679614
207,S10,19,55.958033487681746
208,S10,19,73.58614685119855
209,S10,19,78.93382089448272
210,S10,19,94.22110418462204
211,S10,19,0.0
212,S10,19,0.0
213,S10,19,115.54387293931562
214,S10,19,91.92008218985343
215,S10,19,129.3106882194342
216,S10,19,42.771321900281556
217,S10,19,0.0
218,S10,19,164.59523976621307
219,S10,19,89.70583875486193
220,S10,19,54.80013796669552
221,S10,19,0.0
222,S10,19,0.0
223,S10,19,0.0
224,S10,19,0.0
301,S10,19,59.723779721625775
302,S10,19,55.842182261053416
303,S10,19,86.60388442308503
304,S10,19,42.17567650944856
305,S10,19,41.96809689601597
306,S10,19,76.05018623911798
307,S10,19,68.95864373919066
308,S10,19,80.05409967762954
309,S10,19,86.89596410238968
310,S10,19,103.88883948667942
311,S10,19,0.0
312,S10,19,0.0
313,S10,19,147.5206919465857
314,S10,19,105.22933737223596
315,S10,19,195.99795292974292
316,S10,19,58.06223008552221
317,S10,19,0.0
318,S10,19,202.78563067147087
319,S10,19,98.60080840724073
320,S10,19,60.61462642283912
321,S10,19,0.0
322,S10,19,0.0
323,S10,19,0.0
324,S10,19,0.0
325,S10,19,0.0
101,S10,20,35.285769720480324
102,S10,20,32.12428192780509
103,S10,20,60.23522484490168
104,S10,20,24.028378477590046
105,S10,20,27.053533858724943
106,S10,20,54.134560227594456
107,S10,20,48.64717090665975
108,S10,20,68.19341274683542
109,S10,20,66.60302812242946
110,S10,20,85.79143779655142
111,S10,20,0.0
112,S10,20,0.0
113,S10,20,99.29414656645167
114,S10,20,83.79426034681217
115,S10,20,137.41351680235803
116,S10,20,41.1977594071037
117,S10,20,0.0
118,S10,20,129.72371009350894
119,S10,20,69.63064933093837
120,S10,20,52.525368662194104
121,S10,20,0.0
122,S10,20,0.0
123,S10,20,0.0
124,S10,20,0.0
201,S10,20,46.39861927249773
202,S10,20,40.05329462869312
203,S10,20,76.31641381015937
204,S10,20,32.72768691229785
205,S10,20,30.690831400204203
206,S10,20,55.355917927675954
207,S10,20,53.71810103522503
208,S10,20,70.15108267145501
209,S10,20,77.67117985878518
210,S10,20,95.72853563750576
211,S10,20,0.0
212,S10,20,0.0
213,S10,20,114.76230857606699
214,S10,20,89.67591198147394
215,S10,20,129.99226432786676
216,S10,20,43.68526788240181
217,S10,20,0.0
218,S10,20,166.43687509101574
219,S10,20,84.72686917950664
220,S10,20,55.33517579935057
221,S10,20,0.0
222,S10,20,0.0
223,S10,20,0.0
224,S10,20,0.0
301,S10,20,57.750096826766274
302,S10,20,53.4380139661294
303,S10,20,86.17484839845646
304,S10,20,41.69427168022542
305,S10,20,38.784105977281705
306,S10,20,78.30030405739944
307,S10,20,70.85047744274183
308,S10,20,78.59108781604975
309,S10,20,78.77054763318363
310,S10,20,106.25143704834144
311,S10,20,0.0
312,S10,20,0.0
313,S10,20,138.7550094838937
314,S10,20,101.46919179542535
315,S10,20,201.34333741174632
316,S10,20,54.42806321893665
317,S10,20,0.0
318,S10,20,203.7208604378621
319,S10,20,98.66828119016631
320,S10,20,59.607946517874176
321,S10,20,0.0
322,S10,20,0.0
323,S10,20,0.0
324,S10,20,0.0
325,S10,20,0.0
101,S10,21,37.341610094139085
102,S10,21,32.41014008343655
103,S10,21,58.76352122251727
104,S10,21,25.134439035850054
105,S10,21,27.900898544179963
106,S10,21,53.60823727799258
107,S10,21,45.747201315832484
108,S10,21,67.0741788578251
109,S10,21,64.96327421571142
110,S10,21,82.23530410274802
111,S10,21,0.0
112,S10,21,0.0
113,S10,21,100.82521595019261
114,S10,21,85.28489060025585
115,S10,21,141.62295612200919
116,S10,21,36.7217649332383
117,S10,21,0.0
118,S10,21,117.23230601630117
119,S10,21,64.4452768888681
120,S10,21,48.02275942523656
121,S10,21,0.0
122,S10,21,0.0
123,S10,21,0.0
124,S10,21,0.0
201,S10,21,43.41222360385539
202,S10,21,40.171522920927444
203,S10,21,77.92076357880062
204,S10,21,31.853902196821302
205,S10,21,28.86571554670067
206,S10,21,58.22548879245797
207,S10,21,51.51254487390926
208,S10,21,73.82489858096396
209,S10,21,73.24783607432303
210,S10,21,91.87655000753591
211,S10,21,0.0
212,S10,21,0.0
213,S10,21,105.61072925927712
214,S10,21,90.30290599048047
215,S10,21,129.61574664532222
216,S10,21,43.45619343379762
217,S10,21,0.0
218,S10,21,153.0266894548644
219,S10,21,89.45513661743824
220,S10,21,53.10391287882964
221,S10,21,0.0
222,S10,21,0.0
223,S10,21,0.0
224,S10,21,0.0
301,S10,21,55.312490095198136
302,S10,21,50.09112592889338
303,S10,21,86.39412918918846
304,S10,21,38.47365142695465
305,S10,21,37.10450312440037
306,S10,21,75.91295137903226
307,S10,21,65.74242004481044
308,S10,21,81.39913446405613
309,S10,21,81.947028233243
310,S10,21,102.45390526049735
311,S10,21,0.0
312,S10,21,0.0
313,S10,21,142.32837427143707
314,S10,21,97.23055968690429
315,S10,21,187.4769043286521
316,S10,21,53.18565653675517
317,S10,21,0.0
318,S10,21,197.71737406777302
319,S10,21,89.23342866495382
320,S10,21,57.8038575933229
321,S10,21,0.0
322,S10,21,0.0
323,S10,21,0.0
324,S10,21,0.0
325,S10,21,0.0
101,S10,22,35.52211020549861
102,S10,22,30.373201062717065
103,S10,22,58.054397467066764
104,S10,22,23.241209039336848
105,S10,22,26.11108769658027
106,S10,22,51.66476932059543
107,S10,22,44.10712683789901
108,S10,22,60.50447161214974
109,S10,22,64.35466523181931
110,S10,22,76.90779909743091
111,S10,22,0.0
112,S10,22,0.0
113,S10,22,93.80571268618007
114,S10,22,81.93462342746982
115,S10,22,125.98067106303623
116,S10,22,38.17058673894797
117,S10,22,0.0
118,S10,22,121.65891909241377
119,S10,22,61.161712195051074
120,S10,22,44.431047995654005
121,S10,22,0.0
122,S10,22,0.0
123,S10,22,0.0
124,S10,22,0.0
201,S10,22,46.87577083412179
202,S10,22,40.16130500608041
203,S10,22,78.15164902083151
204,S10,22,29.791595991965114
205,S10,22,29.239014881285293
206,S10,22,55.88229364752358
207,S10,22,52.314808152915006
208,S10,22,68.84238201964061
209,S10,22,72.46295539275901
210,S10,22,95.01677170092316
211,S10,22,0.0
212,S10,22,0.0
213,S10,22,106.34065318188864
214,S10,22,93.97912560185983
215,S10,22,130.44298555378612
216,S10,22,40.72127204649347
217,S10,22,0.0
218,S10,22,160.48724449230005
219,S10,22,82.58869962163635
220,S10,22,55.59415881753878
221,S10,22,0.0
222,S10,22,0.0
223,S10,22,0.0
224,S10,22,0.0
301,S10,22,57.900799761666875
302,S10,22,47.5161408148991
303,S10,22,81.25272301104683
304,S10,22,37.88896063006445
305,S10,22,37.654698874185655
306,S10,22,67.0566208947222
307,S10,22,64.69376857405567
308,S10,22,74.51304773079566
309,S10,22,75.79502354774638
310,S10,22,99.34791363908913
311,S10,22,0.0
312,S10,22,0.0
313,S10,22,126.34490193424706
314,S10,22,98.87851964662748
315,S10,22,177.92971601122503
316,S10,22,50.997924899963465
317,S10,22,0.0
318,S10,22,196.60329869680746
319,S10,22,92.25119985163882
320,S10,22,55.92743634179505
321,S10,22,0.0
322,S10,22,0.0
323,S10,22,0.0
324,S10,22,0.0
325,S10,22,0.0
101,S10,23,31.365554581129384
102,S10,23,29.44722414137901
103,S10,23,52.04648723191329
104,S10,23,22.60485612756922
105,S10,23,25.420136731426894
106,S10,23,44.5168676151318
107,S10,23,44.299696097407384
108,S10,23,56.69393985347828
109,S10,23,57.26380105199732
110,S10,23,71.3481954205284
111,S10,23,0.0
112,S10,23,0.0
113,S10,23,87.46822400795604
114,S10,23,72.70885577243905
115,S10,23,127.2922072907617
116,S10,23,33.38726459663831
117,S10,23,0.0
118,S10,23,112.90441473765348
119,S10,23,57.195252367614636
120,S10,23,43.84904898881018
121,S10,23,0.0
122,S10,23,0.0
123,S10,23,0.0
124,S10,23,0.0
201,S10,23,42.7772614575497
202,S10,23,40.7136907168125
203,S10,23,76.04021217305231
204,S10,23,30.47159903893458
205,S10,23,27.85225841211165
206,S10,23,55.385259964125154
207,S10,23,52.76367156940335
208,S10,23,67.09748940744439
209,S10,23,70.55774203181983
210,S10,23,89.9627167500792
211,S10,23,0.0
212,S10,23,0.0
213,S10,23,104.15906688342297
214,S10,23,86.50680459907792
215,S10,23,127.4962514471561
216,S10,23,41.68962611766643
217,S10,23,0.0
218,S10,23,154.46053337984858
219,S10,23,81.158837707914
220,S10,23,49.92268042494953
221,S10,23,0.0
222,S10,23,0.0
223,S10,23,0.0
224,S10,23,0.0
301,S10,23,52.70555739693941
302,S10,23,46.16643483238173
303,S10,23,69.93332714951484
304,S10,23,33.39854977049969
305,S10,23,32.65765044988024
306,S10,23,64.80699164963768
307,S10,23,60.092557087134814
308,S10,23,72.99654333419006
309,S10,23,73.67519874950402
310,S10,23,91.71567076925277
311,S10,23,0.0
312,S10,23,0.0
313,S10,23,115.1340839065477
314,S10,23,91.66055843798222
315,S10,23,163.4126734844494
316,S10,23,46.78986188943354
317,S10,23,0.0
318,S10,23,171.8163632211015
319,S10,23,85.61361918523862
320,S10,23,49.97269655717521
321,S10,23,0.0
322,S10,23,0.0
323,S10,23,0.0
324,S10,23,0.0
325,S10,23,0.0
101,S10,24,32.26010654056494
102,S10,24,27.03516662038731
103,S10,24,51.221322449162145
104,S10,24,21.625216241518203
105,S10,24,24.495354925653146
106,S10,24,43.56902676859519
107,S10,24,43.54076774614645
108,S10,24,54.80539853913252
109,S10,24,56.23087596026935
110,S10,24,71.62150805752127
111,S10,24,0.0
112,S10,24,0.0
113,S10,24,87.03742930192278
114,S10,24,74.65387586751841
115,S10,24,119.93985011477051
116,S10,24,34.8626696462285
117,S10,24,0.0
118,S10,24,110.19242524878229
119,S10,24,60.82661403405623
120,S10,24,43.348258642582124
121,S10,24,0.0
122,S10,24,0.0
123,S10,24,0.0
124,S10,24,0.0
201,S10,24,40.44368177611914
202,S10,24,37.72500800517485
203,S10,24,73.63942095534146
204,S10,24,28.655929466397826
205,S10,24,27.72008647310801
206,S10,24,53.717758961344266
207,S10,24,51.02378659817575
208,S10,24,64.10412969149424
209,S10,24,71.0937116090748
210,S10,24,82.6322520916635
211,S10,24,0.0
212,S10,24,0.0
213,S10,24,97.12291593823622
214,S10,24,88.77007952936937
215,S10,24,123.54035111042234
216,S10,24,39.163385699032425
217,S10,24,0.0
218,S10,24,147.7974463810211
219,S10,24,81.99186811749563
220,S10,24,50.140282728385735
221,S10,24,0.0
222,S10,24,0.0
223,S10,24,0.0
224,S10,24,0.0
301,S10,24,47.57780608821821
302,S10,24,41.61101602471156
303,S10,24,68.29936738878975
304,S10,24,30.665711687768628
305,S10,24,28.85104080946428
306,S10,24,59.77087502014142
307,S10,24,52.91711208755089
308,S10,24,61.33582727189189
309,S10,24,63.13193196766614
310,S10,24,79.4487712645
311,S10,24,0.0
312,S10,24,0.0
313,S10,24,114.51181860877205
314,S10,24,82.20706241787455
315,S10,24,147.36061319263118
316,S10,24,41.220713302904315
317,S10,24,0.0
318,S10,24,165.11980428292895
319,S10,24,74.3669070012519
320,S10,24,46.27354530791693
321,S10,24,0.0
322,S10,24,0.0
323,S10,24,0.0
324,S10,24,0.0
325,S10,24,0.0
101,S11,1,28.87102082666906
102,S11,1,25.156703506853088
103,S11,1,50.46206015770091
104,S11,1,19.48201953042909
105,S11,1,21.769157700457693
106,S11,1,43.12127613122405
107,S11,1,41.46442186366185
108,S11,1,56.67192722286236
109,S11,1,53.87538435854925
110,S11,1,70.24359184171932
111,S11,1,0.0
112,S11,1,0.0
113,S11,1,78.29351465072001
114,S11,1,70.88562824559591
115,S11,1,114.42622591047076
116,S11,1,30.630682162632468
117,S11,1,0.0
118,S11,1,101.9863447208859
119,S11,1,55.71034951026431
120,S11,1,40.352264495787644
121,S11,1,0.0
122,S11,1,0.0
123,S11,1,0.0
124,S11,1,0.0
201,S11,1,38.341447963886985
202,S11,1,33.72054973636243
203,S11,1,62.419859448357364
204,S11,1,26.64157119879121
205,S11,1,24.307678445910184
206,S11,1,47.89376977686815
207,S11,1,43.551174363912025
208,S11,1,58.24087509709837
209,S11,1,58.68463322701531
210,S11,1,78.65898235575195
211,S11,1,0.0
212,S11,1,0.0
213,S11,1,90.31581206161489
214,S11,1,74.89234298359992
215,S11,1,105.49638630078495
216,S11,1,34.14779452010303
217,S11,1,0.0
218,S11,1,132.61390354345616
219,S11,1,72.00227601689078
220,S11,1,42.22098075565265
221,S11,1,0.0
222,S11,1,0.0
223,S11,1,0.0
224,S11,1,0.0
301,S11,1,43.29637826506549
302,S11,1,39.80903976826726
303,S11,1,59.30209738918505
304,S11,1,29.491160709461575
305,S11,1,28.786481193425065
306,S11,1,56.92602466086495
307,S11,1,48.35165497758471
308,S11,1,60.15231311686878
309,S11,1,58.98208982920158
310,S11,1,73.74552477692559
311,S11,1,0.0
312,S11,1,0.0
313,S11,1,97.98898592742093
314,S11,1,73.94182286062468
315,S11,1,138.5310044809205
316,S11,1,40.07964170897156
317,S11,1,0.0
318,S11,1,153.0536626289915
319,S11,1,69.50894889252052
320,S11,1,43.841371465619645
321,S11,1,0.0
322,S11,1,0.0
323,S11,1,0.0
324,S11,1,0.0
325,S11,1,0.0
101,S11,2,30.630011056269986
102,S11,2,26.23758915160885
103,S11,2,50.29208217770694
104,S11,2,19.16206688029766
105,S11,2,23.387311869101378
106,S11,2,44.685225098050594
107,S11,2,40.289008962873595
108,S11,2,52.47518904357735
109,S11,2,54.8690499449184
110,S11,2,66.1138658699819
111,S11,2,0.0
112,S11,2,0.0
113,S11,2,81.32597640057494
114,S11,2,66.74962502380771
115,S11,2,106.64754224348175
116,S11,2,30.250831054277107
117,S11,2,0.0
118,S11,2,98.08449213756468
119,S11,2,54.7403377542913
120,S11,2,38.673563393376654
121,S11,2,0.0
122,S11,2,0.0
123,S11,2,0.0
124,S11,2,0.0
201,S11,2,35.82119854158357
202,S11,2,33.380345969506685
203,S11,2,60.909083093432265
204,S11,2,24.44299462028169
205,S11,2,23.985216769943644
206,S11,2,45.000709911945066
207,S11,2,43.3146636596055
208,S11,2,57.64026202061903
209,S11,2,62.4533113458461
210,S11,2,72.99896609590597
211,S11,2,0.0
212,S11,2,0.0
213,S11,2,87.41568175495232
214,S11,2,73.83717618067985
215,S11,2,105.04178170263594
216,S11,2,33.55427953526212
217,S11,2,0.0
218,S11,2,121.79464158390634
219,S11,2,66.16278846674109
220,S11,2,45.16535579395074
221,S11,2,0.0
222,S11,2,0.0
223,S11,2,0.0
224,S11,2,0.0
301,S11,2,39.96743055410703
302,S11,2,37.157468212339104
303,S11,2,61.98779438045144
304,S11,2,28.626947737421546
305,S11,2,28.026060200977128
306,S11,2,52.35904090936745
307,S11,2,46.27863193653532
308,S11,2,55.96610554938388
309,S11,2,56.515875138077085
310,S11,2,72.09323615408185
311,S11,2,0.0
312,S11,2,0.0
313,S11,2,93.41643440251391
314,S11,2,72.55952030489821
315,S11,2,135.269763906285
316,S11,2,38.03681417836125
317,S11,2,0.0
318,S11,2,140.83747964763376
319,S11,2,65.21182893599111
320,S11,2,42.93615877317809
321,S11,2,0.0
322,S11,2,0.0
323,S11,2,0.0
324,S11,2,0.0
325,S11,2,0.0
101,S11,3,28.195841193433488
102,S11,3,26.080648694575498
103,S11,3,49.63781351274232
104,S11,3,20.825923775259618
105,S11,3,22.927672086824813
106,S11,3,41.924108456607094
107,S11,3,38.09583647785161
108,S11,3,53.30297743493209
109,S11,3,55.37588275841352
110,S11,3,69.81227796125158
111,S11,3,0.0
112,S11,3,0.0
113,S11,3,83.50294651748251
114,S11,3,65.7534064706144
115,S11,3,116.85251762568775
116,S11,3,30.814517930194285
117,S11,3,0.0
118,S11,3,105.21656532623827
119,S11,3,55.63513422493773
120,S11,3,41.78682216405262
121,S11,3,0.0
122,S11,3,0.0
123,S11,3,0.0
124,S11,3,0.0
201,S11,3,35.00643813093424
202,S11,3,32.57473234998212
203,S11,3,61.006795366353366
204,S11,3,24.180997872133666
205,S11,3,24.92623814030648
206,S11,3,44.487665705769786
207,S11,3,41.28161075390586
208,S11,3,56.55235078964922
209,S11,3,61.378616765770246
210,S11,3,72.44235596178117
211,S11,3,0.0
212,S11,3,0.0
213,S11,3,84.03132238514144
214,S11,3,76.3777390575479
215,S11,3,105.16096521586239
216,S11,3,34.65691441733717
217,S11,3,0.0
218,S11,3,130.58266605494276
219,S11,3,65.51764502755434
220,S11,3,44.32162406180204
221,S11,3,0.0
222,S11,3,0.0
223,S11,3,0.0
224,S11,3,0.0
301,S11,3,40.023323389757664
302,S11,3,34.182251864395454
303,S11,3,58.558155828549005
304,S11,3,28.31661681284875
305,S11,3,26.037469034093334
306,S11,3,48.222834216332735
307,S11,3,45.953053596641354
308,S11,3,53.193523822694495
309,S11,3,55.30269598658859
310,S11,3,72.38715203461426
311,S11,3,0.0
312,S11,3,0.0
313,S11,3,92.73584441869099
314,S11,3,70.51734362048887
315,S11,3,135.10679638787934
316,S11,3,36.91837203263022
317,S11,3,0.0
318,S11,3,144.46476937003837
319,S11,3,67.50419819389198
320,S11,3,40.013609480634585
321,S11,3,0.0
322,S11,3,0.0
323,S11,3,0.0
324,S11,3,0.0
325,S11,3,0.0
101,S11,4,30.625163046971657
102,S11,4,27.912182564535726
103,S11,4,48.2226737731766
104,S11,4,21.289806228395538
105,S11,4,23.137531972378852
106,S11,4,45.2235414373028
107,S11,4,41.253082436748045
108,S11,4,55.74157917152474
109,S11,4,57.93205875410705
110,S11,4,72.68547103635593
111,S11,4,0.0
112,S11,4,0.0
113,S11,4,84.38221605192601
114,S11,4,72.6077544791138
115,S11,4,108.98987671155334
116,S11,4,33.145457085266635
117,S11,4,0.0
118,S11,4,104.48210312086994
119,S11,4,53.34851657253715
120,S11,4,39.88807066060288
121,S11,4,0.0
122,S11,4,0.0
123,S11,4,0.0
124,S11,4,0.0
201,S11,4,37.15646209580678
202,S11,4,31.283697042609223
203,S11,4,58.964310810407575
204,S11,4,25.70899680064379
205,S11,4,24.943485287663382
206,S11,4,44.422115783854274
207,S11,4,41.731169484460594
208,S11,4,58.110628620625086
209,S11,4,57.945719912802915
210,S11,4,72.70129076159785
211,S11,4,0.0
212,S11,4,0.0
213,S11,4,88.37445627320886
214,S11,4,76.0613250043822
215,S11,4,103.98110064064353
216,S11,4,33.58900975480144
217,S11,4,0.0
218,S11,4,131.06389416574942
219,S11,4,71.50708217141444
220,S11,4,42.19347904730283
221,S11,4,0.0
222,S11,4,0.0
223,S11,4,0.0
224,S11,4,0.0
301,S11,4,39.697837461323374
302,S11,4,36.96977823252785
303,S11,4,56.13403185162692
304,S11,4,27.44457759328672
305,S11,4,24.835713100565407
306,S11,4,47.87410411355108
307,S11,4,45.44632463036878
308,S11,4,54.8402489798195
309,S11,4,54.86489669033352
310,S11,4,69.5908965252506
311,S11,4,0.0
312,S11,4,0.0
313,S11,4,89.68099109424264
314,S11,4,64.91868010105188
315,S11,4,128.53950486859495
316,S11,4,38.00340991719754
317,S11,4,0.0
318,S11,4,137.37994088544986
319,S11,4,61.99795068865566
320,S11,4,41.90718532766192
321,S11,4,0.0
322,S11,4,0.0
323,S11,4,0.0
324,S11,4,0.0
325,S11,4,0.0
101,S11,5,31.144904936881048
102,S11,5,28.169099904265096
103,S11,5,54.54374825301071
104,S11,5,20.572639693714905
105,S11,5,24.228545990115993
106,S11,5,47.951038962859144
107,S11,5,43.74562713788314
108,S11,5,58.26294180929399
109,S11,5,56.764101588909305
110,S11,5,76.00870050498747
111,S11,5,0.0
112,S11,5,0.0
113,S11,5,86.03509960434548
114,S11,5,73.99130004495578
115,S11,5,122.42021051096347
116,S11,5,32.59229115099609
117,S11,5,0.0
118,S11,5,112.04974617935099
119,S11,5,59.98477247610121
120,S11,5,42.61477042325247
121,S11,5,0.0
122,S11,5,0.0
123,S11,5,0.0
124,S11,5,0.0
201,S11,5,38.16070293420236
202,S11,5,32.089348473641195
203,S11,5,63.8609050571035
204,S11,5,25.058877727762788
205,S11,5,25.1202688760896
206,S11,5,46.37669769047445
207,S11,5,44.224691313029865
208,S11,5,59.50584885933992
209,S11,5,58.16234312550544
210,S11,5,76.58668947923476
211,S11,5,0.0
212,S11,5,0.0
213,S11,5,83.68948514848927
214,S11,5,72.10242845955433
215,S11,5,105.20065802496556
216,S11,5,32.53437237518363
217,S11,5,0.0
218,S11,5,131.8594810240911
219,S11,5,72.25952215768494
220,S11,5,44.061120351582495
221,S11,5,0.0
222,S11,5,0.0
223,S11,5,0.0
224,S11,5,0.0
301,S11,5,37.16042824349494
302,S11,5,36.61373701784256
303,S11,5,57.342799038461564
304,S11,5,27.06899980389307
305,S11,5,25.633658619811843
306,S11,5,49.009055747743794
307,S11,5,47.06750481833523
308,S11,5,52.73152330023146
309,S11,5,56.51712622814985
310,S11,5,68.05289266508103
311,S11,5,0.0
312,S11,5,0.0
313,S11,5,94.44751697299243
314,S11,5,69.15828338637682
315,S11,5,122.75536098004747
316,S11,5,34.772082297846175
317,S11,5,0.0
318,S11,5,130.3169971780961
319,S11,5,61.27706937967435
320,S11,5,39.066767952571915
321,S11,5,0.0
322,S11,5,0.0
323,S11,5,0.0
324,S11,5,0.0
325,S11,5,0.0
101,S11,6,34.50488634796902
102,S11,6,29.578468950364915
103,S11,6,58.23915080855719
104,S11,6,23.496378086027818
105,S11,6,24.443513487114508
106,S11,6,49.86246179003707
107,S11,6,43.973370093087624
108,S11,6,61.872646407766524
109,S11,6,64.5839589314193
110,S11,6,75.03551413178322
111,S11,6,0.0
112,S11,6,0.0
113,S11,6,95.00704411992447
114,S11,6,75.68607187287249
115,S11,6,123.61221786026613
116,S11,6,37.55463610046325
117,S11,6,0.0
118,S11,6,112.39791668409035
119,S11,6,63.23942385603569
120,S11,6,44.37768433939636
121,S11,6,0.0
122,S11,6,0.0
123,S11,6,0.0
124,S11,6,0.0
201,S11,6,38.305975139881106
202,S11,6,33.50194947482547
203,S11,6,65.22339547155377
204,S11,6,26.290139705296728
205,S11,6,24.74303822715832
206,S11,6,47.76903861218967
207,S11,6,43.88313663581388
208,S11,6,58.57832855738511
209,S11,6,62.93861365181974
210,S11,6,78.13129174174563
211,S11,6,0.0
212,S11,6,0.0
213,S11,6,88.23656067928616
214,S11,6,73.65173610293486
215,S11,6,103.74563711822981
216,S11,6,36.28658271440564
217,S11,6,0.0
218,S11,6,136.08431358198195
219,S11,6,67.58766149231788
220,S11,6,44.814493575986155
221,S11,6,0.0
222,S11,6,0.0
223,S11,6,0.0
224,S11,6,0.0
301,S11,6,41.23963465793731
302,S11,6,34.47915029303058
303,S11,6,56.27321409210219
304,S11,6,27.303889648386093
305,S11,6,25.561391574679533
306,S11,6,52.30334338858127
307,S11,6,46.306805152511046
308,S11,6,51.82581219587124
309,S11,6,54.419666823144695
310,S11,6,70.78409598447583
311,S11,6,0.0
312,S11,6,0.0
313,S11,6,96.84276394192582
314,S11,6,68.80125881031717
315,S11,6,136.8963444922018
316,S11,6,35.52077500649735
317,S11,6,0.0
318,S11,6,139.88979162530097
319,S11,6,67.52158153680216
320,S11,6,42.62343813545502
321,S11,6,0.0
322,S11,6,0.0
323,S11,6,0.0
324,S11,6,0.0
325,S11,6,0.0
101,S11,7,36.65927158912181
102,S11,7,33.19130403462795
103,S11,7,56.94800288713877
104,S11,7,25.46214216965361
105,S11,7,28.31698187706586
106,S11,7,53.324037224491036
107,S11,7,46.501791449501134
108,S11,7,63.88640895830258
109,S11,7,67.74910136400177
110,S11,7,81.06817166621285
111,S11,7,0.0
112,S11,7,0.0
113,S11,7,101.22425546098884
114,S11,7,80.98632288047729
115,S11,7,141.95267782069075
116,S11,7,36.87949665077738
117,S11,7,0.0
118,S11,7,125.71223349560982
119,S11,7,66.1836813940512
120,S11,7,47.683173537621286
121,S11,7,0.0
122,S11,7,0.0
123,S11,7,0.0
124,S11,7,0.0
201,S11,7,36.87389859943578
202,S11,7,35.13383054426936
203,S11,7,60.814194874395966
204,S11,7,26.451532910537768
205,S11,7,24.589818275151664
206,S11,7,46.341636467204935
207,S11,7,42.958612711545236
208,S11,7,58.60302813990308
209,S11,7,59.442351568456395
210,S11,7,74.30492826276057
211,S11,7,0.0
212,S11,7,0.0
213,S11,7,93.18866911658733
214,S11,7,78.68250791233055
215,S11,7,103.03005882479177
216,S11,7,35.247008579996404
217,S11,7,0.0
218,S11,7,134.8024698111092
219,S11,7,74.65785492204053
220,S11,7,46.45518882627306
221,S11,7,0.0
222,S11,7,0.0
223,S11,7,0.0
224,S11,7,0.0
301,S11,7,40.25635622089642
302,S11,7,38.01945387959837
303,S11,7,60.0241351794529
304,S11,7,28.25546853445149
305,S11,7,28.322399398877366
306,S11,7,51.37041622687243
307,S11,7,46.57877155184546
308,S11,7,59.50803170346199
309,S11,7,56.64386276744338
310,S11,7,75.99719755970196
311,S11,7,0.0
312,S11,7,0.0
313,S11,7,103.37357608029589
314,S11,7,69.29654542035104
315,S11,7,135.86498688056307
316,S11,7,38.882517104814596
317,S11,7,0.0
318,S11,7,139.88483587057746
319,S11,7,68.29763170460873
320,S11,7,42.62756988975498
321,S11,7,0.0
322,S11,7,0.0
323,S11,7,0.0
324,S11,7,0.0
325,S11,7,0.0
101,S11,8,37.850965954027316
102,S11,8,31.8965959012468
103,S11,8,62.01848686120642
104,S11,8,25.719319568466442
105,S11,8,26.935410554443813
106,S11,8,51.764303202058606
107,S11,8,49.05852285739041
108,S11,8,66.47766443395766
109,S11,8,69.87204687495921
110,S11,8,83.97246272911407
111,S11,8,0.0
112,S11,8,0.0
113,S11,8,95.96124440337242
114,S11,8,86.16578405063697
115,S11,8,133.54913421805034
116,S11,8,38.51021874712857
117,S11,8,0.0
118,S11,8,131.1131860041396
119,S11,8,69.91592708783787
120,S11,8,47.96426448851479
121,S11,8,0.0
122,S11,8,0.0
123,S11,8,0.0
124,S11,8,0.0
201,S11,8,39.21009589674291
202,S11,8,33.02014779612891
203,S11,8,63.79483851596532
204,S11,8,26.343432178837993
205,S11,8,23.986029463495424
206,S11,8,46.74890320775982
207,S11,8,42.01263405831442
208,S11,8,61.11794775392803
209,S11,8,63.06607217491766
210,S11,8,78.84745230138185
211,S11,8,0.0
212,S11,8,0.0
213,S11,8,86.54165367775214
214,S11,8,78.10304816883615
215,S11,8,103.36882356997387
216,S11,8,35.96534977108371
217,S11,8,0.0
218,S11,8,130.61086274544428
219,S11,8,67.39369181579386
220,S11,8,46.74994648055862
221,S11,8,0.0
222,S11,8,0.0
223,S11,8,0.0
224,S11,8,0.0
301,S11,8,42.25525748617899
302,S11,8,37.24218314987754
303,S11,8,65.07640617995403
304,S11,8,31.095457865409617
305,S11,8,28.66530149152208
306,S11,8,56.317749685509874
307,S11,8,50.136579098035604
308,S11,8,61.939233594877884
309,S11,8,62.380739050676105
310,S11,8,76.4723913584036
311,S11,8,0.0
312,S11,8,0.0
313,S11,8,98.3351655696346
314,S11,8,78.50041795536082
315,S11,8,146.32430989628517
316,S11,8,41.497413344928376
317,S11,8,0.0
318,S11,8,157.9953107547955
319,S11,8,71.25538329887507
320,S11,8,44.122357881498004
321,S11,8,0.0
322,S11,8,0.0
323,S11,8,0.0
324,S11,8,0.0
325,S11,8,0.0
101,S11,9,35.96678195425587
102,S11,9,33.26397931221361
103,S11,9,57.65723092351168
104,S11,9,25.515031047627584
105,S11,9,26.44460012588569
106,S11,9,54.43227862612505
107,S11,9,47.40726459703874
108,S11,9,62.71382041733711
109,S11,9,70.51993477823896
110,S11,9,79.92998420773745
111,S11,9,0.0
112,S11,9,0.0
113,S11,9,103.20136747555559
114,S11,9,87.03441642978143
115,S11,9,139.64973471964908
116,S11,9,37.220095980296705
117,S11,9,0.0
118,S11,9,122.53896689743947
119,S11,9,63.80699254847702
120,S11,9,48.89865131344585
121,S11,9,0.0
122,S11,9,0.0
123,S11,9,0.0
124,S11,9,0.0
201,S11,9,37.91278646054179
202,S11,9,33.67534609981664
203,S11,9,60.900454185695395
204,S11,9,27.08842189787215
205,S11,9,24.67571389371853
206,S11,9,47.350168413846845
207,S11,9,43.06669816634388
208,S11,9,62.86721039519911
209,S11,9,62.808613859471606
210,S11,9,76.2262721990893
211,S11,9,0.0
212,S11,9,0.0
213,S11,9,89.73405999577443
214,S11,9,80.80973839863559
215,S11,9,110.21850338741424
216,S11,9,37.02822151565603
217,S11,9,0.0
218,S11,9,135.57452035060584
219,S11,9,70.01490242824109
220,S11,9,44.15931074804057
221,S11,9,0.0
222,S11,9,0.0
223,S11,9,0.0
224,S11,9,0.0
301,S11,9,46.714947630945126
302,S11,9,40.41162177175464
303,S11,9,69.105041632959
304,S11,9,32.865400990977484
305,S11,9,30.597420967958033
306,S11,9,59.08307975411707
307,S11,9,53.19289391726853
308,S11,9,66.3094572452369
309,S11,9,67.9108655159443
310,S11,9,80.00381506987019
311,S11,9,0.0
312,S11,9,0.0
313,S11,9,115.056567178948
314,S11,9,83.8491541499368
315,S11,9,157.46845433268768
316,S11,9,44.59189677417862
317,S11,9,0.0
318,S11,9,171.0861537075515
319,S11,9,79.02756450262126
320,S11,9,45.99145526620201
321,S11,9,0.0
322,S11,9,0.0
323,S11,9,0.0
324,S11,9,0.0
325,S11,9,0.0
101,S11,10,35.01915015568844
102,S11,10,32.14705877287073
103,S11,10,55.53300380015335
104,S11,10,22.930510945110854
105,S11,10,25.777173859646993
106,S11,10,50.136245685084866
107,S11,10,47.60172280743489
108,S11,10,66.61418071801512
109,S11,10,62.9667058019892
110,S11,10,86.21642606124914
111,S11,10,0.0
112,S11,10,0.0
113,S11,10,94.04761097269007
114,S11,10,78.11677998218337
115,S11,10,129.28531926763367
116,S11,10,36.809441898323406
117,S11,10,0.0
118,S11,10,117.3578342227259
119,S11,10,63.74913854390055
120,S11,10,48.93511270023668
121,S11,10,0.0
122,S11,10,0.0
123,S11,10,0.0
124,S11,10,0.0
201,S11,10,39.36957081984698
202,S11,10,34.6818199948568
203,S11,10,65.96036846958445
204,S11,10,27.105459316768094
205,S11,10,24.803585582098425
206,S11,10,50.09032363224293
207,S11,10,45.79295046055428
208,S11,10,62.861047857972785
209,S11,10,65.93302495835891
210,S11,10,82.50202400572533
211,S11,10,0.0
212,S11,10,0.0
213,S11,10,96.25476261266505
214,S11,10,76.86793341145179
215,S11,10,112.37472132341908
216,S11,10,35.689894616443965
217,S11,10,0.0
218,S11,10,128.6278081630742
219,S11,10,71.7688005814977
220,S11,10,47.27176909148566
221,S11,10,0.0
222,S11,10,0.0
223,S11,10,0.0
224,S11,10,0.0
301,S11,10,50.68443571133889
302,S11,10,43.18452347619244
303,S11,10,72.63350686430101
304,S11,10,34.949806656105565
305,S11,10,31.73337133394061
306,S11,10,65.68568734894751
307,S11,10,58.0650708088957
308,S11,10,69.00364568041205
309,S11,10,72.41522031997009
310,S11,10,84.53337555293716
311,S11,10,0.0
312,S11,10,0.0
313,S11,10,124.34381899823887
314,S11,10,88.70966083104723
315,S11,10,157.780958408982
316,S11,10,46.330360522637115
317,S11,10,0.0
318,S11,10,164.6693450249774
319,S11,10,83.7284455369985
320,S11,10,49.40029870232139
321,S11,10,0.0
322,S11,10,0.0
323,S11,10,0.0
324,S11,10,0.0
325,S11,10,0.0
101,S11,11,32.41555829762657
102,S11,11,29.016473829686298
103,S11,11,56.43950182270781
104,S11,11,23.854545269719857
105,S11,11,25.872591004776076
106,S11,11,48.751775687615265
107,S11,11,45.153631901173185
108,S11,11,64.92304752028201
109,S11,11,66.90993840699146
110,S11,11,82.91979879334151
111,S11,11,0.0
112,S11,11,0.0
113,S11,11,94.73410894766717
114,S11,11,79.40533356939406
115,S11,11,135.6032227774886
116,S11,11,38.25935786796345
117,S11,11,0.0
118,S11,11,113.18106058231545
119,S11,11,66.90488698598745
120,S11,11,45.43527903772378
121,S11,11,0.0
122,S11,11,0.0
123,S11,11,0.0
124,S11,11,0.0
201,S11,11,38.94037032936415
202,S11,11,33.15240705746565
203,S11,11,67.60998338123937
204,S11,11,26.04556115474833
205,S11,11,25.97064378669636
206,S11,11,47.126196397258
207,S11,11,42.547892816062664
208,S11,11,64.14864691529324
209,S11,11,63.94640842063225
210,S11,11,76.45938008109165
211,S11,11,0.0
212,S11,11,0.0
213,S11,11,88.43177095323567
214,S11,11,75.08460319636986
215,S11,11,106.44762863241496
216,S11,11,36.43439117824917
217,S11,11,0.0
218,S11,11,131.3627669297115
219,S11,11,75.50409075185172
220,S11,11,46.544431700031595
221,S11,11,0.0
222,S11,11,0.0
223,S11,11,0.0
224,S11,11,0.0
301,S11,11,49.4018032993889
302,S11,11,45.74294418532887
303,S11,11,77.00861264524758
304,S11,11,36.777160145893696
305,S11,11,35.63846039180303
306,S11,11,63.23515074629728
307,S11,11,62.00085733466575
308,S11,11,73.75437248538904
309,S11,11,72.00916201380393
310,S11,11,93.83473181918836
311,S11,11,0.0
312,S11,11,0.0
313,S11,11,121.1205106668268
314,S11,11,86.04109596687177
315,S11,11,163.8608253974655
316,S11,11,45.83546733834194
317,S11,11,0.0
318,S11,11,179.2214451617319
319,S11,11,84.76370411990992
320,S11,11,55.23046052391638
321,S11,11,0.0
322,S11,11,0.0
323,S11,11,0.0
324,S11,11,0.0
325,S11,11,0.0
101,S11,12,31.61355267402744
102,S11,12,31.11857220112845
103,S11,12,55.31639133187783
104,S11,12,21.698314754769328
105,S11,12,26.545053774901106
106,S11,12,47.761511909651944
107,S11,12,44.062017795904794
108,S11,12,58.95018231658839
109,S11,12,65.08832018025315
110,S11,12,76.17301405192323
111,S11,12,0.0
112,S11,12,0.0
113,S11,12,95.50572301671937
114,S11,12,80.85954334780571
115,S11,12,122.67858067537307
116,S11,12,34.673757324377625
117,S11,12,0.0
118,S11,12,113.72628644385695
119,S11,12,62.02066360565229
120,S11,12,46.06482295590161
121,S11,12,0.0
122,S11,12,0.0
123,S11,12,0.0
124,S11,12,0.0
201,S11,12,38.598341058108886
202,S11,12,33.234675852588865
203,S11,12,61.19153041362026
204,S11,12,26.826788275077238
205,S11,12,25.395805922720413
206,S11,12,48.8647042354464
207,S11,12,44.77298576507787
208,S11,12,60.263286093959444
209,S11,12,61.001571788210036
210,S11,12,79.58668708218943
211,S11,12,0.0
212,S11,12,0.0
213,S11,12,90.89228316436079
214,S11,12,77.68482935777435
215,S11,12,112.89673097184308
216,S11,12,33.97487288008588
217,S11,12,0.0
218,S11,12,135.55196511200148
219,S11,12,71.04550250546221
220,S11,12,47.37292305026176
221,S11,12,0.0
222,S11,12,0.0
223,S11,12,0.0
224,S11,12,0.0
301,S11,12,54.047977331153355
302,S11,12,48.5407892479962
303,S11,12,73.91725115206785
304,S11,12,35.43958823227293
305,S11,12,34.425762875888665
306,S11,12,67.45403227747447
307,S11,12,60.72858250467414
308,S11,12,68.58657235116236
309,S11,12,76.42851620105164
310,S11,12,88.88693523276959
311,S11,12,0.0
312,S11,12,0.0
313,S11,12,126.83930534424383
314,S11,12,94.15530009984434
315,S11,12,164.15024533785598
316,S11,12,50.49138530731239
317,S11,12,0.0
318,S11,12,185.4132814021481
319,S11,12,83.99821400126993
320,S11,12,53.14374654695314
321,S11,12,0.0
322,S11,12,0.0
323,S11,12,0.0
324,S11,12,0.0
325,S11,12,0.0
101,S11,13,33.0895386488952
102,S11,13,30.68174767538885
103,S11,13,53.017607318627654
104,S11,13,22.885329301070062
105,S11,13,26.062265961364204
106,S11,13,49.399534605426155
107,S11,13,41.9600371682448
108,S11,13,62.70713712737795
109,S11,13,60.971378179081086
110,S11,13,79.89499605634609
111,S11,13,0.0
112,S11,13,0.0
113,S11,13,93.37716935415853
114,S11,13,78.7947737987953
115,S11,13,119.94832027157345
116,S11,13,34.844652164697074
117,S11,13,0.0
118,S11,13,109.24393899427753
119,S11,13,59.393600328075706
120,S11,13,45.85028839910195
121,S11,13,0.0
122,S11,13,0.0
123,S11,13,0.0
124,S11,13,0.0
201,S11,13,36.85379822367596
202,S11,13,33.646015076475024
203,S11,13,63.246300043321824
204,S11,13,25.586850456236256
205,S11,13,25.745060720532276
206,S11,13,49.56417251481702
207,S11,13,44.00811579901587
208,S11,13,62.72983571072923
209,S11,13,60.625380176630344
210,S11,13,80.48359197003613
211,S11,13,0.0
212,S11,13,0.0
213,S11,13,92.2605007728147
214,S11,13,75.34750829421358
215,S11,13,108.66048647336417
216,S11,13,34.2579654660163
217,S11,13,0.0
218,S11,13,126.41822611939028
219,S11,13,68.18690961999447
220,S11,13,46.64184729964297
221,S11,13,0.0
222,S11,13,0.0
223,S11,13,0.0
224,S11,13,0.0
301,S11,13,54.76912899644583
302,S11,13,48.785306736275345
303,S11,13,75.66505398371092
304,S11,13,35.34091041358912
305,S11,13,34.92133888051901
306,S11,13,68.63105890767008
307,S11,13,57.95572100954704
308,S11,13,71.07306222103428
309,S11,13,71.27474670034084
310,S11,13,89.25935358292504
311,S11,13,0.0
312,S11,13,0.0
313,S11,13,120.89354688602056
314,S11,13,92.19520591589253
315,S11,13,173.19279057657442
316,S11,13,46.1439548431634
317,S11,13,0.0
318,S11,13,175.75377261473668
319,S11,13,85.74139846390236
320,S11,13,52.181006651308955
321,S11,13,0.0
322,S11,13,0.0
323,S11,13,0.0
324,S11,13,0.0
325,S11,13,0.0
101,S11,14,32.52830291350372
102,S11,14,29.25536090508228
103,S11,14,52.71576364337421
104,S11,14,22.88837146879802
105,S11,14,24.799736288107557
106,S11,14,49.37404371466728
107,S11,14,43.456777023818354
108,S11,14,61.1192381422322
109,S11,14,62.679532195819945
110,S11,14,75.60610089934295
111,S11,14,0.0
112,S11,14,0.0
113,S11,14,85.2690052163293
114,S11,14,77.68719419141165
115,S11,14,122.96836522691383
116,S11,14,36.36123100555492
117,S11,14,0.0
118,S11,14,108.52035425444092
119,S11,14,62.124988438946986
120,S11,14,44.24977553959075
121,S11,14,0.0
122,S11,14,0.0
123,S11,14,0.0
124,S11,14,0.0
201,S11,14,37.74324936040076
202,S11,14,34.41500071389705
203,S11,14,60.89692981060534
204,S11,14,25.82264546234976
205,S11,14,25.933356385363776
206,S11,14,47.787759890758245
207,S11,14,42.73836222860597
208,S11,14,56.913905482544855
209,S11,14,59.171531559180394
210,S11,14,77.56423348492365
211,S11,14,0.0
212,S11,14,0.0
213,S11,14,89.57799839853233
214,S11,14,79.82660067136429
215,S11,14,106.01154018816977
216,S11,14,34.81179120004959
217,S11,14,0.0
218,S11,14,134.61876525515672
219,S11,14,67.52969744748466
220,S11,14,46.501877443263325
221,S11,14,0.0
222,S11,14,0.0
223,S11,14,0.0
224,S11,14,0.0
301,S11,14,53.1698084359348
302,S11,14,44.155406626054095
303,S11,14,74.6924872638448
304,S11,14,35.18389746391355
305,S11,14,35.079419381720754
306,S11,14,63.46416496332297
307,S11,14,56.66975113351435
308,S11,14,73.0212247493256
309,S11,14,71.35572340401302
310,S11,14,86.48813353069355
311,S11,14,0.0
312,S11,14,0.0
313,S11,14,123.38703273054652
314,S11,14,84.7394939008699
315,S11,14,165.0125210437699
316,S11,14,46.47143182823178
317,S11,14,0.0
318,S11,14,172.89036926667384
319,S11,14,84.96841261482707
320,S11,14,50.13047518479028
321,S11,14,0.0
322,S11,14,0.0
323,S11,14,0.0
324,S11,14,0.0
325,S11,14,0.0
101,S11,15,32.53483792907217
102,S11,15,29.0620982967146
103,S11,15,54.34697228413513
104,S11,15,21.54081059745128
105,S11,15,25.1054059408863
106,S11,15,49.13571970473006
107,S11,15,44.334804582022336
108,S11,15,57.05437735008512
109,S11,15,61.701673856259276
110,S11,15,74.0814788814837
111,S11,15,0.0
112,S11,15,0.0
113,S11,15,85.54097156570717
114,S11,15,76.76332078549542
115,S11,15,128.57645415483776
116,S11,15,33.70564717815864
117,S11,15,0.0
118,S11,15,107.26125601339595
119,S11,15,57.9254232424417
120,S11,15,42.41388305211445
121,S11,15,0.0
122,S11,15,0.0
123,S11,15,0.0
124,S11,15,0.0
201,S11,15,38.76161020956115
202,S11,15,33.26671154058378
203,S11,15,63.77183850622802
204,S11,15,25.0945879192066
205,S11,15,24.40376916919717
206,S11,15,46.200222508441065
207,S11,15,43.8345470297228
208,S11,15,61.04117437633328
209,S11,15,60.70085708956341
210,S11,15,79.45671809194441
211,S11,15,0.0
212,S11,15,0.0
213,S11,15,88.32225513287382
214,S11,15,77.26012434834682
215,S11,15,103.68526903037719
216,S11,15,33.817770103158715
217,S11,15,0.0
218,S11,15,130.63246572925388
219,S11,15,70.61716406913905
220,S11,15,46.55779227298342
221,S11,15,0.0
222,S11,15,0.0
223,S11,15,0.0
224,S11,15,0.0
301,S11,15,49.52795611423466
302,S11,15,44.027900483552266
303,S11,15,69.46513749379578
304,S11,15,34.340036670801595
305,S11,15,31.561079792847224
306,S11,15,60.67622716691822
307,S11,15,57.47555829158132
308,S11,15,65.42694541867118
309,S11,15,69.99348796341971
310,S11,15,88.99427042269448
311,S11,15,0.0
312,S11,15,0.0
313,S11,15,116.51768515962772
314,S11,15,90.19744385726374
315,S11,15,166.5527350926607
316,S11,15,44.652722104555835
317,S11,15,0.0
318,S11,15,170.6636570011307
319,S11,15,77.99587629971006
320,S11,15,52.6634750072799
321,S11,15,0.0
322,S11,15,0.0
323,S11,15,0.0
324,S11,15,0.0
325,S11,15,0.0
101,S11,16,32.60386826774679
102,S11,16,28.527816200486864
103,S11,16,55.89967478989354
104,S11,16,21.946325471424686
105,S11,16,25.04758062553885
106,S11,16,46.88854351567501
107,S11,16,44.37157907869351
108,S11,16,60.40062891608865
109,S11,16,58.26927466009354
110,S11,16,75.5048005525321
111,S11,16,0.0
112,S11,16,0.0
113,S11,16,91.13031538188692
114,S11,16,79.26340039716531
115,S11,16,121.52682352829478
116,S11,16,34.194264927065916
117,S11,16,0.0
118,S11,16,113.23702918601165
119,S11,16,60.79667273324066
120,S11,16,44.4577800912912
121,S11,16,0.0
122,S11,16,0.0
123,S11,16,0.0
124,S11,16,0.0
201,S11,16,35.85216081371936
202,S11,16,33.439950443199564
203,S11,16,59.486953318274956
204,S11,16,25.99920312320757
205,S11,16,25.06696299024557
206,S11,16,47.27389548787406
207,S11,16,41.45335527084372
208,S11,16,60.63997780673909
209,S11,16,63.391154945781246
210,S11,16,73.88405340630702
211,S11,16,0.0
212,S11,16,0.0
213,S11,16,92.00658216282277
214,S11,16,76.68690399022364
215,S11,16,103.3545842078758
216,S11,16,36.452675110025226
217,S11,16,0.0
218,S11,16,128.75118393602565
219,S11,16,67.74858952478317
220,S11,16,43.048179319774796
221,S11,16,0.0
222,S11,16,0.0
223,S11,16,0.0
224,S11,16,0.0
301,S11,16,51.19686114328925
302,S11,16,44.55627999941377
303,S11,16,74.06510302853124
304,S11,16,35.55571526367813
305,S11,16,33.379189472462926
306,S11,16,63.84690843114903
307,S11,16,55.065759982843915
308,S11,16,66.34930862401214
309,S11,16,70.3733232044917
310,S11,16,90.00581466209745
311,S11,16,0.0
312,S11,16,0.0
313,S11,16,112.83113126150792
314,S11,16,83.61998159528976
315,S11,16,168.06676445840176
316,S11,16,47.328086707676576
317,S11,16,0.0
318,S11,16,168.96589556915438
319,S11,16,81.19813620577753
320,S11,16,50.94407237557708
321,S11,16,0.0
322,S11,16,0.0
323,S11,16,0.0
324,S11,16,0.0
325,S11,16,0.0
101,S11,17,33.03729517243053
102,S11,17,28.836555278467088
103,S11,17,53.40567375563871
104,S11,17,22.95723768190999
105,S11,17,25.932806213945742
106,S11,17,48.64438524265251
107,S11,17,46.664851759174454
108,S11,17,62.05346824228788
109,S11,17,60.73062530689892
110,S11,17,78.71315658881188
111,S11,17,0.0
112,S11,17,0.0
113,S11,17,92.41725166646954
114,S11,17,79.41169904525832
115,S11,17,132.94507830252184
116,S11,17,35.70083793550084
117,S11,17,0.0
118,S11,17,112.49195349040055
119,S11,17,60.77445305051378
120,S11,17,45.74447266407366
121,S11,17,0.0
122,S11,17,0.0
123,S11,17,0.0
124,S11,17,0.0
201,S11,17,38.878503414831435
202,S11,17,33.80157432365892
203,S11,17,65.32182247204223
204,S11,17,25.443196506045823
205,S11,17,25.24444069921817
206,S11,17,48.92763812855854
207,S11,17,46.268784339390905
208,S11,17,62.28444476867832
209,S11,17,63.71128435890902
210,S11,17,79.23236200163105
211,S11,17,0.0
212,S11,17,0.0
213,S11,17,93.74151232424812
214,S11,17,79.63834451227032
215,S11,17,110.96000731608821
216,S11,17,35.74628829463506
217,S11,17,0.0
218,S11,17,131.50833272032193
219,S11,17,69.39200596364874
220,S11,17,44.96943691636344
221,S11,17,0.0
222,S11,17,0.0
223,S11,17,0.0
224,S11,17,0.0
301,S11,17,48.810335725971406
302,S11,17,44.252135643860875
303,S11,17,69.57613038313065
304,S11,17,35.2473543334794
305,S11,17,31.278654795402318
306,S11,17,60.03929049169568
307,S11,17,59.88275420048045
308,S11,17,67.05969500773932
309,S11,17,68.136698488377
310,S11,17,88.39970051586272
311,S11,17,0.0
312,S11,17,0.0
313,S11,17,120.5473782980452
314,S11,17,83.36907250206298
315,S11,17,169.986832370239
316,S11,17,47.25032413031675
317,S11,17,0.0
318,S11,17,164.87215942538324
319,S11,17,77.56568688712866
320,S11,17,48.30443037394767
321,S11,17,0.0
322,S11,17,0.0
323,S11,17,0.0
324,S11,17,0.0
325,S11,17,0.0
101,S11,18,36.906148044718215
102,S11,18,32.175821855228506
103,S11,18,61.77850272162777
104,S11,18,24.623866363108363
105,S11,18,26.704104114269434
106,S11,18,50.717723598240234
107,S11,18,49.7380181460404
108,S11,18,69.04823378662294
109,S11,18,70.34013809048807
110,S11,18,82.13074110471075
111,S11,18,0.0
112,S11,18,0.0
113,S11,18,98.75853549485299
114,S11,18,85.4888614637257
115,S11,18,136.7639658432281
116,S11,18,40.650843259851186
117,S11,18,0.0
118,S11,18,124.26416964244301
119,S11,18,67.26766185550075
120,S11,18,50.05141746082389
121,S11,18,0.0
122,S11,18,0.0
123,S11,18,0.0
124,S11,18,0.0
201,S11,18,43.830127685085024
202,S11,18,39.8236343943936
203,S11,18,70.53524882647397
204,S11,18,30.09461634856688
205,S11,18,27.62631144098362
206,S11,18,54.640089827045315
207,S11,18,50.809960141548316
208,S11,18,67.90680532895898
209,S11,18,70.56649511491852
210,S11,18,92.51132994481883
211,S11,18,0.0
212,S11,18,0.0
213,S11,18,100.84216796314743
214,S11,18,91.51123944026733
215,S11,18,125.29077408610107
216,S11,18,38.66945131141995
217,S11,18,0.0
218,S11,18,144.22331430508274
219,S11,18,80.14672983637978
220,S11,18,52.901662396717214
221,S11,18,0.0
222,S11,18,0.0
223,S11,18,0.0
224,S11,18,0.0
301,S11,18,53.46318136493085
302,S11,18,47.13879539018944
303,S11,18,74.38295915715219
304,S11,18,38.28090237145979
305,S11,18,33.94180638277748
306,S11,18,70.76632231064758
307,S11,18,60.64095421419641
308,S11,18,76.1749641033901
309,S11,18,73.65096291397471
310,S11,18,94.09520124099677
311,S11,18,0.0
312,S11,18,0.0
313,S11,18,133.50631153147575
314,S11,18,91.46195501628597
315,S11,18,179.98535108976625
316,S11,18,48.37977308163434
317,S11,18,0.0
318,S11,18,183.71031303721622
319,S11,18,88.75640920382253
320,S11,18,53.487316703262465
321,S11,18,0.0
322,S11,18,0.0
323,S11,18,0.0
324,S11,18,0.0
325,S11,18,0.0
101,S11,19,34.82632922798907
102,S11,19,31.265780409835227
103,S11,19,59.49563994535103
104,S11,19,25.3655522846906
105,S11,19,28.045578513691616
106,S11,19,53.474591272754395
107,S11,19,48.36941619300539
108,S11,19,69.0867228599205
109,S11,19,65.77589031347654
110,S11,19,84.57240282913932
111,S11,19,0.0
112,S11,19,0.0
113,S11,19,100.3256119288717
114,S11,19,86.96172606584184
115,S11,19,141.28709040337964
116,S11,19,40.82348060096724
117,S11,19,0.0
118,S11,19,122.41034586946567
119,S11,19,70.43972840488003
120,S11,19,47.94001077476042
121,S11,19,0.0
122,S11,19,0.0
123,S11,19,0.0
124,S11,19,0.0
201,S11,19,47.27075407506386
202,S11,19,39.942986739355035
203,S11,19,78.25548802122394
204,S11,19,29.66701624554425
205,S11,19,29.517710055595483
206,S11,19,57.66905622934517
207,S11,19,55.24805725062289
208,S11,19,68.40971697601344
209,S11,19,77.05782447019993
210,S11,19,88.24612220702193
211,S11,19,0.0
212,S11,19,0.0
213,S11,19,108.15957114892029
214,S11,19,91.88215673417186
215,S11,19,124.42135772933568
216,S11,19,42.18002707319983
217,S11,19,0.0
218,S11,19,149.93537786850467
219,S11,19,83.73724228032862
220,S11,19,53.559048781619666
221,S11,19,0.0
222,S11,19,0.0
223,S11,19,0.0
224,S11,19,0.0
301,S11,19,59.853008904854654
302,S11,19,53.24770507806754
303,S11,19,84.10671706276933
304,S11,19,39.48427680768467
305,S11,19,35.951897329580184
306,S11,19,73.81250330208421
307,S11,19,65.74643802654836
308,S11,19,74.53351965749309
309,S11,19,78.74683507860243
310,S11,19,96.42835150580677
311,S11,19,0.0
312,S11,19,0.0
313,S11,19,132.88117653219314
314,S11,19,97.2893156375491
315,S11,19,191.50934694309336
316,S11,19,54.04982192203069
317,S11,19,0.0
318,S11,19,198.09007381436962
319,S11,19,89.34513848999549
320,S11,19,57.82414396806999
321,S11,19,0.0
322,S11,19,0.0
323,S11,19,0.0
324,S11,19,0.0
325,S11,19,0.0
101,S11,20,36.64054871477473
102,S11,20,32.095087547965036
103,S11,20,60.23308889811339
104,S11,20,22.997913778522708
105,S11,20,25.655104565281942
106,S11,20,51.27744327300503
107,S11,20,45.26922914757238
108,S11,20,67.78802041847122
109,S11,20,67.21463394175531
110,S11,20,86.70717622401317
111,S11,20,0.0
112,S11,20,0.0
113,S11,20,94.38916379575592
114,S11,20,82.86688674332733
115,S11,20,129.76064539086408
116,S11,20,39.02469704681203
117,S11,20,0.0
118,S11,20,120.14424638460251
119,S11,20,69.28169981311648
120,S11,20,48.07325774814766
121,S11,20,0.0
122,S11,20,0.0
123,S11,20,0.0
124,S11,20,0.0
201,S11,20,46.87619386149992
202,S11,20,38.66418070315035
203,S11,20,76.14548804355073
204,S11,20,32.12899283733586
205,S11,20,29.93709620857168
206,S11,20,53.98983023965202
207,S11,20,50.77984376996978
208,S11,20,69.22982778934559
209,S11,20,72.08006477500454
210,S11,20,87.95923059870846
211,S11,20,0.0
212,S11,20,0.0
213,S11,20,101.0008519716938
214,S11,20,91.94778016751685
215,S11,20,126.04006672373552
216,S11,20,41.95177006220519
217,S11,20,0.0
218,S11,20,148.25510139198605
219,S11,20,85.93200245585086
220,S11,20,53.184463562186174
221,S11,20,0.0
222,S11,20,0.0
223,S11,20,0.0
224,S11,20,0.0
301,S11,20,58.81900832929193
302,S11,20,48.483033361155
303,S11,20,79.91837176530241
304,S11,20,39.23963207389375
305,S11,20,36.51150499467871
306,S11,20,73.65023406745715
307,S11,20,65.07145615724481
308,S11,20,80.02492376919739
309,S11,20,74.34223829273913
310,S11,20,94.52041485039709
311,S11,20,0.0
312,S11,20,0.0
313,S11,20,137.1802423939635
314,S11,20,94.27100022513628
315,S11,20,180.2899652027533
316,S11,20,51.51240476990998
317,S11,20,0.0
318,S11,20,192.00853283909763
319,S11,20,88.13853804861824
320,S11,20,57.963104878420275
321,S11,20,0.0
322,S11,20,0.0
323,S11,20,0.0
324,S11,20,0.0
325,S11,20,0.0
101,S11,21,35.28411535869899
102,S11,21,30.255046338649883
103,S11,21,58.15474363779502
104,S11,21,23.799681725148528
105,S11,21,26.709103986804312
106,S11,21,48.21903979947065
107,S11,21,47.65832479343053
108,S11,21,64.16364464465738
109,S11,21,63.8945302499368
110,S11,21,80.66347725137886
111,S11,21,0.0
112,S11,21,0.0
113,S11,21,94.6653548792501
114,S11,21,77.55381940226897
115,S11,21,128.3532313487819
116,S11,21,34.738583117798065
117,S11,21,0.0
118,S11,21,114.23995234826641
119,S11,21,63.971621102133305
120,S11,21,48.263897238655915
121,S11,21,0.0
122,S11,21,0.0
123,S11,21,0.0
124,S11,21,0.0
201,S11,21,45.646677837721946
202,S11,21,38.91820974252668
203,S11,21,75.75421581109406
204,S11,21,31.058145451688148
205,S11,21,29.159002311770816
206,S11,21,55.717409422572025
207,S11,21,49.23616286393292
208,S11,21,71.46805251075648
209,S11,21,70.93329952935412
210,S11,21,89.3815455320176
211,S11,21,0.0
212,S11,21,0.0
213,S11,21,106.64015608193091
214,S11,21,91.26884201565183
215,S11,21,119.93301735290284
216,S11,21,42.11321380916487
217,S11,21,0.0
218,S11,21,144.05778353804214
219,S11,21,80.97096816693617
220,S11,21,51.109281213665334
221,S11,21,0.0
222,S11,21,0.0
223,S11,21,0.0
224,S11,21,0.0
301,S11,21,53.62445317243915
302,S11,21,47.17739299915729
303,S11,21,75.09883773536065
304,S11,21,35.846575850932716
305,S11,21,34.32840276783374
306,S11,21,68.79062695187369
307,S11,21,61.58628011798077
308,S11,21,75.54380788577306
309,S11,21,72.79807044290916
310,S11,21,89.79290328087787
311,S11,21,0.0
312,S11,21,0.0
313,S11,21,129.23789648655855
314,S11,21,94.91690399344405
315,S11,21,174.18870703024137
316,S11,21,48.77478761350147
317,S11,21,0.0
318,S11,21,192.4877501451003
319,S11,21,83.28217349869536
320,S11,21,54.01321876263303
321,S11,21,0.0
322,S11,21,0.0
323,S11,21,0.0
324,S11,21,0.0
325,S11,21,0.0
101,S11,22,32.98578790865612
102,S11,22,27.904576822130142
103,S11,22,55.338503337042205
104,S11,22,21.916862748315342
105,S11,22,25.183225776810037
106,S11,22,48.40506962558833
107,S11,22,44.768257813795636
108,S11,22,57.254271348021604
109,S11,22,58.03726194477868
110,S11,22,75.65734414090232
111,S11,22,0.0
112,S11,22,0.0
113,S11,22,86.4843616131347
114,S11,22,74.16675479974167
115,S11,22,122.49695743155566
116,S11,22,35.66817556217752
117,S11,22,0.0
118,S11,22,110.72051806767702
119,S11,22,57.97402537888305
120,S11,22,42.34353822959391
121,S11,22,0.0
122,S11,22,0.0
123,S11,22,0.0
124,S11,22,0.0
201,S11,22,43.101403393178494
202,S11,22,38.76738956699881
203,S11,22,69.59587129079482
204,S11,22,27.511648147447875
205,S11,22,27.201022428087875
206,S11,22,54.00557606978355
207,S11,22,50.43826195043023
208,S11,22,63.84313370618367
209,S11,22,69.66767877077336
210,S11,22,84.16185331873835
211,S11,22,0.0
212,S11,22,0.0
213,S11,22,96.43169495522127
214,S11,22,86.64049144930014
215,S11,22,117.81461885605069
216,S11,22,40.14533213663372
217,S11,22,0.0
218,S11,22,147.56320850500205
219,S11,22,81.14180429460195
220,S11,22,51.72051756211089
221,S11,22,0.0
222,S11,22,0.0
223,S11,22,0.0
224,S11,22,0.0
301,S11,22,54.481158078550735
302,S11,22,45.71517420326882
303,S11,22,77.99943605247205
304,S11,22,35.44150597079023
305,S11,22,35.63101347256152
306,S11,22,65.80806618748196
307,S11,22,58.54324808685381
308,S11,22,69.64773500280911
309,S11,22,71.40957990482563
310,S11,22,90.1651541476369
311,S11,22,0.0
312,S11,22,0.0
313,S11,22,119.59310947034813
314,S11,22,89.48681089766369
315,S11,22,163.03185545379895
316,S11,22,49.05184958357352
317,S11,22,0.0
318,S11,22,182.57379882170002
319,S11,22,82.58875878034647
320,S11,22,52.51224329297093
321,S11,22,0.0
322,S11,22,0.0
323,S11,22,0.0
324,S11,22,0.0
325,S11,22,0.0
101,S11,23,29.709362722125498
102,S11,23,26.85565109577751
103,S11,23,52.34669834537721
104,S11,23,21.350803774824758
105,S11,23,23.21404879182783
106,S11,23,42.54532193000169
107,S11,23,40.391917275647046
108,S11,23,53.949335205901214
109,S11,23,55.86837501048018
110,S11,23,72.26716136496007
111,S11,23,0.0
112,S11,23,0.0
113,S11,23,83.692394713248
114,S11,23,70.76246579689172
115,S11,23,112.35594349841872
116,S11,23,31.621840184597126
117,S11,23,0.0
118,S11,23,104.68494962981633
119,S11,23,55.20059458146778
120,S11,23,41.12983437737204
121,S11,23,0.0
122,S11,23,0.0
123,S11,23,0.0
124,S11,23,0.0
201,S11,23,39.92820029040851
202,S11,23,37.3336952446672
203,S11,23,64.61018976184766
204,S11,23,28.53949751656108
205,S11,23,25.896875541839503
206,S11,23,48.60608089846905
207,S11,23,47.02592511773862
208,S11,23,61.71637055534049
209,S11,23,64.8252592087012
210,S11,23,79.6810204322198
211,S11,23,0.0
212,S11,23,0.0
213,S11,23,99.0982905283173
214,S11,23,82.97350481510489
215,S11,23,114.44838684825214
216,S11,23,38.92470680904598
217,S11,23,0.0
218,S11,23,140.124017587208
219,S11,23,73.75863785042694
220,S11,23,49.63802108071811
221,S11,23,0.0
222,S11,23,0.0
223,S11,23,0.0
224,S11,23,0.0
301,S11,23,47.35075165224314
302,S11,23,44.82954554758731
303,S11,23,69.66555827869014
304,S11,23,34.79975163418797
305,S11,23,31.74517842318281
306,S11,23,63.124757180610516
307,S11,23,54.2536753604738
308,S11,23,64.77714046765371
309,S11,23,68.95305247997258
310,S11,23,88.9621917101734
311,S11,23,0.0
312,S11,23,0.0
313,S11,23,115.94718269163012
314,S11,23,80.98221967150799
315,S11,23,164.25281254964204
316,S11,23,43.115089295653796
317,S11,23,0.0
318,S11,23,162.51506007409154
319,S11,23,78.78642366850258
320,S11,23,51.91855353689533
321,S11,23,0.0
322,S11,23,0.0
323,S11,23,0.0
324,S11,23,0.0
325,S11,23,0.0
101,S11,24,28.5150468316125
102,S11,24,26.040203286732574
103,S11,24,50.360632203599714
104,S11,24,20.702130580000944
105,S11,24,22.28769060847259
106,S11,24,44.68950891714438
107,S11,24,37.38289178909432
108,S11,24,53.86212280315842
109,S11,24,53.821803714791535
110,S11,24,71.7811439023088
111,S11,24,0.0
112,S11,24,0.0
113,S11,24,83.33309577076447
114,S11,24,65.75464428794045
115,S11,24,110.54712302928135
116,S11,24,31.878431707996036
117,S11,24,0.0
118,S11,24,103.61590474422421
119,S11,24,53.42759904277568
120,S11,24,41.470483318513466
121,S11,24,0.0
122,S11,24,0.0
123,S11,24,0.0
124,S11,24,0.0
201,S11,24,39.58420111124157
202,S11,24,34.71835250825367
203,S11,24,62.4878517098205
204,S11,24,27.657738869950872
205,S11,24,24.99731368033511
206,S11,24,49.7136035940431
207,S11,24,43.32568239850974
208,S11,24,61.848871479367965
209,S11,24,61.642598013242264
210,S11,24,75.22125263551443
211,S11,24,0.0
212,S11,24,0.0
213,S11,24,95.04840015553559
214,S11,24,78.64277599060014
215,S11,24,110.32412623561093
216,S11,24,35.1074831814368
217,S11,24,0.0
218,S11,24,135.35202973980705
219,S11,24,73.47500432815077
220,S11,24,44.286344000662176
221,S11,24,0.0
222,S11,24,0.0
223,S11,24,0.0
224,S11,24,0.0
301,S11,24,45.40317752693008
302,S11,24,42.835665703666805
303,S11,24,68.01577157585375
304,S11,24,30.53452251518039
305,S11,24,31.400161257028454
306,S11,24,54.95138218859899
307,S11,24,50.87767909682261
308,S11,24,59.349265086548975
309,S11,24,63.708553566227074
310,S11,24,80.45669333682002
311,S11,24,0.0
312,S11,24,0.0
313,S11,24,106.68104758314514
314,S11,24,76.80555933975833
315,S11,24,148.88018405872702
316,S11,24,42.22039414730771
317,S11,24,0.0
318,S11,24,150.06229464693945
319,S11,24,71.54548875626715
320,S11,24,44.53407285847559
321,S11,24,0.0
322,S11,24,0.0
323,S11,24,0.0
324,S11,24,0.0
325,S11,24,0.0
101,S12,1,58.457095844399916
102,S12,1,53.27647845113831
103,S12,1,97.56472397771255
104,S12,1,41.13735114773104
105,S12,1,48.630035013017036
106,S12,1,86.97165067154711
107,S12,1,83.21249576832325
108,S12,1,112.20249809144683
109,S12,1,117.90165442672982
110,S12,1,146.60377349809391
111,S12,1,0.0
112,S12,1,0.0
113,S12,1,163.8592632305604
114,S12,1,147.4711992896177
115,S12,1,226.5844406537247
116,S12,1,63.30094847626911
117,S12,1,0.0
118,S12,1,204.93176030373886
119,S12,1,117.28968946227701
120,S12,1,84.84729955154833
121,S12,1,0.0
122,S12,1,0.0
123,S12,1,0.0
124,S12,1,0.0
201,S12,1,74.99426546093437
202,S12,1,62.20486188426954
203,S12,1,118.041606641029
204,S12,1,47.67327527637967
205,S12,1,49.4936162646527
206,S12,1,93.29484149581054
207,S12,1,80.59526684381275
208,S12,1,113.99500071685888
209,S12,1,119.16936677274879
210,S12,1,148.14764633479393
211,S12,1,0.0
212,S12,1,0.0
213,S12,1,174.06371933919462
214,S12,1,137.38501334175507
215,S12,1,194.738542159576
216,S12,1,68.54694539382008
217,S12,1,0.0
218,S12,1,239.87034441153736
219,S12,1,130.76327578646797
220,S12,1,81.96296753348417
221,S12,1,0.0
222,S12,1,0.0
223,S12,1,0.0
224,S12,1,0.0
301,S12,1,62.33653740723078
302,S12,1,58.72264300794743
303,S12,1,88.45564153303903
304,S12,1,44.55836211116338
305,S12,1,41.99838719693641
306,S12,1,82.74940215769699
307,S12,1,71.56444724325146
308,S12,1,86.0075129818723
309,S12,1,91.14871148489485
310,S12,1,105.15987384275292
311,S12,1,0.0
312,S12,1,0.0
313,S12,1,145.8066211730087
314,S12,1,111.05468886531027
315,S12,1,204.25545370791792
316,S12,1,61.014701442417625
317,S12,1,0.0
318,S12,1,218.3410271945543
319,S12,1,102.90193706146178
320,S12,1,66.44235235014781
321,S12,1,0.0
322,S12,1,0.0
323,S12,1,0.0
324,S12,1,0.0
325,S12,1,0.0
101,S12,2,60.4832129279407
102,S12,2,51.11867626480498
103,S12,2,97.34450878697345
104,S12,2,39.10722382968862
105,S12,2,44.03317819318285
106,S12,2,89.94832276304687
107,S12,2,80.83056325359307
108,S12,2,105.68341137327512
109,S12,2,112.96697334258346
110,S12,2,137.88566663655897
111,S12,2,0.0
112,S12,2,0.0
113,S12,2,155.68431696706924
114,S12,2,132.07466851411448
115,S12,2,223.41375379978533
116,S12,2,62.13531998961774
117,S12,2,0.0
118,S12,2,208.14790164263536
119,S12,2,114.06809667723262
120,S12,2,84.02021887293256
121,S12,2,0.0
122,S12,2,0.0
123,S12,2,0.0
124,S12,2,0.0
201,S12,2,67.79042662897595
202,S12,2,60.569672464737124
203,S12,2,112.78438936960603
204,S12,2,45.687547088791334
205,S12,2,43.71136022608045
206,S12,2,86.75424650130013
207,S12,2,81.46701591611613
208,S12,2,108.43431272748639
209,S12,2,107.85806877771952
210,S12,2,143.5703884411276
211,S12,2,0.0
212,S12,2,0.0
213,S12,2,167.22330391487
214,S12,2,137.81692549867816
215,S12,2,200.96022090538364
216,S12,2,61.598192167546294
217,S12,2,0.0
218,S12,2,230.71556406315383
219,S12,2,126.91873999313279
220,S12,2,84.5894091998556
221,S12,2,0.0
222,S12,2,0.0
223,S12,2,0.0
224,S12,2,0.0
301,S12,2,60.20590137496072
302,S12,2,52.79334144150847
303,S12,2,87.31583243752566
304,S12,2,42.81338210316327
305,S12,2,40.71014287438484
306,S12,2,77.08567070430668
307,S12,2,72.44507651708477
308,S12,2,84.85332694764622
309,S12,2,84.55174076781998
310,S12,2,102.27496553477674
311,S12,2,0.0
312,S12,2,0.0
313,S12,2,136.17552953761788
314,S12,2,99.10449718850666
315,S12,2,193.1953548832315
316,S12,2,57.74821302806533
317,S12,2,0.0
318,S12,2,199.0757910521296
319,S12,2,94.14311574423482
320,S12,2,61.43675616264742
321,S12,2,0.0
322,S12,2,0.0
323,S12,2,0.0
324,S12,2,0.0
325,S12,2,0.0
101,S12,3,54.05373431138796
102,S12,3,48.641043202381205
103,S12,3,92.12402910767793
104,S12,3,37.66209340019721
105,S12,3,43.64852733942253
106,S12,3,85.02280603020918
107,S12,3,79.20444188389493
108,S12,3,101.18101355736256
109,S12,3,111.5396878849611
110,S12,3,140.07638665402638
111,S12,3,0.0
112,S12,3,0.0
113,S12,3,162.41696935314903
114,S12,3,130.4559296203521
115,S12,3,217.28851468292115
116,S12,3,58.30393385053477
117,S12,3,0.0
118,S12,3,199.7925920498847
119,S12,3,107.62178804284916
120,S12,3,82.09256374392183
121,S12,3,0.0
122,S12,3,0.0
123,S12,3,0.0
124,S12,3,0.0
201,S12,3,63.841609785090256
202,S12,3,57.02761431823669
203,S12,3,107.33484157662015
204,S12,3,46.642285346143495
205,S12,3,42.848356354832745
206,S12,3,79.89926096626789
207,S12,3,72.10575718972181
208,S12,3,106.75599006100506
209,S12,3,108.42976822330031
210,S12,3,135.2906131281733
211,S12,3,0.0
212,S12,3,0.0
213,S12,3,154.42211057019503
214,S12,3,132.84785769906566
215,S12,3,185.04628425808346
216,S12,3,62.73327128207549
217,S12,3,0.0
218,S12,3,236.1376880561641
219,S12,3,121.22465276682964
220,S12,3,74.26020143459462
221,S12,3,0.0
222,S12,3,0.0
223,S12,3,0.0
224,S12,3,0.0
301,S12,3,54.73536678722292
302,S12,3,49.35033975203392
303,S12,3,85.62378398476153
304,S12,3,38.08457862321737
305,S12,3,37.31538574515244
306,S12,3,71.67386385379771
307,S12,3,68.22514883536252
308,S12,3,78.76539623621714
309,S12,3,77.3352227235345
310,S12,3,97.4691733018633
311,S12,3,0.0
312,S12,3,0.0
313,S12,3,131.46232119637034
314,S12,3,93.92331570349809
315,S12,3,180.2963415726502
316,S12,3,53.401412394224614
317,S12,3,0.0
318,S12,3,194.47738076424523
319,S12,3,95.6341161658377
320,S12,3,57.29076639467517
321,S12,3,0.0
322,S12,3,0.0
323,S12,3,0.0
324,S12,3,0.0
325,S12,3,0.0
101,S12,4,55.125377601128754
102,S12,4,50.69283888633652
103,S12,4,91.75086374815822
104,S12,4,38.655293921002894
105,S12,4,43.02332506019976
106,S12,4,78.24799195396658
107,S12,4,78.20240879514418
108,S12,4,102.72265186505288
109,S12,4,103.44996277068931
110,S12,4,126.68645200412578
111,S12,4,0.0
112,S12,4,0.0
113,S12,4,155.2008073966481
114,S12,4,126.35121672654594
115,S12,4,212.58689200739897
116,S12,4,59.98744084581938
117,S12,4,0.0
118,S12,4,199.43956852642168
119,S12,4,103.08890596562021
120,S12,4,78.04667519896226
121,S12,4,0.0
122,S12,4,0.0
123,S12,4,0.0
124,S12,4,0.0
201,S12,4,62.280220777974236
202,S12,4,54.85854704001452
203,S12,4,104.05322750716567
204,S12,4,45.2068640413114
205,S12,4,41.145857921386884
206,S12,4,81.78990364457015
207,S12,4,76.24441675032362
208,S12,4,100.82414174465922
209,S12,4,101.4550269388135
210,S12,4,133.83202398718097
211,S12,4,0.0
212,S12,4,0.0
213,S12,4,151.25612668956157
214,S12,4,124.44203656351388
215,S12,4,184.51124066230057
216,S12,4,56.59799859466544
217,S12,4,0.0
218,S12,4,216.3602570224105
219,S12,4,125.01929785891406
220,S12,4,77.56663754335143
221,S12,4,0.0
222,S12,4,0.0
223,S12,4,0.0
224,S12,4,0.0
301,S12,4,54.02046167622199
302,S12,4,47.52859515162091
303,S12,4,81.65845529300319
304,S12,4,38.127979837787926
305,S12,4,35.38521521126921
306,S12,4,66.33669844474372
307,S12,4,64.87348540721307
308,S12,4,76.56472801889566
309,S12,4,79.59583492195829
310,S12,4,99.42832848994561
311,S12,4,0.0
312,S12,4,0.0
313,S12,4,131.70298940605898
314,S12,4,94.80692940943241
315,S12,4,185.418802549835
316,S12,4,52.926766699870555
317,S12,4,0.0
318,S12,4,196.90297363919478
319,S12,4,85.4084991854884
320,S12,4,54.54111001084802
321,S12,4,0.0
322,S12,4,0.0
323,S12,4,0.0
324,S12,4,0.0
325,S12,4,0.0
101,S12,5,56.60303015933947
102,S12,5,50.70176082696954
103,S12,5,93.98734673601373
104,S12,5,37.65389776991785
105,S12,5,41.97191300385159
106,S12,5,78.72505400081424
107,S12,5,73.18339199006216
108,S12,5,101.29685114073723
109,S12,5,105.69185205388274
110,S12,5,124.53822741834469
111,S12,5,0.0
112,S12,5,0.0
113,S12,5,150.35623733909634
114,S12,5,132.23599930266568
115,S12,5,217.57230272368483
116,S12,5,59.317425506240184
117,S12,5,0.0
118,S12,5,192.16967865631872
119,S12,5,107.98550351308815
120,S12,5,79.52285870950443
121,S12,5,0.0
122,S12,5,0.0
123,S12,5,0.0
124,S12,5,0.0
201,S12,5,59.7083495807791
202,S12,5,58.06637973161139
203,S12,5,103.52372928690654
204,S12,5,44.33678510743026
205,S12,5,42.60634590708098
206,S12,5,80.01031128067123
207,S12,5,75.71210985055876
208,S12,5,95.81934575345979
209,S12,5,97.96267968879371
210,S12,5,128.6534416368755
211,S12,5,0.0
212,S12,5,0.0
213,S12,5,147.76924959892975
214,S12,5,125.52986336890349
215,S12,5,182.99964724109265
216,S12,5,58.924339782719834
217,S12,5,0.0
218,S12,5,212.84648920834408
219,S12,5,112.33701887504785
220,S12,5,74.32364931226795
221,S12,5,0.0
222,S12,5,0.0
223,S12,5,0.0
224,S12,5,0.0
301,S12,5,51.55788720879292
302,S12,5,49.72986654641391
303,S12,5,74.20690853511762
304,S12,5,35.24355822018327
305,S12,5,34.31013962629333
306,S12,5,68.99379571048696
307,S12,5,61.77657911945142
308,S12,5,72.01446662254415
309,S12,5,71.73709657670204
310,S12,5,93.3134763070728
311,S12,5,0.0
312,S12,5,0.0
313,S12,5,128.3357770650996
314,S12,5,95.6000201011466
315,S12,5,184.4869420157855
316,S12,5,51.678122296681565
317,S12,5,0.0
318,S12,5,192.2837348555837
319,S12,5,86.31007956793573
320,S12,5,56.96694205436456
321,S12,5,0.0
322,S12,5,0.0
323,S12,5,0.0
324,S12,5,0.0
325,S12,5,0.0
101,S12,6,53.22846574058625
102,S12,6,51.460431508491794
103,S12,6,92.17010822062694
104,S12,6,38.78302396696381
105,S12,6,43.957143723799625
106,S12,6,83.85707562903347
107,S12,6,71.61891857044313
108,S12,6,97.82982294355384
109,S12,6,105.13813749224391
110,S12,6,129.07552242109432
111,S12,6,0.0
112,S12,6,0.0
113,S12,6,147.00949973567654
114,S12,6,127.87685209984689
115,S12,6,205.39701144042343
116,S12,6,56.18369385763422
117,S12,6,0.0
118,S12,6,191.98098080863318
119,S12,6,105.14912513330455
120,S12,6,78.82969221793029
121,S12,6,0.0
122,S12,6,0.0
123,S12,6,0.0
124,S12,6,0.0
201,S12,6,60.03538526092948
202,S12,6,56.2537224304971
203,S12,6,98.81896299447945
204,S12,6,43.246894348426764
205,S12,6,41.380535854820806
206,S12,6,77.92725723509687
207,S12,6,72.14521682445663
208,S12,6,99.142012566774
209,S12,6,101.85620412776791
210,S12,6,117.62166391985767
211,S12,6,0.0
212,S12,6,0.0
213,S12,6,141.66873567189458
214,S12,6,118.34726105100157
215,S12,6,164.10592891303946
216,S12,6,53.4351290835989
217,S12,6,0.0
218,S12,6,214.1870946173901
219,S12,6,115.39557586625008
220,S12,6,69.94266730959413
221,S12,6,0.0
222,S12,6,0.0
223,S12,6,0.0
224,S12,6,0.0
301,S12,6,54.658293851944784
302,S12,6,46.94873563881468
303,S12,6,75.86414233852113
304,S12,6,33.899297580626985
305,S12,6,32.72103508667862
306,S12,6,68.01317768461456
307,S12,6,58.07279923731418
308,S12,6,73.8267473302813
309,S12,6,73.7102518354314
310,S12,6,91.65408489727078
311,S12,6,0.0
312,S12,6,0.0
313,S12,6,117.03267934130237
314,S12,6,93.73676228595194
315,S12,6,169.9520926725218
316,S12,6,46.577903184987406
317,S12,6,0.0
318,S12,6,187.43689955322728
319,S12,6,83.77655906441416
320,S12,6,51.00717625956848
321,S12,6,0.0
322,S12,6,0.0
323,S12,6,0.0
324,S12,6,0.0
325,S12,6,0.0
101,S12,7,60.829877403910864
102,S12,7,53.76773734696578
103,S12,7,96.91522393911251
104,S12,7,38.091892797072674
105,S12,7,44.71849900739363
106,S12,7,81.94846545928594
107,S12,7,79.89724362819827
108,S12,7,105.48812454190865
109,S12,7,109.25348647919718
110,S12,7,131.89490148980727
111,S12,7,0.0
112,S12,7,0.0
113,S12,7,154.60966510247147
114,S12,7,137.30209456426678
115,S12,7,217.74881035450755
116,S12,7,64.65127532640672
117,S12,7,0.0
118,S12,7,203.95695459900264
119,S12,7,114.0242472187803
120,S12,7,79.34261761306745
121,S12,7,0.0
122,S12,7,0.0
123,S12,7,0.0
124,S12,7,0.0
201,S12,7,63.854269168441235
202,S12,7,55.099246611869546
203,S12,7,106.88007836101951
204,S12,7,44.22573709412076
205,S12,7,43.0883860917348
206,S12,7,77.20999418390852
207,S12,7,75.10029416343295
208,S12,7,97.21521896445088
209,S12,7,100.8477217095284
210,S12,7,127.42589307274442
211,S12,7,0.0
212,S12,7,0.0
213,S12,7,148.97320861504082
214,S12,7,128.68058090789756
215,S12,7,178.18754778038854
216,S12,7,58.015813158236625
217,S12,7,0.0
218,S12,7,224.13537020863782
219,S12,7,117.08355004623839
220,S12,7,71.79114459589215
221,S12,7,0.0
222,S12,7,0.0
223,S12,7,0.0
224,S12,7,0.0
301,S12,7,53.39496863766958
302,S12,7,50.899244093056126
303,S12,7,80.46845449062108
304,S12,7,38.158292079930106
305,S12,7,34.21475215072973
306,S12,7,69.72477250043806
307,S12,7,60.09877346184281
308,S12,7,75.49555515644646
309,S12,7,77.57524809927239
310,S12,7,94.00242331633925
311,S12,7,0.0
312,S12,7,0.0
313,S12,7,123.73574549742997
314,S12,7,89.76243044567782
315,S12,7,182.041070271713
316,S12,7,50.99181157495211
317,S12,7,0.0
318,S12,7,187.50723646788262
319,S12,7,84.47133853866626
320,S12,7,53.56348327680808
321,S12,7,0.0
322,S12,7,0.0
323,S12,7,0.0
324,S12,7,0.0
325,S12,7,0.0
101,S12,8,66.28805151188615
102,S12,8,55.827212153069304
103,S12,8,104.80565888983759
104,S12,8,45.019133086438615
105,S12,8,47.33280164469389
106,S12,8,92.64087862482997
107,S12,8,85.29708870795398
108,S12,8,117.29720123768615
109,S12,8,126.35969452555013
110,S12,8,154.68277509333373
111,S12,8,0.0
112,S12,8,0.0
113,S12,8,185.52643477080287
114,S12,8,156.863104000736
115,S12,8,244.8533631115589
116,S12,8,70.36627721072679
117,S12,8,0.0
118,S12,8,232.1804761555005
119,S12,8,119.8382482242429
120,S12,8,85.04907143969173
121,S12,8,0.0
122,S12,8,0.0
123,S12,8,0.0
124,S12,8,0.0
201,S12,8,71.33618106468218
202,S12,8,60.67918958359528
203,S12,8,116.56114411776574
204,S12,8,48.545959438803
205,S12,8,47.3325408428477
206,S12,8,86.98849769218964
207,S12,8,77.80599997023975
208,S12,8,112.5292241890544
209,S12,8,118.19466092551858
210,S12,8,145.91102396950455
211,S12,8,0.0
212,S12,8,0.0
213,S12,8,174.7135745844277
214,S12,8,147.62600539910898
215,S12,8,199.2966769438096
216,S12,8,67.20335892293902
217,S12,8,0.0
218,S12,8,232.42012487870053
219,S12,8,127.26240304134612
220,S12,8,86.57306646856435
221,S12,8,0.0
222,S12,8,0.0
223,S12,8,0.0
224,S12,8,0.0
301,S12,8,58.534209481054376
302,S12,8,54.57769849389655
303,S12,8,83.58726180725112
304,S12,8,40.06793381361233
305,S12,8,39.38869621390391
306,S12,8,77.76219083285778
307,S12,8,67.67886800274675
308,S12,8,83.85574747781159
309,S12,8,79.75944938808478
310,S12,8,107.38998863705896
311,S12,8,0.0
312,S12,8,0.0
313,S12,8,142.67434247130464
314,S12,8,106.44008663269877
315,S12,8,196.23187310757353
316,S12,8,55.206135924591905
317,S12,8,0.0
318,S12,8,206.89087705928287
319,S12,8,93.60674929374979
320,S12,8,58.18242276635159
321,S12,8,0.0
322,S12,8,0.0
323,S12,8,0.0
324,S12,8,0.0
325,S12,8,0.0
101,S12,9,69.8452111219338
102,S12,9,60.50937666728758
103,S12,9,118.87760275576619
104,S12,9,45.87879556699429
105,S12,9,52.92753405443244
106,S12,9,106.58759834424346
107,S12,9,93.8301219293875
108,S12,9,123.94397350892078
109,S12,9,132.88460927545415
110,S12,9,162.28363577191774
111,S12,9,0.0
112,S12,9,0.0
113,S12,9,190.45036607953008
114,S12,9,159.55365940631603
115,S12,9,271.8258821825084
116,S12,9,76.9732046614225
117,S12,9,0.0
118,S12,9,246.44478557564048
119,S12,9,131.22293335112622
120,S12,9,97.07135668212645
121,S12,9,0.0
122,S12,9,0.0
123,S12,9,0.0
124,S12,9,0.0
201,S12,9,83.4801035895416
202,S12,9,68.27786429932348
203,S12,9,131.75232290331965
204,S12,9,56.779179275264845
205,S12,9,52.16328699090699
206,S12,9,95.38769670571868
207,S12,9,95.14378634211519
208,S12,9,129.6981230708103
209,S12,9,132.2679826155026
210,S12,9,155.25448772975636
211,S12,9,0.0
212,S12,9,0.0
213,S12,9,189.04066998315994
214,S12,9,158.28489651006814
215,S12,9,214.07458712946547
216,S12,9,75.65915448967138
217,S12,9,0.0
218,S12,9,282.91361365732087
219,S12,9,147.73786416243757
220,S12,9,95.91259560100865
221,S12,9,0.0
222,S12,9,0.0
223,S12,9,0.0
224,S12,9,0.0
301,S12,9,65.31203571976538
302,S12,9,57.08187435819401
303,S12,9,94.37033016001651
304,S12,9,47.08395757269923
305,S12,9,43.42585480286172
306,S12,9,84.8484993602474
307,S12,9,78.5504364498089
308,S12,9,87.16973576567095
309,S12,9,95.44921805201776
310,S12,9,110.3231229376159
311,S12,9,0.0
312,S12,9,0.0
313,S12,9,155.98110060323805
314,S12,9,111.97287540073617
315,S12,9,213.21001595257098
316,S12,9,58.49793032241209
317,S12,9,0.0
318,S12,9,220.76960641747263
319,S12,9,107.20830044448272
320,S12,9,64.87751918282605
321,S12,9,0.0
322,S12,9,0.0
323,S12,9,0.0
324,S12,9,0.0
325,S12,9,0.0
101,S12,10,72.43603231785669
102,S12,10,68.54288818376006
103,S12,10,125.08191131509932
104,S12,10,49.68449160875446
105,S12,10,58.563428389508665
106,S12,10,110.94814753589642
107,S12,10,102.09247655371512
108,S12,10,140.15569839901255
109,S12,10,149.27510068183503
110,S12,10,173.9767804602325
111,S12,10,0.0
112,S12,10,0.0
113,S12,10,214.77045905207237
114,S12,10,185.0299449038457
115,S12,10,284.1595732484612
116,S12,10,81.13714278404302
117,S12,10,0.0
118,S12,10,268.62560955903564
119,S12,10,140.5523631792647
120,S12,10,100.60612630569945
121,S12,10,0.0
122,S12,10,0.0
123,S12,10,0.0
124,S12,10,0.0
201,S12,10,89.7302574694197
202,S12,10,74.29383048315503
203,S12,10,140.55064951615273
204,S12,10,60.97085172244191
205,S12,10,56.38341135532088
206,S12,10,107.29078628251507
207,S12,10,99.94259040854199
208,S12,10,136.12802528230657
209,S12,10,136.1316763278835
210,S12,10,168.09007300757847
211,S12,10,0.0
212,S12,10,0.0
213,S12,10,198.97319354254674
214,S12,10,180.71174916059203
215,S12,10,252.6529582091917
216,S12,10,83.48349656618424
217,S12,10,0.0
218,S12,10,288.50289497950644
219,S12,10,160.06540363864335
220,S12,10,97.99240556764038
221,S12,10,0.0
222,S12,10,0.0
223,S12,10,0.0
224,S12,10,0.0
301,S12,10,71.92371374178558
302,S12,10,64.32785220348184
303,S12,10,100.45097800653468
304,S12,10,47.87957732746809
305,S12,10,45.51837760905273
306,S12,10,85.8978925434661
307,S12,10,81.17167107754248
308,S12,10,94.5117014740285
309,S12,10,103.86268502875915
310,S12,10,126.9264915298015
311,S12,10,0.0
312,S12,10,0.0
313,S12,10,160.15580108898106
314,S12,10,117.8902083736299
315,S12,10,243.1286178029006
316,S12,10,68.45406592400641
317,S12,10,0.0
318,S12,10,245.90289817021278
319,S12,10,117.24561518895797
320,S12,10,68.88999700895754
321,S12,10,0.0
322,S12,10,0.0
323,S12,10,0.0
324,S12,10,0.0
325,S12,10,0.0
101,S12,11,82.34599098464075
102,S12,11,74.26657447286311
103,S12,11,135.9264645772562
104,S12,11,58.09774023327924
105,S12,11,64.9356905205554
106,S12,11,112.97517440107298
107,S12,11,107.50572554016436
108,S12,11,148.5713917553785
109,S12,11,151.93008189948696
110,S12,11,188.24721356318537
111,S12,11,0.0
112,S12,11,0.0
113,S12,11,221.0338945888346
114,S12,11,181.73349309141406
115,S12,11,302.38578320358084
116,S12,11,86.32221989402159
117,S12,11,0.0
118,S12,11,270.2131348584476
119,S12,11,147.49108761477638
120,S12,11,111.31280487532369
121,S12,11,0.0
122,S12,11,0.0
123,S12,11,0.0
124,S12,11,0.0
201,S12,11,92.4091056012354
202,S12,11,85.45971446246678
203,S12,11,158.06428510883197
204,S12,11,65.86932228310549
205,S12,11,63.87205568461189
206,S12,11,117.28240540223767
207,S12,11,104.89641735243688
208,S12,11,148.71827981217976
209,S12,11,147.52055179158216
210,S12,11,196.36390956568238
211,S12,11,0.0
212,S12,11,0.0
213,S12,11,225.42859472819174
214,S12,11,187.3293673695359
215,S12,11,263.1550743337276
216,S12,11,87.29875315786707
217,S12,11,0.0
218,S12,11,328.54606534778304
219,S12,11,169.1017599453535
220,S12,11,107.63049469646278
221,S12,11,0.0
222,S12,11,0.0
223,S12,11,0.0
224,S12,11,0.0
301,S12,11,74.62031998473012
302,S12,11,68.03296453944647
303,S12,11,103.68221581855451
304,S12,11,49.88029958974217
305,S12,11,47.36292052871414
306,S12,11,90.20648695876451
307,S12,11,86.53404072890659
308,S12,11,99.36193103012667
309,S12,11,105.04096458899026
310,S12,11,126.37031985108365
311,S12,11,0.0
312,S12,11,0.0
313,S12,11,182.6491012191388
314,S12,11,130.4167610887238
315,S12,11,238.09949756428756
316,S12,11,72.178106894335
317,S12,11,0.0
318,S12,11,266.94936833163365
319,S12,11,124.9076336218872
320,S12,11,72.95721600032249
321,S12,11,0.0
322,S12,11,0.0
323,S12,11,0.0
324,S12,11,0.0
325,S12,11,0.0
101,S12,12,82.45617123429396
102,S12,12,76.06321250313498
103,S12,12,147.6239129964069
104,S12,12,58.98479998495153
105,S12,12,64.28378900990046
106,S12,12,121.39903337939054
107,S12,12,114.1849552579859
108,S12,12,154.93891859023478
109,S12,12,160.76680165321358
110,S12,12,195.84052826739338
111,S12,12,0.0
112,S12,12,0.0
113,S12,12,228.06611990681404
114,S12,12,192.80330804617495
115,S12,12,311.6157441794811
116,S12,12,95.26663101350326
117,S12,12,0.0
118,S12,12,294.3077272951572
119,S12,12,158.3382199645687
120,S12,12,112.66227522112219
121,S12,12,0.0
122,S12,12,0.0
123,S12,12,0.0
124,S12,12,0.0
201,S12,12,96.02466457153061
202,S12,12,84.67835231729713
203,S12,12,171.8154792193396
204,S12,12,68.82839772896594
205,S12,12,66.68126873022493
206,S12,12,124.7327838912598
207,S12,12,115.76819833510578
208,S12,12,155.61835384829712
209,S12,12,159.78232966479004
210,S12,12,196.23865459351768
211,S12,12,0.0
212,S12,12,0.0
213,S12,12,230.69404705042965
214,S12,12,205.0971115072268
215,S12,12,276.89813114033024
216,S12,12,93.18781337891876
217,S12,12,0.0
218,S12,12,356.5131344308634
219,S12,12,184.7584155792639
220,S12,12,114.80306409787165
221,S12,12,0.0
222,S12,12,0.0
223,S12,12,0.0
224,S12,12,0.0
301,S12,12,76.95002740030364
302,S12,12,64.59912276535856
303,S12,12,105.39028756772232
304,S12,12,50.126584422612105
305,S12,12,47.52942568072551
306,S12,12,91.9174657672895
307,S12,12,83.2825356603185
308,S12,12,103.57859016125806
309,S12,12,108.30069288477378
310,S12,12,126.29713829358998
311,S12,12,0.0
312,S12,12,0.0
313,S12,12,176.64917205087303
314,S12,12,130.14959108465348
315,S12,12,237.86321720007027
316,S12,12,67.62049174542207
317,S12,12,0.0
318,S12,12,258.47015976317965
319,S12,12,121.79021337655034
320,S12,12,79.98197824270694
321,S12,12,0.0
322,S12,12,0.0
323,S12,12,0.0
324,S12,12,0.0
325,S12,12,0.0
101,S12,13,89.35344487749092
102,S12,13,82.46978144953758
103,S12,13,140.241054397319
104,S12,13,60.60463587101549
105,S12,13,68.62743814332184
106,S12,13,124.34040616748287
107,S12,13,122.99955345162579
108,S12,13,163.4920966578877
109,S12,13,163.73525408901588
110,S12,13,215.02056979736608
111,S12,13,0.0
112,S12,13,0.0
113,S12,13,233.1204348267812
114,S12,13,202.28587797062735
115,S12,13,352.226911023704
116,S12,13,97.56249415037182
117,S12,13,0.0
118,S12,13,314.71742097009513
119,S12,13,163.9139843939187
120,S12,13,126.54577575726384
121,S12,13,0.0
122,S12,13,0.0
123,S12,13,0.0
124,S12,13,0.0
201,S12,13,105.2725991511817
202,S12,13,90.00487460093204
203,S12,13,168.32758270998272
204,S12,13,71.95389268674518
205,S12,13,69.13175350464523
206,S12,13,126.32338485602946
207,S12,13,119.61201142120758
208,S12,13,170.73427136906653
209,S12,13,174.61685682312333
210,S12,13,202.04021048920515
211,S12,13,0.0
212,S12,13,0.0
213,S12,13,250.10641742628457
214,S12,13,209.81599587553958
215,S12,13,305.2816378544965
216,S12,13,94.85071485844549
217,S12,13,0.0
218,S12,13,369.6498291916708
219,S12,13,189.20996534677695
220,S12,13,122.73345288721872
221,S12,13,0.0
222,S12,13,0.0
223,S12,13,0.0
224,S12,13,0.0
301,S12,13,78.55810894686165
302,S12,13,71.341429064079
303,S12,13,110.90948140124688
304,S12,13,56.32500909043427
305,S12,13,51.07855684741323
306,S12,13,99.1405752067583
307,S12,13,93.11727325093257
308,S12,13,112.7602449705457
309,S12,13,110.34522848445239
310,S12,13,143.6812718516529
311,S12,13,0.0
312,S12,13,0.0
313,S12,13,194.9713579682769
314,S12,13,133.10011247462748
315,S12,13,249.0667245074824
316,S12,13,76.09302003237285
317,S12,13,0.0
318,S12,13,270.94594773352856
319,S12,13,132.16927716220616
320,S12,13,79.74242057669672
321,S12,13,0.0
322,S12,13,0.0
323,S12,13,0.0
324,S12,13,0.0
325,S12,13,0.0
101,S12,14,85.66852170355531
102,S12,14,84.22444848910658
103,S12,14,150.2677706816193
104,S12,14,63.99053712577707
105,S12,14,65.37326161372145
106,S12,14,131.25904769789187
107,S12,14,121.0029855503663
108,S12,14,165.9823079529802
109,S12,14,163.33565827434776
110,S12,14,206.83620099933668
111,S12,14,0.0
112,S12,14,0.0
113,S12,14,253.890014632305
114,S12,14,200.24164172273242
115,S12,14,344.8361498343259
116,S12,14,96.06199843418408
117,S12,14,0.0
118,S12,14,317.186391138364
119,S12,14,170.2917661703545
120,S12,14,126.617876361152
121,S12,14,0.0
122,S12,14,0.0
123,S12,14,0.0
124,S12,14,0.0
201,S12,14,106.28096853095435
202,S12,14,101.69352824699635
203,S12,14,180.79405851911176
204,S12,14,76.8102570231276
205,S12,14,68.2329039020914
206,S12,14,141.77604553628979
207,S12,14,123.06671468048725
208,S12,14,173.13431076913093
209,S12,14,182.77466320046983
210,S12,14,229.911976038656
211,S12,14,0.0
212,S12,14,0.0
213,S12,14,261.3204580974876
214,S12,14,209.38481291000392
215,S12,14,312.0054736178271
216,S12,14,98.21509342204001
217,S12,14,0.0
218,S12,14,391.69039516218623
219,S12,14,195.937845019076
220,S12,14,132.10306747928846
221,S12,14,0.0
222,S12,14,0.0
223,S12,14,0.0
224,S12,14,0.0
301,S12,14,83.53112713885665
302,S12,14,75.58273847677786
303,S12,14,113.6961049986408
304,S12,14,54.19540901746259
305,S12,14,53.06156681212885
306,S12,14,108.85583971755999
307,S12,14,90.72713055879974
308,S12,14,109.16549756828849
309,S12,14,110.92363308110309
310,S12,14,148.05016273082086
311,S12,14,0.0
312,S12,14,0.0
313,S12,14,196.79531613361524
314,S12,14,143.48166708164177
315,S12,14,267.13610431426326
316,S12,14,76.61472766403799
317,S12,14,0.0
318,S12,14,282.3023700299635
319,S12,14,130.99251404300782
320,S12,14,85.1817187771056
321,S12,14,0.0
322,S12,14,0.0
323,S12,14,0.0
324,S12,14,0.0
325,S12,14,0.0
101,S12,15,95.01419812182212
102,S12,15,82.20040136024144
103,S12,15,156.18022208882437
104,S12,15,60.519434437390224
105,S12,15,68.72406365660194
106,S12,15,136.5450149247142
107,S12,15,117.61870688185758
108,S12,15,167.95355371483558
109,S12,15,170.09164240387136
110,S12,15,207.45789830679738
111,S12,15,0.0
112,S12,15,0.0
113,S12,15,254.56664984255286
114,S12,15,207.71003558396012
115,S12,15,348.43149240786516
116,S12,15,103.06337352534776
117,S12,15,0.0
118,S12,15,313.6569511820511
119,S12,15,163.1148787917262
120,S12,15,120.13387038212588
121,S12,15,0.0
122,S12,15,0.0
123,S12,15,0.0
124,S12,15,0.0
201,S12,15,112.05894494250418
202,S12,15,101.70416719550569
203,S12,15,190.7842696383229
204,S12,15,76.35937297294672
205,S12,15,73.8255868973137
206,S12,15,138.0619269354888
207,S12,15,129.88083184979087
208,S12,15,184.11461714521892
209,S12,15,185.29712857091116
210,S12,15,227.04284034256372
211,S12,15,0.0
212,S12,15,0.0
213,S12,15,270.64791580597085
214,S12,15,216.2719105887233
215,S12,15,300.4196408399434
216,S12,15,99.34220713566218
217,S12,15,0.0
218,S12,15,379.57404750066553
219,S12,15,217.66840499343863
220,S12,15,131.69221552112182
221,S12,15,0.0
222,S12,15,0.0
223,S12,15,0.0
224,S12,15,0.0
301,S12,15,83.5309955545562
302,S12,15,79.25347241626073
303,S12,15,124.9724521789423
304,S12,15,55.883150640931305
305,S12,15,54.465691519423046
306,S12,15,105.06136911266643
307,S12,15,98.61626255029499
308,S12,15,115.67694939156387
309,S12,15,115.18476803798005
310,S12,15,149.67039850297473
311,S12,15,0.0
312,S12,15,0.0
313,S12,15,204.68637415486694
314,S12,15,151.63797943381766
315,S12,15,280.418698812934
316,S12,15,82.41350686554897
317,S12,15,0.0
318,S12,15,297.3379125535921
319,S12,15,133.42979126050994
320,S12,15,86.23535269755864
321,S12,15,0.0
322,S12,15,0.0
323,S12,15,0.0
324,S12,15,0.0
325,S12,15,0.0
101,S12,16,96.29845194755804
102,S12,16,82.67901396536166
103,S12,16,152.0722819605593
104,S12,16,60.26898301405645
105,S12,16,73.6600692579017
106,S12,16,136.8848525897675
107,S12,16,124.51627377617145
108,S12,16,176.09882141771917
109,S12,16,173.01124008735184
110,S12,16,216.2581556415123
111,S12,16,0.0
112,S12,16,0.0
113,S12,16,254.24315405373005
114,S12,16,226.1996309732381
115,S12,16,356.1380314434152
116,S12,16,98.62482194005943
117,S12,16,0.0
118,S12,16,308.52045339761577
119,S12,16,169.14844024670964
120,S12,16,123.46693443856705
121,S12,16,0.0
122,S12,16,0.0
123,S12,16,0.0
124,S12,16,0.0
201,S12,16,116.26736366939319
202,S12,16,100.38211031745422
203,S12,16,186.82749860606785
204,S12,16,80.88295371208663
205,S12,16,71.02251446780326
206,S12,16,135.06646533624712
207,S12,16,124.829107088464
208,S12,16,175.0223207555447
209,S12,16,181.86746040233442
210,S12,16,227.04822736150768
211,S12,16,0.0
212,S12,16,0.0
213,S12,16,265.10520281917707
214,S12,16,221.25747449638783
215,S12,16,318.9539634385668
216,S12,16,99.79515859903351
217,S12,16,0.0
218,S12,16,406.97243225750327
219,S12,16,219.5596478260374
220,S12,16,137.30130954052257
221,S12,16,0.0
222,S12,16,0.0
223,S12,16,0.0
224,S12,16,0.0
301,S12,16,89.20507353417642
302,S12,16,78.93780222512613
303,S12,16,128.47935080964544
304,S12,16,57.3927086976583
305,S12,16,57.24827611878351
306,S12,16,114.03103456886242
307,S12,16,98.41360889583675
308,S12,16,118.69182571755185
309,S12,16,119.05447462766573
310,S12,16,160.19510486859997
311,S12,16,0.0
312,S12,16,0.0
313,S12,16,199.09006776929112
314,S12,16,155.56846239251408
315,S12,16,291.3777805862949
316,S12,16,79.81559647088591
317,S12,16,0.0
318,S12,16,296.2888669394082
319,S12,16,142.81551321380206
320,S12,16,93.36932323592987
321,S12,16,0.0
322,S12,16,0.0
323,S12,16,0.0
324,S12,16,0.0
325,S12,16,0.0
101,S12,17,94.02385589797164
102,S12,17,82.53218612773296
103,S12,17,152.86403900595602
104,S12,17,66.19885155135093
105,S12,17,67.0106119688288
106,S12,17,131.2424444753557
107,S12,17,127.0635578229323
108,S12,17,175.46057325117656
109,S12,17,179.98931016332313
110,S12,17,208.0954044209354
111,S12,17,0.0
112,S12,17,0.0
113,S12,17,260.014807703278
114,S12,17,208.37672944754806
115,S12,17,359.9161980284852
116,S12,17,96.61312841311872
117,S12,17,0.0
118,S12,17,330.7575498201997
119,S12,17,171.90174654080667
120,S12,17,130.87016188007325
121,S12,17,0.0
122,S12,17,0.0
123,S12,17,0.0
124,S12,17,0.0
201,S12,17,107.01756530885254
202,S12,17,97.70445459025427
203,S12,17,187.13443424132734
204,S12,17,79.38159809808776
205,S12,17,70.35930360262267
206,S12,17,143.64195895188917
207,S12,17,133.68550834036301
208,S12,17,185.0254957200001
209,S12,17,183.31647879185275
210,S12,17,235.11369844938858
211,S12,17,0.0
212,S12,17,0.0
213,S12,17,254.74944918630345
214,S12,17,226.10153487687052
215,S12,17,302.90400757995144
216,S12,17,108.06984936516014
217,S12,17,0.0
218,S12,17,378.80168087492757
219,S12,17,220.13406912834975
220,S12,17,138.4456034744449
221,S12,17,0.0
222,S12,17,0.0
223,S12,17,0.0
224,S12,17,0.0
301,S12,17,87.9409963875298
302,S12,17,78.76137432375577
303,S12,17,123.49217231956248
304,S12,17,58.06372943191047
305,S12,17,57.233006981433086
306,S12,17,112.17303240570742
307,S12,17,98.86466414827517
308,S12,17,116.48229601954763
309,S12,17,128.0818949613925
310,S12,17,146.70337518192756
311,S12,17,0.0
312,S12,17,0.0
313,S12,17,205.13607622645642
314,S12,17,148.58753689903455
315,S12,17,287.5324401602877
316,S12,17,81.3223264923418
317,S12,17,0.0
318,S12,17,319.99477652599916
319,S12,17,141.29714359547086
320,S12,17,89.26911591836836
321,S12,17,0.0
322,S12,17,0.0
323,S12,17,0.0
324,S12,17,0.0
325,S12,17,0.0
101,S12,18,86.01435656399761
102,S12,18,82.65465064009973
103,S12,18,142.59605649822348
104,S12,18,61.83035677676855
105,S12,18,67.32320387940338
106,S12,18,134.54550065928498
107,S12,18,121.32929289467774
108,S12,18,159.51290188477844
109,S12,18,172.80198876763126
110,S12,18,211.61321609809215
111,S12,18,0.0
112,S12,18,0.0
113,S12,18,237.7593647017417
114,S12,18,217.30781007521801
115,S12,18,334.5135727253458
116,S12,18,100.9539331482699
117,S12,18,0.0
118,S12,18,313.2846954478662
119,S12,18,163.8985037961673
120,S12,18,128.66487542690723
121,S12,18,0.0
122,S12,18,0.0
123,S12,18,0.0
124,S12,18,0.0
201,S12,18,110.61393129856079
202,S12,18,93.798280731961
203,S12,18,189.73838562034646
204,S12,18,71.72073597189335
205,S12,18,73.89140238730157
206,S12,18,140.86217590721088
207,S12,18,127.09824287284773
208,S12,18,178.98252225762863
209,S12,18,175.77378172993963
210,S12,18,223.869412681166
211,S12,18,0.0
212,S12,18,0.0
213,S12,18,269.5610847032685
214,S12,18,229.4477082731681
215,S12,18,316.7726581152692
216,S12,18,105.10431496210917
217,S12,18,0.0
218,S12,18,386.41045130814064
219,S12,18,211.41128910429848
220,S12,18,128.75130945951386
221,S12,18,0.0
222,S12,18,0.0
223,S12,18,0.0
224,S12,18,0.0
301,S12,18,83.3873536407978
302,S12,18,75.96106286239906
303,S12,18,120.24796676300049
304,S12,18,58.42572762326044
305,S12,18,58.56217618154858
306,S12,18,103.9427640318774
307,S12,18,99.27992320554091
308,S12,18,112.96166999865791
309,S12,18,125.1305926808602
310,S12,18,153.21479993663795
311,S12,18,0.0
312,S12,18,0.0
313,S12,18,193.25882460474895
314,S12,18,140.96083159917004
315,S12,18,290.5463603001408
316,S12,18,77.19515425876993
317,S12,18,0.0
318,S12,18,294.2324239881802
319,S12,18,144.8246936530641
320,S12,18,89.61329913337916
321,S12,18,0.0
322,S12,18,0.0
323,S12,18,0.0
324,S12,18,0.0
325,S12,18,0.0
101,S12,19,91.01067855882344
102,S12,19,81.04331351118864
103,S12,19,143.90438458534808
104,S12,19,62.44599483300135
105,S12,19,66.7560583101546
106,S12,19,127.17762915599113
107,S12,19,121.90808174534678
108,S12,19,159.8342037696407
109,S12,19,161.04479152227063
110,S12,19,210.3719086268568
111,S12,19,0.0
112,S12,19,0.0
113,S12,19,246.88256631265668
114,S12,19,198.97086414221937
115,S12,19,324.3061881372225
116,S12,19,94.61287527627071
117,S12,19,0.0
118,S12,19,315.10706219164695
119,S12,19,166.22415081615745
120,S12,19,122.55426486299736
121,S12,19,0.0
122,S12,19,0.0
123,S12,19,0.0
124,S12,19,0.0
201,S12,19,106.56365913770554
202,S12,19,99.62447180662633
203,S12,19,170.01001507748134
204,S12,19,74.68066418113229
205,S12,19,67.5880654480888
206,S12,19,137.2950218424132
207,S12,19,124.59567798200769
208,S12,19,163.48461136578752
209,S12,19,168.9556377450075
210,S12,19,213.42920108562885
211,S12,19,0.0
212,S12,19,0.0
213,S12,19,238.2482064847257
214,S12,19,213.20555980091294
215,S12,19,309.1031920332813
216,S12,19,93.67922502426858
217,S12,19,0.0
218,S12,19,369.5866827870379
219,S12,19,191.8274176544863
220,S12,19,124.2583239226368
221,S12,19,0.0
222,S12,19,0.0
223,S12,19,0.0
224,S12,19,0.0
301,S12,19,85.74638545086503
302,S12,19,73.3172785003918
303,S12,19,121.63015589394597
304,S12,19,56.42022701133713
305,S12,19,52.40308419163495
306,S12,19,100.97994710300864
307,S12,19,91.50275130872114
308,S12,19,112.26918075339753
309,S12,19,117.90654913690705
310,S12,19,150.0701361503622
311,S12,19,0.0
312,S12,19,0.0
313,S12,19,186.5352957321102
314,S12,19,149.69989470609545
315,S12,19,274.3617190512392
316,S12,19,78.21671101385131
317,S12,19,0.0
318,S12,19,287.71676246177805
319,S12,19,132.25423827342783
320,S12,19,84.70385415632704
321,S12,19,0.0
322,S12,19,0.0
323,S12,19,0.0
324,S12,19,0.0
325,S12,19,0.0
101,S12,20,80.98941734956769
102,S12,20,73.40370432456842
103,S12,20,148.24195664262137
104,S12,20,57.27809613314805
105,S12,20,67.73482588932185
106,S12,20,125.7346131192533
107,S12,20,112.27163935608868
108,S12,20,164.66274034949072
109,S12,20,158.83264549769189
110,S12,20,199.72049883778206
111,S12,20,0.0
112,S12,20,0.0
113,S12,20,233.74504820176261
114,S12,20,207.17216801226297
115,S12,20,331.9876512957509
116,S12,20,88.67238958110126
117,S12,20,0.0
118,S12,20,297.7850173001273
119,S12,20,165.49974410361884
120,S12,20,122.19710178339635
121,S12,20,0.0
122,S12,20,0.0
123,S12,20,0.0
124,S12,20,0.0
201,S12,20,103.24568513985754
202,S12,20,89.25102287536244
203,S12,20,173.0382890901043
204,S12,20,70.47935248812418
205,S12,20,67.03976921595947
206,S12,20,132.6132425479779
207,S12,20,116.74238646237384
208,S12,20,162.3430915299481
209,S12,20,171.70397277073513
210,S12,20,208.37113445258547
211,S12,20,0.0
212,S12,20,0.0
213,S12,20,256.53850945118944
214,S12,20,217.26280205756495
215,S12,20,291.79303580630386
216,S12,20,99.9863659005458
217,S12,20,0.0
218,S12,20,358.641590460086
219,S12,20,196.06781581588274
220,S12,20,128.17528361203247
221,S12,20,0.0
222,S12,20,0.0
223,S12,20,0.0
224,S12,20,0.0
301,S12,20,83.26408320034128
302,S12,20,76.95335374619646
303,S12,20,124.61389044312276
304,S12,20,57.7865323420947
305,S12,20,53.705064399658724
306,S12,20,99.99117707852699
307,S12,20,93.92988849059121
308,S12,20,109.1393489969946
309,S12,20,117.17863207079563
310,S12,20,139.7627867596832
311,S12,20,0.0
312,S12,20,0.0
313,S12,20,199.76360590668773
314,S12,20,138.35573157180374
315,S12,20,268.28961664537655
316,S12,20,80.21360832834043
317,S12,20,0.0
318,S12,20,295.8555323263178
319,S12,20,128.24021569303937
320,S12,20,83.303886969338
321,S12,20,0.0
322,S12,20,0.0
323,S12,20,0.0
324,S12,20,0.0
325,S12,20,0.0
101,S12,21,81.30617709485003
102,S12,21,71.29871064881847
103,S12,21,140.1919262976754
104,S12,21,55.99559851310532
105,S12,21,62.6859003663618
106,S12,21,122.28388079495254
107,S12,21,105.91576500248854
108,S12,21,152.94900414361737
109,S12,21,158.83180449193262
110,S12,21,196.3429044181712
111,S12,21,0.0
112,S12,21,0.0
113,S12,21,225.1858198036829
114,S12,21,191.86015351962692
115,S12,21,314.41736644855183
116,S12,21,85.0468918306178
117,S12,21,0.0
118,S12,21,270.9571955738493
119,S12,21,151.0646339835563
120,S12,21,113.3722063383062
121,S12,21,0.0
122,S12,21,0.0
123,S12,21,0.0
124,S12,21,0.0
201,S12,21,95.6920497075203
202,S12,21,85.58236593973966
203,S12,21,161.94964912803096
204,S12,21,64.6690967115422
205,S12,21,66.82938321063904
206,S12,21,121.77272989421911
207,S12,21,114.05161945190748
208,S12,21,161.2383965468889
209,S12,21,165.10585503054855
210,S12,21,204.94758476325492
211,S12,21,0.0
212,S12,21,0.0
213,S12,21,240.18646734238828
214,S12,21,191.9152709063299
215,S12,21,283.82361745979597
216,S12,21,88.92031625540068
217,S12,21,0.0
218,S12,21,325.40616144666507
219,S12,21,183.98028332057376
220,S12,21,112.41695892587148
221,S12,21,0.0
222,S12,21,0.0
223,S12,21,0.0
224,S12,21,0.0
301,S12,21,81.93335412439461
302,S12,21,72.46053312318435
303,S12,21,112.99063839033953
304,S12,21,53.90973916726049
305,S12,21,51.498758728005065
306,S12,21,98.21591251741819
307,S12,21,89.98884403109838
308,S12,21,109.35744374445083
309,S12,21,114.6615739739506
310,S12,21,145.13593972606756
311,S12,21,0.0
312,S12,21,0.0
313,S12,21,189.6077571649821
314,S12,21,132.8918553252017
315,S12,21,267.9867199251501
316,S12,21,76.56926836939056
317,S12,21,0.0
318,S12,21,266.6672242182958
319,S12,21,131.60194644174598
320,S12,21,85.89292918797992
321,S12,21,0.0
322,S12,21,0.0
323,S12,21,0.0
324,S12,21,0.0
325,S12,21,0.0
101,S12,22,72.47945593523778
102,S12,22,64.8279167707375
103,S12,22,119.40359916266438
104,S12,22,49.91728158030598
105,S12,22,55.51586264796289
106,S12,22,105.0920568241465
107,S12,22,95.1449740978972
108,S12,22,134.4191260000081
109,S12,22,135.16712784503903
110,S12,22,170.10348163857637
111,S12,22,0.0
112,S12,22,0.0
113,S12,22,194.94258673650396
114,S12,22,164.7383550971013
115,S12,22,272.7144196635612
116,S12,22,77.12951213989228
117,S12,22,0.0
118,S12,22,251.02968613030203
119,S12,22,139.31240723547825
120,S12,22,98.36089904902573
121,S12,22,0.0
122,S12,22,0.0
123,S12,22,0.0
124,S12,22,0.0
201,S12,22,92.84640944111715
202,S12,22,84.833793589388
203,S12,22,153.2856749930501
204,S12,22,63.98774847751156
205,S12,22,62.595918952866874
206,S12,22,113.44507703662514
207,S12,22,108.90102563957616
208,S12,22,144.44880911102797
209,S12,22,150.33022282164083
210,S12,22,183.3335574645408
211,S12,22,0.0
212,S12,22,0.0
213,S12,22,225.26377530569698
214,S12,22,183.92369630189842
215,S12,22,273.4119847380896
216,S12,22,85.43153588279536
217,S12,22,0.0
218,S12,22,306.660694235941
219,S12,22,169.8145864814405
220,S12,22,105.26424343241774
221,S12,22,0.0
222,S12,22,0.0
223,S12,22,0.0
224,S12,22,0.0
301,S12,22,75.2444476839251
302,S12,22,67.59969164706236
303,S12,22,105.78751942115177
304,S12,22,51.2697883533075
305,S12,22,48.5353627146213
306,S12,22,92.4954598757382
307,S12,22,89.2869563580128
308,S12,22,99.22591200532482
309,S12,22,104.05298823062887
310,S12,22,132.8689012679798
311,S12,22,0.0
312,S12,22,0.0
313,S12,22,181.15610696446439
314,S12,22,123.2523459422802
315,S12,22,256.9288096176597
316,S12,22,68.34190288517041
317,S12,22,0.0
318,S12,22,261.41282651303146
319,S12,22,125.12628236558294
320,S12,22,76.18279177147303
321,S12,22,0.0
322,S12,22,0.0
323,S12,22,0.0
324,S12,22,0.0
325,S12,22,0.0
101,S12,23,67.77467219514034
102,S12,23,59.895350515355965
103,S12,23,111.21559151297014
104,S12,23,46.4323999110961
105,S12,23,48.21225776192892
106,S12,23,93.67357093188149
107,S12,23,89.0537873512026
108,S12,23,118.78936005162524
109,S12,23,128.0173414245752
110,S12,23,157.6444403233923
111,S12,23,0.0
112,S12,23,0.0
113,S12,23,186.45243681675876
114,S12,23,154.257941495994
115,S12,23,259.1024418651145
116,S12,23,67.71406678259719
117,S12,23,0.0
118,S12,23,218.82480621534282
119,S12,23,125.78347699962634
120,S12,23,91.24775146358796
121,S12,23,0.0
122,S12,23,0.0
123,S12,23,0.0
124,S12,23,0.0
201,S12,23,86.18900599282551
202,S12,23,80.4431550107394
203,S12,23,137.49001206317885
204,S12,23,60.265532693024255
205,S12,23,56.82388710265788
206,S12,23,105.52347492995347
207,S12,23,101.89806047745721
208,S12,23,129.48186687592482
209,S12,23,144.12988245076224
210,S12,23,169.37904537870966
211,S12,23,0.0
212,S12,23,0.0
213,S12,23,198.20248997469562
214,S12,23,166.21776256863072
215,S12,23,247.9149812315324
216,S12,23,81.99790419350852
217,S12,23,0.0
218,S12,23,304.6212295393387
219,S12,23,159.60048555717444
220,S12,23,100.43895343396963
221,S12,23,0.0
222,S12,23,0.0
223,S12,23,0.0
224,S12,23,0.0
301,S12,23,63.878266087161784
302,S12,23,62.542476398199476
303,S12,23,94.06953691205018
304,S12,23,46.0808111302279
305,S12,23,46.31287429427352
306,S12,23,83.6033348067562
307,S12,23,76.5314356735764
308,S12,23,91.29641012488848
309,S12,23,89.68773224744147
310,S12,23,115.94296658539466
311,S12,23,0.0
312,S12,23,0.0
313,S12,23,163.57787560578342
314,S12,23,110.69143293731611
315,S12,23,220.04535500179395
316,S12,23,63.23672106851153
317,S12,23,0.0
318,S12,23,238.9895268342401
319,S12,23,113.753575668481
320,S12,23,68.6389070938931
321,S12,23,0.0
322,S12,23,0.0
323,S12,23,0.0
324,S12,23,0.0
325,S12,23,0.0
101,S12,24,61.811763514333855
102,S12,24,54.78178384034424
103,S12,24,101.26568562922861
104,S12,24,43.78819382155599
105,S12,24,45.26983622721573
106,S12,24,86.47613627814081
107,S12,24,84.65744115274089
108,S12,24,117.68496942303969
109,S12,24,116.48005461941007
110,S12,24,146.31644162859013
111,S12,24,0.0
112,S12,24,0.0
113,S12,24,173.13662193678428
114,S12,24,146.71263653379006
115,S12,24,229.39969340400452
116,S12,24,64.50576316523933
117,S12,24,0.0
118,S12,24,215.9594960468116
119,S12,24,112.83789816541385
120,S12,24,87.7956170392208
121,S12,24,0.0
122,S12,24,0.0
123,S12,24,0.0
124,S12,24,0.0
201,S12,24,80.32348388954875
202,S12,24,71.60923394691677
203,S12,24,137.23442373303558
204,S12,24,52.685365379661036
205,S12,24,54.373851272581305
206,S12,24,104.21354316953133
207,S12,24,91.85019487939333
208,S12,24,122.59003478406125
209,S12,24,130.41352388788198
210,S12,24,154.9506564965602
211,S12,24,0.0
212,S12,24,0.0
213,S12,24,197.30595158555658
214,S12,24,161.78367596456116
215,S12,24,227.80251337035773
216,S12,24,76.24109355869625
217,S12,24,0.0
218,S12,24,279.81737251169227
219,S12,24,150.87863182031592
220,S12,24,91.60338229010972
221,S12,24,0.0
222,S12,24,0.0
223,S12,24,0.0
224,S12,24,0.0
301,S12,24,63.89339656334704
302,S12,24,56.07143280922104
303,S12,24,90.66604036715637
304,S12,24,40.61299466729675
305,S12,24,38.881798226105836
306,S12,24,73.71304856072447
307,S12,24,69.00988322565836
308,S12,24,79.9809335116765
309,S12,24,87.34616464512192
310,S12,24,103.9697141380711
311,S12,24,0.0
312,S12,24,0.0
313,S12,24,141.05823235798607
314,S12,24,111.13546002365747
315,S12,24,204.30165807919315
316,S12,24,55.34142901927398
317,S12,24,0.0
318,S12,24,216.0922391341198
319,S12,24,98.16763472938429
320,S12,24,62.720057463122664
321,S12,24,0.0
322,S12,24,0.0
323,S12,24,0.0
324,S12,24,0.0
325,S12,24,0.0
