ren_id,scenario,t,avail_mw
320_PV_1,S1,1,0.0
320_PV_1,S1,2,0.0
320_PV_1,S1,3,0.0
320_PV_1,S1,4,0.0
320_PV_1,S1,5,0.0
320_PV_1,S1,6,10.888136094046907
320_PV_1,S1,7,25.105742609350852
320_PV_1,S1,8,30.91506689938655
320_PV_1,S1,9,32.89260682209388
320_PV_1,S1,10,32.79995265865758
320_PV_1,S1,11,34.387920485318645
320_PV_1,S1,12,19.273525203323448
320_PV_1,S1,13,32.932552022268354
320_PV_1,S1,14,31.9330015322987
320_PV_1,S1,15,30.759856194736145
320_PV_1,S1,16,14.154644960127412
320_PV_1,S1,17,23.23032048854306
320_PV_1,S1,18,9.422667862734636
320_PV_1,S1,19,0.0
320_PV_1,S1,20,0.0
320_PV_1,S1,21,0.0
320_PV_1,S1,22,0.0
320_PV_1,S1,23,0.0
320_PV_1,S1,24,0.0
320_PV_1,S2,1,0.0
320_PV_1,S2,2,0.0
320_PV_1,S2,3,0.0
320_PV_1,S2,4,0.0
320_PV_1,S2,5,0.0
320_PV_1,S2,6,0.0
320_PV_1,S2,7,0.0
320_PV_1,S2,8,24.90654020367357
320_PV_1,S2,9,33.04135046779011
320_PV_1,S2,10,36.79313885665108
320_PV_1,S2,11,36.175843171981334
320_PV_1,S2,12,35.97481337022139
320_PV_1,S2,13,35.83147861837915
320_PV_1,S2,14,35.10495715297391
320_PV_1,S2,15,31.153050067070343
320_PV_1,S2,16,17.975040538174465
320_PV_1,S2,17,0.0
320_PV_1,S2,18,0.0
320_PV_1,S2,19,0.0
320_PV_1,S2,20,0.0
320_PV_1,S2,21,0.0
320_PV_1,S2,22,0.0
320_PV_1,S2,23,0.0
320_PV_1,S2,24,0.0
320_PV_1,S3,1,0.0
320_PV_1,S3,2,0.0
320_PV_1,S3,3,0.0
320_PV_1,S3,4,0.0
320_PV_1,S3,5,0.0
320_PV_1,S3,6,0.0
320_PV_1,S3,7,29.155758193514526
320_PV_1,S3,8,36.47197047563778
320_PV_1,S3,9,42.4530860059917
320_PV_1,S3,10,40.999238611949664
320_PV_1,S3,11,43.477615090890495
320_PV_1,S3,12,43.8021836472714
320_PV_1,S3,13,44.83872267503974
320_PV_1,S3,14,45.02959023468937
320_PV_1,S3,15,38.035844011822235
320_PV_1,S3,16,38.66226214614133
320_PV_1,S3,17,29.84104042056005
320_PV_1,S3,18,0.0
320_PV_1,S3,19,0.0
320_PV_1,S3,20,0.0
320_PV_1,S3,21,0.0
320_PV_1,S3,22,0.0
320_PV_1,S3,23,0.0
320_PV_1,S3,24,0.0
320_PV_1,S4,1,0.0
320_PV_1,S4,2,0.0
320_PV_1,S4,3,0.0
320_PV_1,S4,4,0.0
320_PV_1,S4,5,0.0
320_PV_1,S4,6,0.0
320_PV_1,S4,7,25.95414149656444
320_PV_1,S4,8,36.123995999404265
320_PV_1,S4,9,40.885755017777505
320_PV_1,S4,10,43.30819736343833
320_PV_1,S4,11,40.90260383981479
320_PV_1,S4,12,41.38038785717418
320_PV_1,S4,13,43.8355935351715
320_PV_1,S4,14,40.113916147633255
320_PV_1,S4,15,41.01826857887314
320_PV_1,S4,16,35.21555367297114
320_PV_1,S4,17,26.316243207304886
320_PV_1,S4,18,0.0
320_PV_1,S4,19,0.0
320_PV_1,S4,20,0.0
320_PV_1,S4,21,0.0
320_PV_1,S4,22,0.0
320_PV_1,S4,23,0.0
320_PV_1,S4,24,0.0
320_PV_1,S5,1,0.0
320_PV_1,S5,2,0.0
320_PV_1,S5,3,0.0
320_PV_1,S5,4,0.0
320_PV_1,S5,5,0.0
320_PV_1,S5,6,0.0
320_PV_1,S5,7,0.0
320_PV_1,S5,8,32.013078663454046
320_PV_1,S5,9,36.41288744156593
320_PV_1,S5,10,38.14238283201346
320_PV_1,S5,11,44.13377417136745
320_PV_1,S5,12,40.47349711977774
320_PV_1,S5,13,41.18052691483315
320_PV_1,S5,14,40.87596552846577
320_PV_1,S5,15,34.7730656758797
320_PV_1,S5,16,18.69101335079263
320_PV_1,S5,17,0.0
320_PV_1,S5,18,0.0
320_PV_1,S5,19,0.0
320_PV_1,S5,20,0.0
320_PV_1,S5,21,0.0
320_PV_1,S5,22,0.0
320_PV_1,S5,23,0.0
320_PV_1,S5,24,0.0
320_PV_1,S6,1,0.0
320_PV_1,S6,2,0.0
320_PV_1,S6,3,0.0
320_PV_1,S6,4,0.0
320_PV_1,S6,5,0.0
320_PV_1,S6,6,5.712120687855897
320_PV_1,S6,7,10.250009680253935
320_PV_1,S6,8,14.7807512684186
320_PV_1,S6,9,15.745482340074563
320_PV_1,S6,10,19.557235361608264
320_PV_1,S6,11,21.53316369422915
320_PV_1,S6,12,20.215387047577767
320_PV_1,S6,13,15.299398012655452
320_PV_1,S6,14,11.877982489866305
320_PV_1,S6,15,4.869459684288266
320_PV_1,S6,16,19.2788157144935
320_PV_1,S6,17,17.338589344257993
320_PV_1,S6,18,11.263148031910509
320_PV_1,S6,19,0.0
320_PV_1,S6,20,0.0
320_PV_1,S6,21,0.0
320_PV_1,S6,22,0.0
320_PV_1,S6,23,0.0
320_PV_1,S6,24,0.0
320_PV_1,S7,1,0.0
320_PV_1,S7,2,0.0
320_PV_1,S7,3,0.0
320_PV_1,S7,4,0.0
320_PV_1,S7,5,0.0
320_PV_1,S7,6,0.0
320_PV_1,S7,7,27.208592612548266
320_PV_1,S7,8,34.39649889361969
320_PV_1,S7,9,37.93360904410764
320_PV_1,S7,10,40.407209155333476
320_PV_1,S7,11,38.020444772066384
320_PV_1,S7,12,40.73419440648461
320_PV_1,S7,13,37.0027786155562
320_PV_1,S7,14,37.15472320482354
320_PV_1,S7,15,38.95810037292251
320_PV_1,S7,16,32.366637659750516
320_PV_1,S7,17,23.75992669637409
320_PV_1,S7,18,0.0
320_PV_1,S7,19,0.0
320_PV_1,S7,20,0.0
320_PV_1,S7,21,0.0
320_PV_1,S7,22,0.0
320_PV_1,S7,23,0.0
320_PV_1,S7,24,0.0
320_PV_1,S8,1,0.0
320_PV_1,S8,2,0.0
320_PV_1,S8,3,0.0
320_PV_1,S8,4,0.0
320_PV_1,S8,5,0.0
320_PV_1,S8,6,0.0
320_PV_1,S8,7,0.0
320_PV_1,S8,8,24.458676150010806
320_PV_1,S8,9,33.41777152159729
320_PV_1,S8,10,34.365833247707876
320_PV_1,S8,11,33.61272056836918
320_PV_1,S8,12,34.08224981964564
320_PV_1,S8,13,33.73839668823441
320_PV_1,S8,14,33.86559147461514
320_PV_1,S8,15,32.30367327940212
320_PV_1,S8,16,22.872071286701427
320_PV_1,S8,17,0.0
320_PV_1,S8,18,0.0
320_PV_1,S8,19,0.0
320_PV_1,S8,20,0.0
320_PV_1,S8,21,0.0
320_PV_1,S8,22,0.0
320_PV_1,S8,23,0.0
320_PV_1,S8,24,0.0
320_PV_1,S9,1,0.0
320_PV_1,S9,2,0.0
320_PV_1,S9,3,0.0
320_PV_1,S9,4,0.0
320_PV_1,S9,5,0.0
320_PV_1,S9,6,22.213118082312462
320_PV_1,S9,7,31.80749921923691
320_PV_1,S9,8,41.30697296355674
320_PV_1,S9,9,41.79900047537673
320_PV_1,S9,10,41.99705060733294
320_PV_1,S9,11,45.56143732363112
320_PV_1,S9,12,45.03777041163396
320_PV_1,S9,13,44.884457686159095
320_PV_1,S9,14,44.457407201575506
320_PV_1,S9,15,41.309903926413476
320_PV_1,S9,16,38.156696696556324
320_PV_1,S9,17,31.461302799513984
320_PV_1,S9,18,17.615888197674668
320_PV_1,S9,19,0.0
320_PV_1,S9,20,0.0
320_PV_1,S9,21,0.0
320_PV_1,S9,22,0.0
320_PV_1,S9,23,0.0
320_PV_1,S9,24,0.0
320_PV_1,S10,1,0.0
320_PV_1,S10,2,0.0
320_PV_1,S10,3,0.0
320_PV_1,S10,4,0.0
320_PV_1,S10,5,0.0
320_PV_1,S10,6,0.0
320_PV_1,S10,7,0.0
320_PV_1,S10,8,28.527089278796502
320_PV_1,S10,9,35.586310393162805
320_PV_1,S10,10,38.56587717665611
320_PV_1,S10,11,35.995377170235265
320_PV_1,S10,12,35.250984682902505
320_PV_1,S10,13,35.41767755655216
320_PV_1,S10,14,34.69124011441836
320_PV_1,S10,15,30.43742992328141
320_PV_1,S10,16,19.31147768583654
320_PV_1,S10,17,0.0
320_PV_1,S10,18,0.0
320_PV_1,S10,19,0.0
320_PV_1,S10,20,0.0
320_PV_1,S10,21,0.0
320_PV_1,S10,22,0.0
320_PV_1,S10,23,0.0
320_PV_1,S10,24,0.0
320_PV_1,S11,1,0.0
320_PV_1,S11,2,0.0
320_PV_1,S11,3,0.0
320_PV_1,S11,4,0.0
320_PV_1,S11,5,0.0
320_PV_1,S11,6,0.0
320_PV_1,S11,7,0.0
320_PV_1,S11,8,27.614671961264676
320_PV_1,S11,9,33.75060227498305
320_PV_1,S11,10,39.371950328641724
320_PV_1,S11,11,44.28805808912161
320_PV_1,S11,12,43.56009747573158
320_PV_1,S11,13,43.088235884649364
320_PV_1,S11,14,40.76826180517497
320_PV_1,S11,15,38.89720898304446
320_PV_1,S11,16,31.025363790736844
320_PV_1,S11,17,12.394824082212251
320_PV_1,S11,18,0.0
320_PV_1,S11,19,0.0
320_PV_1,S11,20,0.0
320_PV_1,S11,21,0.0
320_PV_1,S11,22,0.0
320_PV_1,S11,23,0.0
320_PV_1,S11,24,0.0
320_PV_1,S12,1,0.0
320_PV_1,S12,2,0.0
320_PV_1,S12,3,0.0
320_PV_1,S12,4,0.0
320_PV_1,S12,5,0.0
320_PV_1,S12,6,8.766263939346507
320_PV_1,S12,7,14.347699458148671
320_PV_1,S12,8,17.414857837543437
320_PV_1,S12,9,18.277970485615505
320_PV_1,S12,10,19.734094153295413
320_PV_1,S12,11,17.620461702413074
320_PV_1,S12,12,15.834301177822786
320_PV_1,S12,13,15.709560986762096
320_PV_1,S12,14,19.426172233523367
320_PV_1,S12,15,15.908293349954743
320_PV_1,S12,16,13.126714183969895
320_PV_1,S12,17,2.98346858147153
320_PV_1,S12,18,0.05889635022432337
320_PV_1,S12,19,0.0
320_PV_1,S12,20,0.0
320_PV_1,S12,21,0.0
320_PV_1,S12,22,0.0
320_PV_1,S12,23,0.0
320_PV_1,S12,24,0.0
314_PV_1,S1,1,0.0
314_PV_1,S1,2,0.0
314_PV_1,S1,3,0.0
314_PV_1,S1,4,0.0
314_PV_1,S1,5,0.0
314_PV_1,S1,6,12.135079992905451
314_PV_1,S1,7,26.505161607586597
314_PV_1,S1,8,31.033195089066613
314_PV_1,S1,9,33.43360887736608
314_PV_1,S1,10,29.41628011519369
314_PV_1,S1,11,28.228885909688856
314_PV_1,S1,12,6.822451114385819
314_PV_1,S1,13,2.5081737631557615
314_PV_1,S1,14,24.340640216231368
314_PV_1,S1,15,9.771081014502974
314_PV_1,S1,16,32.55255698938007
314_PV_1,S1,17,27.07576066010364
314_PV_1,S1,18,10.536563037119537
314_PV_1,S1,19,0.0
314_PV_1,S1,20,0.0
314_PV_1,S1,21,0.0
314_PV_1,S1,22,0.0
314_PV_1,S1,23,0.0
314_PV_1,S1,24,0.0
314_PV_1,S2,1,0.0
314_PV_1,S2,2,0.0
314_PV_1,S2,3,0.0
314_PV_1,S2,4,0.0
314_PV_1,S2,5,0.0
314_PV_1,S2,6,0.0
314_PV_1,S2,7,0.0
314_PV_1,S2,8,24.48520175819119
314_PV_1,S2,9,31.55408968307884
314_PV_1,S2,10,37.091804480432664
314_PV_1,S2,11,36.79702150778766
314_PV_1,S2,12,38.767417932529504
314_PV_1,S2,13,35.64581899725096
314_PV_1,S2,14,36.23682313279027
314_PV_1,S2,15,32.474173770518284
314_PV_1,S2,16,17.795446663739423
314_PV_1,S2,17,0.0
314_PV_1,S2,18,0.0
314_PV_1,S2,19,0.0
314_PV_1,S2,20,0.0
314_PV_1,S2,21,0.0
314_PV_1,S2,22,0.0
314_PV_1,S2,23,0.0
314_PV_1,S2,24,0.0
314_PV_1,S3,1,0.0
314_PV_1,S3,2,0.0
314_PV_1,S3,3,0.0
314_PV_1,S3,4,0.0
314_PV_1,S3,5,0.0
314_PV_1,S3,6,0.0
314_PV_1,S3,7,27.493696352473165
314_PV_1,S3,8,34.130084330687545
314_PV_1,S3,9,40.08723834520632
314_PV_1,S3,10,43.021848809904306
314_PV_1,S3,11,43.49030802228705
314_PV_1,S3,12,43.54405395491322
314_PV_1,S3,13,42.124503889211184
314_PV_1,S3,14,42.760097349500214
314_PV_1,S3,15,38.662374375421
314_PV_1,S3,16,38.80343591036629
314_PV_1,S3,17,30.690418059806387
314_PV_1,S3,18,1.0346558480848602
314_PV_1,S3,19,0.0
314_PV_1,S3,20,0.0
314_PV_1,S3,21,0.0
314_PV_1,S3,22,0.0
314_PV_1,S3,23,0.0
314_PV_1,S3,24,0.0
314_PV_1,S4,1,0.0
314_PV_1,S4,2,0.0
314_PV_1,S4,3,0.0
314_PV_1,S4,4,0.0
314_PV_1,S4,5,0.0
314_PV_1,S4,6,0.0
314_PV_1,S4,7,26.488617769074587
314_PV_1,S4,8,35.93223451078462
314_PV_1,S4,9,41.116704588647295
314_PV_1,S4,10,43.31722186152283
314_PV_1,S4,11,43.16174932115301
314_PV_1,S4,12,45.22195739008983
314_PV_1,S4,13,41.901822350347
314_PV_1,S4,14,41.67449376786908
314_PV_1,S4,15,40.96845445036952
314_PV_1,S4,16,37.58400925568682
314_PV_1,S4,17,29.277883318059512
314_PV_1,S4,18,0.0
314_PV_1,S4,19,0.0
314_PV_1,S4,20,0.0
314_PV_1,S4,21,0.0
314_PV_1,S4,22,0.0
314_PV_1,S4,23,0.0
314_PV_1,S4,24,0.0
314_PV_1,S5,1,0.0
314_PV_1,S5,2,0.0
314_PV_1,S5,3,0.0
314_PV_1,S5,4,0.0
314_PV_1,S5,5,0.0
314_PV_1,S5,6,0.0
314_PV_1,S5,7,0.0
314_PV_1,S5,8,28.19283298662948
314_PV_1,S5,9,34.00156952786976
314_PV_1,S5,10,36.101929053028606
314_PV_1,S5,11,41.62836266965711
314_PV_1,S5,12,39.131562039193774
314_PV_1,S5,13,38.13255837602228
314_PV_1,S5,14,36.79062650715138
314_PV_1,S5,15,34.985974764181556
314_PV_1,S5,16,17.546517955042212
314_PV_1,S5,17,0.0
314_PV_1,S5,18,0.0
314_PV_1,S5,19,0.0
314_PV_1,S5,20,0.0
314_PV_1,S5,21,0.0
314_PV_1,S5,22,0.0
314_PV_1,S5,23,0.0
314_PV_1,S5,24,0.0
314_PV_1,S6,1,0.0
314_PV_1,S6,2,0.0
314_PV_1,S6,3,0.0
314_PV_1,S6,4,0.0
314_PV_1,S6,5,0.0
314_PV_1,S6,6,5.930600053494342
314_PV_1,S6,7,8.222188050982123
314_PV_1,S6,8,11.768271104223588
314_PV_1,S6,9,17.18497283658882
314_PV_1,S6,10,19.12044094714174
314_PV_1,S6,11,18.757158078608725
314_PV_1,S6,12,21.163543413101632
314_PV_1,S6,13,19.21530920794108
314_PV_1,S6,14,17.62445228170542
314_PV_1,S6,15,19.37043147233577
314_PV_1,S6,16,18.98187962450682
314_PV_1,S6,17,17.362804775329323
314_PV_1,S6,18,11.292973751750756
314_PV_1,S6,19,0.0
314_PV_1,S6,20,0.0
314_PV_1,S6,21,0.0
314_PV_1,S6,22,0.0
314_PV_1,S6,23,0.0
314_PV_1,S6,24,0.0
314_PV_1,S7,1,0.0
314_PV_1,S7,2,0.0
314_PV_1,S7,3,0.0
314_PV_1,S7,4,0.0
314_PV_1,S7,5,0.0
314_PV_1,S7,6,0.0
314_PV_1,S7,7,24.66691070364569
314_PV_1,S7,8,33.06010140132112
314_PV_1,S7,9,36.264269941110044
314_PV_1,S7,10,38.637089706589364
314_PV_1,S7,11,38.564241711955
314_PV_1,S7,12,38.106176249098795
314_PV_1,S7,13,35.06927251844001
314_PV_1,S7,14,37.061239269653015
314_PV_1,S7,15,36.04232063833536
314_PV_1,S7,16,31.578320805944532
314_PV_1,S7,17,23.279101585633597
314_PV_1,S7,18,0.0
314_PV_1,S7,19,0.0
314_PV_1,S7,20,0.0
314_PV_1,S7,21,0.0
314_PV_1,S7,22,0.0
314_PV_1,S7,23,0.0
314_PV_1,S7,24,0.0
314_PV_1,S8,1,0.0
314_PV_1,S8,2,0.0
314_PV_1,S8,3,0.0
314_PV_1,S8,4,0.0
314_PV_1,S8,5,0.0
314_PV_1,S8,6,0.0
314_PV_1,S8,7,0.0
314_PV_1,S8,8,24.069686063915306
314_PV_1,S8,9,31.07604828578514
314_PV_1,S8,10,35.602482236184464
314_PV_1,S8,11,33.93306470167847
314_PV_1,S8,12,33.1536594382492
314_PV_1,S8,13,34.16565644664272
314_PV_1,S8,14,33.647473396949394
314_PV_1,S8,15,32.407680068314214
314_PV_1,S8,16,22.679183301797977
314_PV_1,S8,17,0.0
314_PV_1,S8,18,0.0
314_PV_1,S8,19,0.0
314_PV_1,S8,20,0.0
314_PV_1,S8,21,0.0
314_PV_1,S8,22,0.0
314_PV_1,S8,23,0.0
314_PV_1,S8,24,0.0
314_PV_1,S9,1,0.0
314_PV_1,S9,2,0.0
314_PV_1,S9,3,0.0
314_PV_1,S9,4,0.0
314_PV_1,S9,5,0.0
314_PV_1,S9,6,20.734715619408746
314_PV_1,S9,7,32.394913672705044
314_PV_1,S9,8,38.82008917867082
314_PV_1,S9,9,45.28248837118232
314_PV_1,S9,10,43.016596104294166
314_PV_1,S9,11,48.87328482219972
314_PV_1,S9,12,48.075729170331066
314_PV_1,S9,13,49.04229167926897
314_PV_1,S9,14,45.66739304680791
314_PV_1,S9,15,42.86336023274997
314_PV_1,S9,16,39.40301299633517
314_PV_1,S9,17,32.05691956087372
314_PV_1,S9,18,18.856059007872233
314_PV_1,S9,19,0.0
314_PV_1,S9,20,0.0
314_PV_1,S9,21,0.0
314_PV_1,S9,22,0.0
314_PV_1,S9,23,0.0
314_PV_1,S9,24,0.0
314_PV_1,S10,1,0.0
314_PV_1,S10,2,0.0
314_PV_1,S10,3,0.0
314_PV_1,S10,4,0.0
314_PV_1,S10,5,0.0
314_PV_1,S10,6,0.0
314_PV_1,S10,7,0.0
314_PV_1,S10,8,26.611344288881472
314_PV_1,S10,9,31.948988563361443
314_PV_1,S10,10,32.7742366532908
314_PV_1,S10,11,36.28679721533692
314_PV_1,S10,12,36.807712993446735
314_PV_1,S10,13,34.12623166598445
314_PV_1,S10,14,31.9344081045443
314_PV_1,S10,15,29.801281164773407
314_PV_1,S10,16,18.6884977816279
314_PV_1,S10,17,0.0
314_PV_1,S10,18,0.0
314_PV_1,S10,19,0.0
314_PV_1,S10,20,0.0
314_PV_1,S10,21,0.0
314_PV_1,S10,22,0.0
314_PV_1,S10,23,0.0
314_PV_1,S10,24,0.0
314_PV_1,S11,1,0.0
314_PV_1,S11,2,0.0
314_PV_1,S11,3,0.0
314_PV_1,S11,4,0.0
314_PV_1,S11,5,0.0
314_PV_1,S11,6,0.0
314_PV_1,S11,7,0.0
314_PV_1,S11,8,26.691563396454203
314_PV_1,S11,9,34.41797261101301
314_PV_1,S11,10,36.63881193308085
314_PV_1,S11,11,40.44612288219798
314_PV_1,S11,12,40.573114810488796
314_PV_1,S11,13,40.98752273897051
314_PV_1,S11,14,39.207060064927084
314_PV_1,S11,15,37.054860191085176
314_PV_1,S11,16,29.870549676843417
314_PV_1,S11,17,14.316738740292372
314_PV_1,S11,18,0.0
314_PV_1,S11,19,0.0
314_PV_1,S11,20,0.0
314_PV_1,S11,21,0.0
314_PV_1,S11,22,0.0
314_PV_1,S11,23,0.0
314_PV_1,S11,24,0.0
314_PV_1,S12,1,0.0
314_PV_1,S12,2,0.0
314_PV_1,S12,3,0.0
314_PV_1,S12,4,0.0
314_PV_1,S12,5,0.0
314_PV_1,S12,6,8.399767480110212
314_PV_1,S12,7,10.231519057658646
314_PV_1,S12,8,15.44653899989258
314_PV_1,S12,9,14.587243403887086
314_PV_1,S12,10,6.865138500112633
314_PV_1,S12,11,22.11610818647868
314_PV_1,S12,12,20.36784679986059
314_PV_1,S12,13,14.22395649241505
314_PV_1,S12,14,20.436310072712732
314_PV_1,S12,15,21.215172363124587
314_PV_1,S12,16,7.063494012720057
314_PV_1,S12,17,10.128699909394157
314_PV_1,S12,18,1.0320459185487136
314_PV_1,S12,19,0.0
314_PV_1,S12,20,0.0
314_PV_1,S12,21,0.0
314_PV_1,S12,22,0.0
314_PV_1,S12,23,0.0
314_PV_1,S12,24,0.0
314_PV_2,S1,1,0.0
314_PV_2,S1,2,0.0
314_PV_2,S1,3,0.0
314_PV_2,S1,4,0.0
314_PV_2,S1,5,0.0
314_PV_2,S1,6,10.861049480314367
314_PV_2,S1,7,26.85353766836448
314_PV_2,S1,8,30.60385934213429
314_PV_2,S1,9,35.07256130033323
314_PV_2,S1,10,35.02156188881267
314_PV_2,S1,11,35.25401427515401
314_PV_2,S1,12,35.80932960989901
314_PV_2,S1,13,27.372645322690772
314_PV_2,S1,14,1.27186137518851
314_PV_2,S1,15,32.967799848323345
314_PV_2,S1,16,32.66869470098147
314_PV_2,S1,17,26.055766830124497
314_PV_2,S1,18,10.784916287680199
314_PV_2,S1,19,0.0
314_PV_2,S1,20,0.0
314_PV_2,S1,21,0.0
314_PV_2,S1,22,0.0
314_PV_2,S1,23,0.0
314_PV_2,S1,24,0.0
314_PV_2,S2,1,0.0
314_PV_2,S2,2,0.0
314_PV_2,S2,3,0.0
314_PV_2,S2,4,0.0
314_PV_2,S2,5,0.0
314_PV_2,S2,6,0.0
314_PV_2,S2,7,0.0
314_PV_2,S2,8,25.57573269312263
314_PV_2,S2,9,33.688375393112565
314_PV_2,S2,10,35.53289084368232
314_PV_2,S2,11,38.699465816083524
314_PV_2,S2,12,37.89194039055635
314_PV_2,S2,13,36.35468990564256
314_PV_2,S2,14,36.53387712337424
314_PV_2,S2,15,33.3180706515537
314_PV_2,S2,16,18.358590136685553
314_PV_2,S2,17,0.0
314_PV_2,S2,18,0.0
314_PV_2,S2,19,0.0
314_PV_2,S2,20,0.0
314_PV_2,S2,21,0.0
314_PV_2,S2,22,0.0
314_PV_2,S2,23,0.0
314_PV_2,S2,24,0.0
314_PV_2,S3,1,0.0
314_PV_2,S3,2,0.0
314_PV_2,S3,3,0.0
314_PV_2,S3,4,0.0
314_PV_2,S3,5,0.0
314_PV_2,S3,6,0.0
314_PV_2,S3,7,26.389087856792923
314_PV_2,S3,8,34.98577413593791
314_PV_2,S3,9,38.675388348486685
314_PV_2,S3,10,40.51728382650014
314_PV_2,S3,11,39.912264111217624
314_PV_2,S3,12,40.15568168364932
314_PV_2,S3,13,41.4995239778906
314_PV_2,S3,14,42.05724427422553
314_PV_2,S3,15,40.87301186116034
314_PV_2,S3,16,36.54942304824477
314_PV_2,S3,17,28.55090029797409
314_PV_2,S3,18,0.20514427178625044
314_PV_2,S3,19,0.0
314_PV_2,S3,20,0.0
314_PV_2,S3,21,0.0
314_PV_2,S3,22,0.0
314_PV_2,S3,23,0.0
314_PV_2,S3,24,0.0
314_PV_2,S4,1,0.0
314_PV_2,S4,2,0.0
314_PV_2,S4,3,0.0
314_PV_2,S4,4,0.0
314_PV_2,S4,5,0.0
314_PV_2,S4,6,0.0
314_PV_2,S4,7,27.762086422426954
314_PV_2,S4,8,36.59612202227703
314_PV_2,S4,9,38.31205285554967
314_PV_2,S4,10,40.939010075422196
314_PV_2,S4,11,42.61411749169115
314_PV_2,S4,12,42.03034178345067
314_PV_2,S4,13,39.66729678864695
314_PV_2,S4,14,43.384627262829405
314_PV_2,S4,15,40.6383308532286
314_PV_2,S4,16,35.66011709469868
314_PV_2,S4,17,25.992645049787992
314_PV_2,S4,18,0.0
314_PV_2,S4,19,0.0
314_PV_2,S4,20,0.0
314_PV_2,S4,21,0.0
314_PV_2,S4,22,0.0
314_PV_2,S4,23,0.0
314_PV_2,S4,24,0.0
314_PV_2,S5,1,0.0
314_PV_2,S5,2,0.0
314_PV_2,S5,3,0.0
314_PV_2,S5,4,0.0
314_PV_2,S5,5,0.0
314_PV_2,S5,6,0.0
314_PV_2,S5,7,0.0
314_PV_2,S5,8,30.009754845503412
314_PV_2,S5,9,37.6430821337767
314_PV_2,S5,10,37.060283857717174
314_PV_2,S5,11,40.26883468951889
314_PV_2,S5,12,41.8656590306044
314_PV_2,S5,13,39.135086146532345
314_PV_2,S5,14,38.75373944208018
314_PV_2,S5,15,35.031101919512786
314_PV_2,S5,16,20.11533031755181
314_PV_2,S5,17,0.0
314_PV_2,S5,18,0.0
314_PV_2,S5,19,0.0
314_PV_2,S5,20,0.0
314_PV_2,S5,21,0.0
314_PV_2,S5,22,0.0
314_PV_2,S5,23,0.0
314_PV_2,S5,24,0.0
314_PV_2,S6,1,0.0
314_PV_2,S6,2,0.0
314_PV_2,S6,3,0.0
314_PV_2,S6,4,0.0
314_PV_2,S6,5,0.0
314_PV_2,S6,6,6.868997031869424
314_PV_2,S6,7,10.603815417506725
314_PV_2,S6,8,17.061600662997527
314_PV_2,S6,9,18.749046863326658
314_PV_2,S6,10,19.216687911808844
314_PV_2,S6,11,20.571648246226566
314_PV_2,S6,12,19.40780557738922
314_PV_2,S6,13,18.940271980035785
314_PV_2,S6,14,17.204579397811617
314_PV_2,S6,15,5.409528146191292
314_PV_2,S6,16,20.307139745475432
314_PV_2,S6,17,17.175401574217506
314_PV_2,S6,18,11.198844060344257
314_PV_2,S6,19,0.0
314_PV_2,S6,20,0.0
314_PV_2,S6,21,0.0
314_PV_2,S6,22,0.0
314_PV_2,S6,23,0.0
314_PV_2,S6,24,0.0
314_PV_2,S7,1,0.0
314_PV_2,S7,2,0.0
314_PV_2,S7,3,0.0
314_PV_2,S7,4,0.0
314_PV_2,S7,5,0.0
314_PV_2,S7,6,0.0
314_PV_2,S7,7,26.75515932614281
314_PV_2,S7,8,33.1827000745792
314_PV_2,S7,9,39.48148235349333
314_PV_2,S7,10,43.0825243216471
314_PV_2,S7,11,42.69952102913601
314_PV_2,S7,12,39.45092708485206
314_PV_2,S7,13,39.490110975230316
314_PV_2,S7,14,38.041549253723716
314_PV_2,S7,15,36.53645402742799
314_PV_2,S7,16,35.82135160984898
314_PV_2,S7,17,23.77286063416354
314_PV_2,S7,18,0.0
314_PV_2,S7,19,0.0
314_PV_2,S7,20,0.0
314_PV_2,S7,21,0.0
314_PV_2,S7,22,0.0
314_PV_2,S7,23,0.0
314_PV_2,S7,24,0.0
314_PV_2,S8,1,0.0
314_PV_2,S8,2,0.0
314_PV_2,S8,3,0.0
314_PV_2,S8,4,0.0
314_PV_2,S8,5,0.0
314_PV_2,S8,6,0.0
314_PV_2,S8,7,0.0
314_PV_2,S8,8,22.58408826747007
314_PV_2,S8,9,31.892454017885374
314_PV_2,S8,10,36.11147678504361
314_PV_2,S8,11,35.04875684204365
314_PV_2,S8,12,34.283817727822516
314_PV_2,S8,13,33.81624250238779
314_PV_2,S8,14,33.78976175035883
314_PV_2,S8,15,30.762941921401627
314_PV_2,S8,16,23.458885455847646
314_PV_2,S8,17,0.0
314_PV_2,S8,18,0.0
314_PV_2,S8,19,0.0
314_PV_2,S8,20,0.0
314_PV_2,S8,21,0.0
314_PV_2,S8,22,0.0
314_PV_2,S8,23,0.0
314_PV_2,S8,24,0.0
314_PV_2,S9,1,0.0
314_PV_2,S9,2,0.0
314_PV_2,S9,3,0.0
314_PV_2,S9,4,0.0
314_PV_2,S9,5,0.0
314_PV_2,S9,6,20.84377954406501
314_PV_2,S9,7,33.55745835807489
314_PV_2,S9,8,39.26921417787668
314_PV_2,S9,9,41.71625750255952
314_PV_2,S9,10,44.15738452502602
314_PV_2,S9,11,49.30242764979114
314_PV_2,S9,12,47.134643509799965
314_PV_2,S9,13,48.099051673362766
314_PV_2,S9,14,44.91268484106723
314_PV_2,S9,15,46.47379253906078
314_PV_2,S9,16,38.07706230686567
314_PV_2,S9,17,30.688737679660676
314_PV_2,S9,18,17.859545158063806
314_PV_2,S9,19,0.0
314_PV_2,S9,20,0.0
314_PV_2,S9,21,0.0
314_PV_2,S9,22,0.0
314_PV_2,S9,23,0.0
314_PV_2,S9,24,0.0
314_PV_2,S10,1,0.0
314_PV_2,S10,2,0.0
314_PV_2,S10,3,0.0
314_PV_2,S10,4,0.0
314_PV_2,S10,5,0.0
314_PV_2,S10,6,0.0
314_PV_2,S10,7,0.0
314_PV_2,S10,8,28.276978293051066
314_PV_2,S10,9,36.9319020956928
314_PV_2,S10,10,34.693783823970485
314_PV_2,S10,11,37.74212738906887
314_PV_2,S10,12,35.12168840520454
314_PV_2,S10,13,34.46277655139396
314_PV_2,S10,14,34.326601690508696
314_PV_2,S10,15,30.646683462609456
314_PV_2,S10,16,19.863660712040716
314_PV_2,S10,17,0.0
314_PV_2,S10,18,0.0
314_PV_2,S10,19,0.0
314_PV_2,S10,20,0.0
314_PV_2,S10,21,0.0
314_PV_2,S10,22,0.0
314_PV_2,S10,23,0.0
314_PV_2,S10,24,0.0
314_PV_2,S11,1,0.0
314_PV_2,S11,2,0.0
314_PV_2,S11,3,0.0
314_PV_2,S11,4,0.0
314_PV_2,S11,5,0.0
314_PV_2,S11,6,0.0
314_PV_2,S11,7,0.0
314_PV_2,S11,8,28.36776976316327
314_PV_2,S11,9,36.59765948445791
314_PV_2,S11,10,38.618044739813314
314_PV_2,S11,11,40.95347642420097
314_PV_2,S11,12,42.47884013077264
314_PV_2,S11,13,40.3191509766978
314_PV_2,S11,14,39.188520346944955
314_PV_2,S11,15,35.256498799533716
314_PV_2,S11,16,29.321421025248313
314_PV_2,S11,17,14.033255083392607
314_PV_2,S11,18,0.0
314_PV_2,S11,19,0.0
314_PV_2,S11,20,0.0
314_PV_2,S11,21,0.0
314_PV_2,S11,22,0.0
314_PV_2,S11,23,0.0
314_PV_2,S11,24,0.0
314_PV_2,S12,1,0.0
314_PV_2,S12,2,0.0
314_PV_2,S12,3,0.0
314_PV_2,S12,4,0.0
314_PV_2,S12,5,0.0
314_PV_2,S12,6,9.331364704933161
314_PV_2,S12,7,15.016196246304688
314_PV_2,S12,8,18.44189168983814
314_PV_2,S12,9,20.40509114288593
314_PV_2,S12,10,19.25918980262398
314_PV_2,S12,11,17.352763610472625
314_PV_2,S12,12,21.58040339076096
314_PV_2,S12,13,20.925225963746055
314_PV_2,S12,14,22.25455070428657
314_PV_2,S12,15,17.464573102264943
314_PV_2,S12,16,14.268209409158215
314_PV_2,S12,17,7.487395305069525
314_PV_2,S12,18,3.42375334805786
314_PV_2,S12,19,0.0
314_PV_2,S12,20,0.0
314_PV_2,S12,21,0.0
314_PV_2,S12,22,0.0
314_PV_2,S12,23,0.0
314_PV_2,S12,24,0.0
313_PV_1,S1,1,0.0
313_PV_1,S1,2,0.0
313_PV_1,S1,3,0.0
313_PV_1,S1,4,0.0
313_PV_1,S1,5,0.0
313_PV_1,S1,6,10.264183308056188
313_PV_1,S1,7,32.41647922172301
313_PV_1,S1,8,46.816102055089495
313_PV_1,S1,9,25.601107437898424
313_PV_1,S1,10,41.49876717825912
313_PV_1,S1,11,10.608367553093434
313_PV_1,S1,12,11.704798038469992
313_PV_1,S1,13,5.034538508898239
313_PV_1,S1,14,9.904478267972843
313_PV_1,S1,15,39.623562934159324
313_PV_1,S1,16,43.33207541204694
313_PV_1,S1,17,37.43929690663332
313_PV_1,S1,18,10.558038572673277
313_PV_1,S1,19,0.0
313_PV_1,S1,20,0.0
313_PV_1,S1,21,0.0
313_PV_1,S1,22,0.0
313_PV_1,S1,23,0.0
313_PV_1,S1,24,0.0
313_PV_1,S2,1,0.0
313_PV_1,S2,2,0.0
313_PV_1,S2,3,0.0
313_PV_1,S2,4,0.0
313_PV_1,S2,5,0.0
313_PV_1,S2,6,0.0
313_PV_1,S2,7,0.0
313_PV_1,S2,8,34.62114983676764
313_PV_1,S2,9,58.00930862896397
313_PV_1,S2,10,67.0038695824814
313_PV_1,S2,11,74.81483386392036
313_PV_1,S2,12,73.7454965886078
313_PV_1,S2,13,72.14405455847297
313_PV_1,S2,14,70.10452265488823
313_PV_1,S2,15,54.83981765199331
313_PV_1,S2,16,31.391094487595723
313_PV_1,S2,17,0.0
313_PV_1,S2,18,0.0
313_PV_1,S2,19,0.0
313_PV_1,S2,20,0.0
313_PV_1,S2,21,0.0
313_PV_1,S2,22,0.0
313_PV_1,S2,23,0.0
313_PV_1,S2,24,0.0
313_PV_1,S3,1,0.0
313_PV_1,S3,2,0.0
313_PV_1,S3,3,0.0
313_PV_1,S3,4,0.0
313_PV_1,S3,5,0.0
313_PV_1,S3,6,0.0
313_PV_1,S3,7,33.46055395272912
313_PV_1,S3,8,49.350535684926264
313_PV_1,S3,9,69.5264623701191
313_PV_1,S3,10,75.23481537080927
313_PV_1,S3,11,80.60393529838953
313_PV_1,S3,12,79.58919618035891
313_PV_1,S3,13,82.99904052901496
313_PV_1,S3,14,77.7541662042984
313_PV_1,S3,15,69.8830188531006
313_PV_1,S3,16,63.84097309463848
313_PV_1,S3,17,39.020762585234216
313_PV_1,S3,18,0.0
313_PV_1,S3,19,0.0
313_PV_1,S3,20,0.0
313_PV_1,S3,21,0.0
313_PV_1,S3,22,0.0
313_PV_1,S3,23,0.0
313_PV_1,S3,24,0.0
313_PV_1,S4,1,0.0
313_PV_1,S4,2,0.0
313_PV_1,S4,3,0.0
313_PV_1,S4,4,0.0
313_PV_1,S4,5,0.0
313_PV_1,S4,6,0.0
313_PV_1,S4,7,29.80595664701721
313_PV_1,S4,8,51.25625840402027
313_PV_1,S4,9,66.5084003636744
313_PV_1,S4,10,77.57085671914835
313_PV_1,S4,11,85.27491813322413
313_PV_1,S4,12,82.01714183895872
313_PV_1,S4,13,84.61392078460908
313_PV_1,S4,14,77.7852660233977
313_PV_1,S4,15,75.6025368593418
313_PV_1,S4,16,53.925503608863906
313_PV_1,S4,17,33.39022977988843
313_PV_1,S4,18,0.0
313_PV_1,S4,19,0.0
313_PV_1,S4,20,0.0
313_PV_1,S4,21,0.0
313_PV_1,S4,22,0.0
313_PV_1,S4,23,0.0
313_PV_1,S4,24,0.0
313_PV_1,S5,1,0.0
313_PV_1,S5,2,0.0
313_PV_1,S5,3,0.0
313_PV_1,S5,4,0.0
313_PV_1,S5,5,0.0
313_PV_1,S5,6,0.0
313_PV_1,S5,7,0.0
313_PV_1,S5,8,41.153812352370934
313_PV_1,S5,9,57.10321330789614
313_PV_1,S5,10,66.99446153071916
313_PV_1,S5,11,80.0696112583493
313_PV_1,S5,12,83.22206746291394
313_PV_1,S5,13,81.60687215642949
313_PV_1,S5,14,74.30228893984369
313_PV_1,S5,15,54.57427491405569
313_PV_1,S5,16,26.00892159425373
313_PV_1,S5,17,0.0
313_PV_1,S5,18,0.0
313_PV_1,S5,19,0.0
313_PV_1,S5,20,0.0
313_PV_1,S5,21,0.0
313_PV_1,S5,22,0.0
313_PV_1,S5,23,0.0
313_PV_1,S5,24,0.0
313_PV_1,S6,1,0.0
313_PV_1,S6,2,0.0
313_PV_1,S6,3,0.0
313_PV_1,S6,4,0.0
313_PV_1,S6,5,0.0
313_PV_1,S6,6,6.325141660672841
313_PV_1,S6,7,13.59789785114377
313_PV_1,S6,8,23.89027713490599
313_PV_1,S6,9,27.00365776750824
313_PV_1,S6,10,27.914434556910457
313_PV_1,S6,11,38.15154641145372
313_PV_1,S6,12,39.33760821549223
313_PV_1,S6,13,40.140879078718164
313_PV_1,S6,14,36.100321955448926
313_PV_1,S6,15,18.2003792904282
313_PV_1,S6,16,28.964783347682324
313_PV_1,S6,17,23.80426923255878
313_PV_1,S6,18,11.246472958952177
313_PV_1,S6,19,0.0
313_PV_1,S6,20,0.0
313_PV_1,S6,21,0.0
313_PV_1,S6,22,0.0
313_PV_1,S6,23,0.0
313_PV_1,S6,24,0.0
313_PV_1,S7,1,0.0
313_PV_1,S7,2,0.0
313_PV_1,S7,3,0.0
313_PV_1,S7,4,0.0
313_PV_1,S7,5,0.0
313_PV_1,S7,6,0.0
313_PV_1,S7,7,34.36102640943645
313_PV_1,S7,8,53.100147361816006
313_PV_1,S7,9,64.9978916409721
313_PV_1,S7,10,77.48530674216346
313_PV_1,S7,11,78.29900933870115
313_PV_1,S7,12,75.82045503798217
313_PV_1,S7,13,79.87111058751782
313_PV_1,S7,14,76.58003489067654
313_PV_1,S7,15,67.33669024363867
313_PV_1,S7,16,53.46203367316727
313_PV_1,S7,17,31.55253758035913
313_PV_1,S7,18,0.0
313_PV_1,S7,19,0.0
313_PV_1,S7,20,0.0
313_PV_1,S7,21,0.0
313_PV_1,S7,22,0.0
313_PV_1,S7,23,0.0
313_PV_1,S7,24,0.0
313_PV_1,S8,1,0.0
313_PV_1,S8,2,0.0
313_PV_1,S8,3,0.0
313_PV_1,S8,4,0.0
313_PV_1,S8,5,0.0
313_PV_1,S8,6,0.0
313_PV_1,S8,7,0.0
313_PV_1,S8,8,28.68096424230501
313_PV_1,S8,9,45.41877854965225
313_PV_1,S8,10,58.35630095984922
313_PV_1,S8,11,63.978602396782414
313_PV_1,S8,12,65.72464326470991
313_PV_1,S8,13,65.3601656844087
313_PV_1,S8,14,62.577279884382875
313_PV_1,S8,15,54.03602234049938
313_PV_1,S8,16,33.517338034856046
313_PV_1,S8,17,0.0
313_PV_1,S8,18,0.0
313_PV_1,S8,19,0.0
313_PV_1,S8,20,0.0
313_PV_1,S8,21,0.0
313_PV_1,S8,22,0.0
313_PV_1,S8,23,0.0
313_PV_1,S8,24,0.0
313_PV_1,S9,1,0.0
313_PV_1,S9,2,0.0
313_PV_1,S9,3,0.0
313_PV_1,S9,4,0.0
313_PV_1,S9,5,0.0
313_PV_1,S9,6,21.229034630346003
313_PV_1,S9,7,39.00264946353382
313_PV_1,S9,8,58.39229448022438
313_PV_1,S9,9,69.78880744885046
313_PV_1,S9,10,77.5314834709319
313_PV_1,S9,11,95.12633087573457
313_PV_1,S9,12,94.50657699070769
313_PV_1,S9,13,90.45186711724097
313_PV_1,S9,14,88.34739388812416
313_PV_1,S9,15,75.44983963355229
313_PV_1,S9,16,59.056095536067524
313_PV_1,S9,17,42.09817238788232
313_PV_1,S9,18,19.162934192291985
313_PV_1,S9,19,0.0
313_PV_1,S9,20,0.0
313_PV_1,S9,21,0.0
313_PV_1,S9,22,0.0
313_PV_1,S9,23,0.0
313_PV_1,S9,24,0.0
313_PV_1,S10,1,0.0
313_PV_1,S10,2,0.0
313_PV_1,S10,3,0.0
313_PV_1,S10,4,0.0
313_PV_1,S10,5,0.0
313_PV_1,S10,6,0.0
313_PV_1,S10,7,0.0
313_PV_1,S10,8,41.70206703495138
313_PV_1,S10,9,54.325333191002336
313_PV_1,S10,10,64.92625842852888
313_PV_1,S10,11,65.70077936946137
313_PV_1,S10,12,66.23401428887054
313_PV_1,S10,13,62.87040074288676
313_PV_1,S10,14,61.41628737635758
313_PV_1,S10,15,54.00960997119391
313_PV_1,S10,16,26.06857064773512
313_PV_1,S10,17,0.0
313_PV_1,S10,18,0.0
313_PV_1,S10,19,0.0
313_PV_1,S10,20,0.0
313_PV_1,S10,21,0.0
313_PV_1,S10,22,0.0
313_PV_1,S10,23,0.0
313_PV_1,S10,24,0.0
313_PV_1,S11,1,0.0
313_PV_1,S11,2,0.0
313_PV_1,S11,3,0.0
313_PV_1,S11,4,0.0
313_PV_1,S11,5,0.0
313_PV_1,S11,6,0.0
313_PV_1,S11,7,0.0
313_PV_1,S11,8,32.58932746340995
313_PV_1,S11,9,53.26348560340587
313_PV_1,S11,10,63.349088277928075
313_PV_1,S11,11,79.30991487116727
313_PV_1,S11,12,83.96798364232059
313_PV_1,S11,13,82.43133784515108
313_PV_1,S11,14,72.46924659901673
313_PV_1,S11,15,66.72102172247773
313_PV_1,S11,16,45.39637487357779
313_PV_1,S11,17,13.8503563224626
313_PV_1,S11,18,0.0
313_PV_1,S11,19,0.0
313_PV_1,S11,20,0.0
313_PV_1,S11,21,0.0
313_PV_1,S11,22,0.0
313_PV_1,S11,23,0.0
313_PV_1,S11,24,0.0
313_PV_1,S12,1,0.0
313_PV_1,S12,2,0.0
313_PV_1,S12,3,0.0
313_PV_1,S12,4,0.0
313_PV_1,S12,5,0.0
313_PV_1,S12,6,7.156781212444703
313_PV_1,S12,7,14.07115748219173
313_PV_1,S12,8,13.90057667148582
313_PV_1,S12,9,17.84890043699673
313_PV_1,S12,10,27.09090592183984
313_PV_1,S12,11,40.946903292398694
313_PV_1,S12,12,27.13562169397468
313_PV_1,S12,13,43.43855798369045
313_PV_1,S12,14,38.30359740498789
313_PV_1,S12,15,34.7417863827742
313_PV_1,S12,16,16.38293248966574
313_PV_1,S12,17,11.306298436516016
313_PV_1,S12,18,4.240690525791311
313_PV_1,S12,19,0.0
313_PV_1,S12,20,0.0
313_PV_1,S12,21,0.0
313_PV_1,S12,22,0.0
313_PV_1,S12,23,0.0
313_PV_1,S12,24,0.0
314_PV_3,S1,1,0.0
314_PV_3,S1,2,0.0
314_PV_3,S1,3,0.0
314_PV_3,S1,4,0.0
314_PV_3,S1,5,0.0
314_PV_3,S1,6,12.049174761775799
314_PV_3,S1,7,32.15037080766462
314_PV_3,S1,8,46.699728210035744
314_PV_3,S1,9,55.99289795945348
314_PV_3,S1,10,58.957787536617
314_PV_3,S1,11,55.09138312575156
314_PV_3,S1,12,13.992137538076108
314_PV_3,S1,13,4.847351079639714
314_PV_3,S1,14,48.32952181939353
314_PV_3,S1,15,18.682455146286788
314_PV_3,S1,16,53.09716421623609
314_PV_3,S1,17,39.815659031039225
314_PV_3,S1,18,10.54673399944081
314_PV_3,S1,19,0.0
314_PV_3,S1,20,0.0
314_PV_3,S1,21,0.0
314_PV_3,S1,22,0.0
314_PV_3,S1,23,0.0
314_PV_3,S1,24,0.0
314_PV_3,S2,1,0.0
314_PV_3,S2,2,0.0
314_PV_3,S2,3,0.0
314_PV_3,S2,4,0.0
314_PV_3,S2,5,0.0
314_PV_3,S2,6,0.0
314_PV_3,S2,7,0.0
314_PV_3,S2,8,33.326331850130025
314_PV_3,S2,9,54.91710764602251
314_PV_3,S2,10,65.2463607685398
314_PV_3,S2,11,69.23258914600783
314_PV_3,S2,12,76.79862672354683
314_PV_3,S2,13,72.75746108720307
314_PV_3,S2,14,63.85281656505262
314_PV_3,S2,15,55.40637895561538
314_PV_3,S2,16,25.697998117790522
314_PV_3,S2,17,0.0
314_PV_3,S2,18,0.0
314_PV_3,S2,19,0.0
314_PV_3,S2,20,0.0
314_PV_3,S2,21,0.0
314_PV_3,S2,22,0.0
314_PV_3,S2,23,0.0
314_PV_3,S2,24,0.0
314_PV_3,S3,1,0.0
314_PV_3,S3,2,0.0
314_PV_3,S3,3,0.0
314_PV_3,S3,4,0.0
314_PV_3,S3,5,0.0
314_PV_3,S3,6,0.0
314_PV_3,S3,7,33.59364116274991
314_PV_3,S3,8,54.915538160884076
314_PV_3,S3,9,63.595379784091115
314_PV_3,S3,10,70.77754680805157
314_PV_3,S3,11,70.76519563181054
314_PV_3,S3,12,79.55826891083069
314_PV_3,S3,13,83.60805663567699
314_PV_3,S3,14,73.07550955502587
314_PV_3,S3,15,65.98667864159101
314_PV_3,S3,16,57.980407218574754
314_PV_3,S3,17,40.016273794810374
314_PV_3,S3,18,0.9565362701079276
314_PV_3,S3,19,0.0
314_PV_3,S3,20,0.0
314_PV_3,S3,21,0.0
314_PV_3,S3,22,0.0
314_PV_3,S3,23,0.0
314_PV_3,S3,24,0.0
314_PV_3,S4,1,0.0
314_PV_3,S4,2,0.0
314_PV_3,S4,3,0.0
314_PV_3,S4,4,0.0
314_PV_3,S4,5,0.0
314_PV_3,S4,6,0.0
314_PV_3,S4,7,32.08163326691084
314_PV_3,S4,8,52.243741431476494
314_PV_3,S4,9,68.20194261507298
314_PV_3,S4,10,77.64118249417986
314_PV_3,S4,11,82.71346627915204
314_PV_3,S4,12,83.9902328247587
314_PV_3,S4,13,86.87827877794886
314_PV_3,S4,14,75.42352127920691
314_PV_3,S4,15,75.80157396080324
314_PV_3,S4,16,58.87383288814472
314_PV_3,S4,17,38.90884801651722
314_PV_3,S4,18,0.0
314_PV_3,S4,19,0.0
314_PV_3,S4,20,0.0
314_PV_3,S4,21,0.0
314_PV_3,S4,22,0.0
314_PV_3,S4,23,0.0
314_PV_3,S4,24,0.0
314_PV_3,S5,1,0.0
314_PV_3,S5,2,0.0
314_PV_3,S5,3,0.0
314_PV_3,S5,4,0.0
314_PV_3,S5,5,0.0
314_PV_3,S5,6,0.0
314_PV_3,S5,7,0.0
314_PV_3,S5,8,41.9605111972491
314_PV_3,S5,9,56.934503195356235
314_PV_3,S5,10,70.15487935110369
314_PV_3,S5,11,79.05529506787526
314_PV_3,S5,12,77.7211208794372
314_PV_3,S5,13,76.48053180215109
314_PV_3,S5,14,73.68650820594442
314_PV_3,S5,15,54.05666003110908
314_PV_3,S5,16,26.913088721781204
314_PV_3,S5,17,0.0
314_PV_3,S5,18,0.0
314_PV_3,S5,19,0.0
314_PV_3,S5,20,0.0
314_PV_3,S5,21,0.0
314_PV_3,S5,22,0.0
314_PV_3,S5,23,0.0
314_PV_3,S5,24,0.0
314_PV_3,S6,1,0.0
314_PV_3,S6,2,0.0
314_PV_3,S6,3,0.0
314_PV_3,S6,4,0.0
314_PV_3,S6,5,0.0
314_PV_3,S6,6,6.202947745049275
314_PV_3,S6,7,11.934464202832114
314_PV_3,S6,8,18.238242122120873
314_PV_3,S6,9,30.2050946400161
314_PV_3,S6,10,37.565232964596035
314_PV_3,S6,11,34.45144741525566
314_PV_3,S6,12,39.915925033433155
314_PV_3,S6,13,40.227632424386485
314_PV_3,S6,14,35.450832575086345
314_PV_3,S6,15,34.15998592085538
314_PV_3,S6,16,32.34911683276468
314_PV_3,S6,17,23.253788245872286
314_PV_3,S6,18,11.592070065355532
314_PV_3,S6,19,0.0
314_PV_3,S6,20,0.0
314_PV_3,S6,21,0.0
314_PV_3,S6,22,0.0
314_PV_3,S6,23,0.0
314_PV_3,S6,24,0.0
314_PV_3,S7,1,0.0
314_PV_3,S7,2,0.0
314_PV_3,S7,3,0.0
314_PV_3,S7,4,0.0
314_PV_3,S7,5,0.0
314_PV_3,S7,6,0.0
314_PV_3,S7,7,31.795317070487705
314_PV_3,S7,8,47.424972387129394
314_PV_3,S7,9,60.3257162130915
314_PV_3,S7,10,69.95144809698802
314_PV_3,S7,11,74.47105516728857
314_PV_3,S7,12,70.99023103951765
314_PV_3,S7,13,69.30925418474412
314_PV_3,S7,14,67.81773796407522
314_PV_3,S7,15,62.88252232564437
314_PV_3,S7,16,51.53062803585541
314_PV_3,S7,17,30.141940445725403
314_PV_3,S7,18,0.0
314_PV_3,S7,19,0.0
314_PV_3,S7,20,0.0
314_PV_3,S7,21,0.0
314_PV_3,S7,22,0.0
314_PV_3,S7,23,0.0
314_PV_3,S7,24,0.0
314_PV_3,S8,1,0.0
314_PV_3,S8,2,0.0
314_PV_3,S8,3,0.0
314_PV_3,S8,4,0.0
314_PV_3,S8,5,0.0
314_PV_3,S8,6,0.0
314_PV_3,S8,7,0.0
314_PV_3,S8,8,31.513915150181855
314_PV_3,S8,9,52.98277800444863
314_PV_3,S8,10,61.616076820217806
314_PV_3,S8,11,65.79189941474849
314_PV_3,S8,12,66.14919426497566
314_PV_3,S8,13,65.31439106920784
314_PV_3,S8,14,64.09222302303367
314_PV_3,S8,15,54.17530317261194
314_PV_3,S8,16,34.24775134451644
314_PV_3,S8,17,0.0
314_PV_3,S8,18,0.0
314_PV_3,S8,19,0.0
314_PV_3,S8,20,0.0
314_PV_3,S8,21,0.0
314_PV_3,S8,22,0.0
314_PV_3,S8,23,0.0
314_PV_3,S8,24,0.0
314_PV_3,S9,1,0.0
314_PV_3,S9,2,0.0
314_PV_3,S9,3,0.0
314_PV_3,S9,4,0.0
314_PV_3,S9,5,0.0
314_PV_3,S9,6,20.093518835074395
314_PV_3,S9,7,39.00270976711921
314_PV_3,S9,8,59.50782776611566
314_PV_3,S9,9,72.25844737897273
314_PV_3,S9,10,79.60487638550956
314_PV_3,S9,11,88.55091528082296
314_PV_3,S9,12,91.30171081158431
314_PV_3,S9,13,91.13017426104352
314_PV_3,S9,14,82.68861403453886
314_PV_3,S9,15,78.79000061621853
314_PV_3,S9,16,62.259439638953864
314_PV_3,S9,17,44.58556823157749
314_PV_3,S9,18,18.969621203307625
314_PV_3,S9,19,0.0
314_PV_3,S9,20,0.0
314_PV_3,S9,21,0.0
314_PV_3,S9,22,0.0
314_PV_3,S9,23,0.0
314_PV_3,S9,24,0.0
314_PV_3,S10,1,0.0
314_PV_3,S10,2,0.0
314_PV_3,S10,3,0.0
314_PV_3,S10,4,0.0
314_PV_3,S10,5,0.0
314_PV_3,S10,6,0.0
314_PV_3,S10,7,0.0
314_PV_3,S10,8,40.72358511784818
314_PV_3,S10,9,56.75783422529906
314_PV_3,S10,10,61.814107668029514
314_PV_3,S10,11,69.03542605843414
314_PV_3,S10,12,64.88842826844612
314_PV_3,S10,13,64.30510828622192
314_PV_3,S10,14,58.3931358032898
314_PV_3,S10,15,49.89873769989716
314_PV_3,S10,16,25.65787002022547
314_PV_3,S10,17,0.0
314_PV_3,S10,18,0.0
314_PV_3,S10,19,0.0
314_PV_3,S10,20,0.0
314_PV_3,S10,21,0.0
314_PV_3,S10,22,0.0
314_PV_3,S10,23,0.0
314_PV_3,S10,24,0.0
314_PV_3,S11,1,0.0
314_PV_3,S11,2,0.0
314_PV_3,S11,3,0.0
314_PV_3,S11,4,0.0
314_PV_3,S11,5,0.0
314_PV_3,S11,6,0.0
314_PV_3,S11,7,0.0
314_PV_3,S11,8,36.93596355577174
314_PV_3,S11,9,51.38123203828142
314_PV_3,S11,10,62.02917903423358
314_PV_3,S11,11,74.8529943722192
314_PV_3,S11,12,78.65718442784592
314_PV_3,S11,13,83.1480602756392
314_PV_3,S11,14,77.44536218610453
314_PV_3,S11,15,65.15323945114238
314_PV_3,S11,16,48.186360916650614
314_PV_3,S11,17,19.536751110523372
314_PV_3,S11,18,0.0
314_PV_3,S11,19,0.0
314_PV_3,S11,20,0.0
314_PV_3,S11,21,0.0
314_PV_3,S11,22,0.0
314_PV_3,S11,23,0.0
314_PV_3,S11,24,0.0
314_PV_3,S12,1,0.0
314_PV_3,S12,2,0.0
314_PV_3,S12,3,0.0
314_PV_3,S12,4,0.0
314_PV_3,S12,5,0.0
314_PV_3,S12,6,9.422164545103707
314_PV_3,S12,7,14.305295581001458
314_PV_3,S12,8,22.70955380578147
314_PV_3,S12,9,27.23974650141665
314_PV_3,S12,10,14.121116769972932
314_PV_3,S12,11,40.31038607802432
314_PV_3,S12,12,34.4005738411548
314_PV_3,S12,13,27.082987993922327
314_PV_3,S12,14,39.138480707961385
314_PV_3,S12,15,38.514308992284846
314_PV_3,S12,16,13.447838424884125
314_PV_3,S12,17,16.330656393829926
314_PV_3,S12,18,1.2949421957213234
314_PV_3,S12,19,0.0
314_PV_3,S12,20,0.0
314_PV_3,S12,21,0.0
314_PV_3,S12,22,0.0
314_PV_3,S12,23,0.0
314_PV_3,S12,24,0.0
314_PV_4,S1,1,0.0
314_PV_4,S1,2,0.0
314_PV_4,S1,3,0.0
314_PV_4,S1,4,0.0
314_PV_4,S1,5,0.0
314_PV_4,S1,6,11.294764050264634
314_PV_4,S1,7,25.86276015618717
314_PV_4,S1,8,30.357357324542185
314_PV_4,S1,9,33.59742241130957
314_PV_4,S1,10,36.857663274289976
314_PV_4,S1,11,35.179281496038705
314_PV_4,S1,12,33.61333234248849
314_PV_4,S1,13,26.12454873387954
314_PV_4,S1,14,1.3518338823783205
314_PV_4,S1,15,32.89325230277069
314_PV_4,S1,16,31.728605559357824
314_PV_4,S1,17,27.131638777791217
314_PV_4,S1,18,10.764422568040446
314_PV_4,S1,19,0.0
314_PV_4,S1,20,0.0
314_PV_4,S1,21,0.0
314_PV_4,S1,22,0.0
314_PV_4,S1,23,0.0
314_PV_4,S1,24,0.0
314_PV_4,S2,1,0.0
314_PV_4,S2,2,0.0
314_PV_4,S2,3,0.0
314_PV_4,S2,4,0.0
314_PV_4,S2,5,0.0
314_PV_4,S2,6,0.0
314_PV_4,S2,7,0.0
314_PV_4,S2,8,25.632611529835543
314_PV_4,S2,9,32.86420078964877
314_PV_4,S2,10,39.06613998612669
314_PV_4,S2,11,40.353099656553994
314_PV_4,S2,12,37.448737607445075
314_PV_4,S2,13,39.16664482891243
314_PV_4,S2,14,35.31443318324818
314_PV_4,S2,15,34.016246286071315
314_PV_4,S2,16,18.415896335693215
314_PV_4,S2,17,0.0
314_PV_4,S2,18,0.0
314_PV_4,S2,19,0.0
314_PV_4,S2,20,0.0
314_PV_4,S2,21,0.0
314_PV_4,S2,22,0.0
314_PV_4,S2,23,0.0
314_PV_4,S2,24,0.0
314_PV_4,S3,1,0.0
314_PV_4,S3,2,0.0
314_PV_4,S3,3,0.0
314_PV_4,S3,4,0.0
314_PV_4,S3,5,0.0
314_PV_4,S3,6,0.0
314_PV_4,S3,7,28.08342752637057
314_PV_4,S3,8,36.73146636600647
314_PV_4,S3,9,38.87575571882814
314_PV_4,S3,10,40.32280245061437
314_PV_4,S3,11,39.12391233655934
314_PV_4,S3,12,39.35301939197641
314_PV_4,S3,13,40.28188096399413
314_PV_4,S3,14,39.714613884265084
314_PV_4,S3,15,40.63361713594012
314_PV_4,S3,16,36.746115120984285
314_PV_4,S3,17,28.785578597085998
314_PV_4,S3,18,0.2099295308379654
314_PV_4,S3,19,0.0
314_PV_4,S3,20,0.0
314_PV_4,S3,21,0.0
314_PV_4,S3,22,0.0
314_PV_4,S3,23,0.0
314_PV_4,S3,24,0.0
314_PV_4,S4,1,0.0
314_PV_4,S4,2,0.0
314_PV_4,S4,3,0.0
314_PV_4,S4,4,0.0
314_PV_4,S4,5,0.0
314_PV_4,S4,6,0.0
314_PV_4,S4,7,26.82079600805668
314_PV_4,S4,8,37.811140756029914
314_PV_4,S4,9,40.315744088864605
314_PV_4,S4,10,40.48358000685565
314_PV_4,S4,11,41.2006226614466
314_PV_4,S4,12,43.815143647546485
314_PV_4,S4,13,39.6882337623712
314_PV_4,S4,14,42.28517628978538
314_PV_4,S4,15,42.42004820129645
314_PV_4,S4,16,34.402556936855085
314_PV_4,S4,17,27.87279140215244
314_PV_4,S4,18,0.0
314_PV_4,S4,19,0.0
314_PV_4,S4,20,0.0
314_PV_4,S4,21,0.0
314_PV_4,S4,22,0.0
314_PV_4,S4,23,0.0
314_PV_4,S4,24,0.0
314_PV_4,S5,1,0.0
314_PV_4,S5,2,0.0
314_PV_4,S5,3,0.0
314_PV_4,S5,4,0.0
314_PV_4,S5,5,0.0
314_PV_4,S5,6,0.0
314_PV_4,S5,7,0.0
314_PV_4,S5,8,30.96949459172882
314_PV_4,S5,9,37.84601168531419
314_PV_4,S5,10,37.402906496556014
314_PV_4,S5,11,44.33895763425231
314_PV_4,S5,12,40.52107549811978
314_PV_4,S5,13,40.355258619864706
314_PV_4,S5,14,39.05222226806003
314_PV_4,S5,15,35.41689716144976
314_PV_4,S5,16,19.700805964274753
314_PV_4,S5,17,0.0
314_PV_4,S5,18,0.0
314_PV_4,S5,19,0.0
314_PV_4,S5,20,0.0
314_PV_4,S5,21,0.0
314_PV_4,S5,22,0.0
314_PV_4,S5,23,0.0
314_PV_4,S5,24,0.0
314_PV_4,S6,1,0.0
314_PV_4,S6,2,0.0
314_PV_4,S6,3,0.0
314_PV_4,S6,4,0.0
314_PV_4,S6,5,0.0
314_PV_4,S6,6,7.263543096637482
314_PV_4,S6,7,10.794875385897376
314_PV_4,S6,8,16.505704831257
314_PV_4,S6,9,19.228115362507044
314_PV_4,S6,10,20.351330715817692
314_PV_4,S6,11,20.356412753225076
314_PV_4,S6,12,21.000636873130976
314_PV_4,S6,13,19.114605313061293
314_PV_4,S6,14,16.96250167252494
314_PV_4,S6,15,5.20187850652366
314_PV_4,S6,16,19.173930523730515
314_PV_4,S6,17,17.4225743578041
314_PV_4,S6,18,10.912398980133675
314_PV_4,S6,19,0.0
314_PV_4,S6,20,0.0
314_PV_4,S6,21,0.0
314_PV_4,S6,22,0.0
314_PV_4,S6,23,0.0
314_PV_4,S6,24,0.0
314_PV_4,S7,1,0.0
314_PV_4,S7,2,0.0
314_PV_4,S7,3,0.0
314_PV_4,S7,4,0.0
314_PV_4,S7,5,0.0
314_PV_4,S7,6,0.0
314_PV_4,S7,7,26.450088965411457
314_PV_4,S7,8,34.97567222064473
314_PV_4,S7,9,37.837986968269746
314_PV_4,S7,10,42.27135273314925
314_PV_4,S7,11,39.65056332803566
314_PV_4,S7,12,40.223959608702
314_PV_4,S7,13,39.35866936632319
314_PV_4,S7,14,37.93828016303213
314_PV_4,S7,15,37.021656460550126
314_PV_4,S7,16,32.75363881641454
314_PV_4,S7,17,23.557488288479263
314_PV_4,S7,18,0.0
314_PV_4,S7,19,0.0
314_PV_4,S7,20,0.0
314_PV_4,S7,21,0.0
314_PV_4,S7,22,0.0
314_PV_4,S7,23,0.0
314_PV_4,S7,24,0.0
314_PV_4,S8,1,0.0
314_PV_4,S8,2,0.0
314_PV_4,S8,3,0.0
314_PV_4,S8,4,0.0
314_PV_4,S8,5,0.0
314_PV_4,S8,6,0.0
314_PV_4,S8,7,0.0
314_PV_4,S8,8,21.91553000240556
314_PV_4,S8,9,34.13219838170176
314_PV_4,S8,10,34.259661882813646
314_PV_4,S8,11,36.251811939164774
314_PV_4,S8,12,35.334227386139894
314_PV_4,S8,13,34.726181011139516
314_PV_4,S8,14,33.72895425399379
314_PV_4,S8,15,31.783478189955492
314_PV_4,S8,16,23.590576187912113
314_PV_4,S8,17,0.0
314_PV_4,S8,18,0.0
314_PV_4,S8,19,0.0
314_PV_4,S8,20,0.0
314_PV_4,S8,21,0.0
314_PV_4,S8,22,0.0
314_PV_4,S8,23,0.0
314_PV_4,S8,24,0.0
314_PV_4,S9,1,0.0
314_PV_4,S9,2,0.0
314_PV_4,S9,3,0.0
314_PV_4,S9,4,0.0
314_PV_4,S9,5,0.0
314_PV_4,S9,6,21.150983387484306
314_PV_4,S9,7,31.37338282328422
314_PV_4,S9,8,41.413137329700454
314_PV_4,S9,9,45.15466684434818
314_PV_4,S9,10,46.23810099191153
314_PV_4,S9,11,47.879618220495615
314_PV_4,S9,12,49.250742176095606
314_PV_4,S9,13,49.46536381466978
314_PV_4,S9,14,47.02031202090385
314_PV_4,S9,15,44.43315691606642
314_PV_4,S9,16,38.91037047273319
314_PV_4,S9,17,31.684769753443053
314_PV_4,S9,18,19.069595627427105
314_PV_4,S9,19,0.0
314_PV_4,S9,20,0.0
314_PV_4,S9,21,0.0
314_PV_4,S9,22,0.0
314_PV_4,S9,23,0.0
314_PV_4,S9,24,0.0
314_PV_4,S10,1,0.0
314_PV_4,S10,2,0.0
314_PV_4,S10,3,0.0
314_PV_4,S10,4,0.0
314_PV_4,S10,5,0.0
314_PV_4,S10,6,0.0
314_PV_4,S10,7,0.0
314_PV_4,S10,8,30.813878763573847
314_PV_4,S10,9,34.7186857335511
314_PV_4,S10,10,37.242350280875115
314_PV_4,S10,11,37.75253277097664
314_PV_4,S10,12,35.48004206957893
314_PV_4,S10,13,35.65714222944382
314_PV_4,S10,14,34.34620169163979
314_PV_4,S10,15,33.18006218108136
314_PV_4,S10,16,18.35906028601439
314_PV_4,S10,17,0.0
314_PV_4,S10,18,0.0
314_PV_4,S10,19,0.0
314_PV_4,S10,20,0.0
314_PV_4,S10,21,0.0
314_PV_4,S10,22,0.0
314_PV_4,S10,23,0.0
314_PV_4,S10,24,0.0
314_PV_4,S11,1,0.0
314_PV_4,S11,2,0.0
314_PV_4,S11,3,0.0
314_PV_4,S11,4,0.0
314_PV_4,S11,5,0.0
314_PV_4,S11,6,0.0
314_PV_4,S11,7,0.0
314_PV_4,S11,8,26.01527724391536
314_PV_4,S11,9,36.57002552159887
314_PV_4,S11,10,38.95793366310024
314_PV_4,S11,11,40.89954278151859
314_PV_4,S11,12,41.644504773828544
314_PV_4,S11,13,42.90934999103365
314_PV_4,S11,14,40.78365408329792
314_PV_4,S11,15,37.15620931533161
314_PV_4,S11,16,28.86394201207956
314_PV_4,S11,17,14.347307316562809
314_PV_4,S11,18,0.0
314_PV_4,S11,19,0.0
314_PV_4,S11,20,0.0
314_PV_4,S11,21,0.0
314_PV_4,S11,22,0.0
314_PV_4,S11,23,0.0
314_PV_4,S11,24,0.0
314_PV_4,S12,1,0.0
314_PV_4,S12,2,0.0
314_PV_4,S12,3,0.0
314_PV_4,S12,4,0.0
314_PV_4,S12,5,0.0
314_PV_4,S12,6,9.198857041728838
314_PV_4,S12,7,15.027625299569971
314_PV_4,S12,8,17.741622604285666
314_PV_4,S12,9,20.502076085937833
314_PV_4,S12,10,20.57303545674142
314_PV_4,S12,11,17.66734901498354
314_PV_4,S12,12,21.106508541287443
314_PV_4,S12,13,21.852796662527737
314_PV_4,S12,14,20.734100475271525
314_PV_4,S12,15,17.52084787674812
314_PV_4,S12,16,15.095534042199843
314_PV_4,S12,17,7.494117304047147
314_PV_4,S12,18,3.442887125867459
314_PV_4,S12,19,0.0
314_PV_4,S12,20,0.0
314_PV_4,S12,21,0.0
314_PV_4,S12,22,0.0
314_PV_4,S12,23,0.0
314_PV_4,S12,24,0.0
313_PV_2,S1,1,0.0
313_PV_2,S1,2,0.0
313_PV_2,S1,3,0.0
313_PV_2,S1,4,0.0
313_PV_2,S1,5,0.0
313_PV_2,S1,6,10.340741075879919
313_PV_2,S1,7,31.04426361061928
313_PV_2,S1,8,46.363442403639
313_PV_2,S1,9,28.90052096085343
313_PV_2,S1,10,15.424968249534812
313_PV_2,S1,11,9.247009584974705
313_PV_2,S1,12,19.01345480852272
313_PV_2,S1,13,7.156890705363749
313_PV_2,S1,14,3.331623619700702
313_PV_2,S1,15,35.29869572788595
313_PV_2,S1,16,55.02296762962074
313_PV_2,S1,17,39.92854381549731
313_PV_2,S1,18,11.182754204589848
313_PV_2,S1,19,0.0
313_PV_2,S1,20,0.0
313_PV_2,S1,21,0.0
313_PV_2,S1,22,0.0
313_PV_2,S1,23,0.0
313_PV_2,S1,24,0.0
313_PV_2,S2,1,0.0
313_PV_2,S2,2,0.0
313_PV_2,S2,3,0.0
313_PV_2,S2,4,0.0
313_PV_2,S2,5,0.0
313_PV_2,S2,6,0.0
313_PV_2,S2,7,0.0
313_PV_2,S2,8,34.541004541244206
313_PV_2,S2,9,53.71932287307219
313_PV_2,S2,10,67.77230691612885
313_PV_2,S2,11,70.39696156602858
313_PV_2,S2,12,75.99246401977209
313_PV_2,S2,13,72.13222477333328
313_PV_2,S2,14,64.6440119846902
313_PV_2,S2,15,55.19067627876162
313_PV_2,S2,16,27.402920848438946
313_PV_2,S2,17,0.0
313_PV_2,S2,18,0.0
313_PV_2,S2,19,0.0
313_PV_2,S2,20,0.0
313_PV_2,S2,21,0.0
313_PV_2,S2,22,0.0
313_PV_2,S2,23,0.0
313_PV_2,S2,24,0.0
313_PV_2,S3,1,0.0
313_PV_2,S3,2,0.0
313_PV_2,S3,3,0.0
313_PV_2,S3,4,0.0
313_PV_2,S3,5,0.0
313_PV_2,S3,6,0.0
313_PV_2,S3,7,31.44218399933616
313_PV_2,S3,8,48.79798324394704
313_PV_2,S3,9,69.20516300164911
313_PV_2,S3,10,70.51532143061382
313_PV_2,S3,11,79.51457369917529
313_PV_2,S3,12,79.84312590757644
313_PV_2,S3,13,79.17506776348075
313_PV_2,S3,14,83.38102326140564
313_PV_2,S3,15,74.44824892562373
313_PV_2,S3,16,61.34352271470782
313_PV_2,S3,17,39.48021274590538
313_PV_2,S3,18,0.10079752867648156
313_PV_2,S3,19,0.0
313_PV_2,S3,20,0.0
313_PV_2,S3,21,0.0
313_PV_2,S3,22,0.0
313_PV_2,S3,23,0.0
313_PV_2,S3,24,0.0
313_PV_2,S4,1,0.0
313_PV_2,S4,2,0.0
313_PV_2,S4,3,0.0
313_PV_2,S4,4,0.0
313_PV_2,S4,5,0.0
313_PV_2,S4,6,0.0
313_PV_2,S4,7,29.540220807488314
313_PV_2,S4,8,51.192317702175515
313_PV_2,S4,9,67.4736866155492
313_PV_2,S4,10,78.32951219805751
313_PV_2,S4,11,85.8211855099751
313_PV_2,S4,12,88.13929077032189
313_PV_2,S4,13,84.36326911790304
313_PV_2,S4,14,77.41586600899045
313_PV_2,S4,15,78.38312566169381
313_PV_2,S4,16,54.51312823963912
313_PV_2,S4,17,34.39836223991697
313_PV_2,S4,18,0.0
313_PV_2,S4,19,0.0
313_PV_2,S4,20,0.0
313_PV_2,S4,21,0.0
313_PV_2,S4,22,0.0
313_PV_2,S4,23,0.0
313_PV_2,S4,24,0.0
313_PV_2,S5,1,0.0
313_PV_2,S5,2,0.0
313_PV_2,S5,3,0.0
313_PV_2,S5,4,0.0
313_PV_2,S5,5,0.0
313_PV_2,S5,6,0.0
313_PV_2,S5,7,0.0
313_PV_2,S5,8,41.31953403283418
313_PV_2,S5,9,59.58511101191701
313_PV_2,S5,10,64.41806662770846
313_PV_2,S5,11,74.73088229706306
313_PV_2,S5,12,75.5979858314949
313_PV_2,S5,13,76.665371708518
313_PV_2,S5,14,70.76038528574696
313_PV_2,S5,15,55.00539754820091
313_PV_2,S5,16,26.33633653162819
313_PV_2,S5,17,0.0
313_PV_2,S5,18,0.0
313_PV_2,S5,19,0.0
313_PV_2,S5,20,0.0
313_PV_2,S5,21,0.0
313_PV_2,S5,22,0.0
313_PV_2,S5,23,0.0
313_PV_2,S5,24,0.0
313_PV_2,S6,1,0.0
313_PV_2,S6,2,0.0
313_PV_2,S6,3,0.0
313_PV_2,S6,4,0.0
313_PV_2,S6,5,0.0
313_PV_2,S6,6,4.602214656407079
313_PV_2,S6,7,7.519014126123165
313_PV_2,S6,8,15.180065437427068
313_PV_2,S6,9,14.126915800101479
313_PV_2,S6,10,30.265615934745046
313_PV_2,S6,11,37.31977222568487
313_PV_2,S6,12,39.62470382401075
313_PV_2,S6,13,39.69149681565035
313_PV_2,S6,14,38.297021553450286
313_PV_2,S6,15,17.83926313395635
313_PV_2,S6,16,30.121612114164204
313_PV_2,S6,17,25.067874157730987
313_PV_2,S6,18,12.461897365828992
313_PV_2,S6,19,0.0
313_PV_2,S6,20,0.0
313_PV_2,S6,21,0.0
313_PV_2,S6,22,0.0
313_PV_2,S6,23,0.0
313_PV_2,S6,24,0.0
313_PV_2,S7,1,0.0
313_PV_2,S7,2,0.0
313_PV_2,S7,3,0.0
313_PV_2,S7,4,0.0
313_PV_2,S7,5,0.0
313_PV_2,S7,6,0.0
313_PV_2,S7,7,33.266243293938054
313_PV_2,S7,8,55.19524518129276
313_PV_2,S7,9,63.6589118735682
313_PV_2,S7,10,72.6296268608885
313_PV_2,S7,11,79.08135657025298
313_PV_2,S7,12,77.66088250815338
313_PV_2,S7,13,77.91763921936318
313_PV_2,S7,14,76.10113525427855
313_PV_2,S7,15,65.05856048907833
313_PV_2,S7,16,50.52951284366053
313_PV_2,S7,17,29.811569278243766
313_PV_2,S7,18,0.0
313_PV_2,S7,19,0.0
313_PV_2,S7,20,0.0
313_PV_2,S7,21,0.0
313_PV_2,S7,22,0.0
313_PV_2,S7,23,0.0
313_PV_2,S7,24,0.0
313_PV_2,S8,1,0.0
313_PV_2,S8,2,0.0
313_PV_2,S8,3,0.0
313_PV_2,S8,4,0.0
313_PV_2,S8,5,0.0
313_PV_2,S8,6,0.0
313_PV_2,S8,7,0.0
313_PV_2,S8,8,31.29633492311666
313_PV_2,S8,9,45.04824780133569
313_PV_2,S8,10,61.84655606922361
313_PV_2,S8,11,68.03296683102732
313_PV_2,S8,12,70.4726832708614
313_PV_2,S8,13,70.40375389977397
313_PV_2,S8,14,65.9935378928923
313_PV_2,S8,15,54.02749484289132
313_PV_2,S8,16,36.9317995281637
313_PV_2,S8,17,0.0
313_PV_2,S8,18,0.0
313_PV_2,S8,19,0.0
313_PV_2,S8,20,0.0
313_PV_2,S8,21,0.0
313_PV_2,S8,22,0.0
313_PV_2,S8,23,0.0
313_PV_2,S8,24,0.0
313_PV_2,S9,1,0.0
313_PV_2,S9,2,0.0
313_PV_2,S9,3,0.0
313_PV_2,S9,4,0.0
313_PV_2,S9,5,0.0
313_PV_2,S9,6,22.34168900811156
313_PV_2,S9,7,40.25149148829577
313_PV_2,S9,8,61.12628292773135
313_PV_2,S9,9,70.55169695301812
313_PV_2,S9,10,77.75034415722389
313_PV_2,S9,11,91.49792375422602
313_PV_2,S9,12,91.42133773428019
313_PV_2,S9,13,93.90546520000522
313_PV_2,S9,14,84.66684520763735
313_PV_2,S9,15,76.543620294583
313_PV_2,S9,16,58.73955615215102
313_PV_2,S9,17,44.28966358046346
313_PV_2,S9,18,20.162747152976138
313_PV_2,S9,19,0.0
313_PV_2,S9,20,0.0
313_PV_2,S9,21,0.0
313_PV_2,S9,22,0.0
313_PV_2,S9,23,0.0
313_PV_2,S9,24,0.0
313_PV_2,S10,1,0.0
313_PV_2,S10,2,0.0
313_PV_2,S10,3,0.0
313_PV_2,S10,4,0.0
313_PV_2,S10,5,0.0
313_PV_2,S10,6,0.0
313_PV_2,S10,7,0.0
313_PV_2,S10,8,37.74817802391095
313_PV_2,S10,9,55.57984598461003
313_PV_2,S10,10,64.11824990651566
313_PV_2,S10,11,69.20935763579769
313_PV_2,S10,12,64.25105579997326
313_PV_2,S10,13,65.67825755659442
313_PV_2,S10,14,57.078336882218544
313_PV_2,S10,15,50.65357793370444
313_PV_2,S10,16,26.595017930002502
313_PV_2,S10,17,0.0
313_PV_2,S10,18,0.0
313_PV_2,S10,19,0.0
313_PV_2,S10,20,0.0
313_PV_2,S10,21,0.0
313_PV_2,S10,22,0.0
313_PV_2,S10,23,0.0
313_PV_2,S10,24,0.0
313_PV_2,S11,1,0.0
313_PV_2,S11,2,0.0
313_PV_2,S11,3,0.0
313_PV_2,S11,4,0.0
313_PV_2,S11,5,0.0
313_PV_2,S11,6,0.0
313_PV_2,S11,7,0.0
313_PV_2,S11,8,34.25641284592165
313_PV_2,S11,9,54.337588090681855
313_PV_2,S11,10,65.6128942214243
313_PV_2,S11,11,78.64243401717142
313_PV_2,S11,12,85.88237693433895
313_PV_2,S11,13,86.22822732453487
313_PV_2,S11,14,78.68847646089088
313_PV_2,S11,15,68.9689451532131
313_PV_2,S11,16,45.889167853265185
313_PV_2,S11,17,15.318333021915493
313_PV_2,S11,18,0.0
313_PV_2,S11,19,0.0
313_PV_2,S11,20,0.0
313_PV_2,S11,21,0.0
313_PV_2,S11,22,0.0
313_PV_2,S11,23,0.0
313_PV_2,S11,24,0.0
313_PV_2,S12,1,0.0
313_PV_2,S12,2,0.0
313_PV_2,S12,3,0.0
313_PV_2,S12,4,0.0
313_PV_2,S12,5,0.0
313_PV_2,S12,6,7.490004443355741
313_PV_2,S12,7,12.900596556393182
313_PV_2,S12,8,23.39191734545035
313_PV_2,S12,9,20.26683406049124
313_PV_2,S12,10,14.173823576063024
313_PV_2,S12,11,35.485443371960635
313_PV_2,S12,12,31.176737588901126
313_PV_2,S12,13,42.187012485202416
313_PV_2,S12,14,37.65823447203793
313_PV_2,S12,15,36.39886446274663
313_PV_2,S12,16,17.554584588331434
313_PV_2,S12,17,18.69435342204397
313_PV_2,S12,18,7.978840181889933
313_PV_2,S12,19,0.0
313_PV_2,S12,20,0.0
313_PV_2,S12,21,0.0
313_PV_2,S12,22,0.0
313_PV_2,S12,23,0.0
313_PV_2,S12,24,0.0
310_PV_1,S1,1,0.0
310_PV_1,S1,2,0.0
310_PV_1,S1,3,0.0
310_PV_1,S1,4,0.0
310_PV_1,S1,5,0.0
310_PV_1,S1,6,10.320445508838825
310_PV_1,S1,7,25.698500293252174
310_PV_1,S1,8,29.624022534410603
310_PV_1,S1,9,33.75446250668791
310_PV_1,S1,10,33.29871115337177
310_PV_1,S1,11,34.217311078684745
310_PV_1,S1,12,27.514654723420406
310_PV_1,S1,13,21.487189487726035
310_PV_1,S1,14,1.0540970889663381
310_PV_1,S1,15,18.925043209068978
310_PV_1,S1,16,35.70836028676857
310_PV_1,S1,17,26.680295298020177
310_PV_1,S1,18,11.670067883532685
310_PV_1,S1,19,0.0
310_PV_1,S1,20,0.0
310_PV_1,S1,21,0.0
310_PV_1,S1,22,0.0
310_PV_1,S1,23,0.0
310_PV_1,S1,24,0.0
310_PV_1,S2,1,0.0
310_PV_1,S2,2,0.0
310_PV_1,S2,3,0.0
310_PV_1,S2,4,0.0
310_PV_1,S2,5,0.0
310_PV_1,S2,6,0.0
310_PV_1,S2,7,0.0
310_PV_1,S2,8,25.78547155305098
310_PV_1,S2,9,35.5867449582208
310_PV_1,S2,10,38.83824289219367
310_PV_1,S2,11,37.36245963093175
310_PV_1,S2,12,39.22302310330994
310_PV_1,S2,13,37.867716573327826
310_PV_1,S2,14,34.63993663408251
310_PV_1,S2,15,33.3167994215607
310_PV_1,S2,16,18.98489684563971
310_PV_1,S2,17,0.0
310_PV_1,S2,18,0.0
310_PV_1,S2,19,0.0
310_PV_1,S2,20,0.0
310_PV_1,S2,21,0.0
310_PV_1,S2,22,0.0
310_PV_1,S2,23,0.0
310_PV_1,S2,24,0.0
310_PV_1,S3,1,0.0
310_PV_1,S3,2,0.0
310_PV_1,S3,3,0.0
310_PV_1,S3,4,0.0
310_PV_1,S3,5,0.0
310_PV_1,S3,6,0.0
310_PV_1,S3,7,28.41327756480492
310_PV_1,S3,8,36.18461574559566
310_PV_1,S3,9,40.91608795669763
310_PV_1,S3,10,40.63642188724372
310_PV_1,S3,11,39.91071476870873
310_PV_1,S3,12,43.031052221302666
310_PV_1,S3,13,44.0975460346953
310_PV_1,S3,14,41.85612793607526
310_PV_1,S3,15,39.51320008311043
310_PV_1,S3,16,38.95241027884669
310_PV_1,S3,17,29.988972093066923
310_PV_1,S3,18,3.675121340374076
310_PV_1,S3,19,0.0
310_PV_1,S3,20,0.0
310_PV_1,S3,21,0.0
310_PV_1,S3,22,0.0
310_PV_1,S3,23,0.0
310_PV_1,S3,24,0.0
310_PV_1,S4,1,0.0
310_PV_1,S4,2,0.0
310_PV_1,S4,3,0.0
310_PV_1,S4,4,0.0
310_PV_1,S4,5,0.0
310_PV_1,S4,6,0.0
310_PV_1,S4,7,26.1034072653327
310_PV_1,S4,8,35.15843420779114
310_PV_1,S4,9,40.46599721885854
310_PV_1,S4,10,42.93674560841897
310_PV_1,S4,11,45.43943261189801
310_PV_1,S4,12,43.2869366089766
310_PV_1,S4,13,42.2328474690474
310_PV_1,S4,14,40.92795956883669
310_PV_1,S4,15,43.976291873204175
310_PV_1,S4,16,34.52562785847999
310_PV_1,S4,17,26.70320948627434
310_PV_1,S4,18,0.0
310_PV_1,S4,19,0.0
310_PV_1,S4,20,0.0
310_PV_1,S4,21,0.0
310_PV_1,S4,22,0.0
310_PV_1,S4,23,0.0
310_PV_1,S4,24,0.0
310_PV_1,S5,1,0.0
310_PV_1,S5,2,0.0
310_PV_1,S5,3,0.0
310_PV_1,S5,4,0.0
310_PV_1,S5,5,0.0
310_PV_1,S5,6,0.0
310_PV_1,S5,7,0.0
310_PV_1,S5,8,28.96829534744921
310_PV_1,S5,9,35.02094622817885
310_PV_1,S5,10,36.025672545491865
310_PV_1,S5,11,40.76572174234511
310_PV_1,S5,12,41.71052272855485
310_PV_1,S5,13,42.5813689664459
310_PV_1,S5,14,40.20850175217124
310_PV_1,S5,15,35.341196761698974
310_PV_1,S5,16,20.311160723950376
310_PV_1,S5,17,0.0
310_PV_1,S5,18,0.0
310_PV_1,S5,19,0.0
310_PV_1,S5,20,0.0
310_PV_1,S5,21,0.0
310_PV_1,S5,22,0.0
310_PV_1,S5,23,0.0
310_PV_1,S5,24,0.0
310_PV_1,S6,1,0.0
310_PV_1,S6,2,0.0
310_PV_1,S6,3,0.0
310_PV_1,S6,4,0.0
310_PV_1,S6,5,0.0
310_PV_1,S6,6,7.567844168623662
310_PV_1,S6,7,10.218742704455812
310_PV_1,S6,8,13.718191557116535
310_PV_1,S6,9,17.461376960081466
310_PV_1,S6,10,18.799178634464234
310_PV_1,S6,11,18.81194036031172
310_PV_1,S6,12,18.18719922234053
310_PV_1,S6,13,15.618875761644944
310_PV_1,S6,14,18.296668711232684
310_PV_1,S6,15,19.507047100508874
310_PV_1,S6,16,19.74313632597091
310_PV_1,S6,17,17.33975911440192
310_PV_1,S6,18,11.937149523218157
310_PV_1,S6,19,0.0
310_PV_1,S6,20,0.0
310_PV_1,S6,21,0.0
310_PV_1,S6,22,0.0
310_PV_1,S6,23,0.0
310_PV_1,S6,24,0.0
310_PV_1,S7,1,0.0
310_PV_1,S7,2,0.0
310_PV_1,S7,3,0.0
310_PV_1,S7,4,0.0
310_PV_1,S7,5,0.0
310_PV_1,S7,6,0.0
310_PV_1,S7,7,25.71618951931941
310_PV_1,S7,8,35.52274846991739
310_PV_1,S7,9,39.058731845264695
310_PV_1,S7,10,38.632507903467854
310_PV_1,S7,11,39.685902141674624
310_PV_1,S7,12,37.33600219519749
310_PV_1,S7,13,39.22866791480403
310_PV_1,S7,14,36.78675637627387
310_PV_1,S7,15,36.24778412364852
310_PV_1,S7,16,30.970187238425204
310_PV_1,S7,17,23.872659834839226
310_PV_1,S7,18,0.0
310_PV_1,S7,19,0.0
310_PV_1,S7,20,0.0
310_PV_1,S7,21,0.0
310_PV_1,S7,22,0.0
310_PV_1,S7,23,0.0
310_PV_1,S7,24,0.0
310_PV_1,S8,1,0.0
310_PV_1,S8,2,0.0
310_PV_1,S8,3,0.0
310_PV_1,S8,4,0.0
310_PV_1,S8,5,0.0
310_PV_1,S8,6,0.0
310_PV_1,S8,7,0.0
310_PV_1,S8,8,22.850384259944825
310_PV_1,S8,9,30.090030589852027
310_PV_1,S8,10,32.66069157302713
310_PV_1,S8,11,33.61908632700851
310_PV_1,S8,12,35.160116935789844
310_PV_1,S8,13,33.051921815094616
310_PV_1,S8,14,34.206821691771374
310_PV_1,S8,15,32.76954547649328
310_PV_1,S8,16,22.063165465166087
310_PV_1,S8,17,0.0
310_PV_1,S8,18,0.0
310_PV_1,S8,19,0.0
310_PV_1,S8,20,0.0
310_PV_1,S8,21,0.0
310_PV_1,S8,22,0.0
310_PV_1,S8,23,0.0
310_PV_1,S8,24,0.0
310_PV_1,S9,1,0.0
310_PV_1,S9,2,0.0
310_PV_1,S9,3,0.0
310_PV_1,S9,4,0.0
310_PV_1,S9,5,0.0
310_PV_1,S9,6,20.490262095702697
310_PV_1,S9,7,31.793079260556546
310_PV_1,S9,8,39.04291412208411
310_PV_1,S9,9,41.420033852243115
310_PV_1,S9,10,43.76701588835549
310_PV_1,S9,11,46.223092237354436
310_PV_1,S9,12,46.586175274390705
310_PV_1,S9,13,49.165202044709226
310_PV_1,S9,14,44.625744185155106
310_PV_1,S9,15,42.103729282964515
310_PV_1,S9,16,39.42854664596424
310_PV_1,S9,17,31.58337138546473
310_PV_1,S9,18,20.674526345598615
310_PV_1,S9,19,0.0
310_PV_1,S9,20,0.0
310_PV_1,S9,21,0.0
310_PV_1,S9,22,0.0
310_PV_1,S9,23,0.0
310_PV_1,S9,24,0.0
310_PV_1,S10,1,0.0
310_PV_1,S10,2,0.0
310_PV_1,S10,3,0.0
310_PV_1,S10,4,0.0
310_PV_1,S10,5,0.0
310_PV_1,S10,6,0.0
310_PV_1,S10,7,0.0
310_PV_1,S10,8,27.6854118956124
310_PV_1,S10,9,35.67756912663917
310_PV_1,S10,10,36.19631086912523
310_PV_1,S10,11,36.820313503759365
310_PV_1,S10,12,35.32852253575601
310_PV_1,S10,13,34.329452759242976
310_PV_1,S10,14,32.69592559820103
310_PV_1,S10,15,32.39230242120745
310_PV_1,S10,16,18.54562950829463
310_PV_1,S10,17,0.0
310_PV_1,S10,18,0.0
310_PV_1,S10,19,0.0
310_PV_1,S10,20,0.0
310_PV_1,S10,21,0.0
310_PV_1,S10,22,0.0
310_PV_1,S10,23,0.0
310_PV_1,S10,24,0.0
310_PV_1,S11,1,0.0
310_PV_1,S11,2,0.0
310_PV_1,S11,3,0.0
310_PV_1,S11,4,0.0
310_PV_1,S11,5,0.0
310_PV_1,S11,6,0.0
310_PV_1,S11,7,0.0
310_PV_1,S11,8,24.737606010997762
310_PV_1,S11,9,34.26226457281179
310_PV_1,S11,10,36.56714641238493
310_PV_1,S11,11,42.239949051985484
310_PV_1,S11,12,39.97961855235967
310_PV_1,S11,13,41.38969845869346
310_PV_1,S11,14,42.61713299869936
310_PV_1,S11,15,36.42300388483851
310_PV_1,S11,16,29.97617424576531
310_PV_1,S11,17,12.406194049365459
310_PV_1,S11,18,0.0
310_PV_1,S11,19,0.0
310_PV_1,S11,20,0.0
310_PV_1,S11,21,0.0
310_PV_1,S11,22,0.0
310_PV_1,S11,23,0.0
310_PV_1,S11,24,0.0
310_PV_1,S12,1,0.0
310_PV_1,S12,2,0.0
310_PV_1,S12,3,0.0
310_PV_1,S12,4,0.0
310_PV_1,S12,5,0.0
310_PV_1,S12,6,8.421821247257016
310_PV_1,S12,7,13.612489302154502
310_PV_1,S12,8,12.085459569015496
310_PV_1,S12,9,0.3660699099068881
310_PV_1,S12,10,5.181448532812459
310_PV_1,S12,11,16.99337802185036
310_PV_1,S12,12,20.692078762239145
310_PV_1,S12,13,18.529967167053268
310_PV_1,S12,14,20.270184115451652
310_PV_1,S12,15,20.388372337440547
310_PV_1,S12,16,11.233064983930795
310_PV_1,S12,17,11.229148957609107
310_PV_1,S12,18,5.879118934170936
310_PV_1,S12,19,0.0
310_PV_1,S12,20,0.0
310_PV_1,S12,21,0.0
310_PV_1,S12,22,0.0
310_PV_1,S12,23,0.0
310_PV_1,S12,24,0.0
324_PV_1,S1,1,0.0
324_PV_1,S1,2,0.0
324_PV_1,S1,3,0.0
324_PV_1,S1,4,0.0
324_PV_1,S1,5,0.0
324_PV_1,S1,6,11.009372410910329
324_PV_1,S1,7,25.48941558676143
324_PV_1,S1,8,29.194724842178942
324_PV_1,S1,9,36.06610550032772
324_PV_1,S1,10,35.440088127013844
324_PV_1,S1,11,36.84279630578664
324_PV_1,S1,12,34.688368596698815
324_PV_1,S1,13,27.58494513112313
324_PV_1,S1,14,5.267167770274936
324_PV_1,S1,15,21.916472689697848
324_PV_1,S1,16,31.772416075024527
324_PV_1,S1,17,26.77387159276405
324_PV_1,S1,18,11.28170078358133
324_PV_1,S1,19,0.0
324_PV_1,S1,20,0.0
324_PV_1,S1,21,0.0
324_PV_1,S1,22,0.0
324_PV_1,S1,23,0.0
324_PV_1,S1,24,0.0
324_PV_1,S2,1,0.0
324_PV_1,S2,2,0.0
324_PV_1,S2,3,0.0
324_PV_1,S2,4,0.0
324_PV_1,S2,5,0.0
324_PV_1,S2,6,0.0
324_PV_1,S2,7,0.0
324_PV_1,S2,8,25.5453485182215
324_PV_1,S2,9,33.19105033244824
324_PV_1,S2,10,35.41451858477076
324_PV_1,S2,11,37.004439818342135
324_PV_1,S2,12,36.02913065333647
324_PV_1,S2,13,35.16531455162603
324_PV_1,S2,14,36.78945432582362
324_PV_1,S2,15,31.866283776233345
324_PV_1,S2,16,19.828601461643
324_PV_1,S2,17,0.0
324_PV_1,S2,18,0.0
324_PV_1,S2,19,0.0
324_PV_1,S2,20,0.0
324_PV_1,S2,21,0.0
324_PV_1,S2,22,0.0
324_PV_1,S2,23,0.0
324_PV_1,S2,24,0.0
324_PV_1,S3,1,0.0
324_PV_1,S3,2,0.0
324_PV_1,S3,3,0.0
324_PV_1,S3,4,0.0
324_PV_1,S3,5,0.0
324_PV_1,S3,6,0.0
324_PV_1,S3,7,27.750598458078006
324_PV_1,S3,8,36.84794533091505
324_PV_1,S3,9,36.73985085836379
324_PV_1,S3,10,38.29765868183286
324_PV_1,S3,11,38.67960481991616
324_PV_1,S3,12,40.41264024832188
324_PV_1,S3,13,43.4167511222297
324_PV_1,S3,14,41.541917969195936
324_PV_1,S3,15,39.858998269464394
324_PV_1,S3,16,37.923959756188516
324_PV_1,S3,17,29.456780790752838
324_PV_1,S3,18,1.8552263196373795
324_PV_1,S3,19,0.0
324_PV_1,S3,20,0.0
324_PV_1,S3,21,0.0
324_PV_1,S3,22,0.0
324_PV_1,S3,23,0.0
324_PV_1,S3,24,0.0
324_PV_1,S4,1,0.0
324_PV_1,S4,2,0.0
324_PV_1,S4,3,0.0
324_PV_1,S4,4,0.0
324_PV_1,S4,5,0.0
324_PV_1,S4,6,0.0
324_PV_1,S4,7,27.12378154654985
324_PV_1,S4,8,35.12711367533996
324_PV_1,S4,9,38.3734223446711
324_PV_1,S4,10,42.55667840073091
324_PV_1,S4,11,42.3732865620764
324_PV_1,S4,12,40.54938973213049
324_PV_1,S4,13,41.712477575632036
324_PV_1,S4,14,40.741865147255446
324_PV_1,S4,15,40.13494025013266
324_PV_1,S4,16,36.52283667739344
324_PV_1,S4,17,26.32778173431382
324_PV_1,S4,18,0.0
324_PV_1,S4,19,0.0
324_PV_1,S4,20,0.0
324_PV_1,S4,21,0.0
324_PV_1,S4,22,0.0
324_PV_1,S4,23,0.0
324_PV_1,S4,24,0.0
324_PV_1,S5,1,0.0
324_PV_1,S5,2,0.0
324_PV_1,S5,3,0.0
324_PV_1,S5,4,0.0
324_PV_1,S5,5,0.0
324_PV_1,S5,6,0.0
324_PV_1,S5,7,0.0
324_PV_1,S5,8,29.120524848997672
324_PV_1,S5,9,36.84649988760306
324_PV_1,S5,10,38.307099225196026
324_PV_1,S5,11,40.19359735301376
324_PV_1,S5,12,39.856646174206865
324_PV_1,S5,13,37.604435464942966
324_PV_1,S5,14,37.50683803944863
324_PV_1,S5,15,33.394818734245575
324_PV_1,S5,16,18.610354174348167
324_PV_1,S5,17,0.0
324_PV_1,S5,18,0.0
324_PV_1,S5,19,0.0
324_PV_1,S5,20,0.0
324_PV_1,S5,21,0.0
324_PV_1,S5,22,0.0
324_PV_1,S5,23,0.0
324_PV_1,S5,24,0.0
324_PV_1,S6,1,0.0
324_PV_1,S6,2,0.0
324_PV_1,S6,3,0.0
324_PV_1,S6,4,0.0
324_PV_1,S6,5,0.0
324_PV_1,S6,6,7.294564395824795
324_PV_1,S6,7,10.77228677842448
324_PV_1,S6,8,17.062679666717102
324_PV_1,S6,9,18.079649347577835
324_PV_1,S6,10,20.336494642880215
324_PV_1,S6,11,19.322772750242425
324_PV_1,S6,12,20.735982702481913
324_PV_1,S6,13,21.165738169575675
324_PV_1,S6,14,18.729213924410367
324_PV_1,S6,15,12.494122058101793
324_PV_1,S6,16,20.0877135822535
324_PV_1,S6,17,16.79587525917517
324_PV_1,S6,18,10.955347485388334
324_PV_1,S6,19,0.0
324_PV_1,S6,20,0.0
324_PV_1,S6,21,0.0
324_PV_1,S6,22,0.0
324_PV_1,S6,23,0.0
324_PV_1,S6,24,0.0
324_PV_1,S7,1,0.0
324_PV_1,S7,2,0.0
324_PV_1,S7,3,0.0
324_PV_1,S7,4,0.0
324_PV_1,S7,5,0.0
324_PV_1,S7,6,0.0
324_PV_1,S7,7,24.815245287066247
324_PV_1,S7,8,33.93021953083741
324_PV_1,S7,9,35.146971520639326
324_PV_1,S7,10,41.06126948429506
324_PV_1,S7,11,40.75565223134213
324_PV_1,S7,12,40.776065536173284
324_PV_1,S7,13,37.03581308008865
324_PV_1,S7,14,34.920436044482024
324_PV_1,S7,15,37.27434570597999
324_PV_1,S7,16,33.182258914150324
324_PV_1,S7,17,21.931364583231638
324_PV_1,S7,18,0.0
324_PV_1,S7,19,0.0
324_PV_1,S7,20,0.0
324_PV_1,S7,21,0.0
324_PV_1,S7,22,0.0
324_PV_1,S7,23,0.0
324_PV_1,S7,24,0.0
324_PV_1,S8,1,0.0
324_PV_1,S8,2,0.0
324_PV_1,S8,3,0.0
324_PV_1,S8,4,0.0
324_PV_1,S8,5,0.0
324_PV_1,S8,6,0.0
324_PV_1,S8,7,0.0
324_PV_1,S8,8,22.984173997980733
324_PV_1,S8,9,31.89874356268243
324_PV_1,S8,10,34.78735229486742
324_PV_1,S8,11,34.71851141134115
324_PV_1,S8,12,32.38040993889306
324_PV_1,S8,13,32.97618397250883
324_PV_1,S8,14,31.783760088077194
324_PV_1,S8,15,31.441519662847732
324_PV_1,S8,16,22.162765052933736
324_PV_1,S8,17,0.0
324_PV_1,S8,18,0.0
324_PV_1,S8,19,0.0
324_PV_1,S8,20,0.0
324_PV_1,S8,21,0.0
324_PV_1,S8,22,0.0
324_PV_1,S8,23,0.0
324_PV_1,S8,24,0.0
324_PV_1,S9,1,0.0
324_PV_1,S9,2,0.0
324_PV_1,S9,3,0.0
324_PV_1,S9,4,0.0
324_PV_1,S9,5,0.0
324_PV_1,S9,6,21.38487128897129
324_PV_1,S9,7,32.6389589351086
324_PV_1,S9,8,39.51029765972186
324_PV_1,S9,9,42.5129899606655
324_PV_1,S9,10,42.81573005086955
324_PV_1,S9,11,48.97646558074017
324_PV_1,S9,12,48.418611842059065
324_PV_1,S9,13,46.405478726531115
324_PV_1,S9,14,47.413610694260996
324_PV_1,S9,15,45.23876251734641
324_PV_1,S9,16,38.93800940337419
324_PV_1,S9,17,31.0139138617735
324_PV_1,S9,18,19.193628708944335
324_PV_1,S9,19,0.0
324_PV_1,S9,20,0.0
324_PV_1,S9,21,0.0
324_PV_1,S9,22,0.0
324_PV_1,S9,23,0.0
324_PV_1,S9,24,0.0
324_PV_1,S10,1,0.0
324_PV_1,S10,2,0.0
324_PV_1,S10,3,0.0
324_PV_1,S10,4,0.0
324_PV_1,S10,5,0.0
324_PV_1,S10,6,0.0
324_PV_1,S10,7,0.0
324_PV_1,S10,8,26.96539865565702
324_PV_1,S10,9,34.57312947383628
324_PV_1,S10,10,33.74497615378848
324_PV_1,S10,11,35.42958472102198
324_PV_1,S10,12,34.715894058732864
324_PV_1,S10,13,34.474731376052304
324_PV_1,S10,14,32.41985413044265
324_PV_1,S10,15,30.397623488609486
324_PV_1,S10,16,17.961767019351615
324_PV_1,S10,17,0.0
324_PV_1,S10,18,0.0
324_PV_1,S10,19,0.0
324_PV_1,S10,20,0.0
324_PV_1,S10,21,0.0
324_PV_1,S10,22,0.0
324_PV_1,S10,23,0.0
324_PV_1,S10,24,0.0
324_PV_1,S11,1,0.0
324_PV_1,S11,2,0.0
324_PV_1,S11,3,0.0
324_PV_1,S11,4,0.0
324_PV_1,S11,5,0.0
324_PV_1,S11,6,0.0
324_PV_1,S11,7,0.0
324_PV_1,S11,8,25.627164492695172
324_PV_1,S11,9,35.11945145394713
324_PV_1,S11,10,35.77199199998304
324_PV_1,S11,11,40.68563420598119
324_PV_1,S11,12,40.93878037485448
324_PV_1,S11,13,39.445329403120645
324_PV_1,S11,14,38.5235702655425
324_PV_1,S11,15,36.93611665749228
324_PV_1,S11,16,29.55475563009916
324_PV_1,S11,17,13.895950001565113
324_PV_1,S11,18,0.0
324_PV_1,S11,19,0.0
324_PV_1,S11,20,0.0
324_PV_1,S11,21,0.0
324_PV_1,S11,22,0.0
324_PV_1,S11,23,0.0
324_PV_1,S11,24,0.0
324_PV_1,S12,1,0.0
324_PV_1,S12,2,0.0
324_PV_1,S12,3,0.0
324_PV_1,S12,4,0.0
324_PV_1,S12,5,0.0
324_PV_1,S12,6,8.515793960218698
324_PV_1,S12,7,15.241921063654953
324_PV_1,S12,8,19.206404426251773
324_PV_1,S12,9,21.30629561577333
324_PV_1,S12,10,20.50413150272399
324_PV_1,S12,11,18.421817590741373
324_PV_1,S12,12,20.811710684367466
324_PV_1,S12,13,23.175025136202656
324_PV_1,S12,14,23.166169272814578
324_PV_1,S12,15,20.046332887933303
324_PV_1,S12,16,17.37356303173229
324_PV_1,S12,17,13.372401211262648
324_PV_1,S12,18,6.892304739088967
324_PV_1,S12,19,0.0
324_PV_1,S12,20,0.0
324_PV_1,S12,21,0.0
324_PV_1,S12,22,0.0
324_PV_1,S12,23,0.0
324_PV_1,S12,24,0.0
312_PV_1,S1,1,0.0
312_PV_1,S1,2,0.0
312_PV_1,S1,3,0.0
312_PV_1,S1,4,0.0
312_PV_1,S1,5,0.0
312_PV_1,S1,6,9.868074378697775
312_PV_1,S1,7,29.371925168837663
312_PV_1,S1,8,47.770280046405496
312_PV_1,S1,9,54.58454420116227
312_PV_1,S1,10,60.96240411511704
312_PV_1,S1,11,61.77395496373822
312_PV_1,S1,12,11.578794203069936
312_PV_1,S1,13,28.56170379888119
312_PV_1,S1,14,10.94767513832058
312_PV_1,S1,15,28.105124242374945
312_PV_1,S1,16,54.28336608377125
312_PV_1,S1,17,36.28236603754676
312_PV_1,S1,18,12.55164122208473
312_PV_1,S1,19,0.0
312_PV_1,S1,20,0.0
312_PV_1,S1,21,0.0
312_PV_1,S1,22,0.0
312_PV_1,S1,23,0.0
312_PV_1,S1,24,0.0
312_PV_1,S2,1,0.0
312_PV_1,S2,2,0.0
312_PV_1,S2,3,0.0
312_PV_1,S2,4,0.0
312_PV_1,S2,5,0.0
312_PV_1,S2,6,0.0
312_PV_1,S2,7,0.0
312_PV_1,S2,8,35.30741284650321
312_PV_1,S2,9,58.87379653059579
312_PV_1,S2,10,71.8453852006188
312_PV_1,S2,11,75.23112986379893
312_PV_1,S2,12,71.370070387939
312_PV_1,S2,13,75.95130077391697
312_PV_1,S2,14,67.7527657594826
312_PV_1,S2,15,56.76540445483555
312_PV_1,S2,16,32.09581887420196
312_PV_1,S2,17,0.0
312_PV_1,S2,18,0.0
312_PV_1,S2,19,0.0
312_PV_1,S2,20,0.0
312_PV_1,S2,21,0.0
312_PV_1,S2,22,0.0
312_PV_1,S2,23,0.0
312_PV_1,S2,24,0.0
312_PV_1,S3,1,0.0
312_PV_1,S3,2,0.0
312_PV_1,S3,3,0.0
312_PV_1,S3,4,0.0
312_PV_1,S3,5,0.0
312_PV_1,S3,6,0.0
312_PV_1,S3,7,31.176250816740705
312_PV_1,S3,8,50.18329720526773
312_PV_1,S3,9,65.98665223613243
312_PV_1,S3,10,70.50334732518972
312_PV_1,S3,11,79.56553334166806
312_PV_1,S3,12,82.79288803751191
312_PV_1,S3,13,84.5882092073029
312_PV_1,S3,14,77.9792559996862
312_PV_1,S3,15,71.83631286947727
312_PV_1,S3,16,62.209750045093166
312_PV_1,S3,17,41.0427631235115
312_PV_1,S3,18,5.952089345937516
312_PV_1,S3,19,0.0
312_PV_1,S3,20,0.0
312_PV_1,S3,21,0.0
312_PV_1,S3,22,0.0
312_PV_1,S3,23,0.0
312_PV_1,S3,24,0.0
312_PV_1,S4,1,0.0
312_PV_1,S4,2,0.0
312_PV_1,S4,3,0.0
312_PV_1,S4,4,0.0
312_PV_1,S4,5,0.0
312_PV_1,S4,6,0.0
312_PV_1,S4,7,29.440283964295652
312_PV_1,S4,8,52.48520176805642
312_PV_1,S4,9,67.18108070092603
312_PV_1,S4,10,77.52615263604956
312_PV_1,S4,11,84.7394833049684
312_PV_1,S4,12,86.56710343237508
312_PV_1,S4,13,84.05490864573288
312_PV_1,S4,14,79.99460895521075
312_PV_1,S4,15,73.83031818970687
312_PV_1,S4,16,56.66034779811362
312_PV_1,S4,17,36.57293704216654
312_PV_1,S4,18,0.0
312_PV_1,S4,19,0.0
312_PV_1,S4,20,0.0
312_PV_1,S4,21,0.0
312_PV_1,S4,22,0.0
312_PV_1,S4,23,0.0
312_PV_1,S4,24,0.0
312_PV_1,S5,1,0.0
312_PV_1,S5,2,0.0
312_PV_1,S5,3,0.0
312_PV_1,S5,4,0.0
312_PV_1,S5,5,0.0
312_PV_1,S5,6,0.0
312_PV_1,S5,7,0.0
312_PV_1,S5,8,43.869187010596875
312_PV_1,S5,9,61.683652094732416
312_PV_1,S5,10,69.65455520051029
312_PV_1,S5,11,75.77101031761265
312_PV_1,S5,12,83.6124988732992
312_PV_1,S5,13,77.09098388520745
312_PV_1,S5,14,71.2263512483487
312_PV_1,S5,15,54.28701631537162
312_PV_1,S5,16,28.987482058041394
312_PV_1,S5,17,0.0
312_PV_1,S5,18,0.0
312_PV_1,S5,19,0.0
312_PV_1,S5,20,0.0
312_PV_1,S5,21,0.0
312_PV_1,S5,22,0.0
312_PV_1,S5,23,0.0
312_PV_1,S5,24,0.0
312_PV_1,S6,1,0.0
312_PV_1,S6,2,0.0
312_PV_1,S6,3,0.0
312_PV_1,S6,4,0.0
312_PV_1,S6,5,0.0
312_PV_1,S6,6,6.58376470065585
312_PV_1,S6,7,14.423447663374034
312_PV_1,S6,8,20.919237660886733
312_PV_1,S6,9,24.98600499877257
312_PV_1,S6,10,33.12787404856864
312_PV_1,S6,11,36.57133174448541
312_PV_1,S6,12,37.941596403495495
312_PV_1,S6,13,29.934022232781007
312_PV_1,S6,14,30.187763821779868
312_PV_1,S6,15,28.001703831247443
312_PV_1,S6,16,33.72617115415773
312_PV_1,S6,17,25.684304752103277
312_PV_1,S6,18,12.18398114651096
312_PV_1,S6,19,0.0
312_PV_1,S6,20,0.0
312_PV_1,S6,21,0.0
312_PV_1,S6,22,0.0
312_PV_1,S6,23,0.0
312_PV_1,S6,24,0.0
312_PV_1,S7,1,0.0
312_PV_1,S7,2,0.0
312_PV_1,S7,3,0.0
312_PV_1,S7,4,0.0
312_PV_1,S7,5,0.0
312_PV_1,S7,6,0.0
312_PV_1,S7,7,33.56081037476355
312_PV_1,S7,8,51.72948637537727
312_PV_1,S7,9,66.09328685295304
312_PV_1,S7,10,75.24764171472516
312_PV_1,S7,11,79.77541880757418
312_PV_1,S7,12,79.01926290499408
312_PV_1,S7,13,72.91158659686432
312_PV_1,S7,14,74.51037144121622
312_PV_1,S7,15,68.04554332535466
312_PV_1,S7,16,52.454448186053156
312_PV_1,S7,17,31.65953809683623
312_PV_1,S7,18,0.0
312_PV_1,S7,19,0.0
312_PV_1,S7,20,0.0
312_PV_1,S7,21,0.0
312_PV_1,S7,22,0.0
312_PV_1,S7,23,0.0
312_PV_1,S7,24,0.0
312_PV_1,S8,1,0.0
312_PV_1,S8,2,0.0
312_PV_1,S8,3,0.0
312_PV_1,S8,4,0.0
312_PV_1,S8,5,0.0
312_PV_1,S8,6,0.0
312_PV_1,S8,7,0.0
312_PV_1,S8,8,29.786710034291655
312_PV_1,S8,9,51.26750404924034
312_PV_1,S8,10,59.422311563453825
312_PV_1,S8,11,66.19094184549228
312_PV_1,S8,12,66.89733605230917
312_PV_1,S8,13,65.89316354700321
312_PV_1,S8,14,65.03433621454309
312_PV_1,S8,15,56.4056235931908
312_PV_1,S8,16,36.05102210635821
312_PV_1,S8,17,0.0
312_PV_1,S8,18,0.0
312_PV_1,S8,19,0.0
312_PV_1,S8,20,0.0
312_PV_1,S8,21,0.0
312_PV_1,S8,22,0.0
312_PV_1,S8,23,0.0
312_PV_1,S8,24,0.0
312_PV_1,S9,1,0.0
312_PV_1,S9,2,0.0
312_PV_1,S9,3,0.0
312_PV_1,S9,4,0.0
312_PV_1,S9,5,0.0
312_PV_1,S9,6,21.376941007507824
312_PV_1,S9,7,39.43537029722095
312_PV_1,S9,8,60.24661676949937
312_PV_1,S9,9,70.26543603209316
312_PV_1,S9,10,79.77891931972952
312_PV_1,S9,11,87.28533240430464
312_PV_1,S9,12,92.3136209358776
312_PV_1,S9,13,91.8451419969468
312_PV_1,S9,14,90.37228501272938
312_PV_1,S9,15,75.3368182031533
312_PV_1,S9,16,64.01377712259253
312_PV_1,S9,17,42.61095188917033
312_PV_1,S9,18,20.649460014622523
312_PV_1,S9,19,0.0
312_PV_1,S9,20,0.0
312_PV_1,S9,21,0.0
312_PV_1,S9,22,0.0
312_PV_1,S9,23,0.0
312_PV_1,S9,24,0.0
312_PV_1,S10,1,0.0
312_PV_1,S10,2,0.0
312_PV_1,S10,3,0.0
312_PV_1,S10,4,0.0
312_PV_1,S10,5,0.0
312_PV_1,S10,6,0.0
312_PV_1,S10,7,0.0
312_PV_1,S10,8,42.43310535083203
312_PV_1,S10,9,56.17249104129968
312_PV_1,S10,10,62.3824827620127
312_PV_1,S10,11,70.75949920534201
312_PV_1,S10,12,65.57151254389677
312_PV_1,S10,13,68.50456505669946
312_PV_1,S10,14,58.38100318836397
312_PV_1,S10,15,54.2861378911908
312_PV_1,S10,16,28.281379308456152
312_PV_1,S10,17,0.0
312_PV_1,S10,18,0.0
312_PV_1,S10,19,0.0
312_PV_1,S10,20,0.0
312_PV_1,S10,21,0.0
312_PV_1,S10,22,0.0
312_PV_1,S10,23,0.0
312_PV_1,S10,24,0.0
312_PV_1,S11,1,0.0
312_PV_1,S11,2,0.0
312_PV_1,S11,3,0.0
312_PV_1,S11,4,0.0
312_PV_1,S11,5,0.0
312_PV_1,S11,6,0.0
312_PV_1,S11,7,0.0
312_PV_1,S11,8,32.85001563239317
312_PV_1,S11,9,55.56418684598876
312_PV_1,S11,10,64.97526860404169
312_PV_1,S11,11,79.97720224662609
312_PV_1,S11,12,82.27736859334274
312_PV_1,S11,13,77.02169946529992
312_PV_1,S11,14,75.7947091743248
312_PV_1,S11,15,67.46812987279779
312_PV_1,S11,16,47.92652854942063
312_PV_1,S11,17,19.18374983581486
312_PV_1,S11,18,0.0
312_PV_1,S11,19,0.0
312_PV_1,S11,20,0.0
312_PV_1,S11,21,0.0
312_PV_1,S11,22,0.0
312_PV_1,S11,23,0.0
312_PV_1,S11,24,0.0
312_PV_1,S12,1,0.0
312_PV_1,S12,2,0.0
312_PV_1,S12,3,0.0
312_PV_1,S12,4,0.0
312_PV_1,S12,5,0.0
312_PV_1,S12,6,8.542041268764732
312_PV_1,S12,7,14.969623466122439
312_PV_1,S12,8,24.358455129855294
312_PV_1,S12,9,16.293625055603417
312_PV_1,S12,10,3.7108006324869827
312_PV_1,S12,11,30.296959393704007
312_PV_1,S12,12,38.16540340560639
312_PV_1,S12,13,37.45606272189537
312_PV_1,S12,14,38.669215632634156
312_PV_1,S12,15,39.14055332886235
312_PV_1,S12,16,24.592310091922577
312_PV_1,S12,17,17.37186072580976
312_PV_1,S12,18,9.791230678448851
312_PV_1,S12,19,0.0
312_PV_1,S12,20,0.0
312_PV_1,S12,21,0.0
312_PV_1,S12,22,0.0
312_PV_1,S12,23,0.0
312_PV_1,S12,24,0.0
310_PV_2,S1,1,0.0
310_PV_2,S1,2,0.0
310_PV_2,S1,3,0.0
310_PV_2,S1,4,0.0
310_PV_2,S1,5,0.0
310_PV_2,S1,6,9.636770695692162
310_PV_2,S1,7,26.198172710754065
310_PV_2,S1,8,30.12233404067316
310_PV_2,S1,9,31.69876243735155
310_PV_2,S1,10,35.13835506048924
310_PV_2,S1,11,32.5428654228167
310_PV_2,S1,12,6.11724913207509
310_PV_2,S1,13,15.894506382121127
310_PV_2,S1,14,5.723569168859123
310_PV_2,S1,15,14.90890906063171
310_PV_2,S1,16,35.19129725729986
310_PV_2,S1,17,27.07376683902804
310_PV_2,S1,18,12.747723853181297
310_PV_2,S1,19,0.0
310_PV_2,S1,20,0.0
310_PV_2,S1,21,0.0
310_PV_2,S1,22,0.0
310_PV_2,S1,23,0.0
310_PV_2,S1,24,0.0
310_PV_2,S2,1,0.0
310_PV_2,S2,2,0.0
310_PV_2,S2,3,0.0
310_PV_2,S2,4,0.0
310_PV_2,S2,5,0.0
310_PV_2,S2,6,0.0
310_PV_2,S2,7,0.0
310_PV_2,S2,8,25.211276467095967
310_PV_2,S2,9,36.61041928145685
310_PV_2,S2,10,39.42357657881614
310_PV_2,S2,11,37.83119418999662
310_PV_2,S2,12,37.82437552421994
310_PV_2,S2,13,37.30824028613905
310_PV_2,S2,14,36.72637980481315
310_PV_2,S2,15,31.7778948523963
310_PV_2,S2,16,21.44965834521783
310_PV_2,S2,17,0.0
310_PV_2,S2,18,0.0
310_PV_2,S2,19,0.0
310_PV_2,S2,20,0.0
310_PV_2,S2,21,0.0
310_PV_2,S2,22,0.0
310_PV_2,S2,23,0.0
310_PV_2,S2,24,0.0
310_PV_2,S3,1,0.0
310_PV_2,S3,2,0.0
310_PV_2,S3,3,0.0
310_PV_2,S3,4,0.0
310_PV_2,S3,5,0.0
310_PV_2,S3,6,0.0
310_PV_2,S3,7,27.85961843813175
310_PV_2,S3,8,35.59147846904129
310_PV_2,S3,9,39.482524252061104
310_PV_2,S3,10,41.91275805630303
310_PV_2,S3,11,38.44060944175174
310_PV_2,S3,12,39.55437066686694
310_PV_2,S3,13,43.023792213964754
310_PV_2,S3,14,43.21074908445727
310_PV_2,S3,15,39.694922538443265
310_PV_2,S3,16,37.87976204492153
310_PV_2,S3,17,31.46337477452871
310_PV_2,S3,18,6.150620756207102
310_PV_2,S3,19,0.0
310_PV_2,S3,20,0.0
310_PV_2,S3,21,0.0
310_PV_2,S3,22,0.0
310_PV_2,S3,23,0.0
310_PV_2,S3,24,0.0
310_PV_2,S4,1,0.0
310_PV_2,S4,2,0.0
310_PV_2,S4,3,0.0
310_PV_2,S4,4,0.0
310_PV_2,S4,5,0.0
310_PV_2,S4,6,0.0
310_PV_2,S4,7,24.46080688829476
310_PV_2,S4,8,35.239999319751476
310_PV_2,S4,9,42.874641849371784
310_PV_2,S4,10,42.38197333998273
310_PV_2,S4,11,42.992130001068624
310_PV_2,S4,12,42.63882718182498
310_PV_2,S4,13,41.65527694340747
310_PV_2,S4,14,40.83867408424933
310_PV_2,S4,15,40.231877436855875
310_PV_2,S4,16,33.90236254138984
310_PV_2,S4,17,26.556595841946717
310_PV_2,S4,18,0.0
310_PV_2,S4,19,0.0
310_PV_2,S4,20,0.0
310_PV_2,S4,21,0.0
310_PV_2,S4,22,0.0
310_PV_2,S4,23,0.0
310_PV_2,S4,24,0.0
310_PV_2,S5,1,0.0
310_PV_2,S5,2,0.0
310_PV_2,S5,3,0.0
310_PV_2,S5,4,0.0
310_PV_2,S5,5,0.0
310_PV_2,S5,6,0.0
310_PV_2,S5,7,0.0
310_PV_2,S5,8,28.310636946143372
310_PV_2,S5,9,37.37002383232069
310_PV_2,S5,10,38.24730598372404
310_PV_2,S5,11,43.19300192016495
310_PV_2,S5,12,40.55503561375661
310_PV_2,S5,13,41.322318209478546
310_PV_2,S5,14,40.52894059506491
310_PV_2,S5,15,34.462909264788586
310_PV_2,S5,16,19.19446440482767
310_PV_2,S5,17,0.0
310_PV_2,S5,18,0.0
310_PV_2,S5,19,0.0
310_PV_2,S5,20,0.0
310_PV_2,S5,21,0.0
310_PV_2,S5,22,0.0
310_PV_2,S5,23,0.0
310_PV_2,S5,24,0.0
310_PV_2,S6,1,0.0
310_PV_2,S6,2,0.0
310_PV_2,S6,3,0.0
310_PV_2,S6,4,0.0
310_PV_2,S6,5,0.0
310_PV_2,S6,6,6.451089998587507
310_PV_2,S6,7,10.261613529710573
310_PV_2,S6,8,14.280904923047968
310_PV_2,S6,9,15.236723190463874
310_PV_2,S6,10,18.553714751073905
310_PV_2,S6,11,19.322694343064825
310_PV_2,S6,12,18.985941356448343
310_PV_2,S6,13,16.779805719092987
310_PV_2,S6,14,16.929500434752455
310_PV_2,S6,15,14.339515765849555
310_PV_2,S6,16,20.280548102036235
310_PV_2,S6,17,16.67133693950212
310_PV_2,S6,18,11.684359524411644
310_PV_2,S6,19,0.0
310_PV_2,S6,20,0.0
310_PV_2,S6,21,0.0
310_PV_2,S6,22,0.0
310_PV_2,S6,23,0.0
310_PV_2,S6,24,0.0
310_PV_2,S7,1,0.0
310_PV_2,S7,2,0.0
310_PV_2,S7,3,0.0
310_PV_2,S7,4,0.0
310_PV_2,S7,5,0.0
310_PV_2,S7,6,0.0
310_PV_2,S7,7,28.364112290971025
310_PV_2,S7,8,35.80030281760983
310_PV_2,S7,9,40.64521637785544
310_PV_2,S7,10,41.5644942534065
310_PV_2,S7,11,40.66728764432023
310_PV_2,S7,12,40.73790142706634
310_PV_2,S7,13,40.01995938394131
310_PV_2,S7,14,37.42779566936291
310_PV_2,S7,15,38.51510851286064
310_PV_2,S7,16,34.446885264063276
310_PV_2,S7,17,24.760913717830515
310_PV_2,S7,18,0.0
310_PV_2,S7,19,0.0
310_PV_2,S7,20,0.0
310_PV_2,S7,21,0.0
310_PV_2,S7,22,0.0
310_PV_2,S7,23,0.0
310_PV_2,S7,24,0.0
310_PV_2,S8,1,0.0
310_PV_2,S8,2,0.0
310_PV_2,S8,3,0.0
310_PV_2,S8,4,0.0
310_PV_2,S8,5,0.0
310_PV_2,S8,6,0.0
310_PV_2,S8,7,0.0
310_PV_2,S8,8,22.411991231396865
310_PV_2,S8,9,31.94537431860333
310_PV_2,S8,10,32.373356682068795
310_PV_2,S8,11,33.70670787753459
310_PV_2,S8,12,32.28861901291529
310_PV_2,S8,13,33.2688227754463
310_PV_2,S8,14,35.077336571536904
310_PV_2,S8,15,30.91092008294003
310_PV_2,S8,16,23.190276927537504
310_PV_2,S8,17,0.0
310_PV_2,S8,18,0.0
310_PV_2,S8,19,0.0
310_PV_2,S8,20,0.0
310_PV_2,S8,21,0.0
310_PV_2,S8,22,0.0
310_PV_2,S8,23,0.0
310_PV_2,S8,24,0.0
310_PV_2,S9,1,0.0
310_PV_2,S9,2,0.0
310_PV_2,S9,3,0.0
310_PV_2,S9,4,0.0
310_PV_2,S9,5,0.0
310_PV_2,S9,6,21.37126497083934
310_PV_2,S9,7,33.22798759546636
310_PV_2,S9,8,40.9082061968748
310_PV_2,S9,9,42.91729934903816
310_PV_2,S9,10,41.413904581915126
310_PV_2,S9,11,49.28014040305247
310_PV_2,S9,12,48.42756403246228
310_PV_2,S9,13,47.4645945648284
310_PV_2,S9,14,48.25577354786918
310_PV_2,S9,15,41.39228889112072
310_PV_2,S9,16,36.97433173805367
310_PV_2,S9,17,32.759930307315926
310_PV_2,S9,18,19.771583600953985
310_PV_2,S9,19,0.0
310_PV_2,S9,20,0.0
310_PV_2,S9,21,0.0
310_PV_2,S9,22,0.0
310_PV_2,S9,23,0.0
310_PV_2,S9,24,0.0
310_PV_2,S10,1,0.0
310_PV_2,S10,2,0.0
310_PV_2,S10,3,0.0
310_PV_2,S10,4,0.0
310_PV_2,S10,5,0.0
310_PV_2,S10,6,0.0
310_PV_2,S10,7,0.0
310_PV_2,S10,8,28.335954113861227
310_PV_2,S10,9,34.00698019968185
310_PV_2,S10,10,36.940466004259065
310_PV_2,S10,11,36.989064438105224
310_PV_2,S10,12,33.8441823561633
310_PV_2,S10,13,32.82542388045122
310_PV_2,S10,14,32.4031538402378
310_PV_2,S10,15,32.71171508767968
310_PV_2,S10,16,19.570655674012325
310_PV_2,S10,17,0.0
310_PV_2,S10,18,0.0
310_PV_2,S10,19,0.0
310_PV_2,S10,20,0.0
310_PV_2,S10,21,0.0
310_PV_2,S10,22,0.0
310_PV_2,S10,23,0.0
310_PV_2,S10,24,0.0
310_PV_2,S11,1,0.0
310_PV_2,S11,2,0.0
310_PV_2,S11,3,0.0
310_PV_2,S11,4,0.0
310_PV_2,S11,5,0.0
310_PV_2,S11,6,0.0
310_PV_2,S11,7,0.0
310_PV_2,S11,8,25.880926046196535
310_PV_2,S11,9,34.76599843175675
310_PV_2,S11,10,37.738696615165814
310_PV_2,S11,11,42.122255407396004
310_PV_2,S11,12,43.539954326503675
310_PV_2,S11,13,40.61999926801967
310_PV_2,S11,14,40.78381073124011
310_PV_2,S11,15,36.47871386030993
310_PV_2,S11,16,30.835077690537158
310_PV_2,S11,17,13.876877630164936
310_PV_2,S11,18,0.0
310_PV_2,S11,19,0.0
310_PV_2,S11,20,0.0
310_PV_2,S11,21,0.0
310_PV_2,S11,22,0.0
310_PV_2,S11,23,0.0
310_PV_2,S11,24,0.0
310_PV_2,S12,1,0.0
310_PV_2,S12,2,0.0
310_PV_2,S12,3,0.0
310_PV_2,S12,4,0.0
310_PV_2,S12,5,0.0
310_PV_2,S12,6,8.43458785404133
310_PV_2,S12,7,11.57617781476061
310_PV_2,S12,8,17.01416435569095
310_PV_2,S12,9,8.598015725055864
310_PV_2,S12,10,1.6185616527447635
310_PV_2,S12,11,16.54120753666054
310_PV_2,S12,12,19.744260360766905
310_PV_2,S12,13,19.00270990193559
310_PV_2,S12,14,20.297066982151343
310_PV_2,S12,15,21.56550395680237
310_PV_2,S12,16,15.284292668208222
310_PV_2,S12,17,11.859843302209965
310_PV_2,S12,18,8.996425277678423
310_PV_2,S12,19,0.0
310_PV_2,S12,20,0.0
310_PV_2,S12,21,0.0
310_PV_2,S12,22,0.0
310_PV_2,S12,23,0.0
310_PV_2,S12,24,0.0
324_PV_2,S1,1,0.0
324_PV_2,S1,2,0.0
324_PV_2,S1,3,0.0
324_PV_2,S1,4,0.0
324_PV_2,S1,5,0.0
324_PV_2,S1,6,11.215432128349883
324_PV_2,S1,7,25.516607101768987
324_PV_2,S1,8,30.57371366883179
324_PV_2,S1,9,33.64715922282365
324_PV_2,S1,10,35.991929433251855
324_PV_2,S1,11,38.16802165994077
324_PV_2,S1,12,34.47310444007144
324_PV_2,S1,13,31.601349230163922
324_PV_2,S1,14,22.769994460190627
324_PV_2,S1,15,0.40121584599577825
324_PV_2,S1,16,34.333976099644175
324_PV_2,S1,17,28.348442990826694
324_PV_2,S1,18,11.625664869465718
324_PV_2,S1,19,0.0
324_PV_2,S1,20,0.0
324_PV_2,S1,21,0.0
324_PV_2,S1,22,0.0
324_PV_2,S1,23,0.0
324_PV_2,S1,24,0.0
324_PV_2,S2,1,0.0
324_PV_2,S2,2,0.0
324_PV_2,S2,3,0.0
324_PV_2,S2,4,0.0
324_PV_2,S2,5,0.0
324_PV_2,S2,6,0.0
324_PV_2,S2,7,0.0
324_PV_2,S2,8,25.632796888700742
324_PV_2,S2,9,37.19250575258422
324_PV_2,S2,10,38.66911438155707
324_PV_2,S2,11,41.65231571655846
324_PV_2,S2,12,40.50581052350273
324_PV_2,S2,13,37.70687003729415
324_PV_2,S2,14,36.32684259764067
324_PV_2,S2,15,32.904382006754034
324_PV_2,S2,16,20.38909534159947
324_PV_2,S2,17,0.0
324_PV_2,S2,18,0.0
324_PV_2,S2,19,0.0
324_PV_2,S2,20,0.0
324_PV_2,S2,21,0.0
324_PV_2,S2,22,0.0
324_PV_2,S2,23,0.0
324_PV_2,S2,24,0.0
324_PV_2,S3,1,0.0
324_PV_2,S3,2,0.0
324_PV_2,S3,3,0.0
324_PV_2,S3,4,0.0
324_PV_2,S3,5,0.0
324_PV_2,S3,6,0.0
324_PV_2,S3,7,26.73966712914714
324_PV_2,S3,8,36.33755755942257
324_PV_2,S3,9,41.49529360773651
324_PV_2,S3,10,40.23046293295804
324_PV_2,S3,11,40.562885109235594
324_PV_2,S3,12,40.679063159151994
324_PV_2,S3,13,40.55792833316917
324_PV_2,S3,14,41.823691104446404
324_PV_2,S3,15,40.868800716872165
324_PV_2,S3,16,36.752131890060845
324_PV_2,S3,17,29.127694486046057
324_PV_2,S3,18,3.443216474765485
324_PV_2,S3,19,0.0
324_PV_2,S3,20,0.0
324_PV_2,S3,21,0.0
324_PV_2,S3,22,0.0
324_PV_2,S3,23,0.0
324_PV_2,S3,24,0.0
324_PV_2,S4,1,0.0
324_PV_2,S4,2,0.0
324_PV_2,S4,3,0.0
324_PV_2,S4,4,0.0
324_PV_2,S4,5,0.0
324_PV_2,S4,6,0.0
324_PV_2,S4,7,27.143176075198717
324_PV_2,S4,8,34.12108679043947
324_PV_2,S4,9,39.075553400621146
324_PV_2,S4,10,40.304571565792266
324_PV_2,S4,11,40.11610419851301
324_PV_2,S4,12,40.82644675004754
324_PV_2,S4,13,42.01104021160052
324_PV_2,S4,14,42.29431856650147
324_PV_2,S4,15,41.690278788454364
324_PV_2,S4,16,34.56938707272787
324_PV_2,S4,17,25.606023557964882
324_PV_2,S4,18,0.0
324_PV_2,S4,19,0.0
324_PV_2,S4,20,0.0
324_PV_2,S4,21,0.0
324_PV_2,S4,22,0.0
324_PV_2,S4,23,0.0
324_PV_2,S4,24,0.0
324_PV_2,S5,1,0.0
324_PV_2,S5,2,0.0
324_PV_2,S5,3,0.0
324_PV_2,S5,4,0.0
324_PV_2,S5,5,0.0
324_PV_2,S5,6,0.0
324_PV_2,S5,7,0.0
324_PV_2,S5,8,28.416096278884332
324_PV_2,S5,9,35.31639081621469
324_PV_2,S5,10,38.065660861157546
324_PV_2,S5,11,39.39852652854952
324_PV_2,S5,12,40.65475174143909
324_PV_2,S5,13,41.60206641755818
324_PV_2,S5,14,35.61026533562409
324_PV_2,S5,15,32.30410412794401
324_PV_2,S5,16,18.70554307067819
324_PV_2,S5,17,0.0
324_PV_2,S5,18,0.0
324_PV_2,S5,19,0.0
324_PV_2,S5,20,0.0
324_PV_2,S5,21,0.0
324_PV_2,S5,22,0.0
324_PV_2,S5,23,0.0
324_PV_2,S5,24,0.0
324_PV_2,S6,1,0.0
324_PV_2,S6,2,0.0
324_PV_2,S6,3,0.0
324_PV_2,S6,4,0.0
324_PV_2,S6,5,0.0
324_PV_2,S6,6,6.2357709862939075
324_PV_2,S6,7,7.293165040490146
324_PV_2,S6,8,15.191519097487937
324_PV_2,S6,9,15.337205761923363
324_PV_2,S6,10,17.14637397475146
324_PV_2,S6,11,18.393999837713416
324_PV_2,S6,12,19.24526239550644
324_PV_2,S6,13,19.0834861932849
324_PV_2,S6,14,18.37172387603561
324_PV_2,S6,15,18.187604097924567
324_PV_2,S6,16,19.091656332480074
324_PV_2,S6,17,15.69043869538679
324_PV_2,S6,18,10.964636915444954
324_PV_2,S6,19,0.0
324_PV_2,S6,20,0.0
324_PV_2,S6,21,0.0
324_PV_2,S6,22,0.0
324_PV_2,S6,23,0.0
324_PV_2,S6,24,0.0
324_PV_2,S7,1,0.0
324_PV_2,S7,2,0.0
324_PV_2,S7,3,0.0
324_PV_2,S7,4,0.0
324_PV_2,S7,5,0.0
324_PV_2,S7,6,0.0
324_PV_2,S7,7,25.124750488212978
324_PV_2,S7,8,31.97157059926914
324_PV_2,S7,9,35.597075199431195
324_PV_2,S7,10,40.17301529583073
324_PV_2,S7,11,36.87099753340477
324_PV_2,S7,12,36.77690457329994
324_PV_2,S7,13,37.16277857195687
324_PV_2,S7,14,34.04517741186922
324_PV_2,S7,15,36.73692148388084
324_PV_2,S7,16,32.831153507875975
324_PV_2,S7,17,23.377317042480037
324_PV_2,S7,18,0.0
324_PV_2,S7,19,0.0
324_PV_2,S7,20,0.0
324_PV_2,S7,21,0.0
324_PV_2,S7,22,0.0
324_PV_2,S7,23,0.0
324_PV_2,S7,24,0.0
324_PV_2,S8,1,0.0
324_PV_2,S8,2,0.0
324_PV_2,S8,3,0.0
324_PV_2,S8,4,0.0
324_PV_2,S8,5,0.0
324_PV_2,S8,6,0.0
324_PV_2,S8,7,0.0
324_PV_2,S8,8,21.34529224890396
324_PV_2,S8,9,33.40447892218937
324_PV_2,S8,10,32.998032822473526
324_PV_2,S8,11,34.339206428798754
324_PV_2,S8,12,35.635844337310765
324_PV_2,S8,13,35.4120222816345
324_PV_2,S8,14,32.85772007058926
324_PV_2,S8,15,30.92651323634253
324_PV_2,S8,16,22.821164889836933
324_PV_2,S8,17,0.0
324_PV_2,S8,18,0.0
324_PV_2,S8,19,0.0
324_PV_2,S8,20,0.0
324_PV_2,S8,21,0.0
324_PV_2,S8,22,0.0
324_PV_2,S8,23,0.0
324_PV_2,S8,24,0.0
324_PV_2,S9,1,0.0
324_PV_2,S9,2,0.0
324_PV_2,S9,3,0.0
324_PV_2,S9,4,0.0
324_PV_2,S9,5,0.0
324_PV_2,S9,6,20.63440934240589
324_PV_2,S9,7,33.23419158956864
324_PV_2,S9,8,41.25084295929079
324_PV_2,S9,9,42.395735257869525
324_PV_2,S9,10,43.739046882617664
324_PV_2,S9,11,49.60106139968446
324_PV_2,S9,12,45.93311860933162
324_PV_2,S9,13,48.85259879263723
324_PV_2,S9,14,46.242631243456785
324_PV_2,S9,15,44.01538691107309
324_PV_2,S9,16,38.54041322536165
324_PV_2,S9,17,32.18946264283954
324_PV_2,S9,18,18.794744293710586
324_PV_2,S9,19,0.0
324_PV_2,S9,20,0.0
324_PV_2,S9,21,0.0
324_PV_2,S9,22,0.0
324_PV_2,S9,23,0.0
324_PV_2,S9,24,0.0
324_PV_2,S10,1,0.0
324_PV_2,S10,2,0.0
324_PV_2,S10,3,0.0
324_PV_2,S10,4,0.0
324_PV_2,S10,5,0.0
324_PV_2,S10,6,0.0
324_PV_2,S10,7,0.0
324_PV_2,S10,8,27.130674884237738
324_PV_2,S10,9,33.72255760217463
324_PV_2,S10,10,32.02766188165119
324_PV_2,S10,11,34.71087483473478
324_PV_2,S10,12,33.83924407310218
324_PV_2,S10,13,32.25201871111553
324_PV_2,S10,14,32.714016505643556
324_PV_2,S10,15,32.12430555718276
324_PV_2,S10,16,17.484501680033343
324_PV_2,S10,17,0.0
324_PV_2,S10,18,0.0
324_PV_2,S10,19,0.0
324_PV_2,S10,20,0.0
324_PV_2,S10,21,0.0
324_PV_2,S10,22,0.0
324_PV_2,S10,23,0.0
324_PV_2,S10,24,0.0
324_PV_2,S11,1,0.0
324_PV_2,S11,2,0.0
324_PV_2,S11,3,0.0
324_PV_2,S11,4,0.0
324_PV_2,S11,5,0.0
324_PV_2,S11,6,0.0
324_PV_2,S11,7,0.0
324_PV_2,S11,8,25.921326485882307
324_PV_2,S11,9,35.127639252324926
324_PV_2,S11,10,38.95729085496041
324_PV_2,S11,11,43.7319876206115
324_PV_2,S11,12,42.56741066629071
324_PV_2,S11,13,42.90803329631902
324_PV_2,S11,14,39.38532036639005
324_PV_2,S11,15,38.18411079691002
324_PV_2,S11,16,30.639179333102277
324_PV_2,S11,17,13.921938921197064
324_PV_2,S11,18,0.0
324_PV_2,S11,19,0.0
324_PV_2,S11,20,0.0
324_PV_2,S11,21,0.0
324_PV_2,S11,22,0.0
324_PV_2,S11,23,0.0
324_PV_2,S11,24,0.0
324_PV_2,S12,1,0.0
324_PV_2,S12,2,0.0
324_PV_2,S12,3,0.0
324_PV_2,S12,4,0.0
324_PV_2,S12,5,0.0
324_PV_2,S12,6,8.094769315676423
324_PV_2,S12,7,14.275157866703907
324_PV_2,S12,8,19.167373473147762
324_PV_2,S12,9,20.82350312767574
324_PV_2,S12,10,19.383050648856482
324_PV_2,S12,11,12.286236125374822
324_PV_2,S12,12,21.067143709009578
324_PV_2,S12,13,22.48703663318452
324_PV_2,S12,14,17.10226043272309
324_PV_2,S12,15,20.120057483300197
324_PV_2,S12,16,16.857421803248965
324_PV_2,S12,17,12.894200592178276
324_PV_2,S12,18,7.626542456483006
324_PV_2,S12,19,0.0
324_PV_2,S12,20,0.0
324_PV_2,S12,21,0.0
324_PV_2,S12,22,0.0
324_PV_2,S12,23,0.0
324_PV_2,S12,24,0.0
324_PV_3,S1,1,0.0
324_PV_3,S1,2,0.0
324_PV_3,S1,3,0.0
324_PV_3,S1,4,0.0
324_PV_3,S1,5,0.0
324_PV_3,S1,6,11.020130992045702
324_PV_3,S1,7,26.19963426122461
324_PV_3,S1,8,32.39368236539568
324_PV_3,S1,9,33.75578240111658
324_PV_3,S1,10,34.99235912024472
324_PV_3,S1,11,38.2634895714538
324_PV_3,S1,12,35.160847343100514
324_PV_3,S1,13,32.307755158485506
324_PV_3,S1,14,22.385264166229813
324_PV_3,S1,15,0.39907119132187563
324_PV_3,S1,16,34.43368243178708
324_PV_3,S1,17,26.121478785449767
324_PV_3,S1,18,11.699549917851229
324_PV_3,S1,19,0.0
324_PV_3,S1,20,0.0
324_PV_3,S1,21,0.0
324_PV_3,S1,22,0.0
324_PV_3,S1,23,0.0
324_PV_3,S1,24,0.0
324_PV_3,S2,1,0.0
324_PV_3,S2,2,0.0
324_PV_3,S2,3,0.0
324_PV_3,S2,4,0.0
324_PV_3,S2,5,0.0
324_PV_3,S2,6,0.0
324_PV_3,S2,7,0.0
324_PV_3,S2,8,26.31746837638549
324_PV_3,S2,9,35.41759067183255
324_PV_3,S2,10,40.688870222253264
324_PV_3,S2,11,40.59959405649987
324_PV_3,S2,12,37.376580162375184
324_PV_3,S2,13,37.04851312533552
324_PV_3,S2,14,37.22464402503728
324_PV_3,S2,15,32.03603692782616
324_PV_3,S2,16,22.030885738267898
324_PV_3,S2,17,0.0
324_PV_3,S2,18,0.0
324_PV_3,S2,19,0.0
324_PV_3,S2,20,0.0
324_PV_3,S2,21,0.0
324_PV_3,S2,22,0.0
324_PV_3,S2,23,0.0
324_PV_3,S2,24,0.0
324_PV_3,S3,1,0.0
324_PV_3,S3,2,0.0
324_PV_3,S3,3,0.0
324_PV_3,S3,4,0.0
324_PV_3,S3,5,0.0
324_PV_3,S3,6,0.0
324_PV_3,S3,7,27.928136977996527
324_PV_3,S3,8,35.11571159905294
324_PV_3,S3,9,39.73805213375593
324_PV_3,S3,10,42.58521854730403
324_PV_3,S3,11,38.37988628523089
324_PV_3,S3,12,41.0162238785808
324_PV_3,S3,13,43.97528947767326
324_PV_3,S3,14,42.284462397952716
324_PV_3,S3,15,41.30692125663898
324_PV_3,S3,16,36.63166371201625
324_PV_3,S3,17,29.42616836871094
324_PV_3,S3,18,3.216337121704665
324_PV_3,S3,19,0.0
324_PV_3,S3,20,0.0
324_PV_3,S3,21,0.0
324_PV_3,S3,22,0.0
324_PV_3,S3,23,0.0
324_PV_3,S3,24,0.0
324_PV_3,S4,1,0.0
324_PV_3,S4,2,0.0
324_PV_3,S4,3,0.0
324_PV_3,S4,4,0.0
324_PV_3,S4,5,0.0
324_PV_3,S4,6,0.0
324_PV_3,S4,7,25.479530142994307
324_PV_3,S4,8,34.172320521180126
324_PV_3,S4,9,37.041396239315795
324_PV_3,S4,10,41.44555482036069
324_PV_3,S4,11,41.965885011000154
324_PV_3,S4,12,41.31735802666236
324_PV_3,S4,13,38.67370277937595
324_PV_3,S4,14,41.35115395025209
324_PV_3,S4,15,41.5601453200611
324_PV_3,S4,16,34.7036588724276
324_PV_3,S4,17,25.986133987990797
324_PV_3,S4,18,0.0
324_PV_3,S4,19,0.0
324_PV_3,S4,20,0.0
324_PV_3,S4,21,0.0
324_PV_3,S4,22,0.0
324_PV_3,S4,23,0.0
324_PV_3,S4,24,0.0
324_PV_3,S5,1,0.0
324_PV_3,S5,2,0.0
324_PV_3,S5,3,0.0
324_PV_3,S5,4,0.0
324_PV_3,S5,5,0.0
324_PV_3,S5,6,0.0
324_PV_3,S5,7,0.0
324_PV_3,S5,8,27.715261317607272
324_PV_3,S5,9,35.62345525607036
324_PV_3,S5,10,37.55637686176631
324_PV_3,S5,11,41.924829572326246
324_PV_3,S5,12,38.93999986092424
324_PV_3,S5,13,40.17847915670013
324_PV_3,S5,14,36.818225851513624
324_PV_3,S5,15,33.21191276654149
324_PV_3,S5,16,18.967766833033583
324_PV_3,S5,17,0.0
324_PV_3,S5,18,0.0
324_PV_3,S5,19,0.0
324_PV_3,S5,20,0.0
324_PV_3,S5,21,0.0
324_PV_3,S5,22,0.0
324_PV_3,S5,23,0.0
324_PV_3,S5,24,0.0
324_PV_3,S6,1,0.0
324_PV_3,S6,2,0.0
324_PV_3,S6,3,0.0
324_PV_3,S6,4,0.0
324_PV_3,S6,5,0.0
324_PV_3,S6,6,5.791500386761635
324_PV_3,S6,7,7.873829555463774
324_PV_3,S6,8,14.356337778401317
324_PV_3,S6,9,16.084086419402265
324_PV_3,S6,10,17.268317239208375
324_PV_3,S6,11,19.24012087847734
324_PV_3,S6,12,19.793900041140834
324_PV_3,S6,13,18.800053568562813
324_PV_3,S6,14,19.330903207118855
324_PV_3,S6,15,17.33591404300322
324_PV_3,S6,16,20.33503855057549
324_PV_3,S6,17,16.787050170784333
324_PV_3,S6,18,10.895244959604714
324_PV_3,S6,19,0.0
324_PV_3,S6,20,0.0
324_PV_3,S6,21,0.0
324_PV_3,S6,22,0.0
324_PV_3,S6,23,0.0
324_PV_3,S6,24,0.0
324_PV_3,S7,1,0.0
324_PV_3,S7,2,0.0
324_PV_3,S7,3,0.0
324_PV_3,S7,4,0.0
324_PV_3,S7,5,0.0
324_PV_3,S7,6,0.0
324_PV_3,S7,7,25.031682995228444
324_PV_3,S7,8,31.347165802131787
324_PV_3,S7,9,37.2167357707228
324_PV_3,S7,10,40.12401518705912
324_PV_3,S7,11,39.736504595486025
324_PV_3,S7,12,36.64928083126362
324_PV_3,S7,13,37.762099419010404
324_PV_3,S7,14,36.80634924098192
324_PV_3,S7,15,33.985016058500754
324_PV_3,S7,16,31.85396223363521
324_PV_3,S7,17,22.954126372606304
324_PV_3,S7,18,0.0
324_PV_3,S7,19,0.0
324_PV_3,S7,20,0.0
324_PV_3,S7,21,0.0
324_PV_3,S7,22,0.0
324_PV_3,S7,23,0.0
324_PV_3,S7,24,0.0
324_PV_3,S8,1,0.0
324_PV_3,S8,2,0.0
324_PV_3,S8,3,0.0
324_PV_3,S8,4,0.0
324_PV_3,S8,5,0.0
324_PV_3,S8,6,0.0
324_PV_3,S8,7,0.0
324_PV_3,S8,8,22.345706492060284
324_PV_3,S8,9,33.24542752356715
324_PV_3,S8,10,35.44522791407317
324_PV_3,S8,11,34.97291640998011
324_PV_3,S8,12,34.22747493702595
324_PV_3,S8,13,35.842320405696725
324_PV_3,S8,14,32.14158984202123
324_PV_3,S8,15,29.966010142795454
324_PV_3,S8,16,21.671440169677673
324_PV_3,S8,17,0.0
324_PV_3,S8,18,0.0
324_PV_3,S8,19,0.0
324_PV_3,S8,20,0.0
324_PV_3,S8,21,0.0
324_PV_3,S8,22,0.0
324_PV_3,S8,23,0.0
324_PV_3,S8,24,0.0
324_PV_3,S9,1,0.0
324_PV_3,S9,2,0.0
324_PV_3,S9,3,0.0
324_PV_3,S9,4,0.0
324_PV_3,S9,5,0.0
324_PV_3,S9,6,20.21340025813826
324_PV_3,S9,7,32.63805461856007
324_PV_3,S9,8,39.56921351868758
324_PV_3,S9,9,42.027512014801665
324_PV_3,S9,10,44.43597214151547
324_PV_3,S9,11,49.087843589935176
324_PV_3,S9,12,46.14413079620996
324_PV_3,S9,13,48.626542276361796
324_PV_3,S9,14,44.51191099137554
324_PV_3,S9,15,43.777209299020704
324_PV_3,S9,16,39.103954093334934
324_PV_3,S9,17,31.900126741596402
324_PV_3,S9,18,19.042510211164373
324_PV_3,S9,19,0.0
324_PV_3,S9,20,0.0
324_PV_3,S9,21,0.0
324_PV_3,S9,22,0.0
324_PV_3,S9,23,0.0
324_PV_3,S9,24,0.0
324_PV_3,S10,1,0.0
324_PV_3,S10,2,0.0
324_PV_3,S10,3,0.0
324_PV_3,S10,4,0.0
324_PV_3,S10,5,0.0
324_PV_3,S10,6,0.0
324_PV_3,S10,7,0.0
324_PV_3,S10,8,28.19999508938649
324_PV_3,S10,9,31.476836825574285
324_PV_3,S10,10,34.307237523122176
324_PV_3,S10,11,32.071013420802515
324_PV_3,S10,12,33.97036391667885
324_PV_3,S10,13,32.003732649286036
324_PV_3,S10,14,31.06208347608937
324_PV_3,S10,15,32.180003744894535
324_PV_3,S10,16,18.266024751109
324_PV_3,S10,17,0.0
324_PV_3,S10,18,0.0
324_PV_3,S10,19,0.0
324_PV_3,S10,20,0.0
324_PV_3,S10,21,0.0
324_PV_3,S10,22,0.0
324_PV_3,S10,23,0.0
324_PV_3,S10,24,0.0
324_PV_3,S11,1,0.0
324_PV_3,S11,2,0.0
324_PV_3,S11,3,0.0
324_PV_3,S11,4,0.0
324_PV_3,S11,5,0.0
324_PV_3,S11,6,0.0
324_PV_3,S11,7,0.0
324_PV_3,S11,8,25.811411928454543
324_PV_3,S11,9,34.82176736915876
324_PV_3,S11,10,36.767020104729106
324_PV_3,S11,11,40.72604798473464
324_PV_3,S11,12,42.51260704244605
324_PV_3,S11,13,43.0847925991416
324_PV_3,S11,14,42.79353173507935
324_PV_3,S11,15,36.31108477592901
324_PV_3,S11,16,29.735190086034713
324_PV_3,S11,17,13.79106816128022
324_PV_3,S11,18,0.0
324_PV_3,S11,19,0.0
324_PV_3,S11,20,0.0
324_PV_3,S11,21,0.0
324_PV_3,S11,22,0.0
324_PV_3,S11,23,0.0
324_PV_3,S11,24,0.0
324_PV_3,S12,1,0.0
324_PV_3,S12,2,0.0
324_PV_3,S12,3,0.0
324_PV_3,S12,4,0.0
324_PV_3,S12,5,0.0
324_PV_3,S12,6,8.486809537082904
324_PV_3,S12,7,14.948418029798418
324_PV_3,S12,8,18.529564746157206
324_PV_3,S12,9,20.637694349647106
324_PV_3,S12,10,19.183755132025702
324_PV_3,S12,11,12.461441430761424
324_PV_3,S12,12,20.90034136757486
324_PV_3,S12,13,22.026341071429705
324_PV_3,S12,14,17.1822405280558
324_PV_3,S12,15,21.915908479764784
324_PV_3,S12,16,16.74604645219435
324_PV_3,S12,17,13.007247545830305
324_PV_3,S12,18,8.371829524804296
324_PV_3,S12,19,0.0
324_PV_3,S12,20,0.0
324_PV_3,S12,21,0.0
324_PV_3,S12,22,0.0
324_PV_3,S12,23,0.0
324_PV_3,S12,24,0.0
113_PV_1,S1,1,0.0
113_PV_1,S1,2,0.0
113_PV_1,S1,3,0.0
113_PV_1,S1,4,0.0
113_PV_1,S1,5,0.0
113_PV_1,S1,6,22.0688563959826
113_PV_1,S1,7,42.65724372166861
113_PV_1,S1,8,56.783997774705064
113_PV_1,S1,9,67.29771367141926
113_PV_1,S1,10,68.32188553563414
113_PV_1,S1,11,68.51110886859952
113_PV_1,S1,12,62.98869067502668
113_PV_1,S1,13,67.71111065820008
113_PV_1,S1,14,67.75608401393356
113_PV_1,S1,15,61.341331080833626
113_PV_1,S1,16,25.474600369469993
113_PV_1,S1,17,9.263527054958937
113_PV_1,S1,18,0.0
113_PV_1,S1,19,0.0
113_PV_1,S1,20,0.0
113_PV_1,S1,21,0.0
113_PV_1,S1,22,0.0
113_PV_1,S1,23,0.0
113_PV_1,S1,24,0.0
113_PV_1,S2,1,0.0
113_PV_1,S2,2,0.0
113_PV_1,S2,3,0.0
113_PV_1,S2,4,0.0
113_PV_1,S2,5,0.0
113_PV_1,S2,6,0.0
113_PV_1,S2,7,0.0
113_PV_1,S2,8,56.10662272459874
113_PV_1,S2,9,65.47728341780324
113_PV_1,S2,10,72.15391279480035
113_PV_1,S2,11,73.38716133955973
113_PV_1,S2,12,73.7322183692863
113_PV_1,S2,13,71.54691435686232
113_PV_1,S2,14,64.39991211865983
113_PV_1,S2,15,55.76831234606187
113_PV_1,S2,16,29.264026472578237
113_PV_1,S2,17,0.0
113_PV_1,S2,18,0.0
113_PV_1,S2,19,0.0
113_PV_1,S2,20,0.0
113_PV_1,S2,21,0.0
113_PV_1,S2,22,0.0
113_PV_1,S2,23,0.0
113_PV_1,S2,24,0.0
113_PV_1,S3,1,0.0
113_PV_1,S3,2,0.0
113_PV_1,S3,3,0.0
113_PV_1,S3,4,0.0
113_PV_1,S3,5,0.0
113_PV_1,S3,6,12.964487132211424
113_PV_1,S3,7,47.521857664114115
113_PV_1,S3,8,69.25260660118384
113_PV_1,S3,9,75.3779655411675
113_PV_1,S3,10,75.08267808281228
113_PV_1,S3,11,77.51239054473449
113_PV_1,S3,12,74.23760257740496
113_PV_1,S3,13,77.26377196491353
113_PV_1,S3,14,74.65864320404128
113_PV_1,S3,15,73.1169298392568
113_PV_1,S3,16,63.888205016528275
113_PV_1,S3,17,33.9529158586574
113_PV_1,S3,18,0.0
113_PV_1,S3,19,0.0
113_PV_1,S3,20,0.0
113_PV_1,S3,21,0.0
113_PV_1,S3,22,0.0
113_PV_1,S3,23,0.0
113_PV_1,S3,24,0.0
113_PV_1,S4,1,0.0
113_PV_1,S4,2,0.0
113_PV_1,S4,3,0.0
113_PV_1,S4,4,0.0
113_PV_1,S4,5,0.0
113_PV_1,S4,6,0.0
113_PV_1,S4,7,53.60507480866122
113_PV_1,S4,8,72.12726285651554
113_PV_1,S4,9,76.40452039354972
113_PV_1,S4,10,81.71047994847102
113_PV_1,S4,11,83.91232945068454
113_PV_1,S4,12,81.98752678556278
113_PV_1,S4,13,80.77102043211258
113_PV_1,S4,14,78.96699220363182
113_PV_1,S4,15,69.40114819103027
113_PV_1,S4,16,64.06810948494405
113_PV_1,S4,17,37.43383792051968
113_PV_1,S4,18,0.0
113_PV_1,S4,19,0.0
113_PV_1,S4,20,0.0
113_PV_1,S4,21,0.0
113_PV_1,S4,22,0.0
113_PV_1,S4,23,0.0
113_PV_1,S4,24,0.0
113_PV_1,S5,1,0.0
113_PV_1,S5,2,0.0
113_PV_1,S5,3,0.0
113_PV_1,S5,4,0.0
113_PV_1,S5,5,0.0
113_PV_1,S5,6,0.0
113_PV_1,S5,7,23.073804735116287
113_PV_1,S5,8,52.16204789004639
113_PV_1,S5,9,57.437583327631486
113_PV_1,S5,10,40.69433677144132
113_PV_1,S5,11,61.3484234602324
113_PV_1,S5,12,72.7628491139651
113_PV_1,S5,13,68.91185913297507
113_PV_1,S5,14,64.31055167140933
113_PV_1,S5,15,53.05977544961818
113_PV_1,S5,16,17.927426380292957
113_PV_1,S5,17,0.0
113_PV_1,S5,18,0.0
113_PV_1,S5,19,0.0
113_PV_1,S5,20,0.0
113_PV_1,S5,21,0.0
113_PV_1,S5,22,0.0
113_PV_1,S5,23,0.0
113_PV_1,S5,24,0.0
113_PV_1,S6,1,0.0
113_PV_1,S6,2,0.0
113_PV_1,S6,3,0.0
113_PV_1,S6,4,0.0
113_PV_1,S6,5,0.0
113_PV_1,S6,6,17.25767548932121
113_PV_1,S6,7,29.860082503203632
113_PV_1,S6,8,35.29792279947793
113_PV_1,S6,9,39.065742464764405
113_PV_1,S6,10,38.43186508090146
113_PV_1,S6,11,41.03810742360685
113_PV_1,S6,12,40.44077150313722
113_PV_1,S6,13,36.3454022093197
113_PV_1,S6,14,34.60655908761807
113_PV_1,S6,15,30.035817840434955
113_PV_1,S6,16,32.24160232439148
113_PV_1,S6,17,25.361662038949145
113_PV_1,S6,18,9.508705524987157
113_PV_1,S6,19,0.0
113_PV_1,S6,20,0.0
113_PV_1,S6,21,0.0
113_PV_1,S6,22,0.0
113_PV_1,S6,23,0.0
113_PV_1,S6,24,0.0
113_PV_1,S7,1,0.0
113_PV_1,S7,2,0.0
113_PV_1,S7,3,0.0
113_PV_1,S7,4,0.0
113_PV_1,S7,5,0.0
113_PV_1,S7,6,14.033460499351563
113_PV_1,S7,7,50.14921318393663
113_PV_1,S7,8,65.14378463227358
113_PV_1,S7,9,77.75737575329212
113_PV_1,S7,10,79.52926761734437
113_PV_1,S7,11,80.91995612514688
113_PV_1,S7,12,72.62243782111919
113_PV_1,S7,13,72.69861945855047
113_PV_1,S7,14,74.45599217239973
113_PV_1,S7,15,65.8020492416831
113_PV_1,S7,16,57.907552549175016
113_PV_1,S7,17,21.418005711493205
113_PV_1,S7,18,0.0
113_PV_1,S7,19,0.0
113_PV_1,S7,20,0.0
113_PV_1,S7,21,0.0
113_PV_1,S7,22,0.0
113_PV_1,S7,23,0.0
113_PV_1,S7,24,0.0
113_PV_1,S8,1,0.0
113_PV_1,S8,2,0.0
113_PV_1,S8,3,0.0
113_PV_1,S8,4,0.0
113_PV_1,S8,5,0.0
113_PV_1,S8,6,0.0
113_PV_1,S8,7,0.0
113_PV_1,S8,8,51.726089906470335
113_PV_1,S8,9,67.35988615833034
113_PV_1,S8,10,70.57238938248516
113_PV_1,S8,11,69.81006106465694
113_PV_1,S8,12,69.85847648217879
113_PV_1,S8,13,63.97498397662685
113_PV_1,S8,14,62.410112218517895
113_PV_1,S8,15,62.48757497067581
113_PV_1,S8,16,35.02669419407994
113_PV_1,S8,17,0.0
113_PV_1,S8,18,0.0
113_PV_1,S8,19,0.0
113_PV_1,S8,20,0.0
113_PV_1,S8,21,0.0
113_PV_1,S8,22,0.0
113_PV_1,S8,23,0.0
113_PV_1,S8,24,0.0
113_PV_1,S9,1,0.0
113_PV_1,S9,2,0.0
113_PV_1,S9,3,0.0
113_PV_1,S9,4,0.0
113_PV_1,S9,5,0.0
113_PV_1,S9,6,33.68796858571493
113_PV_1,S9,7,54.45657180097543
113_PV_1,S9,8,66.02334110331616
113_PV_1,S9,9,78.36448177486548
113_PV_1,S9,10,76.70497425012863
113_PV_1,S9,11,81.05860193268629
113_PV_1,S9,12,79.31385667119352
113_PV_1,S9,13,83.15790508368775
113_PV_1,S9,14,75.12376390189718
113_PV_1,S9,15,75.98415482008073
113_PV_1,S9,16,51.052380333381585
113_PV_1,S9,17,35.633016932099565
113_PV_1,S9,18,4.630622110734439
113_PV_1,S9,19,0.0
113_PV_1,S9,20,0.0
113_PV_1,S9,21,0.0
113_PV_1,S9,22,0.0
113_PV_1,S9,23,0.0
113_PV_1,S9,24,0.0
113_PV_1,S10,1,0.0
113_PV_1,S10,2,0.0
113_PV_1,S10,3,0.0
113_PV_1,S10,4,0.0
113_PV_1,S10,5,0.0
113_PV_1,S10,6,0.0
113_PV_1,S10,7,12.142746288626991
113_PV_1,S10,8,41.79991281101028
113_PV_1,S10,9,48.213139519950374
113_PV_1,S10,10,59.73781909256341
113_PV_1,S10,11,63.143925968638804
113_PV_1,S10,12,63.78104614390477
113_PV_1,S10,13,68.01504498891042
113_PV_1,S10,14,63.364591710970764
113_PV_1,S10,15,49.54341039767273
113_PV_1,S10,16,22.393551111814972
113_PV_1,S10,17,0.0
113_PV_1,S10,18,0.0
113_PV_1,S10,19,0.0
113_PV_1,S10,20,0.0
113_PV_1,S10,21,0.0
113_PV_1,S10,22,0.0
113_PV_1,S10,23,0.0
113_PV_1,S10,24,0.0
113_PV_1,S11,1,0.0
113_PV_1,S11,2,0.0
113_PV_1,S11,3,0.0
113_PV_1,S11,4,0.0
113_PV_1,S11,5,0.0
113_PV_1,S11,6,0.0
113_PV_1,S11,7,0.0
113_PV_1,S11,8,49.734194695269494
113_PV_1,S11,9,60.773035662794356
113_PV_1,S11,10,65.61952496438697
113_PV_1,S11,11,70.40019498967361
113_PV_1,S11,12,72.48853340496333
113_PV_1,S11,13,70.85837208742444
113_PV_1,S11,14,69.63605515518051
113_PV_1,S11,15,66.67703949411097
113_PV_1,S11,16,46.054217629831804
113_PV_1,S11,17,0.0
113_PV_1,S11,18,0.0
113_PV_1,S11,19,0.0
113_PV_1,S11,20,0.0
113_PV_1,S11,21,0.0
113_PV_1,S11,22,0.0
113_PV_1,S11,23,0.0
113_PV_1,S11,24,0.0
113_PV_1,S12,1,0.0
113_PV_1,S12,2,0.0
113_PV_1,S12,3,0.0
113_PV_1,S12,4,0.0
113_PV_1,S12,5,0.0
113_PV_1,S12,6,0.0
113_PV_1,S12,7,12.384069471200883
113_PV_1,S12,8,15.787074308400154
113_PV_1,S12,9,21.998479117972316
113_PV_1,S12,10,26.196609484950624
113_PV_1,S12,11,27.187410643489173
113_PV_1,S12,12,31.29595336242825
113_PV_1,S12,13,32.82185928609571
113_PV_1,S12,14,33.10434975627993
113_PV_1,S12,15,32.80085968350415
113_PV_1,S12,16,23.36666072102375
113_PV_1,S12,17,11.058379005018974
113_PV_1,S12,18,0.22838003620373443
113_PV_1,S12,19,0.0
113_PV_1,S12,20,0.0
113_PV_1,S12,21,0.0
113_PV_1,S12,22,0.0
113_PV_1,S12,23,0.0
113_PV_1,S12,24,0.0
319_PV_1,S1,1,0.0
319_PV_1,S1,2,0.0
319_PV_1,S1,3,0.0
319_PV_1,S1,4,0.0
319_PV_1,S1,5,0.0
319_PV_1,S1,6,37.03932549798485
319_PV_1,S1,7,95.2142827541647
319_PV_1,S1,8,121.57102155102065
319_PV_1,S1,9,132.36024719947613
319_PV_1,S1,10,142.66122096840317
319_PV_1,S1,11,132.7024815181708
319_PV_1,S1,12,124.84248245814037
319_PV_1,S1,13,7.738178758963059
319_PV_1,S1,14,103.02507952085158
319_PV_1,S1,15,78.06250020449734
319_PV_1,S1,16,98.26908289550435
319_PV_1,S1,17,73.90299133315197
319_PV_1,S1,18,5.925475297554513
319_PV_1,S1,19,0.0
319_PV_1,S1,20,0.0
319_PV_1,S1,21,0.0
319_PV_1,S1,22,0.0
319_PV_1,S1,23,0.0
319_PV_1,S1,24,0.0
319_PV_1,S2,1,0.0
319_PV_1,S2,2,0.0
319_PV_1,S2,3,0.0
319_PV_1,S2,4,0.0
319_PV_1,S2,5,0.0
319_PV_1,S2,6,0.0
319_PV_1,S2,7,0.0
319_PV_1,S2,8,101.36312467034999
319_PV_1,S2,9,133.04389350193767
319_PV_1,S2,10,150.74011816185663
319_PV_1,S2,11,151.8102182157462
319_PV_1,S2,12,147.23911922874683
319_PV_1,S2,13,150.7815042616312
319_PV_1,S2,14,144.23828899785883
319_PV_1,S2,15,125.99294668176168
319_PV_1,S2,16,74.84438732140741
319_PV_1,S2,17,0.0
319_PV_1,S2,18,0.0
319_PV_1,S2,19,0.0
319_PV_1,S2,20,0.0
319_PV_1,S2,21,0.0
319_PV_1,S2,22,0.0
319_PV_1,S2,23,0.0
319_PV_1,S2,24,0.0
319_PV_1,S3,1,0.0
319_PV_1,S3,2,0.0
319_PV_1,S3,3,0.0
319_PV_1,S3,4,0.0
319_PV_1,S3,5,0.0
319_PV_1,S3,6,27.194684467047423
319_PV_1,S3,7,100.70200927330671
319_PV_1,S3,8,139.98097248773493
319_PV_1,S3,9,154.62440560478802
319_PV_1,S3,10,159.96543577566507
319_PV_1,S3,11,164.59970135169422
319_PV_1,S3,12,156.9405571919306
319_PV_1,S3,13,150.2344476166976
319_PV_1,S3,14,141.6199543492998
319_PV_1,S3,15,141.13702792986803
319_PV_1,S3,16,139.3989782616686
319_PV_1,S3,17,98.2978359319818
319_PV_1,S3,18,0.0
319_PV_1,S3,19,0.0
319_PV_1,S3,20,0.0
319_PV_1,S3,21,0.0
319_PV_1,S3,22,0.0
319_PV_1,S3,23,0.0
319_PV_1,S3,24,0.0
319_PV_1,S4,1,0.0
319_PV_1,S4,2,0.0
319_PV_1,S4,3,0.0
319_PV_1,S4,4,0.0
319_PV_1,S4,5,0.0
319_PV_1,S4,6,0.0
319_PV_1,S4,7,105.2180641681544
319_PV_1,S4,8,137.11815295702792
319_PV_1,S4,9,152.7976121031841
319_PV_1,S4,10,157.90951417565327
319_PV_1,S4,11,170.5711008937307
319_PV_1,S4,12,160.6997974315744
319_PV_1,S4,13,163.8547132741455
319_PV_1,S4,14,154.18738978795102
319_PV_1,S4,15,150.81675079843023
319_PV_1,S4,16,129.97661563791314
319_PV_1,S4,17,87.04321564385381
319_PV_1,S4,18,0.0
319_PV_1,S4,19,0.0
319_PV_1,S4,20,0.0
319_PV_1,S4,21,0.0
319_PV_1,S4,22,0.0
319_PV_1,S4,23,0.0
319_PV_1,S4,24,0.0
319_PV_1,S5,1,0.0
319_PV_1,S5,2,0.0
319_PV_1,S5,3,0.0
319_PV_1,S5,4,0.0
319_PV_1,S5,5,0.0
319_PV_1,S5,6,0.0
319_PV_1,S5,7,0.0
319_PV_1,S5,8,124.61626780011942
319_PV_1,S5,9,137.77634644419754
319_PV_1,S5,10,148.69056037265625
319_PV_1,S5,11,159.83082076553728
319_PV_1,S5,12,162.23999084307223
319_PV_1,S5,13,158.49987505685266
319_PV_1,S5,14,149.57138866078736
319_PV_1,S5,15,122.09761512433445
319_PV_1,S5,16,72.47992888587031
319_PV_1,S5,17,0.0
319_PV_1,S5,18,0.0
319_PV_1,S5,19,0.0
319_PV_1,S5,20,0.0
319_PV_1,S5,21,0.0
319_PV_1,S5,22,0.0
319_PV_1,S5,23,0.0
319_PV_1,S5,24,0.0
319_PV_1,S6,1,0.0
319_PV_1,S6,2,0.0
319_PV_1,S6,3,0.0
319_PV_1,S6,4,0.0
319_PV_1,S6,5,0.0
319_PV_1,S6,6,31.936858525028068
319_PV_1,S6,7,57.98997617855173
319_PV_1,S6,8,70.88553294658676
319_PV_1,S6,9,78.04045328405299
319_PV_1,S6,10,77.3834511396524
319_PV_1,S6,11,77.65525448008613
319_PV_1,S6,12,80.11891831362188
319_PV_1,S6,13,74.1275860350462
319_PV_1,S6,14,80.83445626251306
319_PV_1,S6,15,77.82230544460803
319_PV_1,S6,16,69.05649106941125
319_PV_1,S6,17,59.29476997215523
319_PV_1,S6,18,33.553026323366005
319_PV_1,S6,19,0.0
319_PV_1,S6,20,0.0
319_PV_1,S6,21,0.0
319_PV_1,S6,22,0.0
319_PV_1,S6,23,0.0
319_PV_1,S6,24,0.0
319_PV_1,S7,1,0.0
319_PV_1,S7,2,0.0
319_PV_1,S7,3,0.0
319_PV_1,S7,4,0.0
319_PV_1,S7,5,0.0
319_PV_1,S7,6,0.0
319_PV_1,S7,7,109.10208073313342
319_PV_1,S7,8,122.63906299140919
319_PV_1,S7,9,141.5739266254541
319_PV_1,S7,10,144.1168230343352
319_PV_1,S7,11,153.4538096784437
319_PV_1,S7,12,151.05226021116889
319_PV_1,S7,13,151.37680867277078
319_PV_1,S7,14,147.29708399385802
319_PV_1,S7,15,133.6132977862631
319_PV_1,S7,16,112.18969031584031
319_PV_1,S7,17,70.40139322341126
319_PV_1,S7,18,0.0
319_PV_1,S7,19,0.0
319_PV_1,S7,20,0.0
319_PV_1,S7,21,0.0
319_PV_1,S7,22,0.0
319_PV_1,S7,23,0.0
319_PV_1,S7,24,0.0
319_PV_1,S8,1,0.0
319_PV_1,S8,2,0.0
319_PV_1,S8,3,0.0
319_PV_1,S8,4,0.0
319_PV_1,S8,5,0.0
319_PV_1,S8,6,0.0
319_PV_1,S8,7,0.0
319_PV_1,S8,8,103.69325481359071
319_PV_1,S8,9,137.10629378027065
319_PV_1,S8,10,142.8041409567798
319_PV_1,S8,11,130.46944194285408
319_PV_1,S8,12,137.10618523607693
319_PV_1,S8,13,132.56183452956432
319_PV_1,S8,14,121.80183235941222
319_PV_1,S8,15,117.2752778541233
319_PV_1,S8,16,81.90131760278287
319_PV_1,S8,17,0.0
319_PV_1,S8,18,0.0
319_PV_1,S8,19,0.0
319_PV_1,S8,20,0.0
319_PV_1,S8,21,0.0
319_PV_1,S8,22,0.0
319_PV_1,S8,23,0.0
319_PV_1,S8,24,0.0
319_PV_1,S9,1,0.0
319_PV_1,S9,2,0.0
319_PV_1,S9,3,0.0
319_PV_1,S9,4,0.0
319_PV_1,S9,5,0.0
319_PV_1,S9,6,19.860487058134098
319_PV_1,S9,7,92.74984609092333
319_PV_1,S9,8,135.7730481159875
319_PV_1,S9,9,144.99916010198388
319_PV_1,S9,10,141.83710644681352
319_PV_1,S9,11,164.0198820517603
319_PV_1,S9,12,175.4232738728819
319_PV_1,S9,13,165.59184018134206
319_PV_1,S9,14,171.07150871822262
319_PV_1,S9,15,150.9655192953238
319_PV_1,S9,16,135.79256023492312
319_PV_1,S9,17,109.75464418976924
319_PV_1,S9,18,53.40171183056813
319_PV_1,S9,19,0.0
319_PV_1,S9,20,0.0
319_PV_1,S9,21,0.0
319_PV_1,S9,22,0.0
319_PV_1,S9,23,0.0
319_PV_1,S9,24,0.0
319_PV_1,S10,1,0.0
319_PV_1,S10,2,0.0
319_PV_1,S10,3,0.0
319_PV_1,S10,4,0.0
319_PV_1,S10,5,0.0
319_PV_1,S10,6,0.0
319_PV_1,S10,7,0.0
319_PV_1,S10,8,125.41449427956249
319_PV_1,S10,9,142.80752896682418
319_PV_1,S10,10,145.16070431083673
319_PV_1,S10,11,149.46688573331488
319_PV_1,S10,12,135.06992558238892
319_PV_1,S10,13,125.28260091564675
319_PV_1,S10,14,131.55296538769542
319_PV_1,S10,15,114.18541138327109
319_PV_1,S10,16,68.83122032390236
319_PV_1,S10,17,0.0
319_PV_1,S10,18,0.0
319_PV_1,S10,19,0.0
319_PV_1,S10,20,0.0
319_PV_1,S10,21,0.0
319_PV_1,S10,22,0.0
319_PV_1,S10,23,0.0
319_PV_1,S10,24,0.0
319_PV_1,S11,1,0.0
319_PV_1,S11,2,0.0
319_PV_1,S11,3,0.0
319_PV_1,S11,4,0.0
319_PV_1,S11,5,0.0
319_PV_1,S11,6,0.0
319_PV_1,S11,7,0.0
319_PV_1,S11,8,109.39689176204836
319_PV_1,S11,9,141.07903699788199
319_PV_1,S11,10,147.2232942285308
319_PV_1,S11,11,164.32016149580068
319_PV_1,S11,12,164.20705891853964
319_PV_1,S11,13,162.7882856632047
319_PV_1,S11,14,151.04850814577853
319_PV_1,S11,15,152.78073978373897
319_PV_1,S11,16,112.18662261301583
319_PV_1,S11,17,34.34804271700069
319_PV_1,S11,18,0.0
319_PV_1,S11,19,0.0
319_PV_1,S11,20,0.0
319_PV_1,S11,21,0.0
319_PV_1,S11,22,0.0
319_PV_1,S11,23,0.0
319_PV_1,S11,24,0.0
319_PV_1,S12,1,0.0
319_PV_1,S12,2,0.0
319_PV_1,S12,3,0.0
319_PV_1,S12,4,0.0
319_PV_1,S12,5,0.0
319_PV_1,S12,6,29.220114659074152
319_PV_1,S12,7,44.32969876025949
319_PV_1,S12,8,40.32488684034064
319_PV_1,S12,9,50.291389731112126
319_PV_1,S12,10,78.84604272920944
319_PV_1,S12,11,60.429522844911595
319_PV_1,S12,12,30.3970028728416
319_PV_1,S12,13,55.69223527098524
319_PV_1,S12,14,41.081313926447635
319_PV_1,S12,15,1.2923338710523176
319_PV_1,S12,16,16.044991021060223
319_PV_1,S12,17,39.762837385706405
319_PV_1,S12,18,15.126638236630413
319_PV_1,S12,19,0.0
319_PV_1,S12,20,0.0
319_PV_1,S12,21,0.0
319_PV_1,S12,22,0.0
319_PV_1,S12,23,0.0
319_PV_1,S12,24,0.0
215_PV_1,S1,1,0.0
215_PV_1,S1,2,0.0
215_PV_1,S1,3,0.0
215_PV_1,S1,4,0.0
215_PV_1,S1,5,0.0
215_PV_1,S1,6,35.383020034375356
215_PV_1,S1,7,68.94518340191605
215_PV_1,S1,8,82.90098655388448
215_PV_1,S1,9,85.7096828843496
215_PV_1,S1,10,88.8477171767766
215_PV_1,S1,11,87.7593043186292
215_PV_1,S1,12,78.9746677030418
215_PV_1,S1,13,76.34892357477621
215_PV_1,S1,14,63.3930392460604
215_PV_1,S1,15,32.69821958725746
215_PV_1,S1,16,76.075131697744
215_PV_1,S1,17,54.17249960175866
215_PV_1,S1,18,0.0
215_PV_1,S1,19,0.0
215_PV_1,S1,20,0.0
215_PV_1,S1,21,0.0
215_PV_1,S1,22,0.0
215_PV_1,S1,23,0.0
215_PV_1,S1,24,0.0
215_PV_1,S2,1,0.0
215_PV_1,S2,2,0.0
215_PV_1,S2,3,0.0
215_PV_1,S2,4,0.0
215_PV_1,S2,5,0.0
215_PV_1,S2,6,0.0
215_PV_1,S2,7,0.0
215_PV_1,S2,8,73.8804316184363
215_PV_1,S2,9,87.10740273968203
215_PV_1,S2,10,88.17551234853097
215_PV_1,S2,11,92.50399747380608
215_PV_1,S2,12,88.72413288886753
215_PV_1,S2,13,88.20429454329026
215_PV_1,S2,14,90.74478171091864
215_PV_1,S2,15,77.18606663603083
215_PV_1,S2,16,33.116864059347094
215_PV_1,S2,17,0.0
215_PV_1,S2,18,0.0
215_PV_1,S2,19,0.0
215_PV_1,S2,20,0.0
215_PV_1,S2,21,0.0
215_PV_1,S2,22,0.0
215_PV_1,S2,23,0.0
215_PV_1,S2,24,0.0
215_PV_1,S3,1,0.0
215_PV_1,S3,2,0.0
215_PV_1,S3,3,0.0
215_PV_1,S3,4,0.0
215_PV_1,S3,5,0.0
215_PV_1,S3,6,26.17875904589014
215_PV_1,S3,7,71.24005537501
215_PV_1,S3,8,84.31275803112952
215_PV_1,S3,9,93.66318804852398
215_PV_1,S3,10,101.32661041437851
215_PV_1,S3,11,102.29024468763195
215_PV_1,S3,12,99.09768338043541
215_PV_1,S3,13,97.31650828591908
215_PV_1,S3,14,102.8479814454615
215_PV_1,S3,15,99.75463848193172
215_PV_1,S3,16,88.4471542224815
215_PV_1,S3,17,55.658599227540364
215_PV_1,S3,18,0.0
215_PV_1,S3,19,0.0
215_PV_1,S3,20,0.0
215_PV_1,S3,21,0.0
215_PV_1,S3,22,0.0
215_PV_1,S3,23,0.0
215_PV_1,S3,24,0.0
215_PV_1,S4,1,0.0
215_PV_1,S4,2,0.0
215_PV_1,S4,3,0.0
215_PV_1,S4,4,0.0
215_PV_1,S4,5,0.0
215_PV_1,S4,6,0.0
215_PV_1,S4,7,75.48994209272692
215_PV_1,S4,8,89.1415244167534
215_PV_1,S4,9,106.76297938013118
215_PV_1,S4,10,107.79667128679331
215_PV_1,S4,11,102.66416305508513
215_PV_1,S4,12,98.58948641124262
215_PV_1,S4,13,103.90064098170221
215_PV_1,S4,14,104.56776683503328
215_PV_1,S4,15,99.74754158241021
215_PV_1,S4,16,76.91412081708748
215_PV_1,S4,17,49.47999416669597
215_PV_1,S4,18,0.0
215_PV_1,S4,19,0.0
215_PV_1,S4,20,0.0
215_PV_1,S4,21,0.0
215_PV_1,S4,22,0.0
215_PV_1,S4,23,0.0
215_PV_1,S4,24,0.0
215_PV_1,S5,1,0.0
215_PV_1,S5,2,0.0
215_PV_1,S5,3,0.0
215_PV_1,S5,4,0.0
215_PV_1,S5,5,0.0
215_PV_1,S5,6,0.0
215_PV_1,S5,7,32.604211787424774
215_PV_1,S5,8,52.83566764995744
215_PV_1,S5,9,48.55499320348789
215_PV_1,S5,10,70.02179478138694
215_PV_1,S5,11,92.3696553935779
215_PV_1,S5,12,100.65982875571129
215_PV_1,S5,13,97.02722689743885
215_PV_1,S5,14,85.82490481308749
215_PV_1,S5,15,74.60643097480583
215_PV_1,S5,16,29.858444966078768
215_PV_1,S5,17,0.0
215_PV_1,S5,18,0.0
215_PV_1,S5,19,0.0
215_PV_1,S5,20,0.0
215_PV_1,S5,21,0.0
215_PV_1,S5,22,0.0
215_PV_1,S5,23,0.0
215_PV_1,S5,24,0.0
215_PV_1,S6,1,0.0
215_PV_1,S6,2,0.0
215_PV_1,S6,3,0.0
215_PV_1,S6,4,0.0
215_PV_1,S6,5,0.0
215_PV_1,S6,6,25.619561277712947
215_PV_1,S6,7,40.62590430541097
215_PV_1,S6,8,48.66376305625747
215_PV_1,S6,9,50.36576233736346
215_PV_1,S6,10,50.17445877531582
215_PV_1,S6,11,52.17698304575971
215_PV_1,S6,12,46.93229433654344
215_PV_1,S6,13,40.214123083557666
215_PV_1,S6,14,44.20189574624555
215_PV_1,S6,15,39.48372744692511
215_PV_1,S6,16,43.28823161766818
215_PV_1,S6,17,36.43028106166331
215_PV_1,S6,18,16.40275416755668
215_PV_1,S6,19,0.0
215_PV_1,S6,20,0.0
215_PV_1,S6,21,0.0
215_PV_1,S6,22,0.0
215_PV_1,S6,23,0.0
215_PV_1,S6,24,0.0
215_PV_1,S7,1,0.0
215_PV_1,S7,2,0.0
215_PV_1,S7,3,0.0
215_PV_1,S7,4,0.0
215_PV_1,S7,5,0.0
215_PV_1,S7,6,29.635904504190112
215_PV_1,S7,7,68.69847755027236
215_PV_1,S7,8,92.49915870806043
215_PV_1,S7,9,94.01072411849144
215_PV_1,S7,10,99.19199399607935
215_PV_1,S7,11,95.38411842888755
215_PV_1,S7,12,97.51421801586305
215_PV_1,S7,13,96.51455176372464
215_PV_1,S7,14,88.65971532894508
215_PV_1,S7,15,90.83650696239299
215_PV_1,S7,16,78.75763511739648
215_PV_1,S7,17,42.059004264551106
215_PV_1,S7,18,0.0
215_PV_1,S7,19,0.0
215_PV_1,S7,20,0.0
215_PV_1,S7,21,0.0
215_PV_1,S7,22,0.0
215_PV_1,S7,23,0.0
215_PV_1,S7,24,0.0
215_PV_1,S8,1,0.0
215_PV_1,S8,2,0.0
215_PV_1,S8,3,0.0
215_PV_1,S8,4,0.0
215_PV_1,S8,5,0.0
215_PV_1,S8,6,0.0
215_PV_1,S8,7,0.0
215_PV_1,S8,8,67.21225427436418
215_PV_1,S8,9,79.27929219732201
215_PV_1,S8,10,85.99981029498015
215_PV_1,S8,11,90.37636830320933
215_PV_1,S8,12,89.16962115187667
215_PV_1,S8,13,85.75849744307283
215_PV_1,S8,14,79.03281123028006
215_PV_1,S8,15,78.05674146103043
215_PV_1,S8,16,46.15597989691468
215_PV_1,S8,17,0.0
215_PV_1,S8,18,0.0
215_PV_1,S8,19,0.0
215_PV_1,S8,20,0.0
215_PV_1,S8,21,0.0
215_PV_1,S8,22,0.0
215_PV_1,S8,23,0.0
215_PV_1,S8,24,0.0
215_PV_1,S9,1,0.0
215_PV_1,S9,2,0.0
215_PV_1,S9,3,0.0
215_PV_1,S9,4,0.0
215_PV_1,S9,5,6.76108165329743
215_PV_1,S9,6,51.67005837148941
215_PV_1,S9,7,78.14804838585556
215_PV_1,S9,8,90.07434321437435
215_PV_1,S9,9,102.25650015934858
215_PV_1,S9,10,100.91362449888686
215_PV_1,S9,11,110.91851867300255
215_PV_1,S9,12,109.65077038611506
215_PV_1,S9,13,109.94187899578381
215_PV_1,S9,14,111.63262280545372
215_PV_1,S9,15,103.10411258963303
215_PV_1,S9,16,78.61784976819833
215_PV_1,S9,17,60.23098724468477
215_PV_1,S9,18,21.708883957352388
215_PV_1,S9,19,0.0
215_PV_1,S9,20,0.0
215_PV_1,S9,21,0.0
215_PV_1,S9,22,0.0
215_PV_1,S9,23,0.0
215_PV_1,S9,24,0.0
215_PV_1,S10,1,0.0
215_PV_1,S10,2,0.0
215_PV_1,S10,3,0.0
215_PV_1,S10,4,0.0
215_PV_1,S10,5,0.0
215_PV_1,S10,6,0.0
215_PV_1,S10,7,23.33938939838839
215_PV_1,S10,8,58.845092540262414
215_PV_1,S10,9,74.53171385616241
215_PV_1,S10,10,78.25355457724746
215_PV_1,S10,11,85.07747801492994
215_PV_1,S10,12,82.62614579880454
215_PV_1,S10,13,83.1325819851177
215_PV_1,S10,14,81.73060704985555
215_PV_1,S10,15,68.21400924963135
215_PV_1,S10,16,29.095788118652504
215_PV_1,S10,17,0.0
215_PV_1,S10,18,0.0
215_PV_1,S10,19,0.0
215_PV_1,S10,20,0.0
215_PV_1,S10,21,0.0
215_PV_1,S10,22,0.0
215_PV_1,S10,23,0.0
215_PV_1,S10,24,0.0
215_PV_1,S11,1,0.0
215_PV_1,S11,2,0.0
215_PV_1,S11,3,0.0
215_PV_1,S11,4,0.0
215_PV_1,S11,5,0.0
215_PV_1,S11,6,0.0
215_PV_1,S11,7,0.0
215_PV_1,S11,8,72.21364952046862
215_PV_1,S11,9,85.29840402150023
215_PV_1,S11,10,91.66291480208393
215_PV_1,S11,11,106.22598983956401
215_PV_1,S11,12,100.48729927882759
215_PV_1,S11,13,103.57107986732855
215_PV_1,S11,14,97.00530104337054
215_PV_1,S11,15,89.02409919615235
215_PV_1,S11,16,63.20941290896562
215_PV_1,S11,17,0.0
215_PV_1,S11,18,0.0
215_PV_1,S11,19,0.0
215_PV_1,S11,20,0.0
215_PV_1,S11,21,0.0
215_PV_1,S11,22,0.0
215_PV_1,S11,23,0.0
215_PV_1,S11,24,0.0
215_PV_1,S12,1,0.0
215_PV_1,S12,2,0.0
215_PV_1,S12,3,0.0
215_PV_1,S12,4,0.0
215_PV_1,S12,5,0.0
215_PV_1,S12,6,20.420207149066826
215_PV_1,S12,7,36.64588689920899
215_PV_1,S12,8,49.41435490922544
215_PV_1,S12,9,51.36199745393328
215_PV_1,S12,10,54.846998418491786
215_PV_1,S12,11,51.323612453458566
215_PV_1,S12,12,51.57292168383227
215_PV_1,S12,13,40.12708875311097
215_PV_1,S12,14,23.904728136799385
215_PV_1,S12,15,41.01679049548117
215_PV_1,S12,16,31.15464683093808
215_PV_1,S12,17,0.05879434561207678
215_PV_1,S12,18,0.0
215_PV_1,S12,19,0.0
215_PV_1,S12,20,0.0
215_PV_1,S12,21,0.0
215_PV_1,S12,22,0.0
215_PV_1,S12,23,0.0
215_PV_1,S12,24,0.0
102_PV_1,S1,1,0.0
102_PV_1,S1,2,0.0
102_PV_1,S1,3,0.0
102_PV_1,S1,4,0.0
102_PV_1,S1,5,0.0
102_PV_1,S1,6,7.051059064472874
102_PV_1,S1,7,13.040016820156792
102_PV_1,S1,8,16.099915935048628
102_PV_1,S1,9,18.43305619690229
102_PV_1,S1,10,18.582297184248777
102_PV_1,S1,11,18.576427520226357
102_PV_1,S1,12,18.81375680723289
102_PV_1,S1,13,18.776981045260747
102_PV_1,S1,14,17.46388704588543
102_PV_1,S1,15,16.657173515821512
102_PV_1,S1,16,10.509283727110285
102_PV_1,S1,17,6.095191602187845
102_PV_1,S1,18,0.0
102_PV_1,S1,19,0.0
102_PV_1,S1,20,0.0
102_PV_1,S1,21,0.0
102_PV_1,S1,22,0.0
102_PV_1,S1,23,0.0
102_PV_1,S1,24,0.0
102_PV_1,S2,1,0.0
102_PV_1,S2,2,0.0
102_PV_1,S2,3,0.0
102_PV_1,S2,4,0.0
102_PV_1,S2,5,0.0
102_PV_1,S2,6,0.0
102_PV_1,S2,7,0.0
102_PV_1,S2,8,16.007989764166002
102_PV_1,S2,9,19.010091879083582
102_PV_1,S2,10,20.053189006515307
102_PV_1,S2,11,19.190578539274586
102_PV_1,S2,12,20.175741879329287
102_PV_1,S2,13,19.66145056679856
102_PV_1,S2,14,19.00536684120016
102_PV_1,S2,15,16.34303972756451
102_PV_1,S2,16,8.921070626225724
102_PV_1,S2,17,0.0
102_PV_1,S2,18,0.0
102_PV_1,S2,19,0.0
102_PV_1,S2,20,0.0
102_PV_1,S2,21,0.0
102_PV_1,S2,22,0.0
102_PV_1,S2,23,0.0
102_PV_1,S2,24,0.0
102_PV_1,S3,1,0.0
102_PV_1,S3,2,0.0
102_PV_1,S3,3,0.0
102_PV_1,S3,4,0.0
102_PV_1,S3,5,0.0
102_PV_1,S3,6,7.745502157461256
102_PV_1,S3,7,14.87357127054673
102_PV_1,S3,8,18.557297910682752
102_PV_1,S3,9,19.50050822513666
102_PV_1,S3,10,21.049497447930385
102_PV_1,S3,11,20.886390597515827
102_PV_1,S3,12,20.2494740077861
102_PV_1,S3,13,19.28054027647458
102_PV_1,S3,14,18.541823203797467
102_PV_1,S3,15,19.643577473944465
102_PV_1,S3,16,17.09364358744802
102_PV_1,S3,17,10.720495721320972
102_PV_1,S3,18,0.0
102_PV_1,S3,19,0.0
102_PV_1,S3,20,0.0
102_PV_1,S3,21,0.0
102_PV_1,S3,22,0.0
102_PV_1,S3,23,0.0
102_PV_1,S3,24,0.0
102_PV_1,S4,1,0.0
102_PV_1,S4,2,0.0
102_PV_1,S4,3,0.0
102_PV_1,S4,4,0.0
102_PV_1,S4,5,0.0
102_PV_1,S4,6,0.0
102_PV_1,S4,7,13.979442202641858
102_PV_1,S4,8,18.58901132469882
102_PV_1,S4,9,21.212995868208747
102_PV_1,S4,10,21.55257846026925
102_PV_1,S4,11,20.10371277754922
102_PV_1,S4,12,19.445028730982937
102_PV_1,S4,13,19.91761887058117
102_PV_1,S4,14,19.641456066535937
102_PV_1,S4,15,19.407571436302167
102_PV_1,S4,16,12.282234272982002
102_PV_1,S4,17,10.216592431660516
102_PV_1,S4,18,0.0
102_PV_1,S4,19,0.0
102_PV_1,S4,20,0.0
102_PV_1,S4,21,0.0
102_PV_1,S4,22,0.0
102_PV_1,S4,23,0.0
102_PV_1,S4,24,0.0
102_PV_1,S5,1,0.0
102_PV_1,S5,2,0.0
102_PV_1,S5,3,0.0
102_PV_1,S5,4,0.0
102_PV_1,S5,5,0.0
102_PV_1,S5,6,0.0
102_PV_1,S5,7,9.779195397947163
102_PV_1,S5,8,16.163194202452605
102_PV_1,S5,9,17.43529889972607
102_PV_1,S5,10,18.04787439442905
102_PV_1,S5,11,19.68584568185976
102_PV_1,S5,12,20.539372585075068
102_PV_1,S5,13,18.888222004076567
102_PV_1,S5,14,16.082109212065088
102_PV_1,S5,15,13.60034266500418
102_PV_1,S5,16,6.595932879971729
102_PV_1,S5,17,0.0
102_PV_1,S5,18,0.0
102_PV_1,S5,19,0.0
102_PV_1,S5,20,0.0
102_PV_1,S5,21,0.0
102_PV_1,S5,22,0.0
102_PV_1,S5,23,0.0
102_PV_1,S5,24,0.0
102_PV_1,S6,1,0.0
102_PV_1,S6,2,0.0
102_PV_1,S6,3,0.0
102_PV_1,S6,4,0.0
102_PV_1,S6,5,0.0
102_PV_1,S6,6,5.03606999730732
102_PV_1,S6,7,8.00948406118405
102_PV_1,S6,8,9.674705478078726
102_PV_1,S6,9,11.125396328130908
102_PV_1,S6,10,11.22829139801568
102_PV_1,S6,11,10.84759637982632
102_PV_1,S6,12,11.006991028762553
102_PV_1,S6,13,10.288026538262157
102_PV_1,S6,14,10.245370231634253
102_PV_1,S6,15,10.903224152506555
102_PV_1,S6,16,8.639922608152792
102_PV_1,S6,17,6.143827681713202
102_PV_1,S6,18,0.0
102_PV_1,S6,19,0.0
102_PV_1,S6,20,0.0
102_PV_1,S6,21,0.0
102_PV_1,S6,22,0.0
102_PV_1,S6,23,0.0
102_PV_1,S6,24,0.0
102_PV_1,S7,1,0.0
102_PV_1,S7,2,0.0
102_PV_1,S7,3,0.0
102_PV_1,S7,4,0.0
102_PV_1,S7,5,0.0
102_PV_1,S7,6,5.994942734693187
102_PV_1,S7,7,15.525195452694282
102_PV_1,S7,8,18.345597328441936
102_PV_1,S7,9,19.706966435822096
102_PV_1,S7,10,20.161919693033454
102_PV_1,S7,11,20.730141098809447
102_PV_1,S7,12,18.996229181245873
102_PV_1,S7,13,18.728762851050018
102_PV_1,S7,14,19.775657925187453
102_PV_1,S7,15,19.079192675457037
102_PV_1,S7,16,14.410478670883588
102_PV_1,S7,17,5.8702847875570345
102_PV_1,S7,18,0.0
102_PV_1,S7,19,0.0
102_PV_1,S7,20,0.0
102_PV_1,S7,21,0.0
102_PV_1,S7,22,0.0
102_PV_1,S7,23,0.0
102_PV_1,S7,24,0.0
102_PV_1,S8,1,0.0
102_PV_1,S8,2,0.0
102_PV_1,S8,3,0.0
102_PV_1,S8,4,0.0
102_PV_1,S8,5,0.0
102_PV_1,S8,6,0.0
102_PV_1,S8,7,0.0
102_PV_1,S8,8,15.245598365350979
102_PV_1,S8,9,19.60810401556536
102_PV_1,S8,10,19.568848965748177
102_PV_1,S8,11,18.363674238874633
102_PV_1,S8,12,19.708310477222508
102_PV_1,S8,13,18.689513519528692
102_PV_1,S8,14,17.64463557117756
102_PV_1,S8,15,16.746225859029252
102_PV_1,S8,16,10.377897726071469
102_PV_1,S8,17,0.0
102_PV_1,S8,18,0.0
102_PV_1,S8,19,0.0
102_PV_1,S8,20,0.0
102_PV_1,S8,21,0.0
102_PV_1,S8,22,0.0
102_PV_1,S8,23,0.0
102_PV_1,S8,24,0.0
102_PV_1,S9,1,0.0
102_PV_1,S9,2,0.0
102_PV_1,S9,3,0.0
102_PV_1,S9,4,0.0
102_PV_1,S9,5,1.6617720638375686
102_PV_1,S9,6,10.60842565112325
102_PV_1,S9,7,15.02355204588464
102_PV_1,S9,8,18.55758824738775
102_PV_1,S9,9,20.929148629793083
102_PV_1,S9,10,20.603745611344873
102_PV_1,S9,11,22.614844230678504
102_PV_1,S9,12,22.926216961494625
102_PV_1,S9,13,24.53075178114655
102_PV_1,S9,14,22.14555354546696
102_PV_1,S9,15,21.847572106146185
102_PV_1,S9,16,17.491445922312447
102_PV_1,S9,17,13.216971959339407
102_PV_1,S9,18,3.5365831506400545
102_PV_1,S9,19,0.0
102_PV_1,S9,20,0.0
102_PV_1,S9,21,0.0
102_PV_1,S9,22,0.0
102_PV_1,S9,23,0.0
102_PV_1,S9,24,0.0
102_PV_1,S10,1,0.0
102_PV_1,S10,2,0.0
102_PV_1,S10,3,0.0
102_PV_1,S10,4,0.0
102_PV_1,S10,5,0.0
102_PV_1,S10,6,0.0
102_PV_1,S10,7,9.26848137097172
102_PV_1,S10,8,16.959948501437033
102_PV_1,S10,9,18.637045780867368
102_PV_1,S10,10,19.737703123864403
102_PV_1,S10,11,17.769650513460313
102_PV_1,S10,12,17.923795541375544
102_PV_1,S10,13,16.482377326443327
102_PV_1,S10,14,16.303683046413276
102_PV_1,S10,15,13.611630889350288
102_PV_1,S10,16,5.918742650163979
102_PV_1,S10,17,0.0
102_PV_1,S10,18,0.0
102_PV_1,S10,19,0.0
102_PV_1,S10,20,0.0
102_PV_1,S10,21,0.0
102_PV_1,S10,22,0.0
102_PV_1,S10,23,0.0
102_PV_1,S10,24,0.0
102_PV_1,S11,1,0.0
102_PV_1,S11,2,0.0
102_PV_1,S11,3,0.0
102_PV_1,S11,4,0.0
102_PV_1,S11,5,0.0
102_PV_1,S11,6,0.0
102_PV_1,S11,7,0.0
102_PV_1,S11,8,15.216267033406773
102_PV_1,S11,9,18.9640212564643
102_PV_1,S11,10,18.831450439880726
102_PV_1,S11,11,21.881465883144983
102_PV_1,S11,12,21.888888737708143
102_PV_1,S11,13,21.45301493635822
102_PV_1,S11,14,20.81623245839002
102_PV_1,S11,15,18.500278316976328
102_PV_1,S11,16,13.547207160090288
102_PV_1,S11,17,0.0
102_PV_1,S11,18,0.0
102_PV_1,S11,19,0.0
102_PV_1,S11,20,0.0
102_PV_1,S11,21,0.0
102_PV_1,S11,22,0.0
102_PV_1,S11,23,0.0
102_PV_1,S11,24,0.0
102_PV_1,S12,1,0.0
102_PV_1,S12,2,0.0
102_PV_1,S12,3,0.0
102_PV_1,S12,4,0.0
102_PV_1,S12,5,0.0
102_PV_1,S12,6,3.276512905924253
102_PV_1,S12,7,6.339474529082733
102_PV_1,S12,8,8.839564728823095
102_PV_1,S12,9,9.318034917836957
102_PV_1,S12,10,10.756840348403477
102_PV_1,S12,11,10.475498358095518
102_PV_1,S12,12,10.830117997777037
102_PV_1,S12,13,11.05420514654887
102_PV_1,S12,14,9.647060906500704
102_PV_1,S12,15,8.500015227309715
102_PV_1,S12,16,6.441266846103067
102_PV_1,S12,17,5.8832827816736435
102_PV_1,S12,18,1.7747365561461228
102_PV_1,S12,19,0.0
102_PV_1,S12,20,0.0
102_PV_1,S12,21,0.0
102_PV_1,S12,22,0.0
102_PV_1,S12,23,0.0
102_PV_1,S12,24,0.0
101_PV_1,S1,1,0.0
101_PV_1,S1,2,0.0
101_PV_1,S1,3,0.0
101_PV_1,S1,4,0.0
101_PV_1,S1,5,0.0
101_PV_1,S1,6,6.997224797524292
101_PV_1,S1,7,13.237840321108239
101_PV_1,S1,8,16.902672548064654
101_PV_1,S1,9,18.389173640798813
101_PV_1,S1,10,18.95482151827318
101_PV_1,S1,11,18.124345363596635
101_PV_1,S1,12,19.35115137607588
101_PV_1,S1,13,19.311771256774612
101_PV_1,S1,14,17.14219251709406
101_PV_1,S1,15,17.422930894402487
101_PV_1,S1,16,0.20325621052130663
101_PV_1,S1,17,7.721731833046294
101_PV_1,S1,18,0.0
101_PV_1,S1,19,0.0
101_PV_1,S1,20,0.0
101_PV_1,S1,21,0.0
101_PV_1,S1,22,0.0
101_PV_1,S1,23,0.0
101_PV_1,S1,24,0.0
101_PV_1,S2,1,0.0
101_PV_1,S2,2,0.0
101_PV_1,S2,3,0.0
101_PV_1,S2,4,0.0
101_PV_1,S2,5,0.0
101_PV_1,S2,6,0.0
101_PV_1,S2,7,0.0
101_PV_1,S2,8,15.166851251239999
101_PV_1,S2,9,19.746200267763715
101_PV_1,S2,10,20.377878637139016
101_PV_1,S2,11,20.09549795729077
101_PV_1,S2,12,20.760264473724884
101_PV_1,S2,13,20.578817100755703
101_PV_1,S2,14,18.28294430844802
101_PV_1,S2,15,15.207741617846981
101_PV_1,S2,16,7.940255048331564
101_PV_1,S2,17,0.0
101_PV_1,S2,18,0.0
101_PV_1,S2,19,0.0
101_PV_1,S2,20,0.0
101_PV_1,S2,21,0.0
101_PV_1,S2,22,0.0
101_PV_1,S2,23,0.0
101_PV_1,S2,24,0.0
101_PV_1,S3,1,0.0
101_PV_1,S3,2,0.0
101_PV_1,S3,3,0.0
101_PV_1,S3,4,0.0
101_PV_1,S3,5,0.0
101_PV_1,S3,6,8.281357256825835
101_PV_1,S3,7,15.371063146899829
101_PV_1,S3,8,20.248524605408953
101_PV_1,S3,9,21.072107109594263
101_PV_1,S3,10,22.298038394997143
101_PV_1,S3,11,20.459354745671018
101_PV_1,S3,12,21.0338802429496
101_PV_1,S3,13,21.010158812016392
101_PV_1,S3,14,20.15220348244499
101_PV_1,S3,15,20.974865288728346
101_PV_1,S3,16,18.37542382521448
101_PV_1,S3,17,10.914216999593185
101_PV_1,S3,18,0.0
101_PV_1,S3,19,0.0
101_PV_1,S3,20,0.0
101_PV_1,S3,21,0.0
101_PV_1,S3,22,0.0
101_PV_1,S3,23,0.0
101_PV_1,S3,24,0.0
101_PV_1,S4,1,0.0
101_PV_1,S4,2,0.0
101_PV_1,S4,3,0.0
101_PV_1,S4,4,0.0
101_PV_1,S4,5,0.0
101_PV_1,S4,6,0.0
101_PV_1,S4,7,15.566973737565657
101_PV_1,S4,8,17.908896888452624
101_PV_1,S4,9,19.987158716635562
101_PV_1,S4,10,20.353358752637828
101_PV_1,S4,11,22.29579112736312
101_PV_1,S4,12,20.95104323000108
101_PV_1,S4,13,22.389601761961153
101_PV_1,S4,14,20.13343116756725
101_PV_1,S4,15,20.235364672638404
101_PV_1,S4,16,18.02794605874928
101_PV_1,S4,17,10.939090061322162
101_PV_1,S4,18,0.0
101_PV_1,S4,19,0.0
101_PV_1,S4,20,0.0
101_PV_1,S4,21,0.0
101_PV_1,S4,22,0.0
101_PV_1,S4,23,0.0
101_PV_1,S4,24,0.0
101_PV_1,S5,1,0.0
101_PV_1,S5,2,0.0
101_PV_1,S5,3,0.0
101_PV_1,S5,4,0.0
101_PV_1,S5,5,0.0
101_PV_1,S5,6,0.0
101_PV_1,S5,7,8.683037292621375
101_PV_1,S5,8,15.776495055678083
101_PV_1,S5,9,18.236526248929653
101_PV_1,S5,10,18.750313794917474
101_PV_1,S5,11,19.59742470973501
101_PV_1,S5,12,20.412843395131915
101_PV_1,S5,13,17.244263422286426
101_PV_1,S5,14,16.76314523779831
101_PV_1,S5,15,13.886464961688283
101_PV_1,S5,16,6.776440943929656
101_PV_1,S5,17,0.0
101_PV_1,S5,18,0.0
101_PV_1,S5,19,0.0
101_PV_1,S5,20,0.0
101_PV_1,S5,21,0.0
101_PV_1,S5,22,0.0
101_PV_1,S5,23,0.0
101_PV_1,S5,24,0.0
101_PV_1,S6,1,0.0
101_PV_1,S6,2,0.0
101_PV_1,S6,3,0.0
101_PV_1,S6,4,0.0
101_PV_1,S6,5,0.0
101_PV_1,S6,6,5.341932314222006
101_PV_1,S6,7,8.941130951211633
101_PV_1,S6,8,10.50947545862081
101_PV_1,S6,9,10.738933330586546
101_PV_1,S6,10,10.180006479097843
101_PV_1,S6,11,9.921551505310235
101_PV_1,S6,12,10.405480207919982
101_PV_1,S6,13,9.848150801872437
101_PV_1,S6,14,9.35663766179349
101_PV_1,S6,15,10.690335372052237
101_PV_1,S6,16,7.758994333509446
101_PV_1,S6,17,4.648400978180655
101_PV_1,S6,18,0.0
101_PV_1,S6,19,0.0
101_PV_1,S6,20,0.0
101_PV_1,S6,21,0.0
101_PV_1,S6,22,0.0
101_PV_1,S6,23,0.0
101_PV_1,S6,24,0.0
101_PV_1,S7,1,0.0
101_PV_1,S7,2,0.0
101_PV_1,S7,3,0.0
101_PV_1,S7,4,0.0
101_PV_1,S7,5,0.0
101_PV_1,S7,6,5.210280665359941
101_PV_1,S7,7,15.12059025965661
101_PV_1,S7,8,18.14047668749641
101_PV_1,S7,9,20.839187870216072
101_PV_1,S7,10,20.777893429233885
101_PV_1,S7,11,21.146637957965826
101_PV_1,S7,12,19.86817320866067
101_PV_1,S7,13,20.916522949825367
101_PV_1,S7,14,20.13699579143487
101_PV_1,S7,15,18.848024228291624
101_PV_1,S7,16,15.444503239403879
101_PV_1,S7,17,5.98415598674943
101_PV_1,S7,18,0.0
101_PV_1,S7,19,0.0
101_PV_1,S7,20,0.0
101_PV_1,S7,21,0.0
101_PV_1,S7,22,0.0
101_PV_1,S7,23,0.0
101_PV_1,S7,24,0.0
101_PV_1,S8,1,0.0
101_PV_1,S8,2,0.0
101_PV_1,S8,3,0.0
101_PV_1,S8,4,0.0
101_PV_1,S8,5,0.0
101_PV_1,S8,6,0.0
101_PV_1,S8,7,0.0
101_PV_1,S8,8,15.948757919417226
101_PV_1,S8,9,18.392172442876483
101_PV_1,S8,10,18.410049094318357
101_PV_1,S8,11,19.601757781869036
101_PV_1,S8,12,18.721921734035373
101_PV_1,S8,13,17.749540993070173
101_PV_1,S8,14,17.326436685099722
101_PV_1,S8,15,16.04841789935025
101_PV_1,S8,16,10.303406690495668
101_PV_1,S8,17,0.0
101_PV_1,S8,18,0.0
101_PV_1,S8,19,0.0
101_PV_1,S8,20,0.0
101_PV_1,S8,21,0.0
101_PV_1,S8,22,0.0
101_PV_1,S8,23,0.0
101_PV_1,S8,24,0.0
101_PV_1,S9,1,0.0
101_PV_1,S9,2,0.0
101_PV_1,S9,3,0.0
101_PV_1,S9,4,0.0
101_PV_1,S9,5,2.2932223672904897
101_PV_1,S9,6,11.272085378085299
101_PV_1,S9,7,16.389338640401935
101_PV_1,S9,8,18.761434703323022
101_PV_1,S9,9,20.534765946442548
101_PV_1,S9,10,20.756689437586502
101_PV_1,S9,11,22.89485517419766
101_PV_1,S9,12,22.912319928735045
101_PV_1,S9,13,22.926649674005514
101_PV_1,S9,14,23.316996735836995
101_PV_1,S9,15,20.926395154985304
101_PV_1,S9,16,18.653377241968183
101_PV_1,S9,17,12.61450612174956
101_PV_1,S9,18,3.8450191638570024
101_PV_1,S9,19,0.0
101_PV_1,S9,20,0.0
101_PV_1,S9,21,0.0
101_PV_1,S9,22,0.0
101_PV_1,S9,23,0.0
101_PV_1,S9,24,0.0
101_PV_1,S10,1,0.0
101_PV_1,S10,2,0.0
101_PV_1,S10,3,0.0
101_PV_1,S10,4,0.0
101_PV_1,S10,5,0.0
101_PV_1,S10,6,0.0
101_PV_1,S10,7,8.280008746163013
101_PV_1,S10,8,15.861537186389047
101_PV_1,S10,9,17.589094622834104
101_PV_1,S10,10,19.221723688306525
101_PV_1,S10,11,18.41147152085493
101_PV_1,S10,12,16.17306735288766
101_PV_1,S10,13,16.839299699416028
101_PV_1,S10,14,16.541848051376682
101_PV_1,S10,15,13.850821929653133
101_PV_1,S10,16,5.930506432781412
101_PV_1,S10,17,0.0
101_PV_1,S10,18,0.0
101_PV_1,S10,19,0.0
101_PV_1,S10,20,0.0
101_PV_1,S10,21,0.0
101_PV_1,S10,22,0.0
101_PV_1,S10,23,0.0
101_PV_1,S10,24,0.0
101_PV_1,S11,1,0.0
101_PV_1,S11,2,0.0
101_PV_1,S11,3,0.0
101_PV_1,S11,4,0.0
101_PV_1,S11,5,0.0
101_PV_1,S11,6,0.0
101_PV_1,S11,7,0.0
101_PV_1,S11,8,16.322743910151193
101_PV_1,S11,9,19.272289927298186
101_PV_1,S11,10,20.41827343833235
101_PV_1,S11,11,22.103118031118907
101_PV_1,S11,12,21.85044633154332
101_PV_1,S11,13,20.049272378832388
101_PV_1,S11,14,19.739373174811785
101_PV_1,S11,15,18.618386748695844
101_PV_1,S11,16,13.656822898255813
101_PV_1,S11,17,0.0
101_PV_1,S11,18,0.0
101_PV_1,S11,19,0.0
101_PV_1,S11,20,0.0
101_PV_1,S11,21,0.0
101_PV_1,S11,22,0.0
101_PV_1,S11,23,0.0
101_PV_1,S11,24,0.0
101_PV_1,S12,1,0.0
101_PV_1,S12,2,0.0
101_PV_1,S12,3,0.0
101_PV_1,S12,4,0.0
101_PV_1,S12,5,0.0
101_PV_1,S12,6,3.816392454983211
101_PV_1,S12,7,6.560646249313813
101_PV_1,S12,8,8.553090334346377
101_PV_1,S12,9,10.333947102489532
101_PV_1,S12,10,11.077480820923569
101_PV_1,S12,11,11.051129694441645
101_PV_1,S12,12,11.511029868968244
101_PV_1,S12,13,10.2204282131161
101_PV_1,S12,14,10.396430486825059
101_PV_1,S12,15,9.6145490381394
101_PV_1,S12,16,6.059485898287352
101_PV_1,S12,17,5.839050521563661
101_PV_1,S12,18,2.2432227466878114
101_PV_1,S12,19,0.0
101_PV_1,S12,20,0.0
101_PV_1,S12,21,0.0
101_PV_1,S12,22,0.0
101_PV_1,S12,23,0.0
101_PV_1,S12,24,0.0
102_PV_2,S1,1,0.0
102_PV_2,S1,2,0.0
102_PV_2,S1,3,0.0
102_PV_2,S1,4,0.0
102_PV_2,S1,5,0.0
102_PV_2,S1,6,6.524922938480493
102_PV_2,S1,7,12.7741874759905
102_PV_2,S1,8,16.733893175023848
102_PV_2,S1,9,18.978023538194613
102_PV_2,S1,10,19.431374954649904
102_PV_2,S1,11,18.840711916671474
102_PV_2,S1,12,18.15358242232358
102_PV_2,S1,13,18.14792604528539
102_PV_2,S1,14,18.33610541544055
102_PV_2,S1,15,16.900721599728797
102_PV_2,S1,16,12.406808141584385
102_PV_2,S1,17,8.081593463755015
102_PV_2,S1,18,0.0
102_PV_2,S1,19,0.0
102_PV_2,S1,20,0.0
102_PV_2,S1,21,0.0
102_PV_2,S1,22,0.0
102_PV_2,S1,23,0.0
102_PV_2,S1,24,0.0
102_PV_2,S2,1,0.0
102_PV_2,S2,2,0.0
102_PV_2,S2,3,0.0
102_PV_2,S2,4,0.0
102_PV_2,S2,5,0.0
102_PV_2,S2,6,0.0
102_PV_2,S2,7,0.0
102_PV_2,S2,8,15.57519432588271
102_PV_2,S2,9,19.763451969528994
102_PV_2,S2,10,19.695377595486093
102_PV_2,S2,11,20.081572657681395
102_PV_2,S2,12,18.92527550411003
102_PV_2,S2,13,19.06278084484085
102_PV_2,S2,14,18.115861456956736
102_PV_2,S2,15,15.626018950678754
102_PV_2,S2,16,8.511116557072658
102_PV_2,S2,17,0.0
102_PV_2,S2,18,0.0
102_PV_2,S2,19,0.0
102_PV_2,S2,20,0.0
102_PV_2,S2,21,0.0
102_PV_2,S2,22,0.0
102_PV_2,S2,23,0.0
102_PV_2,S2,24,0.0
102_PV_2,S3,1,0.0
102_PV_2,S3,2,0.0
102_PV_2,S3,3,0.0
102_PV_2,S3,4,0.0
102_PV_2,S3,5,0.0
102_PV_2,S3,6,7.800350560887345
102_PV_2,S3,7,15.61831387750395
102_PV_2,S3,8,18.749022830758005
102_PV_2,S3,9,19.74675207338321
102_PV_2,S3,10,20.45940845541973
102_PV_2,S3,11,21.018273187518876
102_PV_2,S3,12,22.329969500863776
102_PV_2,S3,13,20.98213314448311
102_PV_2,S3,14,19.71857216273321
102_PV_2,S3,15,20.725572531687337
102_PV_2,S3,16,17.111766101774016
102_PV_2,S3,17,11.43458999492572
102_PV_2,S3,18,0.0
102_PV_2,S3,19,0.0
102_PV_2,S3,20,0.0
102_PV_2,S3,21,0.0
102_PV_2,S3,22,0.0
102_PV_2,S3,23,0.0
102_PV_2,S3,24,0.0
102_PV_2,S4,1,0.0
102_PV_2,S4,2,0.0
102_PV_2,S4,3,0.0
102_PV_2,S4,4,0.0
102_PV_2,S4,5,0.0
102_PV_2,S4,6,0.0
102_PV_2,S4,7,15.093438925379159
102_PV_2,S4,8,18.88539974864962
102_PV_2,S4,9,20.772688343231927
102_PV_2,S4,10,20.622127066983758
102_PV_2,S4,11,20.32241130020922
102_PV_2,S4,12,21.565657453503196
102_PV_2,S4,13,21.082416005393938
102_PV_2,S4,14,20.89992273658034
102_PV_2,S4,15,19.83546883045496
102_PV_2,S4,16,16.58610916494642
102_PV_2,S4,17,10.879161753949194
102_PV_2,S4,18,0.0
102_PV_2,S4,19,0.0
102_PV_2,S4,20,0.0
102_PV_2,S4,21,0.0
102_PV_2,S4,22,0.0
102_PV_2,S4,23,0.0
102_PV_2,S4,24,0.0
102_PV_2,S5,1,0.0
102_PV_2,S5,2,0.0
102_PV_2,S5,3,0.0
102_PV_2,S5,4,0.0
102_PV_2,S5,5,0.0
102_PV_2,S5,6,0.0
102_PV_2,S5,7,9.212346624155407
102_PV_2,S5,8,16.46188263005693
102_PV_2,S5,9,17.111362257795584
102_PV_2,S5,10,17.69511895022073
102_PV_2,S5,11,18.78352191778277
102_PV_2,S5,12,20.31986906435574
102_PV_2,S5,13,18.592240640246434
102_PV_2,S5,14,15.630072254809063
102_PV_2,S5,15,12.978927748336128
102_PV_2,S5,16,6.359052665708903
102_PV_2,S5,17,0.0
102_PV_2,S5,18,0.0
102_PV_2,S5,19,0.0
102_PV_2,S5,20,0.0
102_PV_2,S5,21,0.0
102_PV_2,S5,22,0.0
102_PV_2,S5,23,0.0
102_PV_2,S5,24,0.0
102_PV_2,S6,1,0.0
102_PV_2,S6,2,0.0
102_PV_2,S6,3,0.0
102_PV_2,S6,4,0.0
102_PV_2,S6,5,0.0
102_PV_2,S6,6,5.5076264059478675
102_PV_2,S6,7,7.922316756280383
102_PV_2,S6,8,10.454045070107814
102_PV_2,S6,9,11.190877062881642
102_PV_2,S6,10,10.895301178140437
102_PV_2,S6,11,10.852815112003986
102_PV_2,S6,12,10.494006713946915
102_PV_2,S6,13,10.886443937687647
102_PV_2,S6,14,9.873553625844739
102_PV_2,S6,15,10.354257502300916
102_PV_2,S6,16,8.88208650861311
102_PV_2,S6,17,6.993587494548527
102_PV_2,S6,18,1.2550399388759124
102_PV_2,S6,19,0.0
102_PV_2,S6,20,0.0
102_PV_2,S6,21,0.0
102_PV_2,S6,22,0.0
102_PV_2,S6,23,0.0
102_PV_2,S6,24,0.0
102_PV_2,S7,1,0.0
102_PV_2,S7,2,0.0
102_PV_2,S7,3,0.0
102_PV_2,S7,4,0.0
102_PV_2,S7,5,0.0
102_PV_2,S7,6,5.842430484616721
102_PV_2,S7,7,14.74825256101333
102_PV_2,S7,8,19.491103604692633
102_PV_2,S7,9,19.32635523355151
102_PV_2,S7,10,19.17134785555358
102_PV_2,S7,11,20.17508794962646
102_PV_2,S7,12,18.85775525876728
102_PV_2,S7,13,17.71732578981115
102_PV_2,S7,14,18.672403705512917
102_PV_2,S7,15,17.81500513140947
102_PV_2,S7,16,14.591132892264985
102_PV_2,S7,17,6.1712507217536094
102_PV_2,S7,18,0.0
102_PV_2,S7,19,0.0
102_PV_2,S7,20,0.0
102_PV_2,S7,21,0.0
102_PV_2,S7,22,0.0
102_PV_2,S7,23,0.0
102_PV_2,S7,24,0.0
102_PV_2,S8,1,0.0
102_PV_2,S8,2,0.0
102_PV_2,S8,3,0.0
102_PV_2,S8,4,0.0
102_PV_2,S8,5,0.0
102_PV_2,S8,6,0.0
102_PV_2,S8,7,0.0
102_PV_2,S8,8,14.855568381823735
102_PV_2,S8,9,18.764875688681293
102_PV_2,S8,10,19.500637620533258
102_PV_2,S8,11,19.743768269763365
102_PV_2,S8,12,20.03586811848731
102_PV_2,S8,13,19.138693692858357
102_PV_2,S8,14,18.03566070585278
102_PV_2,S8,15,15.946858832330138
102_PV_2,S8,16,10.76014145941416
102_PV_2,S8,17,0.0
102_PV_2,S8,18,0.0
102_PV_2,S8,19,0.0
102_PV_2,S8,20,0.0
102_PV_2,S8,21,0.0
102_PV_2,S8,22,0.0
102_PV_2,S8,23,0.0
102_PV_2,S8,24,0.0
102_PV_2,S9,1,0.0
102_PV_2,S9,2,0.0
102_PV_2,S9,3,0.0
102_PV_2,S9,4,0.0
102_PV_2,S9,5,0.0
102_PV_2,S9,6,10.703588010741484
102_PV_2,S9,7,15.589439126333188
102_PV_2,S9,8,18.59516074319678
102_PV_2,S9,9,19.744161707390266
102_PV_2,S9,10,21.237346587892596
102_PV_2,S9,11,22.459735252644304
102_PV_2,S9,12,23.690378736557673
102_PV_2,S9,13,23.289136239926822
102_PV_2,S9,14,23.987870415657696
102_PV_2,S9,15,20.669448012121237
102_PV_2,S9,16,18.374696637041573
102_PV_2,S9,17,12.477753688922817
102_PV_2,S9,18,4.033345285284458
102_PV_2,S9,19,0.0
102_PV_2,S9,20,0.0
102_PV_2,S9,21,0.0
102_PV_2,S9,22,0.0
102_PV_2,S9,23,0.0
102_PV_2,S9,24,0.0
102_PV_2,S10,1,0.0
102_PV_2,S10,2,0.0
102_PV_2,S10,3,0.0
102_PV_2,S10,4,0.0
102_PV_2,S10,5,0.0
102_PV_2,S10,6,0.0
102_PV_2,S10,7,8.679265979859792
102_PV_2,S10,8,16.910476197239497
102_PV_2,S10,9,18.82021574536512
102_PV_2,S10,10,18.348898102282913
102_PV_2,S10,11,18.345191484807074
102_PV_2,S10,12,16.548839936318416
102_PV_2,S10,13,17.516636305755345
102_PV_2,S10,14,16.644844485595172
102_PV_2,S10,15,13.933707895953432
102_PV_2,S10,16,6.984223687003692
102_PV_2,S10,17,0.0
102_PV_2,S10,18,0.0
102_PV_2,S10,19,0.0
102_PV_2,S10,20,0.0
102_PV_2,S10,21,0.0
102_PV_2,S10,22,0.0
102_PV_2,S10,23,0.0
102_PV_2,S10,24,0.0
102_PV_2,S11,1,0.0
102_PV_2,S11,2,0.0
102_PV_2,S11,3,0.0
102_PV_2,S11,4,0.0
102_PV_2,S11,5,0.0
102_PV_2,S11,6,0.0
102_PV_2,S11,7,0.0
102_PV_2,S11,8,15.466906799605422
102_PV_2,S11,9,19.7574434484409
102_PV_2,S11,10,19.11822190046971
102_PV_2,S11,11,22.539120914665368
102_PV_2,S11,12,20.996080338722074
102_PV_2,S11,13,20.203291494974316
102_PV_2,S11,14,19.989684088885788
102_PV_2,S11,15,19.421396564035984
102_PV_2,S11,16,13.592485062791855
102_PV_2,S11,17,2.6960112588572054
102_PV_2,S11,18,0.0
102_PV_2,S11,19,0.0
102_PV_2,S11,20,0.0
102_PV_2,S11,21,0.0
102_PV_2,S11,22,0.0
102_PV_2,S11,23,0.0
102_PV_2,S11,24,0.0
102_PV_2,S12,1,0.0
102_PV_2,S12,2,0.0
102_PV_2,S12,3,0.0
102_PV_2,S12,4,0.0
102_PV_2,S12,5,0.0
102_PV_2,S12,6,3.675541969508722
102_PV_2,S12,7,6.0407340065006325
102_PV_2,S12,8,9.173474542171306
102_PV_2,S12,9,9.44488874792618
102_PV_2,S12,10,10.16591844889004
102_PV_2,S12,11,10.562837633205561
102_PV_2,S12,12,11.161437106987444
102_PV_2,S12,13,10.805943058683079
102_PV_2,S12,14,9.644906046207122
102_PV_2,S12,15,9.787618753104727
102_PV_2,S12,16,5.577417254753159
102_PV_2,S12,17,4.752230580269688
102_PV_2,S12,18,1.660611740850393
102_PV_2,S12,19,0.0
102_PV_2,S12,20,0.0
102_PV_2,S12,21,0.0
102_PV_2,S12,22,0.0
102_PV_2,S12,23,0.0
102_PV_2,S12,24,0.0
104_PV_1,S1,1,0.0
104_PV_1,S1,2,0.0
104_PV_1,S1,3,0.0
104_PV_1,S1,4,0.0
104_PV_1,S1,5,0.0
104_PV_1,S1,6,7.425723425160947
104_PV_1,S1,7,13.265574277772506
104_PV_1,S1,8,15.717270474028753
104_PV_1,S1,9,17.9787619899263
104_PV_1,S1,10,19.244274704427045
104_PV_1,S1,11,17.765134658983307
104_PV_1,S1,12,18.12458042918972
104_PV_1,S1,13,18.49282193339206
104_PV_1,S1,14,16.629314169445205
104_PV_1,S1,15,17.408150100539718
104_PV_1,S1,16,4.266624628823769
104_PV_1,S1,17,4.501029454880503
104_PV_1,S1,18,0.0
104_PV_1,S1,19,0.0
104_PV_1,S1,20,0.0
104_PV_1,S1,21,0.0
104_PV_1,S1,22,0.0
104_PV_1,S1,23,0.0
104_PV_1,S1,24,0.0
104_PV_1,S2,1,0.0
104_PV_1,S2,2,0.0
104_PV_1,S2,3,0.0
104_PV_1,S2,4,0.0
104_PV_1,S2,5,0.0
104_PV_1,S2,6,0.0
104_PV_1,S2,7,0.0
104_PV_1,S2,8,16.37241548700414
104_PV_1,S2,9,19.864952162443856
104_PV_1,S2,10,20.570114030619813
104_PV_1,S2,11,21.046844012797028
104_PV_1,S2,12,19.859578576521443
104_PV_1,S2,13,18.628291425521123
104_PV_1,S2,14,17.70476257645226
104_PV_1,S2,15,15.98936093400536
104_PV_1,S2,16,9.088994086382094
104_PV_1,S2,17,0.0
104_PV_1,S2,18,0.0
104_PV_1,S2,19,0.0
104_PV_1,S2,20,0.0
104_PV_1,S2,21,0.0
104_PV_1,S2,22,0.0
104_PV_1,S2,23,0.0
104_PV_1,S2,24,0.0
104_PV_1,S3,1,0.0
104_PV_1,S3,2,0.0
104_PV_1,S3,3,0.0
104_PV_1,S3,4,0.0
104_PV_1,S3,5,0.0
104_PV_1,S3,6,8.052059798339988
104_PV_1,S3,7,16.115811938353257
104_PV_1,S3,8,19.589398790481887
104_PV_1,S3,9,22.039230365827244
104_PV_1,S3,10,22.15874611839852
104_PV_1,S3,11,20.462529583354115
104_PV_1,S3,12,20.280271092622286
104_PV_1,S3,13,19.730218787531815
104_PV_1,S3,14,20.65048836597388
104_PV_1,S3,15,21.164581975130467
104_PV_1,S3,16,18.255126262596647
104_PV_1,S3,17,11.69040212725805
104_PV_1,S3,18,0.0
104_PV_1,S3,19,0.0
104_PV_1,S3,20,0.0
104_PV_1,S3,21,0.0
104_PV_1,S3,22,0.0
104_PV_1,S3,23,0.0
104_PV_1,S3,24,0.0
104_PV_1,S4,1,0.0
104_PV_1,S4,2,0.0
104_PV_1,S4,3,0.0
104_PV_1,S4,4,0.0
104_PV_1,S4,5,0.0
104_PV_1,S4,6,0.0
104_PV_1,S4,7,14.449550779035313
104_PV_1,S4,8,20.039868341930184
104_PV_1,S4,9,20.322566633199845
104_PV_1,S4,10,20.431044002419913
104_PV_1,S4,11,21.591923119335195
104_PV_1,S4,12,20.65975180575246
104_PV_1,S4,13,21.30437687052727
104_PV_1,S4,14,20.606361085066148
104_PV_1,S4,15,20.216856272154818
104_PV_1,S4,16,18.311192966518718
104_PV_1,S4,17,10.904373671874236
104_PV_1,S4,18,0.0
104_PV_1,S4,19,0.0
104_PV_1,S4,20,0.0
104_PV_1,S4,21,0.0
104_PV_1,S4,22,0.0
104_PV_1,S4,23,0.0
104_PV_1,S4,24,0.0
104_PV_1,S5,1,0.0
104_PV_1,S5,2,0.0
104_PV_1,S5,3,0.0
104_PV_1,S5,4,0.0
104_PV_1,S5,5,0.0
104_PV_1,S5,6,0.0
104_PV_1,S5,7,9.36435871076967
104_PV_1,S5,8,16.53913149509161
104_PV_1,S5,9,18.94454837086534
104_PV_1,S5,10,18.941309679301998
104_PV_1,S5,11,18.614302597451317
104_PV_1,S5,12,19.182111015610264
104_PV_1,S5,13,18.32363741390567
104_PV_1,S5,14,15.869682687696061
104_PV_1,S5,15,15.19247797677012
104_PV_1,S5,16,6.564449896904611
104_PV_1,S5,17,0.0
104_PV_1,S5,18,0.0
104_PV_1,S5,19,0.0
104_PV_1,S5,20,0.0
104_PV_1,S5,21,0.0
104_PV_1,S5,22,0.0
104_PV_1,S5,23,0.0
104_PV_1,S5,24,0.0
104_PV_1,S6,1,0.0
104_PV_1,S6,2,0.0
104_PV_1,S6,3,0.0
104_PV_1,S6,4,0.0
104_PV_1,S6,5,0.0
104_PV_1,S6,6,5.631565241548921
104_PV_1,S6,7,8.185237759311605
104_PV_1,S6,8,10.411938340302209
104_PV_1,S6,9,10.01307310494169
104_PV_1,S6,10,10.94494533098066
104_PV_1,S6,11,10.34793008160419
104_PV_1,S6,12,9.522281515525341
104_PV_1,S6,13,9.481365973017773
104_PV_1,S6,14,9.218859941085253
104_PV_1,S6,15,10.294500883817747
104_PV_1,S6,16,7.363066410148894
104_PV_1,S6,17,5.661735659203033
104_PV_1,S6,18,0.0
104_PV_1,S6,19,0.0
104_PV_1,S6,20,0.0
104_PV_1,S6,21,0.0
104_PV_1,S6,22,0.0
104_PV_1,S6,23,0.0
104_PV_1,S6,24,0.0
104_PV_1,S7,1,0.0
104_PV_1,S7,2,0.0
104_PV_1,S7,3,0.0
104_PV_1,S7,4,0.0
104_PV_1,S7,5,0.0
104_PV_1,S7,6,5.9710339706653635
104_PV_1,S7,7,15.219479243727971
104_PV_1,S7,8,19.222715101049975
104_PV_1,S7,9,20.08872259958057
104_PV_1,S7,10,20.62916974295036
104_PV_1,S7,11,20.727174169538543
104_PV_1,S7,12,19.824226949455767
104_PV_1,S7,13,17.76848626494192
104_PV_1,S7,14,19.718125276291058
104_PV_1,S7,15,17.847634128851123
104_PV_1,S7,16,14.543355875393782
104_PV_1,S7,17,7.474197393737034
104_PV_1,S7,18,0.0
104_PV_1,S7,19,0.0
104_PV_1,S7,20,0.0
104_PV_1,S7,21,0.0
104_PV_1,S7,22,0.0
104_PV_1,S7,23,0.0
104_PV_1,S7,24,0.0
104_PV_1,S8,1,0.0
104_PV_1,S8,2,0.0
104_PV_1,S8,3,0.0
104_PV_1,S8,4,0.0
104_PV_1,S8,5,0.0
104_PV_1,S8,6,0.0
104_PV_1,S8,7,0.0
104_PV_1,S8,8,14.49097112924167
104_PV_1,S8,9,17.536779545619723
104_PV_1,S8,10,17.648632526139327
104_PV_1,S8,11,17.98789496973105
104_PV_1,S8,12,18.042543337586377
104_PV_1,S8,13,17.419221752277853
104_PV_1,S8,14,16.421750481016105
104_PV_1,S8,15,15.175976907286456
104_PV_1,S8,16,10.397866343101928
104_PV_1,S8,17,0.0
104_PV_1,S8,18,0.0
104_PV_1,S8,19,0.0
104_PV_1,S8,20,0.0
104_PV_1,S8,21,0.0
104_PV_1,S8,22,0.0
104_PV_1,S8,23,0.0
104_PV_1,S8,24,0.0
104_PV_1,S9,1,0.0
104_PV_1,S9,2,0.0
104_PV_1,S9,3,0.0
104_PV_1,S9,4,0.0
104_PV_1,S9,5,2.7551135313877606
104_PV_1,S9,6,11.118239242511827
104_PV_1,S9,7,15.90200115999243
104_PV_1,S9,8,19.97807796393594
104_PV_1,S9,9,19.86749904621579
104_PV_1,S9,10,21.863203235395147
104_PV_1,S9,11,24.223788118327175
104_PV_1,S9,12,24.807731144395547
104_PV_1,S9,13,24.095376765625115
104_PV_1,S9,14,23.691738144456785
104_PV_1,S9,15,22.49396931557821
104_PV_1,S9,16,17.51638295435251
104_PV_1,S9,17,13.476724141917876
104_PV_1,S9,18,4.441689106638723
104_PV_1,S9,19,0.0
104_PV_1,S9,20,0.0
104_PV_1,S9,21,0.0
104_PV_1,S9,22,0.0
104_PV_1,S9,23,0.0
104_PV_1,S9,24,0.0
104_PV_1,S10,1,0.0
104_PV_1,S10,2,0.0
104_PV_1,S10,3,0.0
104_PV_1,S10,4,0.0
104_PV_1,S10,5,0.0
104_PV_1,S10,6,0.0
104_PV_1,S10,7,8.347313694696899
104_PV_1,S10,8,15.847847661814908
104_PV_1,S10,9,17.60758899989066
104_PV_1,S10,10,18.580130228429994
104_PV_1,S10,11,17.12196609014356
104_PV_1,S10,12,16.45347249337004
104_PV_1,S10,13,16.766279599059015
104_PV_1,S10,14,16.131339571919
104_PV_1,S10,15,14.161726313551817
104_PV_1,S10,16,5.963464786724905
104_PV_1,S10,17,0.0
104_PV_1,S10,18,0.0
104_PV_1,S10,19,0.0
104_PV_1,S10,20,0.0
104_PV_1,S10,21,0.0
104_PV_1,S10,22,0.0
104_PV_1,S10,23,0.0
104_PV_1,S10,24,0.0
104_PV_1,S11,1,0.0
104_PV_1,S11,2,0.0
104_PV_1,S11,3,0.0
104_PV_1,S11,4,0.0
104_PV_1,S11,5,0.0
104_PV_1,S11,6,0.0
104_PV_1,S11,7,0.0
104_PV_1,S11,8,15.74975879875075
104_PV_1,S11,9,19.604417934332186
104_PV_1,S11,10,19.109582899477928
104_PV_1,S11,11,21.083700154570487
104_PV_1,S11,12,20.74201019788586
104_PV_1,S11,13,20.115029054832434
104_PV_1,S11,14,19.269901840006128
104_PV_1,S11,15,20.02158115292158
104_PV_1,S11,16,14.007911840838371
104_PV_1,S11,17,0.0
104_PV_1,S11,18,0.0
104_PV_1,S11,19,0.0
104_PV_1,S11,20,0.0
104_PV_1,S11,21,0.0
104_PV_1,S11,22,0.0
104_PV_1,S11,23,0.0
104_PV_1,S11,24,0.0
104_PV_1,S12,1,0.0
104_PV_1,S12,2,0.0
104_PV_1,S12,3,0.0
104_PV_1,S12,4,0.0
104_PV_1,S12,5,0.0
104_PV_1,S12,6,3.7817038688265594
104_PV_1,S12,7,6.505250650968877
104_PV_1,S12,8,9.663524354287667
104_PV_1,S12,9,10.499754485948708
104_PV_1,S12,10,10.91019494965835
104_PV_1,S12,11,11.652771969145315
104_PV_1,S12,12,11.459050411756056
104_PV_1,S12,13,10.461953120333298
104_PV_1,S12,14,10.121920685518926
104_PV_1,S12,15,8.9204166757361
104_PV_1,S12,16,3.4379446573175967
104_PV_1,S12,17,4.271332923993397
104_PV_1,S12,18,2.3760605578797134
104_PV_1,S12,19,0.0
104_PV_1,S12,20,0.0
104_PV_1,S12,21,0.0
104_PV_1,S12,22,0.0
104_PV_1,S12,23,0.0
104_PV_1,S12,24,0.0
212_CSP_1,S1,1,0.0
212_CSP_1,S1,2,0.0
212_CSP_1,S1,3,0.0
212_CSP_1,S1,4,0.0
212_CSP_1,S1,5,0.0
212_CSP_1,S1,6,0.0
212_CSP_1,S1,7,97.00091213256415
212_CSP_1,S1,8,210.0
212_CSP_1,S1,9,210.0
212_CSP_1,S1,10,210.0
212_CSP_1,S1,11,210.0
212_CSP_1,S1,12,210.0
212_CSP_1,S1,13,210.0
212_CSP_1,S1,14,210.0
212_CSP_1,S1,15,210.0
212_CSP_1,S1,16,210.0
212_CSP_1,S1,17,210.0
212_CSP_1,S1,18,0.0
212_CSP_1,S1,19,0.0
212_CSP_1,S1,20,0.0
212_CSP_1,S1,21,0.0
212_CSP_1,S1,22,0.0
212_CSP_1,S1,23,0.0
212_CSP_1,S1,24,0.0
212_CSP_1,S2,1,0.0
212_CSP_1,S2,2,0.0
212_CSP_1,S2,3,0.0
212_CSP_1,S2,4,0.0
212_CSP_1,S2,5,0.0
212_CSP_1,S2,6,0.0
212_CSP_1,S2,7,0.0
212_CSP_1,S2,8,0.0
212_CSP_1,S2,9,0.0
212_CSP_1,S2,10,0.0
212_CSP_1,S2,11,0.0
212_CSP_1,S2,12,0.0
212_CSP_1,S2,13,96.81149045080859
212_CSP_1,S2,14,210.0
212_CSP_1,S2,15,210.0
212_CSP_1,S2,16,130.76340243308582
212_CSP_1,S2,17,0.0
212_CSP_1,S2,18,0.0
212_CSP_1,S2,19,0.0
212_CSP_1,S2,20,0.0
212_CSP_1,S2,21,0.0
212_CSP_1,S2,22,0.0
212_CSP_1,S2,23,0.0
212_CSP_1,S2,24,0.0
212_CSP_1,S3,1,0.0
212_CSP_1,S3,2,0.0
212_CSP_1,S3,3,0.0
212_CSP_1,S3,4,0.0
212_CSP_1,S3,5,0.0
212_CSP_1,S3,6,0.0
212_CSP_1,S3,7,90.45333976046291
212_CSP_1,S3,8,210.0
212_CSP_1,S3,9,210.0
212_CSP_1,S3,10,210.0
212_CSP_1,S3,11,210.0
212_CSP_1,S3,12,210.0
212_CSP_1,S3,13,167.88190703025282
212_CSP_1,S3,14,210.0
212_CSP_1,S3,15,210.0
212_CSP_1,S3,16,0.0
212_CSP_1,S3,17,49.667862531617345
212_CSP_1,S3,18,0.0
212_CSP_1,S3,19,0.0
212_CSP_1,S3,20,0.0
212_CSP_1,S3,21,0.0
212_CSP_1,S3,22,0.0
212_CSP_1,S3,23,0.0
212_CSP_1,S3,24,0.0
212_CSP_1,S4,1,0.0
212_CSP_1,S4,2,0.0
212_CSP_1,S4,3,0.0
212_CSP_1,S4,4,0.0
212_CSP_1,S4,5,0.0
212_CSP_1,S4,6,0.0
212_CSP_1,S4,7,0.0
212_CSP_1,S4,8,0.0
212_CSP_1,S4,9,170.52530934464033
212_CSP_1,S4,10,204.8011841778329
212_CSP_1,S4,11,111.77524804192461
212_CSP_1,S4,12,210.0
212_CSP_1,S4,13,210.0
212_CSP_1,S4,14,210.0
212_CSP_1,S4,15,210.0
212_CSP_1,S4,16,210.0
212_CSP_1,S4,17,210.0
212_CSP_1,S4,18,0.0
212_CSP_1,S4,19,0.0
212_CSP_1,S4,20,0.0
212_CSP_1,S4,21,0.0
212_CSP_1,S4,22,0.0
212_CSP_1,S4,23,0.0
212_CSP_1,S4,24,0.0
212_CSP_1,S5,1,0.0
212_CSP_1,S5,2,0.0
212_CSP_1,S5,3,0.0
212_CSP_1,S5,4,0.0
212_CSP_1,S5,5,0.0
212_CSP_1,S5,6,0.0
212_CSP_1,S5,7,0.0
212_CSP_1,S5,8,56.073654230099244
212_CSP_1,S5,9,0.0
212_CSP_1,S5,10,210.0
212_CSP_1,S5,11,210.0
212_CSP_1,S5,12,0.0
212_CSP_1,S5,13,210.0
212_CSP_1,S5,14,153.96414103636212
212_CSP_1,S5,15,210.0
212_CSP_1,S5,16,0.0
212_CSP_1,S5,17,0.0
212_CSP_1,S5,18,0.0
212_CSP_1,S5,19,0.0
212_CSP_1,S5,20,0.0
212_CSP_1,S5,21,0.0
212_CSP_1,S5,22,0.0
212_CSP_1,S5,23,0.0
212_CSP_1,S5,24,0.0
212_CSP_1,S6,1,0.0
212_CSP_1,S6,2,0.0
212_CSP_1,S6,3,0.0
212_CSP_1,S6,4,0.0
212_CSP_1,S6,5,0.0
212_CSP_1,S6,6,0.0
212_CSP_1,S6,7,93.21326243350735
212_CSP_1,S6,8,160.23683833839377
212_CSP_1,S6,9,189.47634308584435
212_CSP_1,S6,10,205.61978896351022
212_CSP_1,S6,11,208.9826793653709
212_CSP_1,S6,12,205.03272255985993
212_CSP_1,S6,13,200.94280664996376
212_CSP_1,S6,14,206.7022950220577
212_CSP_1,S6,15,194.87040044359182
212_CSP_1,S6,16,59.016860239614395
212_CSP_1,S6,17,0.0
212_CSP_1,S6,18,0.0
212_CSP_1,S6,19,0.0
212_CSP_1,S6,20,0.0
212_CSP_1,S6,21,0.0
212_CSP_1,S6,22,0.0
212_CSP_1,S6,23,0.0
212_CSP_1,S6,24,0.0
212_CSP_1,S7,1,0.0
212_CSP_1,S7,2,0.0
212_CSP_1,S7,3,0.0
212_CSP_1,S7,4,0.0
212_CSP_1,S7,5,0.0
212_CSP_1,S7,6,0.0
212_CSP_1,S7,7,58.05612371062064
212_CSP_1,S7,8,210.0
212_CSP_1,S7,9,210.0
212_CSP_1,S7,10,210.0
212_CSP_1,S7,11,210.0
212_CSP_1,S7,12,210.0
212_CSP_1,S7,13,210.0
212_CSP_1,S7,14,210.0
212_CSP_1,S7,15,210.0
212_CSP_1,S7,16,210.0
212_CSP_1,S7,17,0.0
212_CSP_1,S7,18,0.0
212_CSP_1,S7,19,0.0
212_CSP_1,S7,20,0.0
212_CSP_1,S7,21,0.0
212_CSP_1,S7,22,0.0
212_CSP_1,S7,23,0.0
212_CSP_1,S7,24,0.0
212_CSP_1,S8,1,0.0
212_CSP_1,S8,2,0.0
212_CSP_1,S8,3,0.0
212_CSP_1,S8,4,0.0
212_CSP_1,S8,5,0.0
212_CSP_1,S8,6,0.0
212_CSP_1,S8,7,0.0
212_CSP_1,S8,8,0.0
212_CSP_1,S8,9,73.48986704036331
212_CSP_1,S8,10,210.0
212_CSP_1,S8,11,144.9301279129006
212_CSP_1,S8,12,210.0
212_CSP_1,S8,13,210.0
212_CSP_1,S8,14,210.0
212_CSP_1,S8,15,210.0
212_CSP_1,S8,16,174.46149968693467
212_CSP_1,S8,17,0.0
212_CSP_1,S8,18,0.0
212_CSP_1,S8,19,0.0
212_CSP_1,S8,20,0.0
212_CSP_1,S8,21,0.0
212_CSP_1,S8,22,0.0
212_CSP_1,S8,23,0.0
212_CSP_1,S8,24,0.0
212_CSP_1,S9,1,0.0
212_CSP_1,S9,2,0.0
212_CSP_1,S9,3,0.0
212_CSP_1,S9,4,0.0
212_CSP_1,S9,5,0.0
212_CSP_1,S9,6,35.56128659292031
212_CSP_1,S9,7,210.0
212_CSP_1,S9,8,210.0
212_CSP_1,S9,9,210.0
212_CSP_1,S9,10,210.0
212_CSP_1,S9,11,210.0
212_CSP_1,S9,12,210.0
212_CSP_1,S9,13,210.0
212_CSP_1,S9,14,210.0
212_CSP_1,S9,15,210.0
212_CSP_1,S9,16,210.0
212_CSP_1,S9,17,210.0
212_CSP_1,S9,18,158.48688332589612
212_CSP_1,S9,19,0.0
212_CSP_1,S9,20,0.0
212_CSP_1,S9,21,0.0
212_CSP_1,S9,22,0.0
212_CSP_1,S9,23,0.0
212_CSP_1,S9,24,0.0
212_CSP_1,S10,1,0.0
212_CSP_1,S10,2,0.0
212_CSP_1,S10,3,0.0
212_CSP_1,S10,4,0.0
212_CSP_1,S10,5,0.0
212_CSP_1,S10,6,0.0
212_CSP_1,S10,7,0.0
212_CSP_1,S10,8,55.91560038983204
212_CSP_1,S10,9,210.0
212_CSP_1,S10,10,210.0
212_CSP_1,S10,11,210.0
212_CSP_1,S10,12,210.0
212_CSP_1,S10,13,210.0
212_CSP_1,S10,14,210.0
212_CSP_1,S10,15,210.0
212_CSP_1,S10,16,126.40781253449478
212_CSP_1,S10,17,0.0
212_CSP_1,S10,18,0.0
212_CSP_1,S10,19,0.0
212_CSP_1,S10,20,0.0
212_CSP_1,S10,21,0.0
212_CSP_1,S10,22,0.0
212_CSP_1,S10,23,0.0
212_CSP_1,S10,24,0.0
212_CSP_1,S11,1,0.0
212_CSP_1,S11,2,0.0
212_CSP_1,S11,3,0.0
212_CSP_1,S11,4,0.0
212_CSP_1,S11,5,0.0
212_CSP_1,S11,6,0.0
212_CSP_1,S11,7,0.0
212_CSP_1,S11,8,8.404242423386076
212_CSP_1,S11,9,113.7571144518064
212_CSP_1,S11,10,210.0
212_CSP_1,S11,11,210.0
212_CSP_1,S11,12,210.0
212_CSP_1,S11,13,210.0
212_CSP_1,S11,14,210.0
212_CSP_1,S11,15,210.0
212_CSP_1,S11,16,210.0
212_CSP_1,S11,17,0.0
212_CSP_1,S11,18,0.0
212_CSP_1,S11,19,0.0
212_CSP_1,S11,20,0.0
212_CSP_1,S11,21,0.0
212_CSP_1,S11,22,0.0
212_CSP_1,S11,23,0.0
212_CSP_1,S11,24,0.0
212_CSP_1,S12,1,0.0
212_CSP_1,S12,2,0.0
212_CSP_1,S12,3,0.0
212_CSP_1,S12,4,0.0
212_CSP_1,S12,5,0.0
212_CSP_1,S12,6,0.0
212_CSP_1,S12,7,8.83270474966377
212_CSP_1,S12,8,90.10292583301788
212_CSP_1,S12,9,185.21116932861514
212_CSP_1,S12,10,189.91259045629775
212_CSP_1,S12,11,207.77005135550976
212_CSP_1,S12,12,0.0
212_CSP_1,S12,13,0.0
212_CSP_1,S12,14,0.0
212_CSP_1,S12,15,79.50305290394019
212_CSP_1,S12,16,164.83917343360582
212_CSP_1,S12,17,147.6514679487663
212_CSP_1,S12,18,0.0
212_CSP_1,S12,19,0.0
212_CSP_1,S12,20,0.0
212_CSP_1,S12,21,0.0
212_CSP_1,S12,22,0.0
212_CSP_1,S12,23,0.0
212_CSP_1,S12,24,0.0
101_PV_2,S1,1,0.0
101_PV_2,S1,2,0.0
101_PV_2,S1,3,0.0
101_PV_2,S1,4,0.0
101_PV_2,S1,5,0.0
101_PV_2,S1,6,6.701775186861087
101_PV_2,S1,7,13.990917680688803
101_PV_2,S1,8,17.194828427721287
101_PV_2,S1,9,19.02450206419207
101_PV_2,S1,10,18.337114203483406
101_PV_2,S1,11,19.6999238554194
101_PV_2,S1,12,17.319293402311008
101_PV_2,S1,13,16.548951512849865
101_PV_2,S1,14,16.831085877935546
101_PV_2,S1,15,9.990447093720686
101_PV_2,S1,16,0.0
101_PV_2,S1,17,4.382321161132138
101_PV_2,S1,18,0.0
101_PV_2,S1,19,0.0
101_PV_2,S1,20,0.0
101_PV_2,S1,21,0.0
101_PV_2,S1,22,0.0
101_PV_2,S1,23,0.0
101_PV_2,S1,24,0.0
101_PV_2,S2,1,0.0
101_PV_2,S2,2,0.0
101_PV_2,S2,3,0.0
101_PV_2,S2,4,0.0
101_PV_2,S2,5,0.0
101_PV_2,S2,6,0.0
101_PV_2,S2,7,0.0
101_PV_2,S2,8,16.044720737098405
101_PV_2,S2,9,19.474346651414592
101_PV_2,S2,10,20.658097593424706
101_PV_2,S2,11,19.84561835884742
101_PV_2,S2,12,19.135675084003662
101_PV_2,S2,13,19.107681160083935
101_PV_2,S2,14,19.22005478278738
101_PV_2,S2,15,15.728931899017573
101_PV_2,S2,16,9.179608684486315
101_PV_2,S2,17,0.0
101_PV_2,S2,18,0.0
101_PV_2,S2,19,0.0
101_PV_2,S2,20,0.0
101_PV_2,S2,21,0.0
101_PV_2,S2,22,0.0
101_PV_2,S2,23,0.0
101_PV_2,S2,24,0.0
101_PV_2,S3,1,0.0
101_PV_2,S3,2,0.0
101_PV_2,S3,3,0.0
101_PV_2,S3,4,0.0
101_PV_2,S3,5,0.0
101_PV_2,S3,6,7.658003482312659
101_PV_2,S3,7,15.917215070492825
101_PV_2,S3,8,20.545171101692798
101_PV_2,S3,9,20.76308962954714
101_PV_2,S3,10,20.60942571484674
101_PV_2,S3,11,22.44362922034828
101_PV_2,S3,12,21.980138269626625
101_PV_2,S3,13,19.880075617935624
101_PV_2,S3,14,19.415060942741825
101_PV_2,S3,15,19.87666141393935
101_PV_2,S3,16,17.564934240082852
101_PV_2,S3,17,11.169965908046787
101_PV_2,S3,18,0.0
101_PV_2,S3,19,0.0
101_PV_2,S3,20,0.0
101_PV_2,S3,21,0.0
101_PV_2,S3,22,0.0
101_PV_2,S3,23,0.0
101_PV_2,S3,24,0.0
101_PV_2,S4,1,0.0
101_PV_2,S4,2,0.0
101_PV_2,S4,3,0.0
101_PV_2,S4,4,0.0
101_PV_2,S4,5,0.0
101_PV_2,S4,6,0.0
101_PV_2,S4,7,14.467571451251258
101_PV_2,S4,8,19.054395282402332
101_PV_2,S4,9,21.35369639497049
101_PV_2,S4,10,21.47346307910417
101_PV_2,S4,11,21.35653331667605
101_PV_2,S4,12,20.74133494090022
101_PV_2,S4,13,21.08829920011923
101_PV_2,S4,14,20.465155472943614
101_PV_2,S4,15,19.67514568575484
101_PV_2,S4,16,17.586248048472942
101_PV_2,S4,17,10.345619907800819
101_PV_2,S4,18,0.0
101_PV_2,S4,19,0.0
101_PV_2,S4,20,0.0
101_PV_2,S4,21,0.0
101_PV_2,S4,22,0.0
101_PV_2,S4,23,0.0
101_PV_2,S4,24,0.0
101_PV_2,S5,1,0.0
101_PV_2,S5,2,0.0
101_PV_2,S5,3,0.0
101_PV_2,S5,4,0.0
101_PV_2,S5,5,0.0
101_PV_2,S5,6,0.0
101_PV_2,S5,7,8.9530738880698
101_PV_2,S5,8,16.54217428009236
101_PV_2,S5,9,16.987423783784973
101_PV_2,S5,10,18.025464200055442
101_PV_2,S5,11,18.624299880503397
101_PV_2,S5,12,20.447916509889463
101_PV_2,S5,13,17.911968739054238
101_PV_2,S5,14,17.563696588126064
101_PV_2,S5,15,14.928513602454709
101_PV_2,S5,16,6.4274940104059475
101_PV_2,S5,17,0.0
101_PV_2,S5,18,0.0
101_PV_2,S5,19,0.0
101_PV_2,S5,20,0.0
101_PV_2,S5,21,0.0
101_PV_2,S5,22,0.0
101_PV_2,S5,23,0.0
101_PV_2,S5,24,0.0
101_PV_2,S6,1,0.0
101_PV_2,S6,2,0.0
101_PV_2,S6,3,0.0
101_PV_2,S6,4,0.0
101_PV_2,S6,5,0.0
101_PV_2,S6,6,5.455472336528339
101_PV_2,S6,7,8.317493128999978
101_PV_2,S6,8,10.377498455666085
101_PV_2,S6,9,10.751928014059382
101_PV_2,S6,10,11.142090164477315
101_PV_2,S6,11,11.536223853105787
101_PV_2,S6,12,10.28951767830001
101_PV_2,S6,13,8.874764032914483
101_PV_2,S6,14,6.803427716914302
101_PV_2,S6,15,9.113124607759802
101_PV_2,S6,16,9.224396144890173
101_PV_2,S6,17,7.180411284967931
101_PV_2,S6,18,2.7676463842614774
101_PV_2,S6,19,0.0
101_PV_2,S6,20,0.0
101_PV_2,S6,21,0.0
101_PV_2,S6,22,0.0
101_PV_2,S6,23,0.0
101_PV_2,S6,24,0.0
101_PV_2,S7,1,0.0
101_PV_2,S7,2,0.0
101_PV_2,S7,3,0.0
101_PV_2,S7,4,0.0
101_PV_2,S7,5,0.0
101_PV_2,S7,6,5.988006447432667
101_PV_2,S7,7,15.519634148653395
101_PV_2,S7,8,19.954112413473528
101_PV_2,S7,9,19.997676921075687
101_PV_2,S7,10,20.611722220782752
101_PV_2,S7,11,20.705513571969455
101_PV_2,S7,12,19.81707126543152
101_PV_2,S7,13,19.267756093620086
101_PV_2,S7,14,19.27051781554729
101_PV_2,S7,15,18.425243994842518
101_PV_2,S7,16,15.182881748148224
101_PV_2,S7,17,7.425915483397529
101_PV_2,S7,18,0.0
101_PV_2,S7,19,0.0
101_PV_2,S7,20,0.0
101_PV_2,S7,21,0.0
101_PV_2,S7,22,0.0
101_PV_2,S7,23,0.0
101_PV_2,S7,24,0.0
101_PV_2,S8,1,0.0
101_PV_2,S8,2,0.0
101_PV_2,S8,3,0.0
101_PV_2,S8,4,0.0
101_PV_2,S8,5,0.0
101_PV_2,S8,6,0.0
101_PV_2,S8,7,0.0
101_PV_2,S8,8,15.005398734055019
101_PV_2,S8,9,19.214522626558878
101_PV_2,S8,10,18.34563946716859
101_PV_2,S8,11,19.647745385208708
101_PV_2,S8,12,19.199182584307977
101_PV_2,S8,13,19.217796608911446
101_PV_2,S8,14,17.564745907256846
101_PV_2,S8,15,16.646101264949948
101_PV_2,S8,16,10.354932417880558
101_PV_2,S8,17,0.0
101_PV_2,S8,18,0.0
101_PV_2,S8,19,0.0
101_PV_2,S8,20,0.0
101_PV_2,S8,21,0.0
101_PV_2,S8,22,0.0
101_PV_2,S8,23,0.0
101_PV_2,S8,24,0.0
101_PV_2,S9,1,0.0
101_PV_2,S9,2,0.0
101_PV_2,S9,3,0.0
101_PV_2,S9,4,0.0
101_PV_2,S9,5,0.0
101_PV_2,S9,6,10.899716347564276
101_PV_2,S9,7,16.4095425486587
101_PV_2,S9,8,19.271663274524204
101_PV_2,S9,9,21.526937308876292
101_PV_2,S9,10,21.78387089516604
101_PV_2,S9,11,24.64464690264312
101_PV_2,S9,12,24.04478922364117
101_PV_2,S9,13,23.65207835560261
101_PV_2,S9,14,22.349058398392305
101_PV_2,S9,15,21.734254614959085
101_PV_2,S9,16,17.736527526775294
101_PV_2,S9,17,12.71827407088659
101_PV_2,S9,18,3.909235146267634
101_PV_2,S9,19,0.0
101_PV_2,S9,20,0.0
101_PV_2,S9,21,0.0
101_PV_2,S9,22,0.0
101_PV_2,S9,23,0.0
101_PV_2,S9,24,0.0
101_PV_2,S10,1,0.0
101_PV_2,S10,2,0.0
101_PV_2,S10,3,0.0
101_PV_2,S10,4,0.0
101_PV_2,S10,5,0.0
101_PV_2,S10,6,0.0
101_PV_2,S10,7,7.91668135190558
101_PV_2,S10,8,16.393409650909494
101_PV_2,S10,9,18.841384169724297
101_PV_2,S10,10,18.66532055865649
101_PV_2,S10,11,17.50444141042031
101_PV_2,S10,12,16.939866116527426
101_PV_2,S10,13,18.094158991211703
101_PV_2,S10,14,16.523977472056362
101_PV_2,S10,15,14.716439305399685
101_PV_2,S10,16,6.436357880437364
101_PV_2,S10,17,0.0
101_PV_2,S10,18,0.0
101_PV_2,S10,19,0.0
101_PV_2,S10,20,0.0
101_PV_2,S10,21,0.0
101_PV_2,S10,22,0.0
101_PV_2,S10,23,0.0
101_PV_2,S10,24,0.0
101_PV_2,S11,1,0.0
101_PV_2,S11,2,0.0
101_PV_2,S11,3,0.0
101_PV_2,S11,4,0.0
101_PV_2,S11,5,0.0
101_PV_2,S11,6,0.0
101_PV_2,S11,7,0.0
101_PV_2,S11,8,15.430259261390528
101_PV_2,S11,9,18.108810971249408
101_PV_2,S11,10,18.88222768564049
101_PV_2,S11,11,20.57844003548989
101_PV_2,S11,12,22.051921907904138
101_PV_2,S11,13,20.168074017840055
101_PV_2,S11,14,20.73350200306392
101_PV_2,S11,15,19.15089646096045
101_PV_2,S11,16,14.584908008424833
101_PV_2,S11,17,2.689719239564772
101_PV_2,S11,18,0.0
101_PV_2,S11,19,0.0
101_PV_2,S11,20,0.0
101_PV_2,S11,21,0.0
101_PV_2,S11,22,0.0
101_PV_2,S11,23,0.0
101_PV_2,S11,24,0.0
101_PV_2,S12,1,0.0
101_PV_2,S12,2,0.0
101_PV_2,S12,3,0.0
101_PV_2,S12,4,0.0
101_PV_2,S12,5,0.0
101_PV_2,S12,6,4.484270449032245
101_PV_2,S12,7,5.9851898993808526
101_PV_2,S12,8,8.41823339817031
101_PV_2,S12,9,9.41642569220904
101_PV_2,S12,10,10.063471595895567
101_PV_2,S12,11,10.018865347170484
101_PV_2,S12,12,9.940190907309535
101_PV_2,S12,13,9.755603420836588
101_PV_2,S12,14,8.466720774797484
101_PV_2,S12,15,4.557999433568629
101_PV_2,S12,16,4.660677484312262
101_PV_2,S12,17,1.5281160874393163
101_PV_2,S12,18,0.0
101_PV_2,S12,19,0.0
101_PV_2,S12,20,0.0
101_PV_2,S12,21,0.0
101_PV_2,S12,22,0.0
101_PV_2,S12,23,0.0
101_PV_2,S12,24,0.0
101_PV_3,S1,1,0.0
101_PV_3,S1,2,0.0
101_PV_3,S1,3,0.0
101_PV_3,S1,4,0.0
101_PV_3,S1,5,0.0
101_PV_3,S1,6,6.683833298051031
101_PV_3,S1,7,13.266200220370632
101_PV_3,S1,8,17.03244548789124
101_PV_3,S1,9,17.896730625468937
101_PV_3,S1,10,18.456953338196502
101_PV_3,S1,11,19.52194286958288
101_PV_3,S1,12,18.838003588936612
101_PV_3,S1,13,19.136220032838406
101_PV_3,S1,14,18.669378321353584
101_PV_3,S1,15,16.029876026198462
101_PV_3,S1,16,4.67149324046996
101_PV_3,S1,17,0.3951916887419247
101_PV_3,S1,18,0.0
101_PV_3,S1,19,0.0
101_PV_3,S1,20,0.0
101_PV_3,S1,21,0.0
101_PV_3,S1,22,0.0
101_PV_3,S1,23,0.0
101_PV_3,S1,24,0.0
101_PV_3,S2,1,0.0
101_PV_3,S2,2,0.0
101_PV_3,S2,3,0.0
101_PV_3,S2,4,0.0
101_PV_3,S2,5,0.0
101_PV_3,S2,6,0.0
101_PV_3,S2,7,0.0
101_PV_3,S2,8,16.374484478428815
101_PV_3,S2,9,20.01164926277054
101_PV_3,S2,10,19.456708026638534
101_PV_3,S2,11,20.464277154756008
101_PV_3,S2,12,19.596796441783066
101_PV_3,S2,13,18.311321838596143
101_PV_3,S2,14,18.281001921354697
101_PV_3,S2,15,14.968046710154185
101_PV_3,S2,16,8.709186520453118
101_PV_3,S2,17,0.0
101_PV_3,S2,18,0.0
101_PV_3,S2,19,0.0
101_PV_3,S2,20,0.0
101_PV_3,S2,21,0.0
101_PV_3,S2,22,0.0
101_PV_3,S2,23,0.0
101_PV_3,S2,24,0.0
101_PV_3,S3,1,0.0
101_PV_3,S3,2,0.0
101_PV_3,S3,3,0.0
101_PV_3,S3,4,0.0
101_PV_3,S3,5,0.0
101_PV_3,S3,6,8.027366525567814
101_PV_3,S3,7,14.996922916703038
101_PV_3,S3,8,18.880637278149493
101_PV_3,S3,9,20.856115538456915
101_PV_3,S3,10,21.01682916131781
101_PV_3,S3,11,22.415264208193463
101_PV_3,S3,12,20.9143468090888
101_PV_3,S3,13,21.22784051796572
101_PV_3,S3,14,18.937813026200313
101_PV_3,S3,15,21.0137506296224
101_PV_3,S3,16,18.40128002687415
101_PV_3,S3,17,11.249802439923398
101_PV_3,S3,18,0.0
101_PV_3,S3,19,0.0
101_PV_3,S3,20,0.0
101_PV_3,S3,21,0.0
101_PV_3,S3,22,0.0
101_PV_3,S3,23,0.0
101_PV_3,S3,24,0.0
101_PV_3,S4,1,0.0
101_PV_3,S4,2,0.0
101_PV_3,S4,3,0.0
101_PV_3,S4,4,0.0
101_PV_3,S4,5,0.0
101_PV_3,S4,6,0.0
101_PV_3,S4,7,14.816219100417404
101_PV_3,S4,8,19.045412532031825
101_PV_3,S4,9,21.334721100585874
101_PV_3,S4,10,20.09986873242429
101_PV_3,S4,11,20.755358166775274
101_PV_3,S4,12,21.528807971313082
101_PV_3,S4,13,20.834982089218073
101_PV_3,S4,14,20.235785638129446
101_PV_3,S4,15,19.498079748649875
101_PV_3,S4,16,18.42195084466218
101_PV_3,S4,17,11.396906745332076
101_PV_3,S4,18,0.0
101_PV_3,S4,19,0.0
101_PV_3,S4,20,0.0
101_PV_3,S4,21,0.0
101_PV_3,S4,22,0.0
101_PV_3,S4,23,0.0
101_PV_3,S4,24,0.0
101_PV_3,S5,1,0.0
101_PV_3,S5,2,0.0
101_PV_3,S5,3,0.0
101_PV_3,S5,4,0.0
101_PV_3,S5,5,0.0
101_PV_3,S5,6,0.0
101_PV_3,S5,7,8.89198956678036
101_PV_3,S5,8,16.12073602844091
101_PV_3,S5,9,16.7214481149748
101_PV_3,S5,10,18.315718385249944
101_PV_3,S5,11,19.11879909948838
101_PV_3,S5,12,18.643395171058046
101_PV_3,S5,13,19.01711729139923
101_PV_3,S5,14,17.527988054055506
101_PV_3,S5,15,14.507322515542784
101_PV_3,S5,16,6.088420960309101
101_PV_3,S5,17,0.0
101_PV_3,S5,18,0.0
101_PV_3,S5,19,0.0
101_PV_3,S5,20,0.0
101_PV_3,S5,21,0.0
101_PV_3,S5,22,0.0
101_PV_3,S5,23,0.0
101_PV_3,S5,24,0.0
101_PV_3,S6,1,0.0
101_PV_3,S6,2,0.0
101_PV_3,S6,3,0.0
101_PV_3,S6,4,0.0
101_PV_3,S6,5,0.0
101_PV_3,S6,6,5.232174618411642
101_PV_3,S6,7,8.094379401273926
101_PV_3,S6,8,9.89017110054112
101_PV_3,S6,9,10.868147415630938
101_PV_3,S6,10,10.942457470104197
101_PV_3,S6,11,11.40395277251806
101_PV_3,S6,12,10.649402956073585
101_PV_3,S6,13,10.158584656881791
101_PV_3,S6,14,10.405308636286296
101_PV_3,S6,15,11.00851962460162
101_PV_3,S6,16,9.346463730173959
101_PV_3,S6,17,7.426967344204998
101_PV_3,S6,18,1.31734691784989
101_PV_3,S6,19,0.0
101_PV_3,S6,20,0.0
101_PV_3,S6,21,0.0
101_PV_3,S6,22,0.0
101_PV_3,S6,23,0.0
101_PV_3,S6,24,0.0
101_PV_3,S7,1,0.0
101_PV_3,S7,2,0.0
101_PV_3,S7,3,0.0
101_PV_3,S7,4,0.0
101_PV_3,S7,5,0.0
101_PV_3,S7,6,5.986728165622408
101_PV_3,S7,7,15.548225938956604
101_PV_3,S7,8,19.218139459132225
101_PV_3,S7,9,20.712513278552414
101_PV_3,S7,10,20.13032081698598
101_PV_3,S7,11,20.77265410298211
101_PV_3,S7,12,20.662562205498812
101_PV_3,S7,13,18.172930091112008
101_PV_3,S7,14,20.48293317995862
101_PV_3,S7,15,19.83537973691701
101_PV_3,S7,16,15.688500587608901
101_PV_3,S7,17,7.667596734763373
101_PV_3,S7,18,0.0
101_PV_3,S7,19,0.0
101_PV_3,S7,20,0.0
101_PV_3,S7,21,0.0
101_PV_3,S7,22,0.0
101_PV_3,S7,23,0.0
101_PV_3,S7,24,0.0
101_PV_3,S8,1,0.0
101_PV_3,S8,2,0.0
101_PV_3,S8,3,0.0
101_PV_3,S8,4,0.0
101_PV_3,S8,5,0.0
101_PV_3,S8,6,0.0
101_PV_3,S8,7,0.0
101_PV_3,S8,8,15.050280558907053
101_PV_3,S8,9,19.303094852975338
101_PV_3,S8,10,19.522180026830014
101_PV_3,S8,11,18.648215511892587
101_PV_3,S8,12,19.326156257114693
101_PV_3,S8,13,17.58574316407316
101_PV_3,S8,14,17.934938827822787
101_PV_3,S8,15,16.55387473147519
101_PV_3,S8,16,10.736008427430862
101_PV_3,S8,17,0.0
101_PV_3,S8,18,0.0
101_PV_3,S8,19,0.0
101_PV_3,S8,20,0.0
101_PV_3,S8,21,0.0
101_PV_3,S8,22,0.0
101_PV_3,S8,23,0.0
101_PV_3,S8,24,0.0
101_PV_3,S9,1,0.0
101_PV_3,S9,2,0.0
101_PV_3,S9,3,0.0
101_PV_3,S9,4,0.0
101_PV_3,S9,5,0.0
101_PV_3,S9,6,10.941007151083781
101_PV_3,S9,7,16.825840245788633
101_PV_3,S9,8,20.425168604389334
101_PV_3,S9,9,22.533163976368346
101_PV_3,S9,10,21.857751522306405
101_PV_3,S9,11,23.802790740555306
101_PV_3,S9,12,23.83627126452427
101_PV_3,S9,13,22.581404091313534
101_PV_3,S9,14,23.930178313224708
101_PV_3,S9,15,21.550638800610617
101_PV_3,S9,16,18.362377830099945
101_PV_3,S9,17,13.937318378446838
101_PV_3,S9,18,4.3472781947339225
101_PV_3,S9,19,0.0
101_PV_3,S9,20,0.0
101_PV_3,S9,21,0.0
101_PV_3,S9,22,0.0
101_PV_3,S9,23,0.0
101_PV_3,S9,24,0.0
101_PV_3,S10,1,0.0
101_PV_3,S10,2,0.0
101_PV_3,S10,3,0.0
101_PV_3,S10,4,0.0
101_PV_3,S10,5,0.0
101_PV_3,S10,6,0.0
101_PV_3,S10,7,5.985367603864889
101_PV_3,S10,8,15.070330607837775
101_PV_3,S10,9,16.774626098808398
101_PV_3,S10,10,17.125127683007733
101_PV_3,S10,11,15.650080097340112
101_PV_3,S10,12,17.39792540604573
101_PV_3,S10,13,17.870642310867016
101_PV_3,S10,14,17.783747268762806
101_PV_3,S10,15,14.490225296698531
101_PV_3,S10,16,6.033693111260509
101_PV_3,S10,17,0.0
101_PV_3,S10,18,0.0
101_PV_3,S10,19,0.0
101_PV_3,S10,20,0.0
101_PV_3,S10,21,0.0
101_PV_3,S10,22,0.0
101_PV_3,S10,23,0.0
101_PV_3,S10,24,0.0
101_PV_3,S11,1,0.0
101_PV_3,S11,2,0.0
101_PV_3,S11,3,0.0
101_PV_3,S11,4,0.0
101_PV_3,S11,5,0.0
101_PV_3,S11,6,0.0
101_PV_3,S11,7,0.0
101_PV_3,S11,8,15.441691755622054
101_PV_3,S11,9,18.367007174284847
101_PV_3,S11,10,19.937736515537377
101_PV_3,S11,11,20.97389596829484
101_PV_3,S11,12,21.705321397409392
101_PV_3,S11,13,22.21259385499217
101_PV_3,S11,14,20.591933273461244
101_PV_3,S11,15,18.897602867828454
101_PV_3,S11,16,13.599702107288419
101_PV_3,S11,17,2.7904799802929006
101_PV_3,S11,18,0.0
101_PV_3,S11,19,0.0
101_PV_3,S11,20,0.0
101_PV_3,S11,21,0.0
101_PV_3,S11,22,0.0
101_PV_3,S11,23,0.0
101_PV_3,S11,24,0.0
101_PV_3,S12,1,0.0
101_PV_3,S12,2,0.0
101_PV_3,S12,3,0.0
101_PV_3,S12,4,0.0
101_PV_3,S12,5,0.0
101_PV_3,S12,6,4.387894853285081
101_PV_3,S12,7,6.85484725984071
101_PV_3,S12,8,8.62494361275314
101_PV_3,S12,9,9.911972058526933
101_PV_3,S12,10,10.598392641108463
101_PV_3,S12,11,10.400401455064632
101_PV_3,S12,12,10.631618727694281
101_PV_3,S12,13,9.679556724006147
101_PV_3,S12,14,9.96758610839581
101_PV_3,S12,15,8.458201945313258
101_PV_3,S12,16,6.239129740083286
101_PV_3,S12,17,5.023369970370035
101_PV_3,S12,18,1.4921180777757612
101_PV_3,S12,19,0.0
101_PV_3,S12,20,0.0
101_PV_3,S12,21,0.0
101_PV_3,S12,22,0.0
101_PV_3,S12,23,0.0
101_PV_3,S12,24,0.0
101_PV_4,S1,1,0.0
101_PV_4,S1,2,0.0
101_PV_4,S1,3,0.0
101_PV_4,S1,4,0.0
101_PV_4,S1,5,0.0
101_PV_4,S1,6,6.808068514475896
101_PV_4,S1,7,13.822406112803659
101_PV_4,S1,8,16.93568279806879
101_PV_4,S1,9,18.133264427814694
101_PV_4,S1,10,19.704950657151336
101_PV_4,S1,11,19.38841122876505
101_PV_4,S1,12,18.030382323374297
101_PV_4,S1,13,18.574021328407518
101_PV_4,S1,14,18.471337986424864
101_PV_4,S1,15,15.625953315605802
101_PV_4,S1,16,4.238281972132689
101_PV_4,S1,17,3.4601784834719975
101_PV_4,S1,18,0.0
101_PV_4,S1,19,0.0
101_PV_4,S1,20,0.0
101_PV_4,S1,21,0.0
101_PV_4,S1,22,0.0
101_PV_4,S1,23,0.0
101_PV_4,S1,24,0.0
101_PV_4,S2,1,0.0
101_PV_4,S2,2,0.0
101_PV_4,S2,3,0.0
101_PV_4,S2,4,0.0
101_PV_4,S2,5,0.0
101_PV_4,S2,6,0.0
101_PV_4,S2,7,0.0
101_PV_4,S2,8,15.470114661140798
101_PV_4,S2,9,19.90584148735344
101_PV_4,S2,10,20.082916727388195
101_PV_4,S2,11,21.525280485150642
101_PV_4,S2,12,19.989309530200433
101_PV_4,S2,13,18.816696879424683
101_PV_4,S2,14,17.928622520588046
101_PV_4,S2,15,14.842577104290903
101_PV_4,S2,16,8.8833385912602
101_PV_4,S2,17,0.0
101_PV_4,S2,18,0.0
101_PV_4,S2,19,0.0
101_PV_4,S2,20,0.0
101_PV_4,S2,21,0.0
101_PV_4,S2,22,0.0
101_PV_4,S2,23,0.0
101_PV_4,S2,24,0.0
101_PV_4,S3,1,0.0
101_PV_4,S3,2,0.0
101_PV_4,S3,3,0.0
101_PV_4,S3,4,0.0
101_PV_4,S3,5,0.0
101_PV_4,S3,6,7.034977674024091
101_PV_4,S3,7,15.298035728776265
101_PV_4,S3,8,20.001886458970805
101_PV_4,S3,9,20.931571069245045
101_PV_4,S3,10,20.476514636930183
101_PV_4,S3,11,22.39141521526954
101_PV_4,S3,12,22.13625628678266
101_PV_4,S3,13,21.803679414665147
101_PV_4,S3,14,21.958014725129058
101_PV_4,S3,15,19.621102093127753
101_PV_4,S3,16,18.193514350157233
101_PV_4,S3,17,12.241127661182496
101_PV_4,S3,18,0.0
101_PV_4,S3,19,0.0
101_PV_4,S3,20,0.0
101_PV_4,S3,21,0.0
101_PV_4,S3,22,0.0
101_PV_4,S3,23,0.0
101_PV_4,S3,24,0.0
101_PV_4,S4,1,0.0
101_PV_4,S4,2,0.0
101_PV_4,S4,3,0.0
101_PV_4,S4,4,0.0
101_PV_4,S4,5,0.0
101_PV_4,S4,6,0.0
101_PV_4,S4,7,16.58054614594384
101_PV_4,S4,8,21.107242375530348
101_PV_4,S4,9,21.859855674148168
101_PV_4,S4,10,23.058001220568027
101_PV_4,S4,11,20.85140904739005
101_PV_4,S4,12,19.63896690853081
101_PV_4,S4,13,19.996950834534037
101_PV_4,S4,14,21.572108354825144
101_PV_4,S4,15,21.41190991639993
101_PV_4,S4,16,17.346157316974654
101_PV_4,S4,17,11.68504052681372
101_PV_4,S4,18,0.0
101_PV_4,S4,19,0.0
101_PV_4,S4,20,0.0
101_PV_4,S4,21,0.0
101_PV_4,S4,22,0.0
101_PV_4,S4,23,0.0
101_PV_4,S4,24,0.0
101_PV_4,S5,1,0.0
101_PV_4,S5,2,0.0
101_PV_4,S5,3,0.0
101_PV_4,S5,4,0.0
101_PV_4,S5,5,0.0
101_PV_4,S5,6,0.0
101_PV_4,S5,7,8.563581035222084
101_PV_4,S5,8,15.31480773124911
101_PV_4,S5,9,16.283393335971994
101_PV_4,S5,10,16.8079730663036
101_PV_4,S5,11,18.746080576661846
101_PV_4,S5,12,19.80568756406707
101_PV_4,S5,13,18.221241290395582
101_PV_4,S5,14,18.406530526331643
101_PV_4,S5,15,15.633455909382816
101_PV_4,S5,16,6.615578619208865
101_PV_4,S5,17,0.0
101_PV_4,S5,18,0.0
101_PV_4,S5,19,0.0
101_PV_4,S5,20,0.0
101_PV_4,S5,21,0.0
101_PV_4,S5,22,0.0
101_PV_4,S5,23,0.0
101_PV_4,S5,24,0.0
101_PV_4,S6,1,0.0
101_PV_4,S6,2,0.0
101_PV_4,S6,3,0.0
101_PV_4,S6,4,0.0
101_PV_4,S6,5,0.0
101_PV_4,S6,6,5.1724064160593315
101_PV_4,S6,7,8.446930973693428
101_PV_4,S6,8,9.86803089539301
101_PV_4,S6,9,10.52401369422323
101_PV_4,S6,10,10.748149899543545
101_PV_4,S6,11,10.90165278575002
101_PV_4,S6,12,10.510537226278393
101_PV_4,S6,13,10.151381208836439
101_PV_4,S6,14,9.729626271244408
101_PV_4,S6,15,8.886251297364861
101_PV_4,S6,16,9.138524191541807
101_PV_4,S6,17,7.18577617766209
101_PV_4,S6,18,2.8699584830574456
101_PV_4,S6,19,0.0
101_PV_4,S6,20,0.0
101_PV_4,S6,21,0.0
101_PV_4,S6,22,0.0
101_PV_4,S6,23,0.0
101_PV_4,S6,24,0.0
101_PV_4,S7,1,0.0
101_PV_4,S7,2,0.0
101_PV_4,S7,3,0.0
101_PV_4,S7,4,0.0
101_PV_4,S7,5,0.0
101_PV_4,S7,6,6.1930539022815445
101_PV_4,S7,7,16.26344220157321
101_PV_4,S7,8,18.82985934792201
101_PV_4,S7,9,21.631874784023097
101_PV_4,S7,10,20.572617769363706
101_PV_4,S7,11,20.931303152306175
101_PV_4,S7,12,20.34112171994341
101_PV_4,S7,13,19.04012151245119
101_PV_4,S7,14,19.41522986187458
101_PV_4,S7,15,20.033831253458345
101_PV_4,S7,16,15.260783766237822
101_PV_4,S7,17,8.081004670504493
101_PV_4,S7,18,0.0
101_PV_4,S7,19,0.0
101_PV_4,S7,20,0.0
101_PV_4,S7,21,0.0
101_PV_4,S7,22,0.0
101_PV_4,S7,23,0.0
101_PV_4,S7,24,0.0
101_PV_4,S8,1,0.0
101_PV_4,S8,2,0.0
101_PV_4,S8,3,0.0
101_PV_4,S8,4,0.0
101_PV_4,S8,5,0.0
101_PV_4,S8,6,0.0
101_PV_4,S8,7,0.0
101_PV_4,S8,8,14.668306308731143
101_PV_4,S8,9,18.115967721018553
101_PV_4,S8,10,18.115663309828495
101_PV_4,S8,11,18.412460313218773
101_PV_4,S8,12,18.882842649124363
101_PV_4,S8,13,18.035842876901405
101_PV_4,S8,14,17.689818922887063
101_PV_4,S8,15,16.56572005673655
101_PV_4,S8,16,11.38001231706146
101_PV_4,S8,17,0.0
101_PV_4,S8,18,0.0
101_PV_4,S8,19,0.0
101_PV_4,S8,20,0.0
101_PV_4,S8,21,0.0
101_PV_4,S8,22,0.0
101_PV_4,S8,23,0.0
101_PV_4,S8,24,0.0
101_PV_4,S9,1,0.0
101_PV_4,S9,2,0.0
101_PV_4,S9,3,0.0
101_PV_4,S9,4,0.0
101_PV_4,S9,5,0.0
101_PV_4,S9,6,10.977818672847855
101_PV_4,S9,7,17.48372479040531
101_PV_4,S9,8,19.20196492937062
101_PV_4,S9,9,21.240851634499382
101_PV_4,S9,10,22.585975118966047
101_PV_4,S9,11,24.95967230596057
101_PV_4,S9,12,22.958648187865393
101_PV_4,S9,13,24.5879502003805
101_PV_4,S9,14,23.865777571727726
101_PV_4,S9,15,21.56082712110989
101_PV_4,S9,16,18.3317783088611
101_PV_4,S9,17,13.670120342368367
101_PV_4,S9,18,4.2930998861611815
101_PV_4,S9,19,0.0
101_PV_4,S9,20,0.0
101_PV_4,S9,21,0.0
101_PV_4,S9,22,0.0
101_PV_4,S9,23,0.0
101_PV_4,S9,24,0.0
101_PV_4,S10,1,0.0
101_PV_4,S10,2,0.0
101_PV_4,S10,3,0.0
101_PV_4,S10,4,0.0
101_PV_4,S10,5,0.0
101_PV_4,S10,6,0.0
101_PV_4,S10,7,5.7389231983451685
101_PV_4,S10,8,13.17955972065104
101_PV_4,S10,9,14.376182505353745
101_PV_4,S10,10,14.699362332252393
101_PV_4,S10,11,15.316874246504408
101_PV_4,S10,12,17.381150584316877
101_PV_4,S10,13,17.549991087114435
101_PV_4,S10,14,16.871856610660988
101_PV_4,S10,15,13.811284496553641
101_PV_4,S10,16,6.211491265478209
101_PV_4,S10,17,0.0
101_PV_4,S10,18,0.0
101_PV_4,S10,19,0.0
101_PV_4,S10,20,0.0
101_PV_4,S10,21,0.0
101_PV_4,S10,22,0.0
101_PV_4,S10,23,0.0
101_PV_4,S10,24,0.0
101_PV_4,S11,1,0.0
101_PV_4,S11,2,0.0
101_PV_4,S11,3,0.0
101_PV_4,S11,4,0.0
101_PV_4,S11,5,0.0
101_PV_4,S11,6,0.0
101_PV_4,S11,7,0.0
101_PV_4,S11,8,15.611739654148941
101_PV_4,S11,9,18.933371760682775
101_PV_4,S11,10,19.426224176473447
101_PV_4,S11,11,21.4355372685175
101_PV_4,S11,12,19.617797579769114
101_PV_4,S11,13,19.47286950783493
101_PV_4,S11,14,19.242600469523087
101_PV_4,S11,15,19.26226407413953
101_PV_4,S11,16,13.636162524918428
101_PV_4,S11,17,2.7685135637512954
101_PV_4,S11,18,0.0
101_PV_4,S11,19,0.0
101_PV_4,S11,20,0.0
101_PV_4,S11,21,0.0
101_PV_4,S11,22,0.0
101_PV_4,S11,23,0.0
101_PV_4,S11,24,0.0
101_PV_4,S12,1,0.0
101_PV_4,S12,2,0.0
101_PV_4,S12,3,0.0
101_PV_4,S12,4,0.0
101_PV_4,S12,5,0.0
101_PV_4,S12,6,4.312224392269273
101_PV_4,S12,7,6.790939924475176
101_PV_4,S12,8,8.39274579696853
101_PV_4,S12,9,10.273819026901648
101_PV_4,S12,10,10.902023687486231
101_PV_4,S12,11,9.712089841204582
101_PV_4,S12,12,10.331903680649324
101_PV_4,S12,13,10.271804973276419
101_PV_4,S12,14,8.724037119175971
101_PV_4,S12,15,7.073382573271597
101_PV_4,S12,16,6.758848667340041
101_PV_4,S12,17,5.705063933635211
101_PV_4,S12,18,2.116036219128018
101_PV_4,S12,19,0.0
101_PV_4,S12,20,0.0
101_PV_4,S12,21,0.0
101_PV_4,S12,22,0.0
101_PV_4,S12,23,0.0
101_PV_4,S12,24,0.0
103_PV_1,S1,1,0.0
103_PV_1,S1,2,0.0
103_PV_1,S1,3,0.0
103_PV_1,S1,4,0.0
103_PV_1,S1,5,0.0
103_PV_1,S1,6,0.10340761045063998
103_PV_1,S1,7,10.49864718767681
103_PV_1,S1,8,22.012829291295414
103_PV_1,S1,9,33.69322014780614
103_PV_1,S1,10,43.250194112784946
103_PV_1,S1,11,46.795380844014204
103_PV_1,S1,12,48.92327029275413
103_PV_1,S1,13,43.12240351528201
103_PV_1,S1,14,37.29459990496068
103_PV_1,S1,15,24.059568769918595
103_PV_1,S1,16,17.839661064541904
103_PV_1,S1,17,7.936042669707365
103_PV_1,S1,18,0.0
103_PV_1,S1,19,0.0
103_PV_1,S1,20,0.0
103_PV_1,S1,21,0.0
103_PV_1,S1,22,0.0
103_PV_1,S1,23,0.0
103_PV_1,S1,24,0.0
103_PV_1,S2,1,0.0
103_PV_1,S2,2,0.0
103_PV_1,S2,3,0.0
103_PV_1,S2,4,0.0
103_PV_1,S2,5,0.0
103_PV_1,S2,6,0.0
103_PV_1,S2,7,0.0
103_PV_1,S2,8,17.21285384617645
103_PV_1,S2,9,31.617197262010894
103_PV_1,S2,10,43.39270905050165
103_PV_1,S2,11,47.749704736598005
103_PV_1,S2,12,52.133614017012455
103_PV_1,S2,13,47.477159319412756
103_PV_1,S2,14,39.941026425259686
103_PV_1,S2,15,28.41675950169505
103_PV_1,S2,16,10.939933826910707
103_PV_1,S2,17,0.0
103_PV_1,S2,18,0.0
103_PV_1,S2,19,0.0
103_PV_1,S2,20,0.0
103_PV_1,S2,21,0.0
103_PV_1,S2,22,0.0
103_PV_1,S2,23,0.0
103_PV_1,S2,24,0.0
103_PV_1,S3,1,0.0
103_PV_1,S3,2,0.0
103_PV_1,S3,3,0.0
103_PV_1,S3,4,0.0
103_PV_1,S3,5,0.0
103_PV_1,S3,6,0.20916926359250088
103_PV_1,S3,7,11.303959452425085
103_PV_1,S3,8,25.931136195174325
103_PV_1,S3,9,38.676581948914865
103_PV_1,S3,10,47.954221071640326
103_PV_1,S3,11,51.912686205295735
103_PV_1,S3,12,56.84054762636175
103_PV_1,S3,13,54.39761995641877
103_PV_1,S3,14,47.87036831963061
103_PV_1,S3,15,40.760475192926016
103_PV_1,S3,16,24.99277727675225
103_PV_1,S3,17,8.896012281475057
103_PV_1,S3,18,0.0
103_PV_1,S3,19,0.0
103_PV_1,S3,20,0.0
103_PV_1,S3,21,0.0
103_PV_1,S3,22,0.0
103_PV_1,S3,23,0.0
103_PV_1,S3,24,0.0
103_PV_1,S4,1,0.0
103_PV_1,S4,2,0.0
103_PV_1,S4,3,0.0
103_PV_1,S4,4,0.0
103_PV_1,S4,5,0.0
103_PV_1,S4,6,0.0
103_PV_1,S4,7,8.739356749979569
103_PV_1,S4,8,24.513538905623093
103_PV_1,S4,9,38.08555959727262
103_PV_1,S4,10,45.46583104419117
103_PV_1,S4,11,49.221330912832634
103_PV_1,S4,12,49.10617358580981
103_PV_1,S4,13,50.52435686508404
103_PV_1,S4,14,47.9473529320243
103_PV_1,S4,15,40.06903629702455
103_PV_1,S4,16,24.917103078587907
103_PV_1,S4,17,7.841263635717786
103_PV_1,S4,18,0.0
103_PV_1,S4,19,0.0
103_PV_1,S4,20,0.0
103_PV_1,S4,21,0.0
103_PV_1,S4,22,0.0
103_PV_1,S4,23,0.0
103_PV_1,S4,24,0.0
103_PV_1,S5,1,0.0
103_PV_1,S5,2,0.0
103_PV_1,S5,3,0.0
103_PV_1,S5,4,0.0
103_PV_1,S5,5,0.0
103_PV_1,S5,6,0.0
103_PV_1,S5,7,1.3720983165509089
103_PV_1,S5,8,18.807868901966827
103_PV_1,S5,9,28.921146411214327
103_PV_1,S5,10,34.8656121113071
103_PV_1,S5,11,41.248763968599604
103_PV_1,S5,12,48.3272653903993
103_PV_1,S5,13,47.47608456828672
103_PV_1,S5,14,41.376791008056436
103_PV_1,S5,15,25.605135983196146
103_PV_1,S5,16,7.944738478218846
103_PV_1,S5,17,0.0
103_PV_1,S5,18,0.0
103_PV_1,S5,19,0.0
103_PV_1,S5,20,0.0
103_PV_1,S5,21,0.0
103_PV_1,S5,22,0.0
103_PV_1,S5,23,0.0
103_PV_1,S5,24,0.0
103_PV_1,S6,1,0.0
103_PV_1,S6,2,0.0
103_PV_1,S6,3,0.0
103_PV_1,S6,4,0.0
103_PV_1,S6,5,0.0
103_PV_1,S6,6,0.29173182440982454
103_PV_1,S6,7,6.28905463271207
103_PV_1,S6,8,13.807405500652953
103_PV_1,S6,9,20.426176430979652
103_PV_1,S6,10,24.294700577652417
103_PV_1,S6,11,27.313793278601917
103_PV_1,S6,12,27.528588827454683
103_PV_1,S6,13,26.68694546752566
103_PV_1,S6,14,24.78548546962434
103_PV_1,S6,15,15.868954147505514
103_PV_1,S6,16,14.682068640623621
103_PV_1,S6,17,7.845503258098443
103_PV_1,S6,18,0.11464127888894296
103_PV_1,S6,19,0.0
103_PV_1,S6,20,0.0
103_PV_1,S6,21,0.0
103_PV_1,S6,22,0.0
103_PV_1,S6,23,0.0
103_PV_1,S6,24,0.0
103_PV_1,S7,1,0.0
103_PV_1,S7,2,0.0
103_PV_1,S7,3,0.0
103_PV_1,S7,4,0.0
103_PV_1,S7,5,0.0
103_PV_1,S7,6,0.1016739890701403
103_PV_1,S7,7,9.773546388729219
103_PV_1,S7,8,24.787816404950554
103_PV_1,S7,9,37.430822710392235
103_PV_1,S7,10,44.33940288629171
103_PV_1,S7,11,50.011322412612564
103_PV_1,S7,12,51.73828217124518
103_PV_1,S7,13,46.51369821213924
103_PV_1,S7,14,43.65097413480514
103_PV_1,S7,15,36.0959791578458
103_PV_1,S7,16,21.045601988158392
103_PV_1,S7,17,3.1262613639384487
103_PV_1,S7,18,0.0
103_PV_1,S7,19,0.0
103_PV_1,S7,20,0.0
103_PV_1,S7,21,0.0
103_PV_1,S7,22,0.0
103_PV_1,S7,23,0.0
103_PV_1,S7,24,0.0
103_PV_1,S8,1,0.0
103_PV_1,S8,2,0.0
103_PV_1,S8,3,0.0
103_PV_1,S8,4,0.0
103_PV_1,S8,5,0.0
103_PV_1,S8,6,0.0
103_PV_1,S8,7,0.0
103_PV_1,S8,8,14.48800569939718
103_PV_1,S8,9,30.060772266246836
103_PV_1,S8,10,38.99396732092075
103_PV_1,S8,11,41.40731716083508
103_PV_1,S8,12,43.92083466036853
103_PV_1,S8,13,44.26400871946691
103_PV_1,S8,14,41.41618750296498
103_PV_1,S8,15,32.04158134898792
103_PV_1,S8,16,14.088814493427217
103_PV_1,S8,17,0.0
103_PV_1,S8,18,0.0
103_PV_1,S8,19,0.0
103_PV_1,S8,20,0.0
103_PV_1,S8,21,0.0
103_PV_1,S8,22,0.0
103_PV_1,S8,23,0.0
103_PV_1,S8,24,0.0
103_PV_1,S9,1,0.0
103_PV_1,S9,2,0.0
103_PV_1,S9,3,0.0
103_PV_1,S9,4,0.0
103_PV_1,S9,5,0.0
103_PV_1,S9,6,1.5437944522169045
103_PV_1,S9,7,13.80264860108161
103_PV_1,S9,8,28.797155740634427
103_PV_1,S9,9,41.583888471171825
103_PV_1,S9,10,49.875322941979555
103_PV_1,S9,11,57.242699971866244
103_PV_1,S9,12,57.270281753620026
103_PV_1,S9,13,55.53289793291167
103_PV_1,S9,14,50.32338728738781
103_PV_1,S9,15,40.002170859112255
103_PV_1,S9,16,25.859379566837603
103_PV_1,S9,17,12.376545087476572
103_PV_1,S9,18,0.09706192112272721
103_PV_1,S9,19,0.0
103_PV_1,S9,20,0.0
103_PV_1,S9,21,0.0
103_PV_1,S9,22,0.0
103_PV_1,S9,23,0.0
103_PV_1,S9,24,0.0
103_PV_1,S10,1,0.0
103_PV_1,S10,2,0.0
103_PV_1,S10,3,0.0
103_PV_1,S10,4,0.0
103_PV_1,S10,5,0.0
103_PV_1,S10,6,0.0
103_PV_1,S10,7,0.6684553218133077
103_PV_1,S10,8,16.15514890029798
103_PV_1,S10,9,32.61304568251939
103_PV_1,S10,10,41.47178333010109
103_PV_1,S10,11,44.13183942180878
103_PV_1,S10,12,44.824571029906664
103_PV_1,S10,13,43.921648725686495
103_PV_1,S10,14,39.05906001576985
103_PV_1,S10,15,24.36811316174546
103_PV_1,S10,16,8.544171067121443
103_PV_1,S10,17,0.0
103_PV_1,S10,18,0.0
103_PV_1,S10,19,0.0
103_PV_1,S10,20,0.0
103_PV_1,S10,21,0.0
103_PV_1,S10,22,0.0
103_PV_1,S10,23,0.0
103_PV_1,S10,24,0.0
103_PV_1,S11,1,0.0
103_PV_1,S11,2,0.0
103_PV_1,S11,3,0.0
103_PV_1,S11,4,0.0
103_PV_1,S11,5,0.0
103_PV_1,S11,6,0.0
103_PV_1,S11,7,0.0
103_PV_1,S11,8,15.247743585658693
103_PV_1,S11,9,31.319077732821498
103_PV_1,S11,10,39.40639189642177
103_PV_1,S11,11,48.69620641113454
103_PV_1,S11,12,53.702689522454996
103_PV_1,S11,13,49.75223253791669
103_PV_1,S11,14,46.81773873940558
103_PV_1,S11,15,34.70803675527258
103_PV_1,S11,16,19.725577928049482
103_PV_1,S11,17,0.09976806953273658
103_PV_1,S11,18,0.0
103_PV_1,S11,19,0.0
103_PV_1,S11,20,0.0
103_PV_1,S11,21,0.0
103_PV_1,S11,22,0.0
103_PV_1,S11,23,0.0
103_PV_1,S11,24,0.0
103_PV_1,S12,1,0.0
103_PV_1,S12,2,0.0
103_PV_1,S12,3,0.0
103_PV_1,S12,4,0.0
103_PV_1,S12,5,0.0
103_PV_1,S12,6,0.0
103_PV_1,S12,7,1.9055500217554784
103_PV_1,S12,8,7.658198945660867
103_PV_1,S12,9,7.51266751654682
103_PV_1,S12,10,13.789892154671142
103_PV_1,S12,11,17.779215221338244
103_PV_1,S12,12,23.48489471243498
103_PV_1,S12,13,22.900575364374202
103_PV_1,S12,14,21.34004075946986
103_PV_1,S12,15,17.039210334700265
103_PV_1,S12,16,0.11794872578932321
103_PV_1,S12,17,5.386402958040777
103_PV_1,S12,18,0.11804793880379723
103_PV_1,S12,19,0.0
103_PV_1,S12,20,0.0
103_PV_1,S12,21,0.0
103_PV_1,S12,22,0.0
103_PV_1,S12,23,0.0
103_PV_1,S12,24,0.0
119_PV_1,S1,1,0.0
119_PV_1,S1,2,0.0
119_PV_1,S1,3,0.0
119_PV_1,S1,4,0.0
119_PV_1,S1,5,0.0
119_PV_1,S1,6,0.09915107974082821
119_PV_1,S1,7,10.31397435723765
119_PV_1,S1,8,22.522514393326816
119_PV_1,S1,9,35.579299569063465
119_PV_1,S1,10,42.33999168695093
119_PV_1,S1,11,48.28205043083333
119_PV_1,S1,12,48.112546900489896
119_PV_1,S1,13,46.86787521879492
119_PV_1,S1,14,41.12101723284082
119_PV_1,S1,15,29.498698293846584
119_PV_1,S1,16,19.219095256393288
119_PV_1,S1,17,7.1575422076917175
119_PV_1,S1,18,0.0
119_PV_1,S1,19,0.0
119_PV_1,S1,20,0.0
119_PV_1,S1,21,0.0
119_PV_1,S1,22,0.0
119_PV_1,S1,23,0.0
119_PV_1,S1,24,0.0
119_PV_1,S2,1,0.0
119_PV_1,S2,2,0.0
119_PV_1,S2,3,0.0
119_PV_1,S2,4,0.0
119_PV_1,S2,5,0.0
119_PV_1,S2,6,0.0
119_PV_1,S2,7,0.0
119_PV_1,S2,8,16.006330161314782
119_PV_1,S2,9,32.44007270740877
119_PV_1,S2,10,44.30925386743417
119_PV_1,S2,11,48.74914385748666
119_PV_1,S2,12,52.85570624489175
119_PV_1,S2,13,49.924758804654665
119_PV_1,S2,14,42.09418319430413
119_PV_1,S2,15,27.52626934175336
119_PV_1,S2,16,10.771841155867397
119_PV_1,S2,17,0.0
119_PV_1,S2,18,0.0
119_PV_1,S2,19,0.0
119_PV_1,S2,20,0.0
119_PV_1,S2,21,0.0
119_PV_1,S2,22,0.0
119_PV_1,S2,23,0.0
119_PV_1,S2,24,0.0
119_PV_1,S3,1,0.0
119_PV_1,S3,2,0.0
119_PV_1,S3,3,0.0
119_PV_1,S3,4,0.0
119_PV_1,S3,5,0.0
119_PV_1,S3,6,0.10337371163307262
119_PV_1,S3,7,10.720125897314766
119_PV_1,S3,8,25.34392920876437
119_PV_1,S3,9,37.52786830429861
119_PV_1,S3,10,49.60480061255809
119_PV_1,S3,11,52.21128957164166
119_PV_1,S3,12,57.097197535458626
119_PV_1,S3,13,55.58010682836722
119_PV_1,S3,14,50.56032716931914
119_PV_1,S3,15,39.49043773729905
119_PV_1,S3,16,26.727581336508848
119_PV_1,S3,17,9.653725930328998
119_PV_1,S3,18,0.0
119_PV_1,S3,19,0.0
119_PV_1,S3,20,0.0
119_PV_1,S3,21,0.0
119_PV_1,S3,22,0.0
119_PV_1,S3,23,0.0
119_PV_1,S3,24,0.0
119_PV_1,S4,1,0.0
119_PV_1,S4,2,0.0
119_PV_1,S4,3,0.0
119_PV_1,S4,4,0.0
119_PV_1,S4,5,0.0
119_PV_1,S4,6,0.0
119_PV_1,S4,7,7.910825850572777
119_PV_1,S4,8,23.812981610760424
119_PV_1,S4,9,36.43278131677346
119_PV_1,S4,10,46.6892843673453
119_PV_1,S4,11,52.34551653586115
119_PV_1,S4,12,52.70487781010821
119_PV_1,S4,13,53.55411897113999
119_PV_1,S4,14,45.26459737942633
119_PV_1,S4,15,41.18023754431639
119_PV_1,S4,16,26.301367208311564
119_PV_1,S4,17,9.117754498759156
119_PV_1,S4,18,0.0
119_PV_1,S4,19,0.0
119_PV_1,S4,20,0.0
119_PV_1,S4,21,0.0
119_PV_1,S4,22,0.0
119_PV_1,S4,23,0.0
119_PV_1,S4,24,0.0
119_PV_1,S5,1,0.0
119_PV_1,S5,2,0.0
119_PV_1,S5,3,0.0
119_PV_1,S5,4,0.0
119_PV_1,S5,5,0.0
119_PV_1,S5,6,0.0
119_PV_1,S5,7,1.1107500400350454
119_PV_1,S5,8,18.071917646042955
119_PV_1,S5,9,27.19848811794979
119_PV_1,S5,10,32.042360853889164
119_PV_1,S5,11,49.97670728160658
119_PV_1,S5,12,50.79737527334891
119_PV_1,S5,13,45.47444275560011
119_PV_1,S5,14,41.5682218924071
119_PV_1,S5,15,28.365687184251367
119_PV_1,S5,16,8.429168859400976
119_PV_1,S5,17,0.0
119_PV_1,S5,18,0.0
119_PV_1,S5,19,0.0
119_PV_1,S5,20,0.0
119_PV_1,S5,21,0.0
119_PV_1,S5,22,0.0
119_PV_1,S5,23,0.0
119_PV_1,S5,24,0.0
119_PV_1,S6,1,0.0
119_PV_1,S6,2,0.0
119_PV_1,S6,3,0.0
119_PV_1,S6,4,0.0
119_PV_1,S6,5,0.0
119_PV_1,S6,6,0.24064276734883056
119_PV_1,S6,7,5.935292265549237
119_PV_1,S6,8,12.998315400043897
119_PV_1,S6,9,18.996815033836302
119_PV_1,S6,10,23.59373360278309
119_PV_1,S6,11,26.356567025882196
119_PV_1,S6,12,26.8957681981766
119_PV_1,S6,13,27.918687458941964
119_PV_1,S6,14,23.42715377365352
119_PV_1,S6,15,22.20052213567792
119_PV_1,S6,16,14.283242376300455
119_PV_1,S6,17,7.691841897046772
119_PV_1,S6,18,0.18605282534328596
119_PV_1,S6,19,0.0
119_PV_1,S6,20,0.0
119_PV_1,S6,21,0.0
119_PV_1,S6,22,0.0
119_PV_1,S6,23,0.0
119_PV_1,S6,24,0.0
119_PV_1,S7,1,0.0
119_PV_1,S7,2,0.0
119_PV_1,S7,3,0.0
119_PV_1,S7,4,0.0
119_PV_1,S7,5,0.0
119_PV_1,S7,6,0.0
119_PV_1,S7,7,9.497910167146864
119_PV_1,S7,8,24.925179278427635
119_PV_1,S7,9,38.33077087390262
119_PV_1,S7,10,44.835705833117814
119_PV_1,S7,11,47.51303586391359
119_PV_1,S7,12,50.456865560935825
119_PV_1,S7,13,48.61265704302396
119_PV_1,S7,14,42.19637110344116
119_PV_1,S7,15,36.31415497192963
119_PV_1,S7,16,21.12579124505083
119_PV_1,S7,17,5.416460257711338
119_PV_1,S7,18,0.0
119_PV_1,S7,19,0.0
119_PV_1,S7,20,0.0
119_PV_1,S7,21,0.0
119_PV_1,S7,22,0.0
119_PV_1,S7,23,0.0
119_PV_1,S7,24,0.0
119_PV_1,S8,1,0.0
119_PV_1,S8,2,0.0
119_PV_1,S8,3,0.0
119_PV_1,S8,4,0.0
119_PV_1,S8,5,0.0
119_PV_1,S8,6,0.0
119_PV_1,S8,7,0.0
119_PV_1,S8,8,14.334996983546587
119_PV_1,S8,9,29.642115304963124
119_PV_1,S8,10,38.83379849131026
119_PV_1,S8,11,44.05241136675763
119_PV_1,S8,12,46.08051875598167
119_PV_1,S8,13,48.33174517369788
119_PV_1,S8,14,43.19996181790762
119_PV_1,S8,15,30.47673901140412
119_PV_1,S8,16,15.419326507749906
119_PV_1,S8,17,0.0
119_PV_1,S8,18,0.0
119_PV_1,S8,19,0.0
119_PV_1,S8,20,0.0
119_PV_1,S8,21,0.0
119_PV_1,S8,22,0.0
119_PV_1,S8,23,0.0
119_PV_1,S8,24,0.0
119_PV_1,S9,1,0.0
119_PV_1,S9,2,0.0
119_PV_1,S9,3,0.0
119_PV_1,S9,4,0.0
119_PV_1,S9,5,0.0
119_PV_1,S9,6,1.1275085515562073
119_PV_1,S9,7,13.111332787595579
119_PV_1,S9,8,26.833535025191726
119_PV_1,S9,9,39.47041800543151
119_PV_1,S9,10,45.53097653867718
119_PV_1,S9,11,58.92631303453397
119_PV_1,S9,12,61.198646461859845
119_PV_1,S9,13,56.31672962127147
119_PV_1,S9,14,54.309123184274604
119_PV_1,S9,15,40.982925561617705
119_PV_1,S9,16,26.087245131904194
119_PV_1,S9,17,13.571034907654283
119_PV_1,S9,18,0.1981300559883366
119_PV_1,S9,19,0.0
119_PV_1,S9,20,0.0
119_PV_1,S9,21,0.0
119_PV_1,S9,22,0.0
119_PV_1,S9,23,0.0
119_PV_1,S9,24,0.0
119_PV_1,S10,1,0.0
119_PV_1,S10,2,0.0
119_PV_1,S10,3,0.0
119_PV_1,S10,4,0.0
119_PV_1,S10,5,0.0
119_PV_1,S10,6,0.0
119_PV_1,S10,7,0.514984307034344
119_PV_1,S10,8,17.46328535879492
119_PV_1,S10,9,31.652442071118156
119_PV_1,S10,10,42.194369212443874
119_PV_1,S10,11,42.81018868088309
119_PV_1,S10,12,48.450425984517686
119_PV_1,S10,13,45.1436837301925
119_PV_1,S10,14,37.889076186381665
119_PV_1,S10,15,25.700051995942342
119_PV_1,S10,16,9.15549581583621
119_PV_1,S10,17,0.0
119_PV_1,S10,18,0.0
119_PV_1,S10,19,0.0
119_PV_1,S10,20,0.0
119_PV_1,S10,21,0.0
119_PV_1,S10,22,0.0
119_PV_1,S10,23,0.0
119_PV_1,S10,24,0.0
119_PV_1,S11,1,0.0
119_PV_1,S11,2,0.0
119_PV_1,S11,3,0.0
119_PV_1,S11,4,0.0
119_PV_1,S11,5,0.0
119_PV_1,S11,6,0.0
119_PV_1,S11,7,0.0
119_PV_1,S11,8,15.155065881041915
119_PV_1,S11,9,27.852287929521644
119_PV_1,S11,10,39.89073716505833
119_PV_1,S11,11,49.87071210390602
119_PV_1,S11,12,56.20392544469048
119_PV_1,S11,13,51.54201270499314
119_PV_1,S11,14,49.688727244754304
119_PV_1,S11,15,40.22276954561942
119_PV_1,S11,16,22.206478977246398
119_PV_1,S11,17,0.0
119_PV_1,S11,18,0.0
119_PV_1,S11,19,0.0
119_PV_1,S11,20,0.0
119_PV_1,S11,21,0.0
119_PV_1,S11,22,0.0
119_PV_1,S11,23,0.0
119_PV_1,S11,24,0.0
119_PV_1,S12,1,0.0
119_PV_1,S12,2,0.0
119_PV_1,S12,3,0.0
119_PV_1,S12,4,0.0
119_PV_1,S12,5,0.0
119_PV_1,S12,6,0.29421840395306786
119_PV_1,S12,7,5.221144097970432
119_PV_1,S12,8,0.24487239399594168
119_PV_1,S12,9,7.528070833766093
119_PV_1,S12,10,21.84776490705165
119_PV_1,S12,11,16.031972545792854
119_PV_1,S12,12,22.26470376592978
119_PV_1,S12,13,21.053922897977667
119_PV_1,S12,14,22.455081469002202
119_PV_1,S12,15,19.373199955958277
119_PV_1,S12,16,10.52690270647268
119_PV_1,S12,17,6.350144345226536
119_PV_1,S12,18,0.18399971738385282
119_PV_1,S12,19,0.0
119_PV_1,S12,20,0.0
119_PV_1,S12,21,0.0
119_PV_1,S12,22,0.0
119_PV_1,S12,23,0.0
119_PV_1,S12,24,0.0
308_RTPV_1,S1,1,0.0
308_RTPV_1,S1,2,0.0
308_RTPV_1,S1,3,0.0
308_RTPV_1,S1,4,0.0
308_RTPV_1,S1,5,0.0
308_RTPV_1,S1,6,0.20928091649982528
308_RTPV_1,S1,7,14.41296553608595
308_RTPV_1,S1,8,31.487762926187965
308_RTPV_1,S1,9,42.5126016427202
308_RTPV_1,S1,10,49.620220750493424
308_RTPV_1,S1,11,61.999604036701804
308_RTPV_1,S1,12,74.3204780850898
308_RTPV_1,S1,13,75.6246395344921
308_RTPV_1,S1,14,71.2386972720649
308_RTPV_1,S1,15,62.29709530732794
308_RTPV_1,S1,16,43.460229007199544
308_RTPV_1,S1,17,19.816382956551074
308_RTPV_1,S1,18,0.0
308_RTPV_1,S1,19,0.0
308_RTPV_1,S1,20,0.0
308_RTPV_1,S1,21,0.0
308_RTPV_1,S1,22,0.0
308_RTPV_1,S1,23,0.0
308_RTPV_1,S1,24,0.0
308_RTPV_1,S2,1,0.0
308_RTPV_1,S2,2,0.0
308_RTPV_1,S2,3,0.0
308_RTPV_1,S2,4,0.0
308_RTPV_1,S2,5,0.0
308_RTPV_1,S2,6,0.0
308_RTPV_1,S2,7,0.0
308_RTPV_1,S2,8,17.132340019219445
308_RTPV_1,S2,9,40.30615365961422
308_RTPV_1,S2,10,54.35645269721512
308_RTPV_1,S2,11,66.68334807651361
308_RTPV_1,S2,12,71.78897100749566
308_RTPV_1,S2,13,69.53704836332786
308_RTPV_1,S2,14,60.67706556197794
308_RTPV_1,S2,15,44.809933811320626
308_RTPV_1,S2,16,20.47015415861165
308_RTPV_1,S2,17,0.0
308_RTPV_1,S2,18,0.0
308_RTPV_1,S2,19,0.0
308_RTPV_1,S2,20,0.0
308_RTPV_1,S2,21,0.0
308_RTPV_1,S2,22,0.0
308_RTPV_1,S2,23,0.0
308_RTPV_1,S2,24,0.0
308_RTPV_1,S3,1,0.0
308_RTPV_1,S3,2,0.0
308_RTPV_1,S3,3,0.0
308_RTPV_1,S3,4,0.0
308_RTPV_1,S3,5,0.0
308_RTPV_1,S3,6,0.0
308_RTPV_1,S3,7,14.821896176173542
308_RTPV_1,S3,8,38.0519242859571
308_RTPV_1,S3,9,61.284606742580785
308_RTPV_1,S3,10,77.59306346118179
308_RTPV_1,S3,11,87.13013260794246
308_RTPV_1,S3,12,88.74515012620226
308_RTPV_1,S3,13,91.45409664542326
308_RTPV_1,S3,14,83.84866293810154
308_RTPV_1,S3,15,67.66521697338386
308_RTPV_1,S3,16,48.266620161631494
308_RTPV_1,S3,17,21.88044450933949
308_RTPV_1,S3,18,0.0
308_RTPV_1,S3,19,0.0
308_RTPV_1,S3,20,0.0
308_RTPV_1,S3,21,0.0
308_RTPV_1,S3,22,0.0
308_RTPV_1,S3,23,0.0
308_RTPV_1,S3,24,0.0
308_RTPV_1,S4,1,0.0
308_RTPV_1,S4,2,0.0
308_RTPV_1,S4,3,0.0
308_RTPV_1,S4,4,0.0
308_RTPV_1,S4,5,0.0
308_RTPV_1,S4,6,0.0
308_RTPV_1,S4,7,11.170460854654173
308_RTPV_1,S4,8,23.33238482238943
308_RTPV_1,S4,9,43.45004118411216
308_RTPV_1,S4,10,70.87779863956133
308_RTPV_1,S4,11,84.45663761363528
308_RTPV_1,S4,12,89.41117060106905
308_RTPV_1,S4,13,92.7171361657579
308_RTPV_1,S4,14,84.25991754146865
308_RTPV_1,S4,15,68.53854655281863
308_RTPV_1,S4,16,41.57051627010712
308_RTPV_1,S4,17,18.503606299794647
308_RTPV_1,S4,18,0.0
308_RTPV_1,S4,19,0.0
308_RTPV_1,S4,20,0.0
308_RTPV_1,S4,21,0.0
308_RTPV_1,S4,22,0.0
308_RTPV_1,S4,23,0.0
308_RTPV_1,S4,24,0.0
308_RTPV_1,S5,1,0.0
308_RTPV_1,S5,2,0.0
308_RTPV_1,S5,3,0.0
308_RTPV_1,S5,4,0.0
308_RTPV_1,S5,5,0.0
308_RTPV_1,S5,6,0.0
308_RTPV_1,S5,7,0.0
308_RTPV_1,S5,8,21.23568388081486
308_RTPV_1,S5,9,43.25970658633957
308_RTPV_1,S5,10,58.79219168564066
308_RTPV_1,S5,11,74.4316083352913
308_RTPV_1,S5,12,85.61239464508196
308_RTPV_1,S5,13,79.02547251417582
308_RTPV_1,S5,14,64.11220687314753
308_RTPV_1,S5,15,48.09544604703095
308_RTPV_1,S5,16,16.49051587264924
308_RTPV_1,S5,17,0.0
308_RTPV_1,S5,18,0.0
308_RTPV_1,S5,19,0.0
308_RTPV_1,S5,20,0.0
308_RTPV_1,S5,21,0.0
308_RTPV_1,S5,22,0.0
308_RTPV_1,S5,23,0.0
308_RTPV_1,S5,24,0.0
308_RTPV_1,S6,1,0.0
308_RTPV_1,S6,2,0.0
308_RTPV_1,S6,3,0.0
308_RTPV_1,S6,4,0.0
308_RTPV_1,S6,5,0.0
308_RTPV_1,S6,6,0.2906039271953882
308_RTPV_1,S6,7,9.736967695939079
308_RTPV_1,S6,8,19.770003220852804
308_RTPV_1,S6,9,29.24798851358794
308_RTPV_1,S6,10,39.77006075259337
308_RTPV_1,S6,11,47.43052604862457
308_RTPV_1,S6,12,48.98128054719897
308_RTPV_1,S6,13,47.919355980469064
308_RTPV_1,S6,14,43.92942646474899
308_RTPV_1,S6,15,39.00186176482753
308_RTPV_1,S6,16,30.613050086725586
308_RTPV_1,S6,17,17.51721402190062
308_RTPV_1,S6,18,2.516286162798736
308_RTPV_1,S6,19,0.0
308_RTPV_1,S6,20,0.0
308_RTPV_1,S6,21,0.0
308_RTPV_1,S6,22,0.0
308_RTPV_1,S6,23,0.0
308_RTPV_1,S6,24,0.0
308_RTPV_1,S7,1,0.0
308_RTPV_1,S7,2,0.0
308_RTPV_1,S7,3,0.0
308_RTPV_1,S7,4,0.0
308_RTPV_1,S7,5,0.0
308_RTPV_1,S7,6,0.0
308_RTPV_1,S7,7,13.568757890090676
308_RTPV_1,S7,8,34.51588752910593
308_RTPV_1,S7,9,52.014380154951034
308_RTPV_1,S7,10,64.97563750560109
308_RTPV_1,S7,11,76.80643177871002
308_RTPV_1,S7,12,81.45121701848981
308_RTPV_1,S7,13,72.55346231775394
308_RTPV_1,S7,14,70.91482748632843
308_RTPV_1,S7,15,58.63715556445827
308_RTPV_1,S7,16,35.83509268217547
308_RTPV_1,S7,17,12.689394701157706
308_RTPV_1,S7,18,0.0
308_RTPV_1,S7,19,0.0
308_RTPV_1,S7,20,0.0
308_RTPV_1,S7,21,0.0
308_RTPV_1,S7,22,0.0
308_RTPV_1,S7,23,0.0
308_RTPV_1,S7,24,0.0
308_RTPV_1,S8,1,0.0
308_RTPV_1,S8,2,0.0
308_RTPV_1,S8,3,0.0
308_RTPV_1,S8,4,0.0
308_RTPV_1,S8,5,0.0
308_RTPV_1,S8,6,0.0
308_RTPV_1,S8,7,0.0
308_RTPV_1,S8,8,12.811615918141607
308_RTPV_1,S8,9,37.473927211205265
308_RTPV_1,S8,10,56.61734963589933
308_RTPV_1,S8,11,67.14059820336296
308_RTPV_1,S8,12,70.50502278332932
308_RTPV_1,S8,13,73.42487910466211
308_RTPV_1,S8,14,61.73613827249201
308_RTPV_1,S8,15,48.13093365152965
308_RTPV_1,S8,16,25.713850464723677
308_RTPV_1,S8,17,0.0
308_RTPV_1,S8,18,0.0
308_RTPV_1,S8,19,0.0
308_RTPV_1,S8,20,0.0
308_RTPV_1,S8,21,0.0
308_RTPV_1,S8,22,0.0
308_RTPV_1,S8,23,0.0
308_RTPV_1,S8,24,0.0
308_RTPV_1,S9,1,0.0
308_RTPV_1,S9,2,0.0
308_RTPV_1,S9,3,0.0
308_RTPV_1,S9,4,0.0
308_RTPV_1,S9,5,0.0
308_RTPV_1,S9,6,1.5652103062179559
308_RTPV_1,S9,7,21.304960836585494
308_RTPV_1,S9,8,41.77601119192705
308_RTPV_1,S9,9,60.679450038137254
308_RTPV_1,S9,10,77.4035374905843
308_RTPV_1,S9,11,97.7132848027497
308_RTPV_1,S9,12,100.29813019899105
308_RTPV_1,S9,13,97.2257089942595
308_RTPV_1,S9,14,87.95281719683994
308_RTPV_1,S9,15,70.72423345614
308_RTPV_1,S9,16,52.58488243992361
308_RTPV_1,S9,17,28.734762971757856
308_RTPV_1,S9,18,2.141523891521957
308_RTPV_1,S9,19,0.0
308_RTPV_1,S9,20,0.0
308_RTPV_1,S9,21,0.0
308_RTPV_1,S9,22,0.0
308_RTPV_1,S9,23,0.0
308_RTPV_1,S9,24,0.0
308_RTPV_1,S10,1,0.0
308_RTPV_1,S10,2,0.0
308_RTPV_1,S10,3,0.0
308_RTPV_1,S10,4,0.0
308_RTPV_1,S10,5,0.0
308_RTPV_1,S10,6,0.0
308_RTPV_1,S10,7,0.0
308_RTPV_1,S10,8,22.240516301158628
308_RTPV_1,S10,9,43.63270100455337
308_RTPV_1,S10,10,57.748559460791775
308_RTPV_1,S10,11,72.0043380896994
308_RTPV_1,S10,12,69.0039617941039
308_RTPV_1,S10,13,65.72916719832249
308_RTPV_1,S10,14,59.367870058290805
308_RTPV_1,S10,15,44.44185647844118
308_RTPV_1,S10,16,17.2341463864536
308_RTPV_1,S10,17,0.0
308_RTPV_1,S10,18,0.0
308_RTPV_1,S10,19,0.0
308_RTPV_1,S10,20,0.0
308_RTPV_1,S10,21,0.0
308_RTPV_1,S10,22,0.0
308_RTPV_1,S10,23,0.0
308_RTPV_1,S10,24,0.0
308_RTPV_1,S11,1,0.0
308_RTPV_1,S11,2,0.0
308_RTPV_1,S11,3,0.0
308_RTPV_1,S11,4,0.0
308_RTPV_1,S11,5,0.0
308_RTPV_1,S11,6,0.0
308_RTPV_1,S11,7,0.0
308_RTPV_1,S11,8,16.25920194053597
308_RTPV_1,S11,9,39.92645057120962
308_RTPV_1,S11,10,59.289380256786615
308_RTPV_1,S11,11,74.5359253746351
308_RTPV_1,S11,12,80.75792954184097
308_RTPV_1,S11,13,82.22209775664254
308_RTPV_1,S11,14,79.13577570510368
308_RTPV_1,S11,15,59.921428201752896
308_RTPV_1,S11,16,32.89459798254968
308_RTPV_1,S11,17,4.169885836987199
308_RTPV_1,S11,18,0.0
308_RTPV_1,S11,19,0.0
308_RTPV_1,S11,20,0.0
308_RTPV_1,S11,21,0.0
308_RTPV_1,S11,22,0.0
308_RTPV_1,S11,23,0.0
308_RTPV_1,S11,24,0.0
308_RTPV_1,S12,1,0.0
308_RTPV_1,S12,2,0.0
308_RTPV_1,S12,3,0.0
308_RTPV_1,S12,4,0.0
308_RTPV_1,S12,5,0.0
308_RTPV_1,S12,6,0.24577293590733523
308_RTPV_1,S12,7,10.087350570332642
308_RTPV_1,S12,8,21.002544111444386
308_RTPV_1,S12,9,32.00701030477241
308_RTPV_1,S12,10,31.867010019927978
308_RTPV_1,S12,11,35.68088827303273
308_RTPV_1,S12,12,47.33569015715784
308_RTPV_1,S12,13,47.85415236787268
308_RTPV_1,S12,14,45.30475582533339
308_RTPV_1,S12,15,39.59302946227435
308_RTPV_1,S12,16,25.765041293617447
308_RTPV_1,S12,17,14.504648933177101
308_RTPV_1,S12,18,1.5254758901153629
308_RTPV_1,S12,19,0.0
308_RTPV_1,S12,20,0.0
308_RTPV_1,S12,21,0.0
308_RTPV_1,S12,22,0.0
308_RTPV_1,S12,23,0.0
308_RTPV_1,S12,24,0.0
313_RTPV_1,S1,1,0.0
313_RTPV_1,S1,2,0.0
313_RTPV_1,S1,3,0.0
313_RTPV_1,S1,4,0.0
313_RTPV_1,S1,5,0.0
313_RTPV_1,S1,6,0.20825655864928563
313_RTPV_1,S1,7,14.231262136219144
313_RTPV_1,S1,8,31.703878442108508
313_RTPV_1,S1,9,46.26466954028179
313_RTPV_1,S1,10,53.17043973323444
313_RTPV_1,S1,11,61.77350468757737
313_RTPV_1,S1,12,69.27049894971069
313_RTPV_1,S1,13,77.11295855403391
313_RTPV_1,S1,14,72.70658826628126
313_RTPV_1,S1,15,59.93307552838535
313_RTPV_1,S1,16,44.92878177541982
313_RTPV_1,S1,17,21.11047677585803
313_RTPV_1,S1,18,0.0
313_RTPV_1,S1,19,0.0
313_RTPV_1,S1,20,0.0
313_RTPV_1,S1,21,0.0
313_RTPV_1,S1,22,0.0
313_RTPV_1,S1,23,0.0
313_RTPV_1,S1,24,0.0
313_RTPV_1,S2,1,0.0
313_RTPV_1,S2,2,0.0
313_RTPV_1,S2,3,0.0
313_RTPV_1,S2,4,0.0
313_RTPV_1,S2,5,0.0
313_RTPV_1,S2,6,0.0
313_RTPV_1,S2,7,0.0
313_RTPV_1,S2,8,16.395447446493808
313_RTPV_1,S2,9,38.45460822432351
313_RTPV_1,S2,10,58.65084686289169
313_RTPV_1,S2,11,68.70045269104912
313_RTPV_1,S2,12,68.08001704277082
313_RTPV_1,S2,13,72.58630892151989
313_RTPV_1,S2,14,65.13972109240866
313_RTPV_1,S2,15,45.70236326215619
313_RTPV_1,S2,16,20.894516796879813
313_RTPV_1,S2,17,0.0
313_RTPV_1,S2,18,0.0
313_RTPV_1,S2,19,0.0
313_RTPV_1,S2,20,0.0
313_RTPV_1,S2,21,0.0
313_RTPV_1,S2,22,0.0
313_RTPV_1,S2,23,0.0
313_RTPV_1,S2,24,0.0
313_RTPV_1,S3,1,0.0
313_RTPV_1,S3,2,0.0
313_RTPV_1,S3,3,0.0
313_RTPV_1,S3,4,0.0
313_RTPV_1,S3,5,0.0
313_RTPV_1,S3,6,0.0
313_RTPV_1,S3,7,15.004446783516494
313_RTPV_1,S3,8,37.513612065406136
313_RTPV_1,S3,9,58.15591594277289
313_RTPV_1,S3,10,72.10595774735155
313_RTPV_1,S3,11,82.84427031760018
313_RTPV_1,S3,12,89.2164986591477
313_RTPV_1,S3,13,91.50039960105572
313_RTPV_1,S3,14,87.23044503442392
313_RTPV_1,S3,15,72.49678114929034
313_RTPV_1,S3,16,46.23784010533416
313_RTPV_1,S3,17,21.17603436083911
313_RTPV_1,S3,18,0.0
313_RTPV_1,S3,19,0.0
313_RTPV_1,S3,20,0.0
313_RTPV_1,S3,21,0.0
313_RTPV_1,S3,22,0.0
313_RTPV_1,S3,23,0.0
313_RTPV_1,S3,24,0.0
313_RTPV_1,S4,1,0.0
313_RTPV_1,S4,2,0.0
313_RTPV_1,S4,3,0.0
313_RTPV_1,S4,4,0.0
313_RTPV_1,S4,5,0.0
313_RTPV_1,S4,6,0.0
313_RTPV_1,S4,7,11.279505209926853
313_RTPV_1,S4,8,24.903016977135497
313_RTPV_1,S4,9,46.49341203065205
313_RTPV_1,S4,10,67.66479188900506
313_RTPV_1,S4,11,83.73190045862268
313_RTPV_1,S4,12,92.26931438523079
313_RTPV_1,S4,13,91.61564562964145
313_RTPV_1,S4,14,79.10743192149883
313_RTPV_1,S4,15,66.71237878000146
313_RTPV_1,S4,16,40.0510266393675
313_RTPV_1,S4,17,17.6967197143792
313_RTPV_1,S4,18,0.0
313_RTPV_1,S4,19,0.0
313_RTPV_1,S4,20,0.0
313_RTPV_1,S4,21,0.0
313_RTPV_1,S4,22,0.0
313_RTPV_1,S4,23,0.0
313_RTPV_1,S4,24,0.0
313_RTPV_1,S5,1,0.0
313_RTPV_1,S5,2,0.0
313_RTPV_1,S5,3,0.0
313_RTPV_1,S5,4,0.0
313_RTPV_1,S5,5,0.0
313_RTPV_1,S5,6,0.0
313_RTPV_1,S5,7,0.0
313_RTPV_1,S5,8,21.253792269382316
313_RTPV_1,S5,9,42.63248846549874
313_RTPV_1,S5,10,61.31886700311207
313_RTPV_1,S5,11,79.78464915706394
313_RTPV_1,S5,12,79.62028143141421
313_RTPV_1,S5,13,73.89195724177799
313_RTPV_1,S5,14,63.51000608884628
313_RTPV_1,S5,15,45.44319561848595
313_RTPV_1,S5,16,16.781643598028566
313_RTPV_1,S5,17,0.0
313_RTPV_1,S5,18,0.0
313_RTPV_1,S5,19,0.0
313_RTPV_1,S5,20,0.0
313_RTPV_1,S5,21,0.0
313_RTPV_1,S5,22,0.0
313_RTPV_1,S5,23,0.0
313_RTPV_1,S5,24,0.0
313_RTPV_1,S6,1,0.0
313_RTPV_1,S6,2,0.0
313_RTPV_1,S6,3,0.0
313_RTPV_1,S6,4,0.0
313_RTPV_1,S6,5,0.0
313_RTPV_1,S6,6,0.29555652925729137
313_RTPV_1,S6,7,9.79557908555219
313_RTPV_1,S6,8,19.272696165809435
313_RTPV_1,S6,9,29.194905005263045
313_RTPV_1,S6,10,41.89942026509709
313_RTPV_1,S6,11,44.980070598739545
313_RTPV_1,S6,12,47.58831946571089
313_RTPV_1,S6,13,49.04940150675696
313_RTPV_1,S6,14,43.497331283927814
313_RTPV_1,S6,15,40.93216010752293
313_RTPV_1,S6,16,31.35787494400822
313_RTPV_1,S6,17,16.833137709238102
313_RTPV_1,S6,18,2.3288707572685605
313_RTPV_1,S6,19,0.0
313_RTPV_1,S6,20,0.0
313_RTPV_1,S6,21,0.0
313_RTPV_1,S6,22,0.0
313_RTPV_1,S6,23,0.0
313_RTPV_1,S6,24,0.0
313_RTPV_1,S7,1,0.0
313_RTPV_1,S7,2,0.0
313_RTPV_1,S7,3,0.0
313_RTPV_1,S7,4,0.0
313_RTPV_1,S7,5,0.0
313_RTPV_1,S7,6,0.0
313_RTPV_1,S7,7,13.423696664516358
313_RTPV_1,S7,8,31.955507477857587
313_RTPV_1,S7,9,53.68621583416045
313_RTPV_1,S7,10,63.40765853959228
313_RTPV_1,S7,11,74.85714383486297
313_RTPV_1,S7,12,81.7324368403513
313_RTPV_1,S7,13,76.83583762722905
313_RTPV_1,S7,14,72.03804684543644
313_RTPV_1,S7,15,59.48475952961817
313_RTPV_1,S7,16,35.4393922830317
313_RTPV_1,S7,17,12.642865198046794
313_RTPV_1,S7,18,0.0
313_RTPV_1,S7,19,0.0
313_RTPV_1,S7,20,0.0
313_RTPV_1,S7,21,0.0
313_RTPV_1,S7,22,0.0
313_RTPV_1,S7,23,0.0
313_RTPV_1,S7,24,0.0
313_RTPV_1,S8,1,0.0
313_RTPV_1,S8,2,0.0
313_RTPV_1,S8,3,0.0
313_RTPV_1,S8,4,0.0
313_RTPV_1,S8,5,0.0
313_RTPV_1,S8,6,0.0
313_RTPV_1,S8,7,0.0
313_RTPV_1,S8,8,13.318958971374165
313_RTPV_1,S8,9,37.72760579615977
313_RTPV_1,S8,10,56.325311552662455
313_RTPV_1,S8,11,70.02760160754258
313_RTPV_1,S8,12,67.32507449860837
313_RTPV_1,S8,13,69.3750317933025
313_RTPV_1,S8,14,65.67807189280141
313_RTPV_1,S8,15,47.16605461885934
313_RTPV_1,S8,16,24.648640312276097
313_RTPV_1,S8,17,0.0
313_RTPV_1,S8,18,0.0
313_RTPV_1,S8,19,0.0
313_RTPV_1,S8,20,0.0
313_RTPV_1,S8,21,0.0
313_RTPV_1,S8,22,0.0
313_RTPV_1,S8,23,0.0
313_RTPV_1,S8,24,0.0
313_RTPV_1,S9,1,0.0
313_RTPV_1,S9,2,0.0
313_RTPV_1,S9,3,0.0
313_RTPV_1,S9,4,0.0
313_RTPV_1,S9,5,0.0
313_RTPV_1,S9,6,1.5458497605788766
313_RTPV_1,S9,7,22.29749939585589
313_RTPV_1,S9,8,41.71430365098023
313_RTPV_1,S9,9,62.0130449669328
313_RTPV_1,S9,10,76.72623538907588
313_RTPV_1,S9,11,95.15262890757505
313_RTPV_1,S9,12,101.71749980679094
313_RTPV_1,S9,13,96.7868855615439
313_RTPV_1,S9,14,87.35512806703508
313_RTPV_1,S9,15,70.4325499681786
313_RTPV_1,S9,16,53.37539676158866
313_RTPV_1,S9,17,27.5267352661337
313_RTPV_1,S9,18,2.072237918640522
313_RTPV_1,S9,19,0.0
313_RTPV_1,S9,20,0.0
313_RTPV_1,S9,21,0.0
313_RTPV_1,S9,22,0.0
313_RTPV_1,S9,23,0.0
313_RTPV_1,S9,24,0.0
313_RTPV_1,S10,1,0.0
313_RTPV_1,S10,2,0.0
313_RTPV_1,S10,3,0.0
313_RTPV_1,S10,4,0.0
313_RTPV_1,S10,5,0.0
313_RTPV_1,S10,6,0.0
313_RTPV_1,S10,7,0.0
313_RTPV_1,S10,8,21.93560256018664
313_RTPV_1,S10,9,42.992483947017014
313_RTPV_1,S10,10,62.011708737244895
313_RTPV_1,S10,11,66.60954775395935
313_RTPV_1,S10,12,73.26223886970615
313_RTPV_1,S10,13,71.2939231032274
313_RTPV_1,S10,14,58.012424608374204
313_RTPV_1,S10,15,43.87303131600907
313_RTPV_1,S10,16,16.563677405144936
313_RTPV_1,S10,17,0.0
313_RTPV_1,S10,18,0.0
313_RTPV_1,S10,19,0.0
313_RTPV_1,S10,20,0.0
313_RTPV_1,S10,21,0.0
313_RTPV_1,S10,22,0.0
313_RTPV_1,S10,23,0.0
313_RTPV_1,S10,24,0.0
313_RTPV_1,S11,1,0.0
313_RTPV_1,S11,2,0.0
313_RTPV_1,S11,3,0.0
313_RTPV_1,S11,4,0.0
313_RTPV_1,S11,5,0.0
313_RTPV_1,S11,6,0.0
313_RTPV_1,S11,7,0.0
313_RTPV_1,S11,8,15.905445660440904
313_RTPV_1,S11,9,40.54798816665229
313_RTPV_1,S11,10,55.296046404625024
313_RTPV_1,S11,11,76.3144410255577
313_RTPV_1,S11,12,85.64031345910895
313_RTPV_1,S11,13,83.71654613830928
313_RTPV_1,S11,14,79.75470509178653
313_RTPV_1,S11,15,62.322305459960006
313_RTPV_1,S11,16,33.28990028449201
313_RTPV_1,S11,17,4.092620139547998
313_RTPV_1,S11,18,0.0
313_RTPV_1,S11,19,0.0
313_RTPV_1,S11,20,0.0
313_RTPV_1,S11,21,0.0
313_RTPV_1,S11,22,0.0
313_RTPV_1,S11,23,0.0
313_RTPV_1,S11,24,0.0
313_RTPV_1,S12,1,0.0
313_RTPV_1,S12,2,0.0
313_RTPV_1,S12,3,0.0
313_RTPV_1,S12,4,0.0
313_RTPV_1,S12,5,0.0
313_RTPV_1,S12,6,0.24314302304698468
313_RTPV_1,S12,7,10.39537941147637
313_RTPV_1,S12,8,20.439790959834003
313_RTPV_1,S12,9,30.679840126786452
313_RTPV_1,S12,10,35.11038712706613
313_RTPV_1,S12,11,33.49984431140929
313_RTPV_1,S12,12,44.68154574913198
313_RTPV_1,S12,13,46.14281929515321
313_RTPV_1,S12,14,44.13108316856551
313_RTPV_1,S12,15,37.586615602175584
313_RTPV_1,S12,16,25.740510189500114
313_RTPV_1,S12,17,13.480817163942833
313_RTPV_1,S12,18,1.5432999789001918
313_RTPV_1,S12,19,0.0
313_RTPV_1,S12,20,0.0
313_RTPV_1,S12,21,0.0
313_RTPV_1,S12,22,0.0
313_RTPV_1,S12,23,0.0
313_RTPV_1,S12,24,0.0
313_RTPV_2,S1,1,0.0
313_RTPV_2,S1,2,0.0
313_RTPV_2,S1,3,0.0
313_RTPV_2,S1,4,0.0
313_RTPV_2,S1,5,0.0
313_RTPV_2,S1,6,0.2008167466335785
313_RTPV_2,S1,7,9.184538670232898
313_RTPV_2,S1,8,20.576891115275362
313_RTPV_2,S1,9,28.680900944317287
313_RTPV_2,S1,10,34.43453531262813
313_RTPV_2,S1,11,44.562133213492416
313_RTPV_2,S1,12,45.64757323421463
313_RTPV_2,S1,13,45.78551976858604
313_RTPV_2,S1,14,44.57904670773583
313_RTPV_2,S1,15,36.575543912245905
313_RTPV_2,S1,16,27.69836971579217
313_RTPV_2,S1,17,12.714221408033653
313_RTPV_2,S1,18,0.0
313_RTPV_2,S1,19,0.0
313_RTPV_2,S1,20,0.0
313_RTPV_2,S1,21,0.0
313_RTPV_2,S1,22,0.0
313_RTPV_2,S1,23,0.0
313_RTPV_2,S1,24,0.0
313_RTPV_2,S2,1,0.0
313_RTPV_2,S2,2,0.0
313_RTPV_2,S2,3,0.0
313_RTPV_2,S2,4,0.0
313_RTPV_2,S2,5,0.0
313_RTPV_2,S2,6,0.0
313_RTPV_2,S2,7,0.0
313_RTPV_2,S2,8,12.290884340026293
313_RTPV_2,S2,9,26.595870908557323
313_RTPV_2,S2,10,41.02765204880628
313_RTPV_2,S2,11,47.61644191368869
313_RTPV_2,S2,12,47.636519212202444
313_RTPV_2,S2,13,46.26573559630053
313_RTPV_2,S2,14,38.663936150697886
313_RTPV_2,S2,15,30.174305646021175
313_RTPV_2,S2,16,13.721946572388225
313_RTPV_2,S2,17,0.0
313_RTPV_2,S2,18,0.0
313_RTPV_2,S2,19,0.0
313_RTPV_2,S2,20,0.0
313_RTPV_2,S2,21,0.0
313_RTPV_2,S2,22,0.0
313_RTPV_2,S2,23,0.0
313_RTPV_2,S2,24,0.0
313_RTPV_2,S3,1,0.0
313_RTPV_2,S3,2,0.0
313_RTPV_2,S3,3,0.0
313_RTPV_2,S3,4,0.0
313_RTPV_2,S3,5,0.0
313_RTPV_2,S3,6,0.0
313_RTPV_2,S3,7,9.84122705821565
313_RTPV_2,S3,8,24.36563527054021
313_RTPV_2,S3,9,36.60518643012955
313_RTPV_2,S3,10,47.34478786787531
313_RTPV_2,S3,11,57.153723317302024
313_RTPV_2,S3,12,56.10124905462145
313_RTPV_2,S3,13,58.486194736461755
313_RTPV_2,S3,14,55.22605679296663
313_RTPV_2,S3,15,43.28852113320618
313_RTPV_2,S3,16,28.299400448234927
313_RTPV_2,S3,17,12.912454601213135
313_RTPV_2,S3,18,0.0
313_RTPV_2,S3,19,0.0
313_RTPV_2,S3,20,0.0
313_RTPV_2,S3,21,0.0
313_RTPV_2,S3,22,0.0
313_RTPV_2,S3,23,0.0
313_RTPV_2,S3,24,0.0
313_RTPV_2,S4,1,0.0
313_RTPV_2,S4,2,0.0
313_RTPV_2,S4,3,0.0
313_RTPV_2,S4,4,0.0
313_RTPV_2,S4,5,0.0
313_RTPV_2,S4,6,0.0
313_RTPV_2,S4,7,7.326185096024553
313_RTPV_2,S4,8,22.8159873411097
313_RTPV_2,S4,9,36.58695983622437
313_RTPV_2,S4,10,48.3524991785242
313_RTPV_2,S4,11,54.8210494482519
313_RTPV_2,S4,12,58.54508332350567
313_RTPV_2,S4,13,55.59588433390644
313_RTPV_2,S4,14,54.866325172625814
313_RTPV_2,S4,15,44.66446667292946
313_RTPV_2,S4,16,24.976205665318634
313_RTPV_2,S4,17,10.959740264853519
313_RTPV_2,S4,18,0.0
313_RTPV_2,S4,19,0.0
313_RTPV_2,S4,20,0.0
313_RTPV_2,S4,21,0.0
313_RTPV_2,S4,22,0.0
313_RTPV_2,S4,23,0.0
313_RTPV_2,S4,24,0.0
313_RTPV_2,S5,1,0.0
313_RTPV_2,S5,2,0.0
313_RTPV_2,S5,3,0.0
313_RTPV_2,S5,4,0.0
313_RTPV_2,S5,5,0.0
313_RTPV_2,S5,6,0.0
313_RTPV_2,S5,7,0.0
313_RTPV_2,S5,8,13.160319162254153
313_RTPV_2,S5,9,26.85742184314593
313_RTPV_2,S5,10,38.40877860934638
313_RTPV_2,S5,11,47.04755350286213
313_RTPV_2,S5,12,51.857185771180845
313_RTPV_2,S5,13,46.83738880358999
313_RTPV_2,S5,14,42.00029803884258
313_RTPV_2,S5,15,29.182575589566056
313_RTPV_2,S5,16,10.555847497163382
313_RTPV_2,S5,17,0.0
313_RTPV_2,S5,18,0.0
313_RTPV_2,S5,19,0.0
313_RTPV_2,S5,20,0.0
313_RTPV_2,S5,21,0.0
313_RTPV_2,S5,22,0.0
313_RTPV_2,S5,23,0.0
313_RTPV_2,S5,24,0.0
313_RTPV_2,S6,1,0.0
313_RTPV_2,S6,2,0.0
313_RTPV_2,S6,3,0.0
313_RTPV_2,S6,4,0.0
313_RTPV_2,S6,5,0.0
313_RTPV_2,S6,6,0.1853488138041697
313_RTPV_2,S6,7,6.672419321702808
313_RTPV_2,S6,8,14.278002706906548
313_RTPV_2,S6,9,21.19394270339107
313_RTPV_2,S6,10,26.320632844531502
313_RTPV_2,S6,11,28.949584161113066
313_RTPV_2,S6,12,32.05730649335951
313_RTPV_2,S6,13,30.626038378038864
313_RTPV_2,S6,14,29.305909992557453
313_RTPV_2,S6,15,24.776861930212153
313_RTPV_2,S6,16,17.98641323452876
313_RTPV_2,S6,17,10.40145000942192
313_RTPV_2,S6,18,1.1385402794993078
313_RTPV_2,S6,19,0.0
313_RTPV_2,S6,20,0.0
313_RTPV_2,S6,21,0.0
313_RTPV_2,S6,22,0.0
313_RTPV_2,S6,23,0.0
313_RTPV_2,S6,24,0.0
313_RTPV_2,S7,1,0.0
313_RTPV_2,S7,2,0.0
313_RTPV_2,S7,3,0.0
313_RTPV_2,S7,4,0.0
313_RTPV_2,S7,5,0.0
313_RTPV_2,S7,6,0.0
313_RTPV_2,S7,7,8.99661174469434
313_RTPV_2,S7,8,21.974300194451097
313_RTPV_2,S7,9,35.335850514843116
313_RTPV_2,S7,10,43.13475545331731
313_RTPV_2,S7,11,49.46444097255038
313_RTPV_2,S7,12,50.871098487398065
313_RTPV_2,S7,13,51.3669996908728
313_RTPV_2,S7,14,47.335629024523904
313_RTPV_2,S7,15,38.24999725283566
313_RTPV_2,S7,16,23.844162117865043
313_RTPV_2,S7,17,8.043846010829146
313_RTPV_2,S7,18,0.0
313_RTPV_2,S7,19,0.0
313_RTPV_2,S7,20,0.0
313_RTPV_2,S7,21,0.0
313_RTPV_2,S7,22,0.0
313_RTPV_2,S7,23,0.0
313_RTPV_2,S7,24,0.0
313_RTPV_2,S8,1,0.0
313_RTPV_2,S8,2,0.0
313_RTPV_2,S8,3,0.0
313_RTPV_2,S8,4,0.0
313_RTPV_2,S8,5,0.0
313_RTPV_2,S8,6,0.0
313_RTPV_2,S8,7,0.0
313_RTPV_2,S8,8,9.955904428958483
313_RTPV_2,S8,9,23.495190494757345
313_RTPV_2,S8,10,36.32138936384927
313_RTPV_2,S8,11,40.30530934397126
313_RTPV_2,S8,12,46.8165110903288
313_RTPV_2,S8,13,45.766599279852365
313_RTPV_2,S8,14,41.51589205164787
313_RTPV_2,S8,15,28.979957511548225
313_RTPV_2,S8,16,16.400189042376695
313_RTPV_2,S8,17,0.0
313_RTPV_2,S8,18,0.0
313_RTPV_2,S8,19,0.0
313_RTPV_2,S8,20,0.0
313_RTPV_2,S8,21,0.0
313_RTPV_2,S8,22,0.0
313_RTPV_2,S8,23,0.0
313_RTPV_2,S8,24,0.0
313_RTPV_2,S9,1,0.0
313_RTPV_2,S9,2,0.0
313_RTPV_2,S9,3,0.0
313_RTPV_2,S9,4,0.0
313_RTPV_2,S9,5,0.0
313_RTPV_2,S9,6,0.9945610585966936
313_RTPV_2,S9,7,13.453375719542416
313_RTPV_2,S9,8,17.089839757910493
313_RTPV_2,S9,9,27.10164363540926
313_RTPV_2,S9,10,37.765033765856934
313_RTPV_2,S9,11,34.97397290621192
313_RTPV_2,S9,12,42.153966754966866
313_RTPV_2,S9,13,52.110429294685446
313_RTPV_2,S9,14,52.23408094045039
313_RTPV_2,S9,15,46.748005434588514
313_RTPV_2,S9,16,30.15563557847174
313_RTPV_2,S9,17,16.092385290320728
313_RTPV_2,S9,18,0.8343613410883167
313_RTPV_2,S9,19,0.0
313_RTPV_2,S9,20,0.0
313_RTPV_2,S9,21,0.0
313_RTPV_2,S9,22,0.0
313_RTPV_2,S9,23,0.0
313_RTPV_2,S9,24,0.0
313_RTPV_2,S10,1,0.0
313_RTPV_2,S10,2,0.0
313_RTPV_2,S10,3,0.0
313_RTPV_2,S10,4,0.0
313_RTPV_2,S10,5,0.0
313_RTPV_2,S10,6,0.0
313_RTPV_2,S10,7,0.0
313_RTPV_2,S10,8,15.849278051787964
313_RTPV_2,S10,9,30.240011238905502
313_RTPV_2,S10,10,36.62391310504853
313_RTPV_2,S10,11,45.77718764188379
313_RTPV_2,S10,12,48.47000908711918
313_RTPV_2,S10,13,45.666771221884005
313_RTPV_2,S10,14,36.39961391576741
313_RTPV_2,S10,15,26.177305522064476
313_RTPV_2,S10,16,9.826400312866495
313_RTPV_2,S10,17,0.0
313_RTPV_2,S10,18,0.0
313_RTPV_2,S10,19,0.0
313_RTPV_2,S10,20,0.0
313_RTPV_2,S10,21,0.0
313_RTPV_2,S10,22,0.0
313_RTPV_2,S10,23,0.0
313_RTPV_2,S10,24,0.0
313_RTPV_2,S11,1,0.0
313_RTPV_2,S11,2,0.0
313_RTPV_2,S11,3,0.0
313_RTPV_2,S11,4,0.0
313_RTPV_2,S11,5,0.0
313_RTPV_2,S11,6,0.0
313_RTPV_2,S11,7,0.0
313_RTPV_2,S11,8,11.178611853439293
313_RTPV_2,S11,9,26.07668117897618
313_RTPV_2,S11,10,37.274777425904574
313_RTPV_2,S11,11,45.25811870083204
313_RTPV_2,S11,12,54.53836119196825
313_RTPV_2,S11,13,50.881544935901765
313_RTPV_2,S11,14,47.7788476470852
313_RTPV_2,S11,15,38.98718700929475
313_RTPV_2,S11,16,23.581575386662326
313_RTPV_2,S11,17,3.41961849172876
313_RTPV_2,S11,18,0.0
313_RTPV_2,S11,19,0.0
313_RTPV_2,S11,20,0.0
313_RTPV_2,S11,21,0.0
313_RTPV_2,S11,22,0.0
313_RTPV_2,S11,23,0.0
313_RTPV_2,S11,24,0.0
313_RTPV_2,S12,1,0.0
313_RTPV_2,S12,2,0.0
313_RTPV_2,S12,3,0.0
313_RTPV_2,S12,4,0.0
313_RTPV_2,S12,5,0.0
313_RTPV_2,S12,6,0.18327789329625088
313_RTPV_2,S12,7,6.617870476237919
313_RTPV_2,S12,8,13.186832805855069
313_RTPV_2,S12,9,20.00883896464165
313_RTPV_2,S12,10,25.211649012504665
313_RTPV_2,S12,11,28.34519277502003
313_RTPV_2,S12,12,12.583512953799707
313_RTPV_2,S12,13,28.904878586865575
313_RTPV_2,S12,14,14.667411745707897
313_RTPV_2,S12,15,16.5237986624597
313_RTPV_2,S12,16,10.122557937247679
313_RTPV_2,S12,17,7.17335129322191
313_RTPV_2,S12,18,0.35118104819361085
313_RTPV_2,S12,19,0.0
313_RTPV_2,S12,20,0.0
313_RTPV_2,S12,21,0.0
313_RTPV_2,S12,22,0.0
313_RTPV_2,S12,23,0.0
313_RTPV_2,S12,24,0.0
313_RTPV_3,S1,1,0.0
313_RTPV_3,S1,2,0.0
313_RTPV_3,S1,3,0.0
313_RTPV_3,S1,4,0.0
313_RTPV_3,S1,5,0.0
313_RTPV_3,S1,6,0.10466423261849066
313_RTPV_3,S1,7,8.831367422528098
313_RTPV_3,S1,8,21.682411271303966
313_RTPV_3,S1,9,26.920772761924006
313_RTPV_3,S1,10,30.85934055671555
313_RTPV_3,S1,11,40.447159752565234
313_RTPV_3,S1,12,48.61805155028292
313_RTPV_3,S1,13,46.87108612023782
313_RTPV_3,S1,14,46.34409075845559
313_RTPV_3,S1,15,37.864478311327986
313_RTPV_3,S1,16,28.682785982338224
313_RTPV_3,S1,17,13.385925661631255
313_RTPV_3,S1,18,0.0
313_RTPV_3,S1,19,0.0
313_RTPV_3,S1,20,0.0
313_RTPV_3,S1,21,0.0
313_RTPV_3,S1,22,0.0
313_RTPV_3,S1,23,0.0
313_RTPV_3,S1,24,0.0
313_RTPV_3,S2,1,0.0
313_RTPV_3,S2,2,0.0
313_RTPV_3,S2,3,0.0
313_RTPV_3,S2,4,0.0
313_RTPV_3,S2,5,0.0
313_RTPV_3,S2,6,0.0
313_RTPV_3,S2,7,0.0
313_RTPV_3,S2,8,11.034288580771362
313_RTPV_3,S2,9,25.083184867437758
313_RTPV_3,S2,10,33.943533154845944
313_RTPV_3,S2,11,42.264919240538674
313_RTPV_3,S2,12,43.89828687983052
313_RTPV_3,S2,13,43.61192149655452
313_RTPV_3,S2,14,40.666845067753336
313_RTPV_3,S2,15,29.96559210617496
313_RTPV_3,S2,16,13.015326770726418
313_RTPV_3,S2,17,0.0
313_RTPV_3,S2,18,0.0
313_RTPV_3,S2,19,0.0
313_RTPV_3,S2,20,0.0
313_RTPV_3,S2,21,0.0
313_RTPV_3,S2,22,0.0
313_RTPV_3,S2,23,0.0
313_RTPV_3,S2,24,0.0
313_RTPV_3,S3,1,0.0
313_RTPV_3,S3,2,0.0
313_RTPV_3,S3,3,0.0
313_RTPV_3,S3,4,0.0
313_RTPV_3,S3,5,0.0
313_RTPV_3,S3,6,0.0
313_RTPV_3,S3,7,8.992365770749858
313_RTPV_3,S3,8,22.838576772689333
313_RTPV_3,S3,9,37.1860507066087
313_RTPV_3,S3,10,47.557931674426804
313_RTPV_3,S3,11,53.14551854729799
313_RTPV_3,S3,12,59.672496764191074
313_RTPV_3,S3,13,56.070997574324075
313_RTPV_3,S3,14,53.334056482403994
313_RTPV_3,S3,15,45.168533391684804
313_RTPV_3,S3,16,29.33532767290865
313_RTPV_3,S3,17,13.415753495820198
313_RTPV_3,S3,18,0.0
313_RTPV_3,S3,19,0.0
313_RTPV_3,S3,20,0.0
313_RTPV_3,S3,21,0.0
313_RTPV_3,S3,22,0.0
313_RTPV_3,S3,23,0.0
313_RTPV_3,S3,24,0.0
313_RTPV_3,S4,1,0.0
313_RTPV_3,S4,2,0.0
313_RTPV_3,S4,3,0.0
313_RTPV_3,S4,4,0.0
313_RTPV_3,S4,5,0.0
313_RTPV_3,S4,6,0.0
313_RTPV_3,S4,7,0.0
313_RTPV_3,S4,8,0.30672200726099247
313_RTPV_3,S4,9,6.999448748547829
313_RTPV_3,S4,10,42.571764373417786
313_RTPV_3,S4,11,49.260283425483266
313_RTPV_3,S4,12,57.06474507336011
313_RTPV_3,S4,13,59.69673368650097
313_RTPV_3,S4,14,51.7397334609735
313_RTPV_3,S4,15,44.86218854515335
313_RTPV_3,S4,16,27.93558458973494
313_RTPV_3,S4,17,11.668678141660514
313_RTPV_3,S4,18,0.0
313_RTPV_3,S4,19,0.0
313_RTPV_3,S4,20,0.0
313_RTPV_3,S4,21,0.0
313_RTPV_3,S4,22,0.0
313_RTPV_3,S4,23,0.0
313_RTPV_3,S4,24,0.0
313_RTPV_3,S5,1,0.0
313_RTPV_3,S5,2,0.0
313_RTPV_3,S5,3,0.0
313_RTPV_3,S5,4,0.0
313_RTPV_3,S5,5,0.0
313_RTPV_3,S5,6,0.0
313_RTPV_3,S5,7,0.0
313_RTPV_3,S5,8,9.98633130901802
313_RTPV_3,S5,9,27.671885031406863
313_RTPV_3,S5,10,39.28591646479374
313_RTPV_3,S5,11,47.60005917777191
313_RTPV_3,S5,12,48.82007900838598
313_RTPV_3,S5,13,47.12825850139192
313_RTPV_3,S5,14,42.808610689271134
313_RTPV_3,S5,15,29.856106920432907
313_RTPV_3,S5,16,11.359399620452468
313_RTPV_3,S5,17,0.0
313_RTPV_3,S5,18,0.0
313_RTPV_3,S5,19,0.0
313_RTPV_3,S5,20,0.0
313_RTPV_3,S5,21,0.0
313_RTPV_3,S5,22,0.0
313_RTPV_3,S5,23,0.0
313_RTPV_3,S5,24,0.0
313_RTPV_3,S6,1,0.0
313_RTPV_3,S6,2,0.0
313_RTPV_3,S6,3,0.0
313_RTPV_3,S6,4,0.0
313_RTPV_3,S6,5,0.0
313_RTPV_3,S6,6,0.17815299119618136
313_RTPV_3,S6,7,6.853854166797828
313_RTPV_3,S6,8,13.338404277778976
313_RTPV_3,S6,9,21.134305394791053
313_RTPV_3,S6,10,27.27490489409535
313_RTPV_3,S6,11,30.174170028943706
313_RTPV_3,S6,12,32.52316500613413
313_RTPV_3,S6,13,30.46577834075359
313_RTPV_3,S6,14,29.659248127233674
313_RTPV_3,S6,15,26.123982746728096
313_RTPV_3,S6,16,19.695359491785375
313_RTPV_3,S6,17,10.749516988900698
313_RTPV_3,S6,18,1.4454707021316437
313_RTPV_3,S6,19,0.0
313_RTPV_3,S6,20,0.0
313_RTPV_3,S6,21,0.0
313_RTPV_3,S6,22,0.0
313_RTPV_3,S6,23,0.0
313_RTPV_3,S6,24,0.0
313_RTPV_3,S7,1,0.0
313_RTPV_3,S7,2,0.0
313_RTPV_3,S7,3,0.0
313_RTPV_3,S7,4,0.0
313_RTPV_3,S7,5,0.0
313_RTPV_3,S7,6,0.0
313_RTPV_3,S7,7,7.747640624851881
313_RTPV_3,S7,8,20.563473380315735
313_RTPV_3,S7,9,33.36404641420199
313_RTPV_3,S7,10,44.5544786605048
313_RTPV_3,S7,11,51.3333071027644
313_RTPV_3,S7,12,51.36439488380333
313_RTPV_3,S7,13,52.03334754906679
313_RTPV_3,S7,14,47.41362639332348
313_RTPV_3,S7,15,38.01011221854351
313_RTPV_3,S7,16,22.4989141640391
313_RTPV_3,S7,17,7.62455790171801
313_RTPV_3,S7,18,0.0
313_RTPV_3,S7,19,0.0
313_RTPV_3,S7,20,0.0
313_RTPV_3,S7,21,0.0
313_RTPV_3,S7,22,0.0
313_RTPV_3,S7,23,0.0
313_RTPV_3,S7,24,0.0
313_RTPV_3,S8,1,0.0
313_RTPV_3,S8,2,0.0
313_RTPV_3,S8,3,0.0
313_RTPV_3,S8,4,0.0
313_RTPV_3,S8,5,0.0
313_RTPV_3,S8,6,0.0
313_RTPV_3,S8,7,0.0
313_RTPV_3,S8,8,8.216051928243223
313_RTPV_3,S8,9,23.301283756844622
313_RTPV_3,S8,10,34.87696817920474
313_RTPV_3,S8,11,39.49412046598487
313_RTPV_3,S8,12,44.3443115736746
313_RTPV_3,S8,13,43.83488596329099
313_RTPV_3,S8,14,41.84436978311768
313_RTPV_3,S8,15,30.050659163317576
313_RTPV_3,S8,16,16.392323196712884
313_RTPV_3,S8,17,0.0
313_RTPV_3,S8,18,0.0
313_RTPV_3,S8,19,0.0
313_RTPV_3,S8,20,0.0
313_RTPV_3,S8,21,0.0
313_RTPV_3,S8,22,0.0
313_RTPV_3,S8,23,0.0
313_RTPV_3,S8,24,0.0
313_RTPV_3,S9,1,0.0
313_RTPV_3,S9,2,0.0
313_RTPV_3,S9,3,0.0
313_RTPV_3,S9,4,0.0
313_RTPV_3,S9,5,0.0
313_RTPV_3,S9,6,0.7712313515621888
313_RTPV_3,S9,7,13.009779751648068
313_RTPV_3,S9,8,25.472297474140706
313_RTPV_3,S9,9,39.05203745549573
313_RTPV_3,S9,10,46.38022894155775
313_RTPV_3,S9,11,57.67528846473779
313_RTPV_3,S9,12,61.039108861980594
313_RTPV_3,S9,13,59.31692972427231
313_RTPV_3,S9,14,55.8710884650135
313_RTPV_3,S9,15,44.53037153053131
313_RTPV_3,S9,16,32.341764702256754
313_RTPV_3,S9,17,18.36224529242004
313_RTPV_3,S9,18,1.24470341738491
313_RTPV_3,S9,19,0.0
313_RTPV_3,S9,20,0.0
313_RTPV_3,S9,21,0.0
313_RTPV_3,S9,22,0.0
313_RTPV_3,S9,23,0.0
313_RTPV_3,S9,24,0.0
313_RTPV_3,S10,1,0.0
313_RTPV_3,S10,2,0.0
313_RTPV_3,S10,3,0.0
313_RTPV_3,S10,4,0.0
313_RTPV_3,S10,5,0.0
313_RTPV_3,S10,6,0.0
313_RTPV_3,S10,7,0.0
313_RTPV_3,S10,8,13.650886257222878
313_RTPV_3,S10,9,28.720203581756188
313_RTPV_3,S10,10,37.77728690359249
313_RTPV_3,S10,11,46.31870087575155
313_RTPV_3,S10,12,45.27425250829279
313_RTPV_3,S10,13,42.058614514140245
313_RTPV_3,S10,14,38.26085856907685
313_RTPV_3,S10,15,26.11805346320842
313_RTPV_3,S10,16,11.164139388887364
313_RTPV_3,S10,17,0.0
313_RTPV_3,S10,18,0.0
313_RTPV_3,S10,19,0.0
313_RTPV_3,S10,20,0.0
313_RTPV_3,S10,21,0.0
313_RTPV_3,S10,22,0.0
313_RTPV_3,S10,23,0.0
313_RTPV_3,S10,24,0.0
313_RTPV_3,S11,1,0.0
313_RTPV_3,S11,2,0.0
313_RTPV_3,S11,3,0.0
313_RTPV_3,S11,4,0.0
313_RTPV_3,S11,5,0.0
313_RTPV_3,S11,6,0.0
313_RTPV_3,S11,7,0.0
313_RTPV_3,S11,8,10.138702633615107
313_RTPV_3,S11,9,25.281931330704115
313_RTPV_3,S11,10,37.25377871676537
313_RTPV_3,S11,11,47.89518223382867
313_RTPV_3,S11,12,54.180835295917454
313_RTPV_3,S11,13,54.69525455231578
313_RTPV_3,S11,14,49.3275528174273
313_RTPV_3,S11,15,37.18389706489208
313_RTPV_3,S11,16,21.836525549206847
313_RTPV_3,S11,17,2.310961595608979
313_RTPV_3,S11,18,0.0
313_RTPV_3,S11,19,0.0
313_RTPV_3,S11,20,0.0
313_RTPV_3,S11,21,0.0
313_RTPV_3,S11,22,0.0
313_RTPV_3,S11,23,0.0
313_RTPV_3,S11,24,0.0
313_RTPV_3,S12,1,0.0
313_RTPV_3,S12,2,0.0
313_RTPV_3,S12,3,0.0
313_RTPV_3,S12,4,0.0
313_RTPV_3,S12,5,0.0
313_RTPV_3,S12,6,0.12175827762637358
313_RTPV_3,S12,7,6.152898100154911
313_RTPV_3,S12,8,12.763692052220748
313_RTPV_3,S12,9,20.19904986233839
313_RTPV_3,S12,10,25.152565218939138
313_RTPV_3,S12,11,27.43083925643553
313_RTPV_3,S12,12,31.26486157801335
313_RTPV_3,S12,13,23.941525821237736
313_RTPV_3,S12,14,29.189086430753655
313_RTPV_3,S12,15,25.07000833392902
313_RTPV_3,S12,16,15.29676099170221
313_RTPV_3,S12,17,8.765449717568156
313_RTPV_3,S12,18,0.9593906490256389
313_RTPV_3,S12,19,0.0
313_RTPV_3,S12,20,0.0
313_RTPV_3,S12,21,0.0
313_RTPV_3,S12,22,0.0
313_RTPV_3,S12,23,0.0
313_RTPV_3,S12,24,0.0
313_RTPV_4,S1,1,0.0
313_RTPV_4,S1,2,0.0
313_RTPV_4,S1,3,0.0
313_RTPV_4,S1,4,0.0
313_RTPV_4,S1,5,0.0
313_RTPV_4,S1,6,0.09951846518027521
313_RTPV_4,S1,7,9.591836614508155
313_RTPV_4,S1,8,20.20105337985175
313_RTPV_4,S1,9,25.490285635752098
313_RTPV_4,S1,10,34.19247022406335
313_RTPV_4,S1,11,43.9920013357912
313_RTPV_4,S1,12,47.21368981725826
313_RTPV_4,S1,13,48.539017033893884
313_RTPV_4,S1,14,41.15591980085426
313_RTPV_4,S1,15,34.76849245791965
313_RTPV_4,S1,16,26.70196348432998
313_RTPV_4,S1,17,12.881882918029495
313_RTPV_4,S1,18,0.0
313_RTPV_4,S1,19,0.0
313_RTPV_4,S1,20,0.0
313_RTPV_4,S1,21,0.0
313_RTPV_4,S1,22,0.0
313_RTPV_4,S1,23,0.0
313_RTPV_4,S1,24,0.0
313_RTPV_4,S2,1,0.0
313_RTPV_4,S2,2,0.0
313_RTPV_4,S2,3,0.0
313_RTPV_4,S2,4,0.0
313_RTPV_4,S2,5,0.0
313_RTPV_4,S2,6,0.0
313_RTPV_4,S2,7,0.0
313_RTPV_4,S2,8,11.088321385706594
313_RTPV_4,S2,9,27.056728618663726
313_RTPV_4,S2,10,38.22056226828144
313_RTPV_4,S2,11,39.413301575426345
313_RTPV_4,S2,12,43.047109031828384
313_RTPV_4,S2,13,43.34211022175794
313_RTPV_4,S2,14,40.2481396700821
313_RTPV_4,S2,15,30.179308605026005
313_RTPV_4,S2,16,11.711900768800087
313_RTPV_4,S2,17,0.0
313_RTPV_4,S2,18,0.0
313_RTPV_4,S2,19,0.0
313_RTPV_4,S2,20,0.0
313_RTPV_4,S2,21,0.0
313_RTPV_4,S2,22,0.0
313_RTPV_4,S2,23,0.0
313_RTPV_4,S2,24,0.0
313_RTPV_4,S3,1,0.0
313_RTPV_4,S3,2,0.0
313_RTPV_4,S3,3,0.0
313_RTPV_4,S3,4,0.0
313_RTPV_4,S3,5,0.0
313_RTPV_4,S3,6,0.0
313_RTPV_4,S3,7,8.877098540604536
313_RTPV_4,S3,8,24.852297868702234
313_RTPV_4,S3,9,36.4871643404985
313_RTPV_4,S3,10,47.81261164105705
313_RTPV_4,S3,11,52.4462141994027
313_RTPV_4,S3,12,58.15894424789659
313_RTPV_4,S3,13,56.87947299092832
313_RTPV_4,S3,14,52.58849042929682
313_RTPV_4,S3,15,45.07463502017467
313_RTPV_4,S3,16,28.14343439002479
313_RTPV_4,S3,17,12.587475873581159
313_RTPV_4,S3,18,0.0
313_RTPV_4,S3,19,0.0
313_RTPV_4,S3,20,0.0
313_RTPV_4,S3,21,0.0
313_RTPV_4,S3,22,0.0
313_RTPV_4,S3,23,0.0
313_RTPV_4,S3,24,0.0
313_RTPV_4,S4,1,0.0
313_RTPV_4,S4,2,0.0
313_RTPV_4,S4,3,0.0
313_RTPV_4,S4,4,0.0
313_RTPV_4,S4,5,0.0
313_RTPV_4,S4,6,0.0
313_RTPV_4,S4,7,0.0
313_RTPV_4,S4,8,0.19468238124339068
313_RTPV_4,S4,9,1.7245513187416879
313_RTPV_4,S4,10,39.95325585358048
313_RTPV_4,S4,11,50.642311724908325
313_RTPV_4,S4,12,58.88215789721644
313_RTPV_4,S4,13,56.36073095142353
313_RTPV_4,S4,14,51.47193898237513
313_RTPV_4,S4,15,45.01841897312049
313_RTPV_4,S4,16,26.185912786541873
313_RTPV_4,S4,17,11.0534693174781
313_RTPV_4,S4,18,0.0
313_RTPV_4,S4,19,0.0
313_RTPV_4,S4,20,0.0
313_RTPV_4,S4,21,0.0
313_RTPV_4,S4,22,0.0
313_RTPV_4,S4,23,0.0
313_RTPV_4,S4,24,0.0
313_RTPV_4,S5,1,0.0
313_RTPV_4,S5,2,0.0
313_RTPV_4,S5,3,0.0
313_RTPV_4,S5,4,0.0
313_RTPV_4,S5,5,0.0
313_RTPV_4,S5,6,0.0
313_RTPV_4,S5,7,0.0
313_RTPV_4,S5,8,0.0
313_RTPV_4,S5,9,0.5920772513173805
313_RTPV_4,S5,10,33.660478840801275
313_RTPV_4,S5,11,47.238302148690565
313_RTPV_4,S5,12,53.3254861049429
313_RTPV_4,S5,13,46.77066876806962
313_RTPV_4,S5,14,41.14109201979927
313_RTPV_4,S5,15,30.510439992450344
313_RTPV_4,S5,16,11.12820965147136
313_RTPV_4,S5,17,0.0
313_RTPV_4,S5,18,0.0
313_RTPV_4,S5,19,0.0
313_RTPV_4,S5,20,0.0
313_RTPV_4,S5,21,0.0
313_RTPV_4,S5,22,0.0
313_RTPV_4,S5,23,0.0
313_RTPV_4,S5,24,0.0
313_RTPV_4,S6,1,0.0
313_RTPV_4,S6,2,0.0
313_RTPV_4,S6,3,0.0
313_RTPV_4,S6,4,0.0
313_RTPV_4,S6,5,0.0
313_RTPV_4,S6,6,0.1823472431692776
313_RTPV_4,S6,7,6.698772448287634
313_RTPV_4,S6,8,12.84222846055624
313_RTPV_4,S6,9,21.538104870941005
313_RTPV_4,S6,10,24.545809770075966
313_RTPV_4,S6,11,30.294425402059037
313_RTPV_4,S6,12,30.00936659483385
313_RTPV_4,S6,13,30.097163222636368
313_RTPV_4,S6,14,27.47383446463617
313_RTPV_4,S6,15,24.0027405666432
313_RTPV_4,S6,16,17.432657154933597
313_RTPV_4,S6,17,9.812672898017558
313_RTPV_4,S6,18,1.308563173014819
313_RTPV_4,S6,19,0.0
313_RTPV_4,S6,20,0.0
313_RTPV_4,S6,21,0.0
313_RTPV_4,S6,22,0.0
313_RTPV_4,S6,23,0.0
313_RTPV_4,S6,24,0.0
313_RTPV_4,S7,1,0.0
313_RTPV_4,S7,2,0.0
313_RTPV_4,S7,3,0.0
313_RTPV_4,S7,4,0.0
313_RTPV_4,S7,5,0.0
313_RTPV_4,S7,6,0.0
313_RTPV_4,S7,7,8.62080702590558
313_RTPV_4,S7,8,23.103161449174067
313_RTPV_4,S7,9,35.22645631185946
313_RTPV_4,S7,10,45.72242500785987
313_RTPV_4,S7,11,51.73120067081677
313_RTPV_4,S7,12,54.65012718815737
313_RTPV_4,S7,13,50.96635134435388
313_RTPV_4,S7,14,46.40715483903647
313_RTPV_4,S7,15,39.45130516408667
313_RTPV_4,S7,16,24.844567390061155
313_RTPV_4,S7,17,8.384745722814749
313_RTPV_4,S7,18,0.0
313_RTPV_4,S7,19,0.0
313_RTPV_4,S7,20,0.0
313_RTPV_4,S7,21,0.0
313_RTPV_4,S7,22,0.0
313_RTPV_4,S7,23,0.0
313_RTPV_4,S7,24,0.0
313_RTPV_4,S8,1,0.0
313_RTPV_4,S8,2,0.0
313_RTPV_4,S8,3,0.0
313_RTPV_4,S8,4,0.0
313_RTPV_4,S8,5,0.0
313_RTPV_4,S8,6,0.0
313_RTPV_4,S8,7,0.0
313_RTPV_4,S8,8,8.395830091267236
313_RTPV_4,S8,9,21.782402743374007
313_RTPV_4,S8,10,31.909670768160336
313_RTPV_4,S8,11,37.30294079777368
313_RTPV_4,S8,12,40.25850470743807
313_RTPV_4,S8,13,40.37486572879271
313_RTPV_4,S8,14,36.961941041412636
313_RTPV_4,S8,15,29.12153555399859
313_RTPV_4,S8,16,15.481341190542556
313_RTPV_4,S8,17,0.0
313_RTPV_4,S8,18,0.0
313_RTPV_4,S8,19,0.0
313_RTPV_4,S8,20,0.0
313_RTPV_4,S8,21,0.0
313_RTPV_4,S8,22,0.0
313_RTPV_4,S8,23,0.0
313_RTPV_4,S8,24,0.0
313_RTPV_4,S9,1,0.0
313_RTPV_4,S9,2,0.0
313_RTPV_4,S9,3,0.0
313_RTPV_4,S9,4,0.0
313_RTPV_4,S9,5,0.0
313_RTPV_4,S9,6,0.7873112221356069
313_RTPV_4,S9,7,9.388975632185034
313_RTPV_4,S9,8,14.43359480697485
313_RTPV_4,S9,9,36.689080590021554
313_RTPV_4,S9,10,46.894233872792164
313_RTPV_4,S9,11,57.28155473555953
313_RTPV_4,S9,12,62.070997643127626
313_RTPV_4,S9,13,62.259873197926034
313_RTPV_4,S9,14,54.53463082414033
313_RTPV_4,S9,15,46.598956513828995
313_RTPV_4,S9,16,33.231729378132925
313_RTPV_4,S9,17,16.61588863857106
313_RTPV_4,S9,18,1.1124989337090314
313_RTPV_4,S9,19,0.0
313_RTPV_4,S9,20,0.0
313_RTPV_4,S9,21,0.0
313_RTPV_4,S9,22,0.0
313_RTPV_4,S9,23,0.0
313_RTPV_4,S9,24,0.0
313_RTPV_4,S10,1,0.0
313_RTPV_4,S10,2,0.0
313_RTPV_4,S10,3,0.0
313_RTPV_4,S10,4,0.0
313_RTPV_4,S10,5,0.0
313_RTPV_4,S10,6,0.0
313_RTPV_4,S10,7,0.0
313_RTPV_4,S10,8,14.643915833345659
313_RTPV_4,S10,9,27.138112259206572
313_RTPV_4,S10,10,40.710985033394245
313_RTPV_4,S10,11,46.893375105115055
313_RTPV_4,S10,12,45.99177011122509
313_RTPV_4,S10,13,44.09210726686447
313_RTPV_4,S10,14,37.31728144236755
313_RTPV_4,S10,15,26.60279896123006
313_RTPV_4,S10,16,10.180776840731122
313_RTPV_4,S10,17,0.0
313_RTPV_4,S10,18,0.0
313_RTPV_4,S10,19,0.0
313_RTPV_4,S10,20,0.0
313_RTPV_4,S10,21,0.0
313_RTPV_4,S10,22,0.0
313_RTPV_4,S10,23,0.0
313_RTPV_4,S10,24,0.0
313_RTPV_4,S11,1,0.0
313_RTPV_4,S11,2,0.0
313_RTPV_4,S11,3,0.0
313_RTPV_4,S11,4,0.0
313_RTPV_4,S11,5,0.0
313_RTPV_4,S11,6,0.0
313_RTPV_4,S11,7,0.0
313_RTPV_4,S11,8,10.737606673960586
313_RTPV_4,S11,9,24.897529857488525
313_RTPV_4,S11,10,35.36012692975379
313_RTPV_4,S11,11,47.15084682068881
313_RTPV_4,S11,12,51.58515013582882
313_RTPV_4,S11,13,53.1452644961891
313_RTPV_4,S11,14,47.61351926060109
313_RTPV_4,S11,15,38.840710552742614
313_RTPV_4,S11,16,20.809758728367825
313_RTPV_4,S11,17,2.931284973491567
313_RTPV_4,S11,18,0.0
313_RTPV_4,S11,19,0.0
313_RTPV_4,S11,20,0.0
313_RTPV_4,S11,21,0.0
313_RTPV_4,S11,22,0.0
313_RTPV_4,S11,23,0.0
313_RTPV_4,S11,24,0.0
313_RTPV_4,S12,1,0.0
313_RTPV_4,S12,2,0.0
313_RTPV_4,S12,3,0.0
313_RTPV_4,S12,4,0.0
313_RTPV_4,S12,5,0.0
313_RTPV_4,S12,6,0.17553838277024209
313_RTPV_4,S12,7,6.219514808584198
313_RTPV_4,S12,8,13.150712613262519
313_RTPV_4,S12,9,20.441173826931006
313_RTPV_4,S12,10,24.877288777880164
313_RTPV_4,S12,11,25.85527530920097
313_RTPV_4,S12,12,30.05609334313622
313_RTPV_4,S12,13,20.003020371559835
313_RTPV_4,S12,14,29.457746304932275
313_RTPV_4,S12,15,22.097218114149133
313_RTPV_4,S12,16,15.607879343963457
313_RTPV_4,S12,17,7.784965140041375
313_RTPV_4,S12,18,0.05715476437502171
313_RTPV_4,S12,19,0.0
313_RTPV_4,S12,20,0.0
313_RTPV_4,S12,21,0.0
313_RTPV_4,S12,22,0.0
313_RTPV_4,S12,23,0.0
313_RTPV_4,S12,24,0.0
313_RTPV_5,S1,1,0.0
313_RTPV_5,S1,2,0.0
313_RTPV_5,S1,3,0.0
313_RTPV_5,S1,4,0.0
313_RTPV_5,S1,5,0.0
313_RTPV_5,S1,6,0.19307543326593476
313_RTPV_5,S1,7,8.897366231460543
313_RTPV_5,S1,8,18.184451656426543
313_RTPV_5,S1,9,27.643753821040004
313_RTPV_5,S1,10,35.01517801026785
313_RTPV_5,S1,11,43.83497418047751
313_RTPV_5,S1,12,48.86405844704975
313_RTPV_5,S1,13,48.92465520167141
313_RTPV_5,S1,14,45.301858080264196
313_RTPV_5,S1,15,39.580663498629235
313_RTPV_5,S1,16,28.11637806164586
313_RTPV_5,S1,17,13.558998364986602
313_RTPV_5,S1,18,0.0
313_RTPV_5,S1,19,0.0
313_RTPV_5,S1,20,0.0
313_RTPV_5,S1,21,0.0
313_RTPV_5,S1,22,0.0
313_RTPV_5,S1,23,0.0
313_RTPV_5,S1,24,0.0
313_RTPV_5,S2,1,0.0
313_RTPV_5,S2,2,0.0
313_RTPV_5,S2,3,0.0
313_RTPV_5,S2,4,0.0
313_RTPV_5,S2,5,0.0
313_RTPV_5,S2,6,0.0
313_RTPV_5,S2,7,0.0
313_RTPV_5,S2,8,11.374085511332044
313_RTPV_5,S2,9,27.752090813743887
313_RTPV_5,S2,10,38.547298916876535
313_RTPV_5,S2,11,45.51215854064731
313_RTPV_5,S2,12,45.92211676041845
313_RTPV_5,S2,13,44.26784811564952
313_RTPV_5,S2,14,37.61839204333272
313_RTPV_5,S2,15,27.474101755834003
313_RTPV_5,S2,16,12.906516927373962
313_RTPV_5,S2,17,0.0
313_RTPV_5,S2,18,0.0
313_RTPV_5,S2,19,0.0
313_RTPV_5,S2,20,0.0
313_RTPV_5,S2,21,0.0
313_RTPV_5,S2,22,0.0
313_RTPV_5,S2,23,0.0
313_RTPV_5,S2,24,0.0
313_RTPV_5,S3,1,0.0
313_RTPV_5,S3,2,0.0
313_RTPV_5,S3,3,0.0
313_RTPV_5,S3,4,0.0
313_RTPV_5,S3,5,0.0
313_RTPV_5,S3,6,0.0
313_RTPV_5,S3,7,9.236924649012286
313_RTPV_5,S3,8,24.044659618036338
313_RTPV_5,S3,9,37.87581590765237
313_RTPV_5,S3,10,49.41247403263439
313_RTPV_5,S3,11,52.7005343147032
313_RTPV_5,S3,12,58.365681832099746
313_RTPV_5,S3,13,60.22597309547357
313_RTPV_5,S3,14,51.79114436415917
313_RTPV_5,S3,15,42.15049408636922
313_RTPV_5,S3,16,30.908819495186645
313_RTPV_5,S3,17,12.950960319388988
313_RTPV_5,S3,18,0.0
313_RTPV_5,S3,19,0.0
313_RTPV_5,S3,20,0.0
313_RTPV_5,S3,21,0.0
313_RTPV_5,S3,22,0.0
313_RTPV_5,S3,23,0.0
313_RTPV_5,S3,24,0.0
313_RTPV_5,S4,1,0.0
313_RTPV_5,S4,2,0.0
313_RTPV_5,S4,3,0.0
313_RTPV_5,S4,4,0.0
313_RTPV_5,S4,5,0.0
313_RTPV_5,S4,6,0.0
313_RTPV_5,S4,7,0.10452960093986718
313_RTPV_5,S4,8,8.931729213847817
313_RTPV_5,S4,9,25.574429558267894
313_RTPV_5,S4,10,46.66063989823691
313_RTPV_5,S4,11,53.68750044506392
313_RTPV_5,S4,12,55.33788546229887
313_RTPV_5,S4,13,58.326060221610945
313_RTPV_5,S4,14,49.57047960574299
313_RTPV_5,S4,15,44.49451471725953
313_RTPV_5,S4,16,26.120550182556073
313_RTPV_5,S4,17,10.706525913333158
313_RTPV_5,S4,18,0.0
313_RTPV_5,S4,19,0.0
313_RTPV_5,S4,20,0.0
313_RTPV_5,S4,21,0.0
313_RTPV_5,S4,22,0.0
313_RTPV_5,S4,23,0.0
313_RTPV_5,S4,24,0.0
313_RTPV_5,S5,1,0.0
313_RTPV_5,S5,2,0.0
313_RTPV_5,S5,3,0.0
313_RTPV_5,S5,4,0.0
313_RTPV_5,S5,5,0.0
313_RTPV_5,S5,6,0.0
313_RTPV_5,S5,7,0.0
313_RTPV_5,S5,8,8.99233114288885
313_RTPV_5,S5,9,12.817340294085355
313_RTPV_5,S5,10,25.352813781019062
313_RTPV_5,S5,11,47.41812833559765
313_RTPV_5,S5,12,53.142392056461276
313_RTPV_5,S5,13,47.95765608066628
313_RTPV_5,S5,14,43.22860508844981
313_RTPV_5,S5,15,28.080947559119775
313_RTPV_5,S5,16,10.435967538579828
313_RTPV_5,S5,17,0.0
313_RTPV_5,S5,18,0.0
313_RTPV_5,S5,19,0.0
313_RTPV_5,S5,20,0.0
313_RTPV_5,S5,21,0.0
313_RTPV_5,S5,22,0.0
313_RTPV_5,S5,23,0.0
313_RTPV_5,S5,24,0.0
313_RTPV_5,S6,1,0.0
313_RTPV_5,S6,2,0.0
313_RTPV_5,S6,3,0.0
313_RTPV_5,S6,4,0.0
313_RTPV_5,S6,5,0.0
313_RTPV_5,S6,6,0.17238138287859872
313_RTPV_5,S6,7,6.726186401483809
313_RTPV_5,S6,8,14.053109925067707
313_RTPV_5,S6,9,21.963911739771188
313_RTPV_5,S6,10,26.079752116607498
313_RTPV_5,S6,11,30.169596239223793
313_RTPV_5,S6,12,31.81433235849297
313_RTPV_5,S6,13,31.853693870753588
313_RTPV_5,S6,14,27.197249144007138
313_RTPV_5,S6,15,24.783424282453307
313_RTPV_5,S6,16,19.11352546739369
313_RTPV_5,S6,17,10.76773037281044
313_RTPV_5,S6,18,1.2036931381494076
313_RTPV_5,S6,19,0.0
313_RTPV_5,S6,20,0.0
313_RTPV_5,S6,21,0.0
313_RTPV_5,S6,22,0.0
313_RTPV_5,S6,23,0.0
313_RTPV_5,S6,24,0.0
313_RTPV_5,S7,1,0.0
313_RTPV_5,S7,2,0.0
313_RTPV_5,S7,3,0.0
313_RTPV_5,S7,4,0.0
313_RTPV_5,S7,5,0.0
313_RTPV_5,S7,6,0.0
313_RTPV_5,S7,7,8.97599138384789
313_RTPV_5,S7,8,22.205194345853926
313_RTPV_5,S7,9,36.64768694922598
313_RTPV_5,S7,10,44.32742161454498
313_RTPV_5,S7,11,53.43788060519801
313_RTPV_5,S7,12,53.44291310245321
313_RTPV_5,S7,13,50.26984572505308
313_RTPV_5,S7,14,49.480599093644535
313_RTPV_5,S7,15,39.99934389688038
313_RTPV_5,S7,16,24.409785513156198
313_RTPV_5,S7,17,8.295033937009759
313_RTPV_5,S7,18,0.0
313_RTPV_5,S7,19,0.0
313_RTPV_5,S7,20,0.0
313_RTPV_5,S7,21,0.0
313_RTPV_5,S7,22,0.0
313_RTPV_5,S7,23,0.0
313_RTPV_5,S7,24,0.0
313_RTPV_5,S8,1,0.0
313_RTPV_5,S8,2,0.0
313_RTPV_5,S8,3,0.0
313_RTPV_5,S8,4,0.0
313_RTPV_5,S8,5,0.0
313_RTPV_5,S8,6,0.0
313_RTPV_5,S8,7,0.0
313_RTPV_5,S8,8,8.642310952493276
313_RTPV_5,S8,9,22.42712944103352
313_RTPV_5,S8,10,33.84314659359474
313_RTPV_5,S8,11,40.55456346890335
313_RTPV_5,S8,12,43.41192121557327
313_RTPV_5,S8,13,44.90869250751953
313_RTPV_5,S8,14,40.25584777536336
313_RTPV_5,S8,15,30.088483192391493
313_RTPV_5,S8,16,16.43530216619044
313_RTPV_5,S8,17,0.0
313_RTPV_5,S8,18,0.0
313_RTPV_5,S8,19,0.0
313_RTPV_5,S8,20,0.0
313_RTPV_5,S8,21,0.0
313_RTPV_5,S8,22,0.0
313_RTPV_5,S8,23,0.0
313_RTPV_5,S8,24,0.0
313_RTPV_5,S9,1,0.0
313_RTPV_5,S9,2,0.0
313_RTPV_5,S9,3,0.0
313_RTPV_5,S9,4,0.0
313_RTPV_5,S9,5,0.0
313_RTPV_5,S9,6,1.0213816680969527
313_RTPV_5,S9,7,10.670312156089594
313_RTPV_5,S9,8,2.551389331619896
313_RTPV_5,S9,9,7.244205177286709
313_RTPV_5,S9,10,23.719918336124806
313_RTPV_5,S9,11,48.06282315735076
313_RTPV_5,S9,12,54.9617867727427
313_RTPV_5,S9,13,60.04350549709744
313_RTPV_5,S9,14,58.175861029093774
313_RTPV_5,S9,15,47.717262034947154
313_RTPV_5,S9,16,31.79212366901746
313_RTPV_5,S9,17,16.584976411119868
313_RTPV_5,S9,18,0.9897083441391941
313_RTPV_5,S9,19,0.0
313_RTPV_5,S9,20,0.0
313_RTPV_5,S9,21,0.0
313_RTPV_5,S9,22,0.0
313_RTPV_5,S9,23,0.0
313_RTPV_5,S9,24,0.0
313_RTPV_5,S10,1,0.0
313_RTPV_5,S10,2,0.0
313_RTPV_5,S10,3,0.0
313_RTPV_5,S10,4,0.0
313_RTPV_5,S10,5,0.0
313_RTPV_5,S10,6,0.0
313_RTPV_5,S10,7,0.0
313_RTPV_5,S10,8,14.823521975701421
313_RTPV_5,S10,9,28.938887961746182
313_RTPV_5,S10,10,37.97170204608867
313_RTPV_5,S10,11,44.62450917668122
313_RTPV_5,S10,12,48.21938907933121
313_RTPV_5,S10,13,42.09105965538865
313_RTPV_5,S10,14,38.04797966785592
313_RTPV_5,S10,15,25.379516077921778
313_RTPV_5,S10,16,11.141106955421682
313_RTPV_5,S10,17,0.0
313_RTPV_5,S10,18,0.0
313_RTPV_5,S10,19,0.0
313_RTPV_5,S10,20,0.0
313_RTPV_5,S10,21,0.0
313_RTPV_5,S10,22,0.0
313_RTPV_5,S10,23,0.0
313_RTPV_5,S10,24,0.0
313_RTPV_5,S11,1,0.0
313_RTPV_5,S11,2,0.0
313_RTPV_5,S11,3,0.0
313_RTPV_5,S11,4,0.0
313_RTPV_5,S11,5,0.0
313_RTPV_5,S11,6,0.0
313_RTPV_5,S11,7,0.0
313_RTPV_5,S11,8,10.587102097761015
313_RTPV_5,S11,9,25.603091821797264
313_RTPV_5,S11,10,36.92913110440841
313_RTPV_5,S11,11,48.57641044463201
313_RTPV_5,S11,12,52.450914610504405
313_RTPV_5,S11,13,54.88967599668712
313_RTPV_5,S11,14,49.946606570982624
313_RTPV_5,S11,15,39.42339211410281
313_RTPV_5,S11,16,23.077309588788694
313_RTPV_5,S11,17,2.630345220163297
313_RTPV_5,S11,18,0.0
313_RTPV_5,S11,19,0.0
313_RTPV_5,S11,20,0.0
313_RTPV_5,S11,21,0.0
313_RTPV_5,S11,22,0.0
313_RTPV_5,S11,23,0.0
313_RTPV_5,S11,24,0.0
313_RTPV_5,S12,1,0.0
313_RTPV_5,S12,2,0.0
313_RTPV_5,S12,3,0.0
313_RTPV_5,S12,4,0.0
313_RTPV_5,S12,5,0.0
313_RTPV_5,S12,6,0.18268041344449054
313_RTPV_5,S12,7,6.463528012698891
313_RTPV_5,S12,8,13.778447884674966
313_RTPV_5,S12,9,20.739957293244068
313_RTPV_5,S12,10,25.89213539088217
313_RTPV_5,S12,11,26.769779602528025
313_RTPV_5,S12,12,16.98164352500209
313_RTPV_5,S12,13,14.51408746656575
313_RTPV_5,S12,14,28.427803408045296
313_RTPV_5,S12,15,23.289985570742633
313_RTPV_5,S12,16,16.671699584538853
313_RTPV_5,S12,17,8.754193462619027
313_RTPV_5,S12,18,0.6872646572793849
313_RTPV_5,S12,19,0.0
313_RTPV_5,S12,20,0.0
313_RTPV_5,S12,21,0.0
313_RTPV_5,S12,22,0.0
313_RTPV_5,S12,23,0.0
313_RTPV_5,S12,24,0.0
313_RTPV_6,S1,1,0.0
313_RTPV_6,S1,2,0.0
313_RTPV_6,S1,3,0.0
313_RTPV_6,S1,4,0.0
313_RTPV_6,S1,5,0.0
313_RTPV_6,S1,6,0.20911091625266454
313_RTPV_6,S1,7,9.388065072463604
313_RTPV_6,S1,8,20.39329039943404
313_RTPV_6,S1,9,28.936407148694805
313_RTPV_6,S1,10,33.86606834679547
313_RTPV_6,S1,11,43.019695655539216
313_RTPV_6,S1,12,48.47122897037597
313_RTPV_6,S1,13,48.753040517920574
313_RTPV_6,S1,14,40.73829465089525
313_RTPV_6,S1,15,33.83020196108048
313_RTPV_6,S1,16,25.54715048871263
313_RTPV_6,S1,17,12.320217527216405
313_RTPV_6,S1,18,0.0
313_RTPV_6,S1,19,0.0
313_RTPV_6,S1,20,0.0
313_RTPV_6,S1,21,0.0
313_RTPV_6,S1,22,0.0
313_RTPV_6,S1,23,0.0
313_RTPV_6,S1,24,0.0
313_RTPV_6,S2,1,0.0
313_RTPV_6,S2,2,0.0
313_RTPV_6,S2,3,0.0
313_RTPV_6,S2,4,0.0
313_RTPV_6,S2,5,0.0
313_RTPV_6,S2,6,0.0
313_RTPV_6,S2,7,0.0
313_RTPV_6,S2,8,10.914532654417831
313_RTPV_6,S2,9,25.69313992569553
313_RTPV_6,S2,10,36.52831366370877
313_RTPV_6,S2,11,38.98187839749467
313_RTPV_6,S2,12,44.01344207726348
313_RTPV_6,S2,13,44.17795208231145
313_RTPV_6,S2,14,39.03179452997858
313_RTPV_6,S2,15,29.048205411488954
313_RTPV_6,S2,16,11.771319091091723
313_RTPV_6,S2,17,0.0
313_RTPV_6,S2,18,0.0
313_RTPV_6,S2,19,0.0
313_RTPV_6,S2,20,0.0
313_RTPV_6,S2,21,0.0
313_RTPV_6,S2,22,0.0
313_RTPV_6,S2,23,0.0
313_RTPV_6,S2,24,0.0
313_RTPV_6,S3,1,0.0
313_RTPV_6,S3,2,0.0
313_RTPV_6,S3,3,0.0
313_RTPV_6,S3,4,0.0
313_RTPV_6,S3,5,0.0
313_RTPV_6,S3,6,0.0
313_RTPV_6,S3,7,9.558428164301175
313_RTPV_6,S3,8,25.26806258719699
313_RTPV_6,S3,9,39.88777929321823
313_RTPV_6,S3,10,47.44757691687808
313_RTPV_6,S3,11,51.74490559283801
313_RTPV_6,S3,12,59.764711711365415
313_RTPV_6,S3,13,58.499213884804206
313_RTPV_6,S3,14,51.86034712554221
313_RTPV_6,S3,15,46.68167163778816
313_RTPV_6,S3,16,30.089886223453227
313_RTPV_6,S3,17,12.886745979518857
313_RTPV_6,S3,18,0.0
313_RTPV_6,S3,19,0.0
313_RTPV_6,S3,20,0.0
313_RTPV_6,S3,21,0.0
313_RTPV_6,S3,22,0.0
313_RTPV_6,S3,23,0.0
313_RTPV_6,S3,24,0.0
313_RTPV_6,S4,1,0.0
313_RTPV_6,S4,2,0.0
313_RTPV_6,S4,3,0.0
313_RTPV_6,S4,4,0.0
313_RTPV_6,S4,5,0.0
313_RTPV_6,S4,6,0.0
313_RTPV_6,S4,7,0.20879586547677664
313_RTPV_6,S4,8,10.574820799780168
313_RTPV_6,S4,9,21.194370127388048
313_RTPV_6,S4,10,45.70941003360353
313_RTPV_6,S4,11,51.191622735170405
313_RTPV_6,S4,12,52.999278842561836
313_RTPV_6,S4,13,57.1148200529028
313_RTPV_6,S4,14,52.56906736532082
313_RTPV_6,S4,15,42.60904596829658
313_RTPV_6,S4,16,25.516556199448356
313_RTPV_6,S4,17,11.268273023934803
313_RTPV_6,S4,18,0.0
313_RTPV_6,S4,19,0.0
313_RTPV_6,S4,20,0.0
313_RTPV_6,S4,21,0.0
313_RTPV_6,S4,22,0.0
313_RTPV_6,S4,23,0.0
313_RTPV_6,S4,24,0.0
313_RTPV_6,S5,1,0.0
313_RTPV_6,S5,2,0.0
313_RTPV_6,S5,3,0.0
313_RTPV_6,S5,4,0.0
313_RTPV_6,S5,5,0.0
313_RTPV_6,S5,6,0.0
313_RTPV_6,S5,7,0.0
313_RTPV_6,S5,8,8.66161183820133
313_RTPV_6,S5,9,11.91842246338901
313_RTPV_6,S5,10,26.401536738247035
313_RTPV_6,S5,11,43.46219559195612
313_RTPV_6,S5,12,51.281564704373636
313_RTPV_6,S5,13,49.17263717834729
313_RTPV_6,S5,14,42.68898708642562
313_RTPV_6,S5,15,30.21985514802118
313_RTPV_6,S5,16,10.410647566385272
313_RTPV_6,S5,17,0.0
313_RTPV_6,S5,18,0.0
313_RTPV_6,S5,19,0.0
313_RTPV_6,S5,20,0.0
313_RTPV_6,S5,21,0.0
313_RTPV_6,S5,22,0.0
313_RTPV_6,S5,23,0.0
313_RTPV_6,S5,24,0.0
313_RTPV_6,S6,1,0.0
313_RTPV_6,S6,2,0.0
313_RTPV_6,S6,3,0.0
313_RTPV_6,S6,4,0.0
313_RTPV_6,S6,5,0.0
313_RTPV_6,S6,6,0.1809908400140229
313_RTPV_6,S6,7,6.653831497765544
313_RTPV_6,S6,8,13.828785113227577
313_RTPV_6,S6,9,20.58213408955021
313_RTPV_6,S6,10,25.41515275617572
313_RTPV_6,S6,11,29.507286255609593
313_RTPV_6,S6,12,29.231186757948407
313_RTPV_6,S6,13,29.833119029523104
313_RTPV_6,S6,14,29.19630628769892
313_RTPV_6,S6,15,23.961927504348143
313_RTPV_6,S6,16,18.86205312424559
313_RTPV_6,S6,17,10.548128464166327
313_RTPV_6,S6,18,1.1914728654948123
313_RTPV_6,S6,19,0.0
313_RTPV_6,S6,20,0.0
313_RTPV_6,S6,21,0.0
313_RTPV_6,S6,22,0.0
313_RTPV_6,S6,23,0.0
313_RTPV_6,S6,24,0.0
313_RTPV_6,S7,1,0.0
313_RTPV_6,S7,2,0.0
313_RTPV_6,S7,3,0.0
313_RTPV_6,S7,4,0.0
313_RTPV_6,S7,5,0.0
313_RTPV_6,S7,6,0.0
313_RTPV_6,S7,7,8.833993850031735
313_RTPV_6,S7,8,21.936410971541395
313_RTPV_6,S7,9,34.159971374751876
313_RTPV_6,S7,10,42.94360433206662
313_RTPV_6,S7,11,46.96448533734237
313_RTPV_6,S7,12,50.6867473792824
313_RTPV_6,S7,13,46.88989307684639
313_RTPV_6,S7,14,47.51925158980525
313_RTPV_6,S7,15,38.64948454539888
313_RTPV_6,S7,16,23.624248709165784
313_RTPV_6,S7,17,8.021314431554789
313_RTPV_6,S7,18,0.0
313_RTPV_6,S7,19,0.0
313_RTPV_6,S7,20,0.0
313_RTPV_6,S7,21,0.0
313_RTPV_6,S7,22,0.0
313_RTPV_6,S7,23,0.0
313_RTPV_6,S7,24,0.0
313_RTPV_6,S8,1,0.0
313_RTPV_6,S8,2,0.0
313_RTPV_6,S8,3,0.0
313_RTPV_6,S8,4,0.0
313_RTPV_6,S8,5,0.0
313_RTPV_6,S8,6,0.0
313_RTPV_6,S8,7,0.0
313_RTPV_6,S8,8,9.101335770087145
313_RTPV_6,S8,9,24.21270046279189
313_RTPV_6,S8,10,33.81353029045899
313_RTPV_6,S8,11,42.916826526524154
313_RTPV_6,S8,12,43.89404296447288
313_RTPV_6,S8,13,40.26590132415646
313_RTPV_6,S8,14,38.04387293316053
313_RTPV_6,S8,15,31.6337792636357
313_RTPV_6,S8,16,16.781683145092458
313_RTPV_6,S8,17,0.0
313_RTPV_6,S8,18,0.0
313_RTPV_6,S8,19,0.0
313_RTPV_6,S8,20,0.0
313_RTPV_6,S8,21,0.0
313_RTPV_6,S8,22,0.0
313_RTPV_6,S8,23,0.0
313_RTPV_6,S8,24,0.0
313_RTPV_6,S9,1,0.0
313_RTPV_6,S9,2,0.0
313_RTPV_6,S9,3,0.0
313_RTPV_6,S9,4,0.0
313_RTPV_6,S9,5,0.0
313_RTPV_6,S9,6,0.5224146508642499
313_RTPV_6,S9,7,8.68642051503553
313_RTPV_6,S9,8,12.954345632519376
313_RTPV_6,S9,9,36.79875262851504
313_RTPV_6,S9,10,49.101187703996814
313_RTPV_6,S9,11,56.95959286716179
313_RTPV_6,S9,12,59.91073905427803
313_RTPV_6,S9,13,59.06723625594434
313_RTPV_6,S9,14,56.39508962594447
313_RTPV_6,S9,15,47.5148365891334
313_RTPV_6,S9,16,32.49067251176022
313_RTPV_6,S9,17,17.53429887569089
313_RTPV_6,S9,18,0.9892801927158628
313_RTPV_6,S9,19,0.0
313_RTPV_6,S9,20,0.0
313_RTPV_6,S9,21,0.0
313_RTPV_6,S9,22,0.0
313_RTPV_6,S9,23,0.0
313_RTPV_6,S9,24,0.0
313_RTPV_6,S10,1,0.0
313_RTPV_6,S10,2,0.0
313_RTPV_6,S10,3,0.0
313_RTPV_6,S10,4,0.0
313_RTPV_6,S10,5,0.0
313_RTPV_6,S10,6,0.0
313_RTPV_6,S10,7,0.0
313_RTPV_6,S10,8,15.230871630069144
313_RTPV_6,S10,9,28.37953010548437
313_RTPV_6,S10,10,39.31762796934526
313_RTPV_6,S10,11,43.30800439757716
313_RTPV_6,S10,12,44.24764380086913
313_RTPV_6,S10,13,42.988031132902634
313_RTPV_6,S10,14,39.220826428760205
313_RTPV_6,S10,15,27.918377395386287
313_RTPV_6,S10,16,11.177554268886793
313_RTPV_6,S10,17,0.0
313_RTPV_6,S10,18,0.0
313_RTPV_6,S10,19,0.0
313_RTPV_6,S10,20,0.0
313_RTPV_6,S10,21,0.0
313_RTPV_6,S10,22,0.0
313_RTPV_6,S10,23,0.0
313_RTPV_6,S10,24,0.0
313_RTPV_6,S11,1,0.0
313_RTPV_6,S11,2,0.0
313_RTPV_6,S11,3,0.0
313_RTPV_6,S11,4,0.0
313_RTPV_6,S11,5,0.0
313_RTPV_6,S11,6,0.0
313_RTPV_6,S11,7,0.0
313_RTPV_6,S11,8,10.535938147431324
313_RTPV_6,S11,9,26.051660978280573
313_RTPV_6,S11,10,35.51681259093232
313_RTPV_6,S11,11,46.78361431715557
313_RTPV_6,S11,12,53.83772832067168
313_RTPV_6,S11,13,51.02202914528869
313_RTPV_6,S11,14,46.919828948550744
313_RTPV_6,S11,15,36.75132473098891
313_RTPV_6,S11,16,21.1249993178335
313_RTPV_6,S11,17,2.8786535473838875
313_RTPV_6,S11,18,0.0
313_RTPV_6,S11,19,0.0
313_RTPV_6,S11,20,0.0
313_RTPV_6,S11,21,0.0
313_RTPV_6,S11,22,0.0
313_RTPV_6,S11,23,0.0
313_RTPV_6,S11,24,0.0
313_RTPV_6,S12,1,0.0
313_RTPV_6,S12,2,0.0
313_RTPV_6,S12,3,0.0
313_RTPV_6,S12,4,0.0
313_RTPV_6,S12,5,0.0
313_RTPV_6,S12,6,0.18305731988220972
313_RTPV_6,S12,7,6.61658786805118
313_RTPV_6,S12,8,14.407310112026302
313_RTPV_6,S12,9,20.3537218230565
313_RTPV_6,S12,10,24.632783788009
313_RTPV_6,S12,11,26.433735434481413
313_RTPV_6,S12,12,24.42058682010874
313_RTPV_6,S12,13,29.826387362717192
313_RTPV_6,S12,14,26.846759319112937
313_RTPV_6,S12,15,16.23060309085786
313_RTPV_6,S12,16,8.352421413300295
313_RTPV_6,S12,17,3.068687744569994
313_RTPV_6,S12,18,0.058553631386687024
313_RTPV_6,S12,19,0.0
313_RTPV_6,S12,20,0.0
313_RTPV_6,S12,21,0.0
313_RTPV_6,S12,22,0.0
313_RTPV_6,S12,23,0.0
313_RTPV_6,S12,24,0.0
313_RTPV_7,S1,1,0.0
313_RTPV_7,S1,2,0.0
313_RTPV_7,S1,3,0.0
313_RTPV_7,S1,4,0.0
313_RTPV_7,S1,5,0.0
313_RTPV_7,S1,6,0.09513214217711863
313_RTPV_7,S1,7,9.784716310453355
313_RTPV_7,S1,8,21.825657935068445
313_RTPV_7,S1,9,27.906437779623293
313_RTPV_7,S1,10,41.159955574539836
313_RTPV_7,S1,11,41.05714474757583
313_RTPV_7,S1,12,45.51310475081183
313_RTPV_7,S1,13,43.06550147276641
313_RTPV_7,S1,14,38.16427900960755
313_RTPV_7,S1,15,35.477539176640995
313_RTPV_7,S1,16,26.07064992514627
313_RTPV_7,S1,17,11.68372245786039
313_RTPV_7,S1,18,0.0
313_RTPV_7,S1,19,0.0
313_RTPV_7,S1,20,0.0
313_RTPV_7,S1,21,0.0
313_RTPV_7,S1,22,0.0
313_RTPV_7,S1,23,0.0
313_RTPV_7,S1,24,0.0
313_RTPV_7,S2,1,0.0
313_RTPV_7,S2,2,0.0
313_RTPV_7,S2,3,0.0
313_RTPV_7,S2,4,0.0
313_RTPV_7,S2,5,0.0
313_RTPV_7,S2,6,0.0
313_RTPV_7,S2,7,0.0
313_RTPV_7,S2,8,12.51629267742398
313_RTPV_7,S2,9,27.34397191325989
313_RTPV_7,S2,10,39.51617548466685
313_RTPV_7,S2,11,44.693670660327854
313_RTPV_7,S2,12,49.00804369235974
313_RTPV_7,S2,13,45.64168308598547
313_RTPV_7,S2,14,40.52653684969193
313_RTPV_7,S2,15,28.116117788859558
313_RTPV_7,S2,16,12.002761758840668
313_RTPV_7,S2,17,0.0
313_RTPV_7,S2,18,0.0
313_RTPV_7,S2,19,0.0
313_RTPV_7,S2,20,0.0
313_RTPV_7,S2,21,0.0
313_RTPV_7,S2,22,0.0
313_RTPV_7,S2,23,0.0
313_RTPV_7,S2,24,0.0
313_RTPV_7,S3,1,0.0
313_RTPV_7,S3,2,0.0
313_RTPV_7,S3,3,0.0
313_RTPV_7,S3,4,0.0
313_RTPV_7,S3,5,0.0
313_RTPV_7,S3,6,0.0
313_RTPV_7,S3,7,9.968714860115412
313_RTPV_7,S3,8,23.88054995955567
313_RTPV_7,S3,9,40.84899138399521
313_RTPV_7,S3,10,52.1733146210158
313_RTPV_7,S3,11,57.65410968759623
313_RTPV_7,S3,12,56.471935730903574
313_RTPV_7,S3,13,60.540511679078
313_RTPV_7,S3,14,53.03975586114506
313_RTPV_7,S3,15,42.591102304200305
313_RTPV_7,S3,16,29.85437661274879
313_RTPV_7,S3,17,14.140657028960046
313_RTPV_7,S3,18,0.0
313_RTPV_7,S3,19,0.0
313_RTPV_7,S3,20,0.0
313_RTPV_7,S3,21,0.0
313_RTPV_7,S3,22,0.0
313_RTPV_7,S3,23,0.0
313_RTPV_7,S3,24,0.0
313_RTPV_7,S4,1,0.0
313_RTPV_7,S4,2,0.0
313_RTPV_7,S4,3,0.0
313_RTPV_7,S4,4,0.0
313_RTPV_7,S4,5,0.0
313_RTPV_7,S4,6,0.0
313_RTPV_7,S4,7,5.988025780090592
313_RTPV_7,S4,8,23.018394192452035
313_RTPV_7,S4,9,38.10516460907124
313_RTPV_7,S4,10,46.78969216601838
313_RTPV_7,S4,11,56.022842297057586
313_RTPV_7,S4,12,55.265728038086635
313_RTPV_7,S4,13,55.59498517965833
313_RTPV_7,S4,14,54.82476203245595
313_RTPV_7,S4,15,43.95543931438754
313_RTPV_7,S4,16,26.133334033599915
313_RTPV_7,S4,17,11.799501535379077
313_RTPV_7,S4,18,0.0
313_RTPV_7,S4,19,0.0
313_RTPV_7,S4,20,0.0
313_RTPV_7,S4,21,0.0
313_RTPV_7,S4,22,0.0
313_RTPV_7,S4,23,0.0
313_RTPV_7,S4,24,0.0
313_RTPV_7,S5,1,0.0
313_RTPV_7,S5,2,0.0
313_RTPV_7,S5,3,0.0
313_RTPV_7,S5,4,0.0
313_RTPV_7,S5,5,0.0
313_RTPV_7,S5,6,0.0
313_RTPV_7,S5,7,0.0
313_RTPV_7,S5,8,13.91175070442773
313_RTPV_7,S5,9,24.201802472494972
313_RTPV_7,S5,10,36.467555476151574
313_RTPV_7,S5,11,46.57358278926344
313_RTPV_7,S5,12,52.996043647632455
313_RTPV_7,S5,13,50.7737000481184
313_RTPV_7,S5,14,43.697533052852876
313_RTPV_7,S5,15,30.549971224544603
313_RTPV_7,S5,16,11.131000993168074
313_RTPV_7,S5,17,0.0
313_RTPV_7,S5,18,0.0
313_RTPV_7,S5,19,0.0
313_RTPV_7,S5,20,0.0
313_RTPV_7,S5,21,0.0
313_RTPV_7,S5,22,0.0
313_RTPV_7,S5,23,0.0
313_RTPV_7,S5,24,0.0
313_RTPV_7,S6,1,0.0
313_RTPV_7,S6,2,0.0
313_RTPV_7,S6,3,0.0
313_RTPV_7,S6,4,0.0
313_RTPV_7,S6,5,0.0
313_RTPV_7,S6,6,0.18671425115147802
313_RTPV_7,S6,7,6.239681385452764
313_RTPV_7,S6,8,13.124145828949658
313_RTPV_7,S6,9,18.44935471017934
313_RTPV_7,S6,10,24.479055630980984
313_RTPV_7,S6,11,29.756159247171304
313_RTPV_7,S6,12,28.854366686904527
313_RTPV_7,S6,13,30.901252398719702
313_RTPV_7,S6,14,29.344868879717783
313_RTPV_7,S6,15,23.671127600537854
313_RTPV_7,S6,16,18.010086910769925
313_RTPV_7,S6,17,10.855190895500133
313_RTPV_7,S6,18,1.2740787919232581
313_RTPV_7,S6,19,0.0
313_RTPV_7,S6,20,0.0
313_RTPV_7,S6,21,0.0
313_RTPV_7,S6,22,0.0
313_RTPV_7,S6,23,0.0
313_RTPV_7,S6,24,0.0
313_RTPV_7,S7,1,0.0
313_RTPV_7,S7,2,0.0
313_RTPV_7,S7,3,0.0
313_RTPV_7,S7,4,0.0
313_RTPV_7,S7,5,0.0
313_RTPV_7,S7,6,0.0
313_RTPV_7,S7,7,8.64216071529161
313_RTPV_7,S7,8,22.049225578844172
313_RTPV_7,S7,9,34.43876045648381
313_RTPV_7,S7,10,42.25499769804348
313_RTPV_7,S7,11,51.28269361619711
313_RTPV_7,S7,12,49.79198561996619
313_RTPV_7,S7,13,49.337894617757456
313_RTPV_7,S7,14,47.26994786567874
313_RTPV_7,S7,15,40.633402883591934
313_RTPV_7,S7,16,24.766437873232434
313_RTPV_7,S7,17,8.619575122229094
313_RTPV_7,S7,18,0.0
313_RTPV_7,S7,19,0.0
313_RTPV_7,S7,20,0.0
313_RTPV_7,S7,21,0.0
313_RTPV_7,S7,22,0.0
313_RTPV_7,S7,23,0.0
313_RTPV_7,S7,24,0.0
313_RTPV_7,S8,1,0.0
313_RTPV_7,S8,2,0.0
313_RTPV_7,S8,3,0.0
313_RTPV_7,S8,4,0.0
313_RTPV_7,S8,5,0.0
313_RTPV_7,S8,6,0.0
313_RTPV_7,S8,7,0.0
313_RTPV_7,S8,8,9.525630675790152
313_RTPV_7,S8,9,23.232278777115553
313_RTPV_7,S8,10,36.003127493352366
313_RTPV_7,S8,11,40.71608198872318
313_RTPV_7,S8,12,44.403970912496675
313_RTPV_7,S8,13,44.79903340314487
313_RTPV_7,S8,14,38.3764896665443
313_RTPV_7,S8,15,30.883802341696512
313_RTPV_7,S8,16,16.792030387601535
313_RTPV_7,S8,17,0.0
313_RTPV_7,S8,18,0.0
313_RTPV_7,S8,19,0.0
313_RTPV_7,S8,20,0.0
313_RTPV_7,S8,21,0.0
313_RTPV_7,S8,22,0.0
313_RTPV_7,S8,23,0.0
313_RTPV_7,S8,24,0.0
313_RTPV_7,S9,1,0.0
313_RTPV_7,S9,2,0.0
313_RTPV_7,S9,3,0.0
313_RTPV_7,S9,4,0.0
313_RTPV_7,S9,5,0.0
313_RTPV_7,S9,6,1.195976112460808
313_RTPV_7,S9,7,12.399555368212813
313_RTPV_7,S9,8,20.245128365316102
313_RTPV_7,S9,9,37.78917112504463
313_RTPV_7,S9,10,50.69531445075459
313_RTPV_7,S9,11,63.04778091957762
313_RTPV_7,S9,12,66.35544131318387
313_RTPV_7,S9,13,64.56399996275272
313_RTPV_7,S9,14,54.59526794814068
313_RTPV_7,S9,15,45.55961954272722
313_RTPV_7,S9,16,33.65224297794771
313_RTPV_7,S9,17,17.49379943272334
313_RTPV_7,S9,18,1.2311822515112003
313_RTPV_7,S9,19,0.0
313_RTPV_7,S9,20,0.0
313_RTPV_7,S9,21,0.0
313_RTPV_7,S9,22,0.0
313_RTPV_7,S9,23,0.0
313_RTPV_7,S9,24,0.0
313_RTPV_7,S10,1,0.0
313_RTPV_7,S10,2,0.0
313_RTPV_7,S10,3,0.0
313_RTPV_7,S10,4,0.0
313_RTPV_7,S10,5,0.0
313_RTPV_7,S10,6,0.0
313_RTPV_7,S10,7,0.0
313_RTPV_7,S10,8,15.571030572218483
313_RTPV_7,S10,9,30.898331663884516
313_RTPV_7,S10,10,38.04307900404911
313_RTPV_7,S10,11,43.792246810575506
313_RTPV_7,S10,12,47.74021962509622
313_RTPV_7,S10,13,46.92643275678878
313_RTPV_7,S10,14,37.49647252713498
313_RTPV_7,S10,15,27.828483841776052
313_RTPV_7,S10,16,10.927709804494183
313_RTPV_7,S10,17,0.0
313_RTPV_7,S10,18,0.0
313_RTPV_7,S10,19,0.0
313_RTPV_7,S10,20,0.0
313_RTPV_7,S10,21,0.0
313_RTPV_7,S10,22,0.0
313_RTPV_7,S10,23,0.0
313_RTPV_7,S10,24,0.0
313_RTPV_7,S11,1,0.0
313_RTPV_7,S11,2,0.0
313_RTPV_7,S11,3,0.0
313_RTPV_7,S11,4,0.0
313_RTPV_7,S11,5,0.0
313_RTPV_7,S11,6,0.0
313_RTPV_7,S11,7,0.0
313_RTPV_7,S11,8,11.337472247936363
313_RTPV_7,S11,9,26.305059530819936
313_RTPV_7,S11,10,39.20650826504873
313_RTPV_7,S11,11,47.74880786966863
313_RTPV_7,S11,12,51.69169872909389
313_RTPV_7,S11,13,50.92924229543401
313_RTPV_7,S11,14,49.46441822194925
313_RTPV_7,S11,15,37.32099016750998
313_RTPV_7,S11,16,22.46699618175832
313_RTPV_7,S11,17,2.0363524576018905
313_RTPV_7,S11,18,0.0
313_RTPV_7,S11,19,0.0
313_RTPV_7,S11,20,0.0
313_RTPV_7,S11,21,0.0
313_RTPV_7,S11,22,0.0
313_RTPV_7,S11,23,0.0
313_RTPV_7,S11,24,0.0
313_RTPV_7,S12,1,0.0
313_RTPV_7,S12,2,0.0
313_RTPV_7,S12,3,0.0
313_RTPV_7,S12,4,0.0
313_RTPV_7,S12,5,0.0
313_RTPV_7,S12,6,0.1728894572193861
313_RTPV_7,S12,7,6.787995045662939
313_RTPV_7,S12,8,12.926764436333276
313_RTPV_7,S12,9,18.361556756287904
313_RTPV_7,S12,10,25.821622418045855
313_RTPV_7,S12,11,23.009717533491823
313_RTPV_7,S12,12,18.595289797690313
313_RTPV_7,S12,13,29.12504655278818
313_RTPV_7,S12,14,23.721135638204913
313_RTPV_7,S12,15,0.6382673795435564
313_RTPV_7,S12,16,14.540020339696493
313_RTPV_7,S12,17,8.482972002799418
313_RTPV_7,S12,18,0.2964986647793246
313_RTPV_7,S12,19,0.0
313_RTPV_7,S12,20,0.0
313_RTPV_7,S12,21,0.0
313_RTPV_7,S12,22,0.0
313_RTPV_7,S12,23,0.0
313_RTPV_7,S12,24,0.0
313_RTPV_8,S1,1,0.0
313_RTPV_8,S1,2,0.0
313_RTPV_8,S1,3,0.0
313_RTPV_8,S1,4,0.0
313_RTPV_8,S1,5,0.0
313_RTPV_8,S1,6,0.19097892457976073
313_RTPV_8,S1,7,9.186509424438519
313_RTPV_8,S1,8,20.747473091643318
313_RTPV_8,S1,9,24.232874296122773
313_RTPV_8,S1,10,35.49488736759143
313_RTPV_8,S1,11,43.16918968950026
313_RTPV_8,S1,12,46.293379666202625
313_RTPV_8,S1,13,44.5140527478011
313_RTPV_8,S1,14,40.854007371029155
313_RTPV_8,S1,15,33.88873344717957
313_RTPV_8,S1,16,25.396533162805696
313_RTPV_8,S1,17,12.133132135593549
313_RTPV_8,S1,18,0.0
313_RTPV_8,S1,19,0.0
313_RTPV_8,S1,20,0.0
313_RTPV_8,S1,21,0.0
313_RTPV_8,S1,22,0.0
313_RTPV_8,S1,23,0.0
313_RTPV_8,S1,24,0.0
313_RTPV_8,S2,1,0.0
313_RTPV_8,S2,2,0.0
313_RTPV_8,S2,3,0.0
313_RTPV_8,S2,4,0.0
313_RTPV_8,S2,5,0.0
313_RTPV_8,S2,6,0.0
313_RTPV_8,S2,7,0.0
313_RTPV_8,S2,8,11.51379306230415
313_RTPV_8,S2,9,25.24605362208217
313_RTPV_8,S2,10,35.510066135299226
313_RTPV_8,S2,11,43.36642072507089
313_RTPV_8,S2,12,44.47844353554636
313_RTPV_8,S2,13,44.436270995542394
313_RTPV_8,S2,14,40.46522645385818
313_RTPV_8,S2,15,28.68951262602215
313_RTPV_8,S2,16,13.228563455072777
313_RTPV_8,S2,17,0.0
313_RTPV_8,S2,18,0.0
313_RTPV_8,S2,19,0.0
313_RTPV_8,S2,20,0.0
313_RTPV_8,S2,21,0.0
313_RTPV_8,S2,22,0.0
313_RTPV_8,S2,23,0.0
313_RTPV_8,S2,24,0.0
313_RTPV_8,S3,1,0.0
313_RTPV_8,S3,2,0.0
313_RTPV_8,S3,3,0.0
313_RTPV_8,S3,4,0.0
313_RTPV_8,S3,5,0.0
313_RTPV_8,S3,6,0.0
313_RTPV_8,S3,7,9.446130382934305
313_RTPV_8,S3,8,25.531323697246595
313_RTPV_8,S3,9,38.99871035063529
313_RTPV_8,S3,10,49.954815908429524
313_RTPV_8,S3,11,57.18110094583912
313_RTPV_8,S3,12,61.529637611094394
313_RTPV_8,S3,13,60.46080696088173
313_RTPV_8,S3,14,53.62245662279959
313_RTPV_8,S3,15,45.91096015534381
313_RTPV_8,S3,16,29.781265708552727
313_RTPV_8,S3,17,12.626814912769111
313_RTPV_8,S3,18,0.0
313_RTPV_8,S3,19,0.0
313_RTPV_8,S3,20,0.0
313_RTPV_8,S3,21,0.0
313_RTPV_8,S3,22,0.0
313_RTPV_8,S3,23,0.0
313_RTPV_8,S3,24,0.0
313_RTPV_8,S4,1,0.0
313_RTPV_8,S4,2,0.0
313_RTPV_8,S4,3,0.0
313_RTPV_8,S4,4,0.0
313_RTPV_8,S4,5,0.0
313_RTPV_8,S4,6,0.0
313_RTPV_8,S4,7,7.42835540345605
313_RTPV_8,S4,8,21.27142721798343
313_RTPV_8,S4,9,36.054947582360896
313_RTPV_8,S4,10,44.00268868584662
313_RTPV_8,S4,11,52.02697927220248
313_RTPV_8,S4,12,53.424462181699276
313_RTPV_8,S4,13,54.51289693252477
313_RTPV_8,S4,14,52.86964644033664
313_RTPV_8,S4,15,43.166170776690784
313_RTPV_8,S4,16,26.80574912269233
313_RTPV_8,S4,17,10.777641233910204
313_RTPV_8,S4,18,0.0
313_RTPV_8,S4,19,0.0
313_RTPV_8,S4,20,0.0
313_RTPV_8,S4,21,0.0
313_RTPV_8,S4,22,0.0
313_RTPV_8,S4,23,0.0
313_RTPV_8,S4,24,0.0
313_RTPV_8,S5,1,0.0
313_RTPV_8,S5,2,0.0
313_RTPV_8,S5,3,0.0
313_RTPV_8,S5,4,0.0
313_RTPV_8,S5,5,0.0
313_RTPV_8,S5,6,0.0
313_RTPV_8,S5,7,0.0
313_RTPV_8,S5,8,10.903926302658597
313_RTPV_8,S5,9,21.331955181725615
313_RTPV_8,S5,10,29.65226613982826
313_RTPV_8,S5,11,42.84742365499565
313_RTPV_8,S5,12,50.215586674161884
313_RTPV_8,S5,13,46.724666041488334
313_RTPV_8,S5,14,42.68880162652497
313_RTPV_8,S5,15,29.395919593827173
313_RTPV_8,S5,16,9.506207391901288
313_RTPV_8,S5,17,0.0
313_RTPV_8,S5,18,0.0
313_RTPV_8,S5,19,0.0
313_RTPV_8,S5,20,0.0
313_RTPV_8,S5,21,0.0
313_RTPV_8,S5,22,0.0
313_RTPV_8,S5,23,0.0
313_RTPV_8,S5,24,0.0
313_RTPV_8,S6,1,0.0
313_RTPV_8,S6,2,0.0
313_RTPV_8,S6,3,0.0
313_RTPV_8,S6,4,0.0
313_RTPV_8,S6,5,0.0
313_RTPV_8,S6,6,0.17510419099312188
313_RTPV_8,S6,7,6.508760286702376
313_RTPV_8,S6,8,11.89959812674718
313_RTPV_8,S6,9,19.45121497830276
313_RTPV_8,S6,10,23.296273434306837
313_RTPV_8,S6,11,27.463901019223204
313_RTPV_8,S6,12,30.784404457880644
313_RTPV_8,S6,13,28.340440730733764
313_RTPV_8,S6,14,28.098733656326804
313_RTPV_8,S6,15,22.925544483715324
313_RTPV_8,S6,16,18.289415433950303
313_RTPV_8,S6,17,10.611559890314348
313_RTPV_8,S6,18,1.192027631340676
313_RTPV_8,S6,19,0.0
313_RTPV_8,S6,20,0.0
313_RTPV_8,S6,21,0.0
313_RTPV_8,S6,22,0.0
313_RTPV_8,S6,23,0.0
313_RTPV_8,S6,24,0.0
313_RTPV_8,S7,1,0.0
313_RTPV_8,S7,2,0.0
313_RTPV_8,S7,3,0.0
313_RTPV_8,S7,4,0.0
313_RTPV_8,S7,5,0.0
313_RTPV_8,S7,6,0.0
313_RTPV_8,S7,7,8.947334115972122
313_RTPV_8,S7,8,21.12695221845227
313_RTPV_8,S7,9,34.93912443174482
313_RTPV_8,S7,10,43.83574228466471
313_RTPV_8,S7,11,50.68260034941878
313_RTPV_8,S7,12,53.23922005626008
313_RTPV_8,S7,13,51.34104001733444
313_RTPV_8,S7,14,45.98750965300163
313_RTPV_8,S7,15,37.189519513285674
313_RTPV_8,S7,16,23.362279033125755
313_RTPV_8,S7,17,7.5143109318371675
313_RTPV_8,S7,18,0.0
313_RTPV_8,S7,19,0.0
313_RTPV_8,S7,20,0.0
313_RTPV_8,S7,21,0.0
313_RTPV_8,S7,22,0.0
313_RTPV_8,S7,23,0.0
313_RTPV_8,S7,24,0.0
313_RTPV_8,S8,1,0.0
313_RTPV_8,S8,2,0.0
313_RTPV_8,S8,3,0.0
313_RTPV_8,S8,4,0.0
313_RTPV_8,S8,5,0.0
313_RTPV_8,S8,6,0.0
313_RTPV_8,S8,7,0.0
313_RTPV_8,S8,8,8.205959839540832
313_RTPV_8,S8,9,22.643915199042073
313_RTPV_8,S8,10,36.543651647256084
313_RTPV_8,S8,11,42.396295063770445
313_RTPV_8,S8,12,42.90701764887573
313_RTPV_8,S8,13,42.55845625390477
313_RTPV_8,S8,14,39.74283836378869
313_RTPV_8,S8,15,31.61543296370997
313_RTPV_8,S8,16,15.974340436076508
313_RTPV_8,S8,17,0.0
313_RTPV_8,S8,18,0.0
313_RTPV_8,S8,19,0.0
313_RTPV_8,S8,20,0.0
313_RTPV_8,S8,21,0.0
313_RTPV_8,S8,22,0.0
313_RTPV_8,S8,23,0.0
313_RTPV_8,S8,24,0.0
313_RTPV_8,S9,1,0.0
313_RTPV_8,S9,2,0.0
313_RTPV_8,S9,3,0.0
313_RTPV_8,S9,4,0.0
313_RTPV_8,S9,5,0.0
313_RTPV_8,S9,6,1.0798940267307335
313_RTPV_8,S9,7,11.809762370092836
313_RTPV_8,S9,8,12.875468818000995
313_RTPV_8,S9,9,38.36339188107518
313_RTPV_8,S9,10,48.225470733600524
313_RTPV_8,S9,11,62.62770301193395
313_RTPV_8,S9,12,61.62657815494956
313_RTPV_8,S9,13,59.52912001032547
313_RTPV_8,S9,14,56.08237260330218
313_RTPV_8,S9,15,45.313078713625366
313_RTPV_8,S9,16,32.56636654470158
313_RTPV_8,S9,17,17.001622937630742
313_RTPV_8,S9,18,0.9520667500321331
313_RTPV_8,S9,19,0.0
313_RTPV_8,S9,20,0.0
313_RTPV_8,S9,21,0.0
313_RTPV_8,S9,22,0.0
313_RTPV_8,S9,23,0.0
313_RTPV_8,S9,24,0.0
313_RTPV_8,S10,1,0.0
313_RTPV_8,S10,2,0.0
313_RTPV_8,S10,3,0.0
313_RTPV_8,S10,4,0.0
313_RTPV_8,S10,5,0.0
313_RTPV_8,S10,6,0.0
313_RTPV_8,S10,7,0.0
313_RTPV_8,S10,8,14.741101201089721
313_RTPV_8,S10,9,29.089156832300212
313_RTPV_8,S10,10,37.87309061137083
313_RTPV_8,S10,11,42.81626916578793
313_RTPV_8,S10,12,44.70298375251073
313_RTPV_8,S10,13,40.82176068727471
313_RTPV_8,S10,14,37.71653938796024
313_RTPV_8,S10,15,26.53003767527248
313_RTPV_8,S10,16,9.532501260223183
313_RTPV_8,S10,17,0.0
313_RTPV_8,S10,18,0.0
313_RTPV_8,S10,19,0.0
313_RTPV_8,S10,20,0.0
313_RTPV_8,S10,21,0.0
313_RTPV_8,S10,22,0.0
313_RTPV_8,S10,23,0.0
313_RTPV_8,S10,24,0.0
313_RTPV_8,S11,1,0.0
313_RTPV_8,S11,2,0.0
313_RTPV_8,S11,3,0.0
313_RTPV_8,S11,4,0.0
313_RTPV_8,S11,5,0.0
313_RTPV_8,S11,6,0.0
313_RTPV_8,S11,7,0.0
313_RTPV_8,S11,8,9.918933630274456
313_RTPV_8,S11,9,25.536552190739265
313_RTPV_8,S11,10,34.74400682941016
313_RTPV_8,S11,11,46.70431580546899
313_RTPV_8,S11,12,52.447653941190914
313_RTPV_8,S11,13,51.478625348020664
313_RTPV_8,S11,14,47.92218216024589
313_RTPV_8,S11,15,36.27695265388087
313_RTPV_8,S11,16,20.28603060091358
313_RTPV_8,S11,17,1.6951832964215772
313_RTPV_8,S11,18,0.0
313_RTPV_8,S11,19,0.0
313_RTPV_8,S11,20,0.0
313_RTPV_8,S11,21,0.0
313_RTPV_8,S11,22,0.0
313_RTPV_8,S11,23,0.0
313_RTPV_8,S11,24,0.0
313_RTPV_8,S12,1,0.0
313_RTPV_8,S12,2,0.0
313_RTPV_8,S12,3,0.0
313_RTPV_8,S12,4,0.0
313_RTPV_8,S12,5,0.0
313_RTPV_8,S12,6,0.17297125981323716
313_RTPV_8,S12,7,6.751030797001083
313_RTPV_8,S12,8,13.493598060330479
313_RTPV_8,S12,9,20.457054470437804
313_RTPV_8,S12,10,21.926197522989213
313_RTPV_8,S12,11,28.968020762276467
313_RTPV_8,S12,12,2.67361951570563
313_RTPV_8,S12,13,27.818835563651252
313_RTPV_8,S12,14,25.213661331428593
313_RTPV_8,S12,15,13.368306304302225
313_RTPV_8,S12,16,8.091475650780263
313_RTPV_8,S12,17,0.37690781541337054
313_RTPV_8,S12,18,0.06123839765186704
313_RTPV_8,S12,19,0.0
313_RTPV_8,S12,20,0.0
313_RTPV_8,S12,21,0.0
313_RTPV_8,S12,22,0.0
313_RTPV_8,S12,23,0.0
313_RTPV_8,S12,24,0.0
313_RTPV_9,S1,1,0.0
313_RTPV_9,S1,2,0.0
313_RTPV_9,S1,3,0.0
313_RTPV_9,S1,4,0.0
313_RTPV_9,S1,5,0.0
313_RTPV_9,S1,6,0.09929493296546751
313_RTPV_9,S1,7,9.712286421565128
313_RTPV_9,S1,8,20.566261586519943
313_RTPV_9,S1,9,27.726887752736445
313_RTPV_9,S1,10,38.68879417409043
313_RTPV_9,S1,11,43.617112822248195
313_RTPV_9,S1,12,43.74460486072922
313_RTPV_9,S1,13,41.87088901789432
313_RTPV_9,S1,14,40.4035984213413
313_RTPV_9,S1,15,36.42300004132774
313_RTPV_9,S1,16,25.963314606650997
313_RTPV_9,S1,17,11.778540579241472
313_RTPV_9,S1,18,0.0
313_RTPV_9,S1,19,0.0
313_RTPV_9,S1,20,0.0
313_RTPV_9,S1,21,0.0
313_RTPV_9,S1,22,0.0
313_RTPV_9,S1,23,0.0
313_RTPV_9,S1,24,0.0
313_RTPV_9,S2,1,0.0
313_RTPV_9,S2,2,0.0
313_RTPV_9,S2,3,0.0
313_RTPV_9,S2,4,0.0
313_RTPV_9,S2,5,0.0
313_RTPV_9,S2,6,0.0
313_RTPV_9,S2,7,0.0
313_RTPV_9,S2,8,12.076762953505309
313_RTPV_9,S2,9,27.306924676026526
313_RTPV_9,S2,10,39.074047567835905
313_RTPV_9,S2,11,46.36013957034198
313_RTPV_9,S2,12,47.66746861645444
313_RTPV_9,S2,13,47.56664937136074
313_RTPV_9,S2,14,42.01318631517211
313_RTPV_9,S2,15,28.033070501026657
313_RTPV_9,S2,16,12.260876523000558
313_RTPV_9,S2,17,0.0
313_RTPV_9,S2,18,0.0
313_RTPV_9,S2,19,0.0
313_RTPV_9,S2,20,0.0
313_RTPV_9,S2,21,0.0
313_RTPV_9,S2,22,0.0
313_RTPV_9,S2,23,0.0
313_RTPV_9,S2,24,0.0
313_RTPV_9,S3,1,0.0
313_RTPV_9,S3,2,0.0
313_RTPV_9,S3,3,0.0
313_RTPV_9,S3,4,0.0
313_RTPV_9,S3,5,0.0
313_RTPV_9,S3,6,0.0
313_RTPV_9,S3,7,9.497676368490048
313_RTPV_9,S3,8,26.036142263859848
313_RTPV_9,S3,9,42.386947429449194
313_RTPV_9,S3,10,49.384952716035265
313_RTPV_9,S3,11,56.605690985108545
313_RTPV_9,S3,12,60.238666604649744
313_RTPV_9,S3,13,61.34415576357467
313_RTPV_9,S3,14,55.789104852801195
313_RTPV_9,S3,15,45.27281768371828
313_RTPV_9,S3,16,33.5003649574586
313_RTPV_9,S3,17,14.151626331501747
313_RTPV_9,S3,18,0.0
313_RTPV_9,S3,19,0.0
313_RTPV_9,S3,20,0.0
313_RTPV_9,S3,21,0.0
313_RTPV_9,S3,22,0.0
313_RTPV_9,S3,23,0.0
313_RTPV_9,S3,24,0.0
313_RTPV_9,S4,1,0.0
313_RTPV_9,S4,2,0.0
313_RTPV_9,S4,3,0.0
313_RTPV_9,S4,4,0.0
313_RTPV_9,S4,5,0.0
313_RTPV_9,S4,6,0.0
313_RTPV_9,S4,7,6.268782999234299
313_RTPV_9,S4,8,22.74457232360901
313_RTPV_9,S4,9,37.97487843506915
313_RTPV_9,S4,10,48.29411213220403
313_RTPV_9,S4,11,58.059132976042804
313_RTPV_9,S4,12,58.155723903344665
313_RTPV_9,S4,13,59.088279546461116
313_RTPV_9,S4,14,52.05435364796186
313_RTPV_9,S4,15,43.47470255836499
313_RTPV_9,S4,16,25.28843221586498
313_RTPV_9,S4,17,12.12849298997297
313_RTPV_9,S4,18,0.0
313_RTPV_9,S4,19,0.0
313_RTPV_9,S4,20,0.0
313_RTPV_9,S4,21,0.0
313_RTPV_9,S4,22,0.0
313_RTPV_9,S4,23,0.0
313_RTPV_9,S4,24,0.0
313_RTPV_9,S5,1,0.0
313_RTPV_9,S5,2,0.0
313_RTPV_9,S5,3,0.0
313_RTPV_9,S5,4,0.0
313_RTPV_9,S5,5,0.0
313_RTPV_9,S5,6,0.0
313_RTPV_9,S5,7,0.0
313_RTPV_9,S5,8,13.968704401558767
313_RTPV_9,S5,9,23.31578558505348
313_RTPV_9,S5,10,35.00961653246953
313_RTPV_9,S5,11,47.1348851681358
313_RTPV_9,S5,12,51.714887150005985
313_RTPV_9,S5,13,48.892984557540835
313_RTPV_9,S5,14,42.87944118526266
313_RTPV_9,S5,15,31.526048381904317
313_RTPV_9,S5,16,11.536748318085733
313_RTPV_9,S5,17,0.0
313_RTPV_9,S5,18,0.0
313_RTPV_9,S5,19,0.0
313_RTPV_9,S5,20,0.0
313_RTPV_9,S5,21,0.0
313_RTPV_9,S5,22,0.0
313_RTPV_9,S5,23,0.0
313_RTPV_9,S5,24,0.0
313_RTPV_9,S6,1,0.0
313_RTPV_9,S6,2,0.0
313_RTPV_9,S6,3,0.0
313_RTPV_9,S6,4,0.0
313_RTPV_9,S6,5,0.0
313_RTPV_9,S6,6,0.18242085765983454
313_RTPV_9,S6,7,6.4304987713103126
313_RTPV_9,S6,8,12.449513767832078
313_RTPV_9,S6,9,19.77002581902667
313_RTPV_9,S6,10,23.925069366678265
313_RTPV_9,S6,11,28.293292534089822
313_RTPV_9,S6,12,30.147868104625566
313_RTPV_9,S6,13,30.608718249797455
313_RTPV_9,S6,14,27.786968134181205
313_RTPV_9,S6,15,26.00905698925131
313_RTPV_9,S6,16,18.111963259343945
313_RTPV_9,S6,17,10.734738746111821
313_RTPV_9,S6,18,1.2544115797618531
313_RTPV_9,S6,19,0.0
313_RTPV_9,S6,20,0.0
313_RTPV_9,S6,21,0.0
313_RTPV_9,S6,22,0.0
313_RTPV_9,S6,23,0.0
313_RTPV_9,S6,24,0.0
313_RTPV_9,S7,1,0.0
313_RTPV_9,S7,2,0.0
313_RTPV_9,S7,3,0.0
313_RTPV_9,S7,4,0.0
313_RTPV_9,S7,5,0.0
313_RTPV_9,S7,6,0.0
313_RTPV_9,S7,7,8.1080073488081
313_RTPV_9,S7,8,22.3886917825634
313_RTPV_9,S7,9,33.67247170713795
313_RTPV_9,S7,10,44.06474487266206
313_RTPV_9,S7,11,47.68986279183133
313_RTPV_9,S7,12,50.527515483886155
313_RTPV_9,S7,13,50.487817917853555
313_RTPV_9,S7,14,44.88044522947166
313_RTPV_9,S7,15,39.34646125503268
313_RTPV_9,S7,16,24.253946396285237
313_RTPV_9,S7,17,8.611914296252259
313_RTPV_9,S7,18,0.0
313_RTPV_9,S7,19,0.0
313_RTPV_9,S7,20,0.0
313_RTPV_9,S7,21,0.0
313_RTPV_9,S7,22,0.0
313_RTPV_9,S7,23,0.0
313_RTPV_9,S7,24,0.0
313_RTPV_9,S8,1,0.0
313_RTPV_9,S8,2,0.0
313_RTPV_9,S8,3,0.0
313_RTPV_9,S8,4,0.0
313_RTPV_9,S8,5,0.0
313_RTPV_9,S8,6,0.0
313_RTPV_9,S8,7,0.0
313_RTPV_9,S8,8,10.032316780211596
313_RTPV_9,S8,9,23.462438635464512
313_RTPV_9,S8,10,36.94080539146454
313_RTPV_9,S8,11,40.23750237026145
313_RTPV_9,S8,12,45.63940058662729
313_RTPV_9,S8,13,45.3980449319963
313_RTPV_9,S8,14,41.10343446153931
313_RTPV_9,S8,15,32.31256867140286
313_RTPV_9,S8,16,16.658564911848533
313_RTPV_9,S8,17,0.0
313_RTPV_9,S8,18,0.0
313_RTPV_9,S8,19,0.0
313_RTPV_9,S8,20,0.0
313_RTPV_9,S8,21,0.0
313_RTPV_9,S8,22,0.0
313_RTPV_9,S8,23,0.0
313_RTPV_9,S8,24,0.0
313_RTPV_9,S9,1,0.0
313_RTPV_9,S9,2,0.0
313_RTPV_9,S9,3,0.0
313_RTPV_9,S9,4,0.0
313_RTPV_9,S9,5,0.0
313_RTPV_9,S9,6,1.204210522087378
313_RTPV_9,S9,7,12.597938222279295
313_RTPV_9,S9,8,20.231027409837576
313_RTPV_9,S9,9,36.926141073885475
313_RTPV_9,S9,10,49.72040260997353
313_RTPV_9,S9,11,59.35195221308784
313_RTPV_9,S9,12,61.89576059012706
313_RTPV_9,S9,13,61.411396035588844
313_RTPV_9,S9,14,56.39982615113754
313_RTPV_9,S9,15,48.724655690002834
313_RTPV_9,S9,16,34.26671009251952
313_RTPV_9,S9,17,18.273985107052393
313_RTPV_9,S9,18,1.207250780018164
313_RTPV_9,S9,19,0.0
313_RTPV_9,S9,20,0.0
313_RTPV_9,S9,21,0.0
313_RTPV_9,S9,22,0.0
313_RTPV_9,S9,23,0.0
313_RTPV_9,S9,24,0.0
313_RTPV_9,S10,1,0.0
313_RTPV_9,S10,2,0.0
313_RTPV_9,S10,3,0.0
313_RTPV_9,S10,4,0.0
313_RTPV_9,S10,5,0.0
313_RTPV_9,S10,6,0.0
313_RTPV_9,S10,7,0.0
313_RTPV_9,S10,8,14.887192657164126
313_RTPV_9,S10,9,29.02266589855695
313_RTPV_9,S10,10,37.802520903835266
313_RTPV_9,S10,11,47.302590319378744
313_RTPV_9,S10,12,45.44864181358849
313_RTPV_9,S10,13,46.35275454951861
313_RTPV_9,S10,14,40.031850118034356
313_RTPV_9,S10,15,26.76428718622989
313_RTPV_9,S10,16,11.23837276160562
313_RTPV_9,S10,17,0.0
313_RTPV_9,S10,18,0.0
313_RTPV_9,S10,19,0.0
313_RTPV_9,S10,20,0.0
313_RTPV_9,S10,21,0.0
313_RTPV_9,S10,22,0.0
313_RTPV_9,S10,23,0.0
313_RTPV_9,S10,24,0.0
313_RTPV_9,S11,1,0.0
313_RTPV_9,S11,2,0.0
313_RTPV_9,S11,3,0.0
313_RTPV_9,S11,4,0.0
313_RTPV_9,S11,5,0.0
313_RTPV_9,S11,6,0.0
313_RTPV_9,S11,7,0.0
313_RTPV_9,S11,8,11.64297879494319
313_RTPV_9,S11,9,26.55095584322225
313_RTPV_9,S11,10,36.81570251518476
313_RTPV_9,S11,11,51.20890155810326
313_RTPV_9,S11,12,49.762162545697635
313_RTPV_9,S11,13,50.75299909575884
313_RTPV_9,S11,14,45.79455794449274
313_RTPV_9,S11,15,37.25544965899741
313_RTPV_9,S11,16,22.04845390372723
313_RTPV_9,S11,17,2.113927092533925
313_RTPV_9,S11,18,0.0
313_RTPV_9,S11,19,0.0
313_RTPV_9,S11,20,0.0
313_RTPV_9,S11,21,0.0
313_RTPV_9,S11,22,0.0
313_RTPV_9,S11,23,0.0
313_RTPV_9,S11,24,0.0
313_RTPV_9,S12,1,0.0
313_RTPV_9,S12,2,0.0
313_RTPV_9,S12,3,0.0
313_RTPV_9,S12,4,0.0
313_RTPV_9,S12,5,0.0
313_RTPV_9,S12,6,0.1877855365923902
313_RTPV_9,S12,7,6.819138242415586
313_RTPV_9,S12,8,13.083347606134454
313_RTPV_9,S12,9,18.59742409122432
313_RTPV_9,S12,10,25.195799848086956
313_RTPV_9,S12,11,24.206930123935496
313_RTPV_9,S12,12,18.435779650509186
313_RTPV_9,S12,13,26.947563788160267
313_RTPV_9,S12,14,24.680532787001706
313_RTPV_9,S12,15,0.6433225533016267
313_RTPV_9,S12,16,14.280100377461325
313_RTPV_9,S12,17,8.205946089953724
313_RTPV_9,S12,18,0.30284082363317927
313_RTPV_9,S12,19,0.0
313_RTPV_9,S12,20,0.0
313_RTPV_9,S12,21,0.0
313_RTPV_9,S12,22,0.0
313_RTPV_9,S12,23,0.0
313_RTPV_9,S12,24,0.0
313_RTPV_10,S1,1,0.0
313_RTPV_10,S1,2,0.0
313_RTPV_10,S1,3,0.0
313_RTPV_10,S1,4,0.0
313_RTPV_10,S1,5,0.0
313_RTPV_10,S1,6,0.09880858728997981
313_RTPV_10,S1,7,9.179097973077322
313_RTPV_10,S1,8,20.141684584146887
313_RTPV_10,S1,9,29.92886667051702
313_RTPV_10,S1,10,38.514520991816106
313_RTPV_10,S1,11,41.50484618876917
313_RTPV_10,S1,12,44.57520376971459
313_RTPV_10,S1,13,44.00254307531771
313_RTPV_10,S1,14,37.50139321418869
313_RTPV_10,S1,15,35.64681339736685
313_RTPV_10,S1,16,27.211732742688557
313_RTPV_10,S1,17,11.65812116897436
313_RTPV_10,S1,18,0.0
313_RTPV_10,S1,19,0.0
313_RTPV_10,S1,20,0.0
313_RTPV_10,S1,21,0.0
313_RTPV_10,S1,22,0.0
313_RTPV_10,S1,23,0.0
313_RTPV_10,S1,24,0.0
313_RTPV_10,S2,1,0.0
313_RTPV_10,S2,2,0.0
313_RTPV_10,S2,3,0.0
313_RTPV_10,S2,4,0.0
313_RTPV_10,S2,5,0.0
313_RTPV_10,S2,6,0.0
313_RTPV_10,S2,7,0.0
313_RTPV_10,S2,8,11.53286702498755
313_RTPV_10,S2,9,26.876806533372076
313_RTPV_10,S2,10,39.337238986988
313_RTPV_10,S2,11,43.9613816420195
313_RTPV_10,S2,12,47.38222600667321
313_RTPV_10,S2,13,47.869825690379464
313_RTPV_10,S2,14,43.02537747185387
313_RTPV_10,S2,15,28.558730344207525
313_RTPV_10,S2,16,12.809072264861468
313_RTPV_10,S2,17,0.0
313_RTPV_10,S2,18,0.0
313_RTPV_10,S2,19,0.0
313_RTPV_10,S2,20,0.0
313_RTPV_10,S2,21,0.0
313_RTPV_10,S2,22,0.0
313_RTPV_10,S2,23,0.0
313_RTPV_10,S2,24,0.0
313_RTPV_10,S3,1,0.0
313_RTPV_10,S3,2,0.0
313_RTPV_10,S3,3,0.0
313_RTPV_10,S3,4,0.0
313_RTPV_10,S3,5,0.0
313_RTPV_10,S3,6,0.0
313_RTPV_10,S3,7,9.89904398891241
313_RTPV_10,S3,8,25.85076027822422
313_RTPV_10,S3,9,40.960961967963215
313_RTPV_10,S3,10,52.12713924415731
313_RTPV_10,S3,11,57.203539922066035
313_RTPV_10,S3,12,59.42221372333609
313_RTPV_10,S3,13,58.50796743296187
313_RTPV_10,S3,14,54.57204258903622
313_RTPV_10,S3,15,42.98771744345205
313_RTPV_10,S3,16,30.70129146020876
313_RTPV_10,S3,17,13.07932086192485
313_RTPV_10,S3,18,0.0
313_RTPV_10,S3,19,0.0
313_RTPV_10,S3,20,0.0
313_RTPV_10,S3,21,0.0
313_RTPV_10,S3,22,0.0
313_RTPV_10,S3,23,0.0
313_RTPV_10,S3,24,0.0
313_RTPV_10,S4,1,0.0
313_RTPV_10,S4,2,0.0
313_RTPV_10,S4,3,0.0
313_RTPV_10,S4,4,0.0
313_RTPV_10,S4,5,0.0
313_RTPV_10,S4,6,0.0
313_RTPV_10,S4,7,6.156532983151319
313_RTPV_10,S4,8,22.12636064384775
313_RTPV_10,S4,9,37.25475532652775
313_RTPV_10,S4,10,49.728279875313405
313_RTPV_10,S4,11,51.95576526114176
313_RTPV_10,S4,12,56.498173343948814
313_RTPV_10,S4,13,57.70096937821164
313_RTPV_10,S4,14,51.539744173541855
313_RTPV_10,S4,15,46.256738196816144
313_RTPV_10,S4,16,25.191935548390305
313_RTPV_10,S4,17,11.146579749805174
313_RTPV_10,S4,18,0.0
313_RTPV_10,S4,19,0.0
313_RTPV_10,S4,20,0.0
313_RTPV_10,S4,21,0.0
313_RTPV_10,S4,22,0.0
313_RTPV_10,S4,23,0.0
313_RTPV_10,S4,24,0.0
313_RTPV_10,S5,1,0.0
313_RTPV_10,S5,2,0.0
313_RTPV_10,S5,3,0.0
313_RTPV_10,S5,4,0.0
313_RTPV_10,S5,5,0.0
313_RTPV_10,S5,6,0.0
313_RTPV_10,S5,7,0.0
313_RTPV_10,S5,8,14.138548603752055
313_RTPV_10,S5,9,23.27082500049796
313_RTPV_10,S5,10,36.45561044243279
313_RTPV_10,S5,11,46.24572459087329
313_RTPV_10,S5,12,50.13345391722589
313_RTPV_10,S5,13,47.66773662077005
313_RTPV_10,S5,14,41.757019776605645
313_RTPV_10,S5,15,29.68695690363546
313_RTPV_10,S5,16,10.89358357110185
313_RTPV_10,S5,17,0.0
313_RTPV_10,S5,18,0.0
313_RTPV_10,S5,19,0.0
313_RTPV_10,S5,20,0.0
313_RTPV_10,S5,21,0.0
313_RTPV_10,S5,22,0.0
313_RTPV_10,S5,23,0.0
313_RTPV_10,S5,24,0.0
313_RTPV_10,S6,1,0.0
313_RTPV_10,S6,2,0.0
313_RTPV_10,S6,3,0.0
313_RTPV_10,S6,4,0.0
313_RTPV_10,S6,5,0.0
313_RTPV_10,S6,6,0.18090745890572713
313_RTPV_10,S6,7,6.3573276343827185
313_RTPV_10,S6,8,13.895044289450713
313_RTPV_10,S6,9,19.688445053062118
313_RTPV_10,S6,10,25.225631505949593
313_RTPV_10,S6,11,28.01256139906784
313_RTPV_10,S6,12,30.625915586003643
313_RTPV_10,S6,13,30.25704927353577
313_RTPV_10,S6,14,27.23740226769854
313_RTPV_10,S6,15,25.763582204964557
313_RTPV_10,S6,16,17.721301048699882
313_RTPV_10,S6,17,10.300542776963658
313_RTPV_10,S6,18,1.1566293180525282
313_RTPV_10,S6,19,0.0
313_RTPV_10,S6,20,0.0
313_RTPV_10,S6,21,0.0
313_RTPV_10,S6,22,0.0
313_RTPV_10,S6,23,0.0
313_RTPV_10,S6,24,0.0
313_RTPV_10,S7,1,0.0
313_RTPV_10,S7,2,0.0
313_RTPV_10,S7,3,0.0
313_RTPV_10,S7,4,0.0
313_RTPV_10,S7,5,0.0
313_RTPV_10,S7,6,0.0
313_RTPV_10,S7,7,8.315502374333674
313_RTPV_10,S7,8,23.65806298044892
313_RTPV_10,S7,9,37.635165431180454
313_RTPV_10,S7,10,45.41458391195519
313_RTPV_10,S7,11,49.32006452125198
313_RTPV_10,S7,12,52.870936072698576
313_RTPV_10,S7,13,48.461417423977444
313_RTPV_10,S7,14,44.895481217637204
313_RTPV_10,S7,15,37.40112866671403
313_RTPV_10,S7,16,24.53596290010563
313_RTPV_10,S7,17,8.323699843572966
313_RTPV_10,S7,18,0.0
313_RTPV_10,S7,19,0.0
313_RTPV_10,S7,20,0.0
313_RTPV_10,S7,21,0.0
313_RTPV_10,S7,22,0.0
313_RTPV_10,S7,23,0.0
313_RTPV_10,S7,24,0.0
313_RTPV_10,S8,1,0.0
313_RTPV_10,S8,2,0.0
313_RTPV_10,S8,3,0.0
313_RTPV_10,S8,4,0.0
313_RTPV_10,S8,5,0.0
313_RTPV_10,S8,6,0.0
313_RTPV_10,S8,7,0.0
313_RTPV_10,S8,8,9.815734824516625
313_RTPV_10,S8,9,23.03676849919462
313_RTPV_10,S8,10,36.46016026799623
313_RTPV_10,S8,11,39.89361128621634
313_RTPV_10,S8,12,44.92367009666357
313_RTPV_10,S8,13,43.4650854734272
313_RTPV_10,S8,14,38.85714571048993
313_RTPV_10,S8,15,31.27152138667363
313_RTPV_10,S8,16,16.591987790795205
313_RTPV_10,S8,17,0.0
313_RTPV_10,S8,18,0.0
313_RTPV_10,S8,19,0.0
313_RTPV_10,S8,20,0.0
313_RTPV_10,S8,21,0.0
313_RTPV_10,S8,22,0.0
313_RTPV_10,S8,23,0.0
313_RTPV_10,S8,24,0.0
313_RTPV_10,S9,1,0.0
313_RTPV_10,S9,2,0.0
313_RTPV_10,S9,3,0.0
313_RTPV_10,S9,4,0.0
313_RTPV_10,S9,5,0.0
313_RTPV_10,S9,6,1.2842161198595576
313_RTPV_10,S9,7,12.581078033739372
313_RTPV_10,S9,8,20.036521582889332
313_RTPV_10,S9,9,35.736121190052714
313_RTPV_10,S9,10,50.35797474641185
313_RTPV_10,S9,11,61.358111756882124
313_RTPV_10,S9,12,62.092673197260204
313_RTPV_10,S9,13,62.73086053508299
313_RTPV_10,S9,14,52.93659958988013
313_RTPV_10,S9,15,48.61291299295503
313_RTPV_10,S9,16,32.442432695501026
313_RTPV_10,S9,17,18.42216455409843
313_RTPV_10,S9,18,1.258532184693872
313_RTPV_10,S9,19,0.0
313_RTPV_10,S9,20,0.0
313_RTPV_10,S9,21,0.0
313_RTPV_10,S9,22,0.0
313_RTPV_10,S9,23,0.0
313_RTPV_10,S9,24,0.0
313_RTPV_10,S10,1,0.0
313_RTPV_10,S10,2,0.0
313_RTPV_10,S10,3,0.0
313_RTPV_10,S10,4,0.0
313_RTPV_10,S10,5,0.0
313_RTPV_10,S10,6,0.0
313_RTPV_10,S10,7,0.0
313_RTPV_10,S10,8,15.555846451096773
313_RTPV_10,S10,9,29.180846331359085
313_RTPV_10,S10,10,38.08550060559149
313_RTPV_10,S10,11,41.93344415890724
313_RTPV_10,S10,12,47.74102572262696
313_RTPV_10,S10,13,43.49095772764777
313_RTPV_10,S10,14,37.95684084687969
313_RTPV_10,S10,15,27.58274500425911
313_RTPV_10,S10,16,11.332132218824876
313_RTPV_10,S10,17,0.0
313_RTPV_10,S10,18,0.0
313_RTPV_10,S10,19,0.0
313_RTPV_10,S10,20,0.0
313_RTPV_10,S10,21,0.0
313_RTPV_10,S10,22,0.0
313_RTPV_10,S10,23,0.0
313_RTPV_10,S10,24,0.0
313_RTPV_10,S11,1,0.0
313_RTPV_10,S11,2,0.0
313_RTPV_10,S11,3,0.0
313_RTPV_10,S11,4,0.0
313_RTPV_10,S11,5,0.0
313_RTPV_10,S11,6,0.0
313_RTPV_10,S11,7,0.0
313_RTPV_10,S11,8,11.56096541278627
313_RTPV_10,S11,9,25.873804816119065
313_RTPV_10,S11,10,39.54834988964132
313_RTPV_10,S11,11,49.72861605307017
313_RTPV_10,S11,12,50.74265553001894
313_RTPV_10,S11,13,50.29827341556346
313_RTPV_10,S11,14,47.54777724425133
313_RTPV_10,S11,15,39.02276620487443
313_RTPV_10,S11,16,21.8983984938348
313_RTPV_10,S11,17,2.0349396977399397
313_RTPV_10,S11,18,0.0
313_RTPV_10,S11,19,0.0
313_RTPV_10,S11,20,0.0
313_RTPV_10,S11,21,0.0
313_RTPV_10,S11,22,0.0
313_RTPV_10,S11,23,0.0
313_RTPV_10,S11,24,0.0
313_RTPV_10,S12,1,0.0
313_RTPV_10,S12,2,0.0
313_RTPV_10,S12,3,0.0
313_RTPV_10,S12,4,0.0
313_RTPV_10,S12,5,0.0
313_RTPV_10,S12,6,0.1813880166782329
313_RTPV_10,S12,7,6.7773376562053835
313_RTPV_10,S12,8,13.06417707503834
313_RTPV_10,S12,9,19.338520740615117
313_RTPV_10,S12,10,25.62695070688032
313_RTPV_10,S12,11,23.659637765311764
313_RTPV_10,S12,12,17.97621407705957
313_RTPV_10,S12,13,28.89901810009505
313_RTPV_10,S12,14,25.050558115677234
313_RTPV_10,S12,15,0.6288268268655811
313_RTPV_10,S12,16,15.18127451840651
313_RTPV_10,S12,17,8.158018975467764
313_RTPV_10,S12,18,0.298913358669993
313_RTPV_10,S12,19,0.0
313_RTPV_10,S12,20,0.0
313_RTPV_10,S12,21,0.0
313_RTPV_10,S12,22,0.0
313_RTPV_10,S12,23,0.0
313_RTPV_10,S12,24,0.0
313_RTPV_11,S1,1,0.0
313_RTPV_11,S1,2,0.0
313_RTPV_11,S1,3,0.0
313_RTPV_11,S1,4,0.0
313_RTPV_11,S1,5,0.0
313_RTPV_11,S1,6,0.09693644720236977
313_RTPV_11,S1,7,8.556074766653033
313_RTPV_11,S1,8,20.22039589339589
313_RTPV_11,S1,9,31.283850851292367
313_RTPV_11,S1,10,38.429956959361924
313_RTPV_11,S1,11,44.513422081823485
313_RTPV_11,S1,12,45.07862644827914
313_RTPV_11,S1,13,47.392838419349864
313_RTPV_11,S1,14,42.5630818877846
313_RTPV_11,S1,15,35.60796960909901
313_RTPV_11,S1,16,14.157754019740166
313_RTPV_11,S1,17,10.222118210862202
313_RTPV_11,S1,18,0.0
313_RTPV_11,S1,19,0.0
313_RTPV_11,S1,20,0.0
313_RTPV_11,S1,21,0.0
313_RTPV_11,S1,22,0.0
313_RTPV_11,S1,23,0.0
313_RTPV_11,S1,24,0.0
313_RTPV_11,S2,1,0.0
313_RTPV_11,S2,2,0.0
313_RTPV_11,S2,3,0.0
313_RTPV_11,S2,4,0.0
313_RTPV_11,S2,5,0.0
313_RTPV_11,S2,6,0.0
313_RTPV_11,S2,7,0.0
313_RTPV_11,S2,8,12.317507219656187
313_RTPV_11,S2,9,29.55154814671519
313_RTPV_11,S2,10,37.55768550107455
313_RTPV_11,S2,11,48.48961939959974
313_RTPV_11,S2,12,49.44108060412718
313_RTPV_11,S2,13,51.73269834674523
313_RTPV_11,S2,14,41.95427553135821
313_RTPV_11,S2,15,30.24219176504257
313_RTPV_11,S2,16,12.268304414049528
313_RTPV_11,S2,17,0.0
313_RTPV_11,S2,18,0.0
313_RTPV_11,S2,19,0.0
313_RTPV_11,S2,20,0.0
313_RTPV_11,S2,21,0.0
313_RTPV_11,S2,22,0.0
313_RTPV_11,S2,23,0.0
313_RTPV_11,S2,24,0.0
313_RTPV_11,S3,1,0.0
313_RTPV_11,S3,2,0.0
313_RTPV_11,S3,3,0.0
313_RTPV_11,S3,4,0.0
313_RTPV_11,S3,5,0.0
313_RTPV_11,S3,6,0.0
313_RTPV_11,S3,7,8.384354754425964
313_RTPV_11,S3,8,24.837618232786053
313_RTPV_11,S3,9,42.54107918349068
313_RTPV_11,S3,10,49.18253565001948
313_RTPV_11,S3,11,56.66812473266192
313_RTPV_11,S3,12,62.337340510673535
313_RTPV_11,S3,13,58.020433734271286
313_RTPV_11,S3,14,55.18642219394053
313_RTPV_11,S3,15,48.42732095225296
313_RTPV_11,S3,16,32.94150024384536
313_RTPV_11,S3,17,15.292873030909032
313_RTPV_11,S3,18,0.0
313_RTPV_11,S3,19,0.0
313_RTPV_11,S3,20,0.0
313_RTPV_11,S3,21,0.0
313_RTPV_11,S3,22,0.0
313_RTPV_11,S3,23,0.0
313_RTPV_11,S3,24,0.0
313_RTPV_11,S4,1,0.0
313_RTPV_11,S4,2,0.0
313_RTPV_11,S4,3,0.0
313_RTPV_11,S4,4,0.0
313_RTPV_11,S4,5,0.0
313_RTPV_11,S4,6,0.0
313_RTPV_11,S4,7,4.792071232990214
313_RTPV_11,S4,8,22.902882660001225
313_RTPV_11,S4,9,38.30979801469135
313_RTPV_11,S4,10,47.689458025758434
313_RTPV_11,S4,11,56.49193855995835
313_RTPV_11,S4,12,60.03799272492002
313_RTPV_11,S4,13,57.84700092774875
313_RTPV_11,S4,14,53.525699727697564
313_RTPV_11,S4,15,43.36377494018543
313_RTPV_11,S4,16,29.205928972912208
313_RTPV_11,S4,17,11.35207972229712
313_RTPV_11,S4,18,0.0
313_RTPV_11,S4,19,0.0
313_RTPV_11,S4,20,0.0
313_RTPV_11,S4,21,0.0
313_RTPV_11,S4,22,0.0
313_RTPV_11,S4,23,0.0
313_RTPV_11,S4,24,0.0
313_RTPV_11,S5,1,0.0
313_RTPV_11,S5,2,0.0
313_RTPV_11,S5,3,0.0
313_RTPV_11,S5,4,0.0
313_RTPV_11,S5,5,0.0
313_RTPV_11,S5,6,0.0
313_RTPV_11,S5,7,0.0
313_RTPV_11,S5,8,16.741688890670595
313_RTPV_11,S5,9,28.60375870574182
313_RTPV_11,S5,10,41.09441482097907
313_RTPV_11,S5,11,46.441802650843286
313_RTPV_11,S5,12,51.886332155275134
313_RTPV_11,S5,13,49.21622721930477
313_RTPV_11,S5,14,46.463570595420485
313_RTPV_11,S5,15,31.198947283349522
313_RTPV_11,S5,16,12.075635259923123
313_RTPV_11,S5,17,0.0
313_RTPV_11,S5,18,0.0
313_RTPV_11,S5,19,0.0
313_RTPV_11,S5,20,0.0
313_RTPV_11,S5,21,0.0
313_RTPV_11,S5,22,0.0
313_RTPV_11,S5,23,0.0
313_RTPV_11,S5,24,0.0
313_RTPV_11,S6,1,0.0
313_RTPV_11,S6,2,0.0
313_RTPV_11,S6,3,0.0
313_RTPV_11,S6,4,0.0
313_RTPV_11,S6,5,0.0
313_RTPV_11,S6,6,0.1733320091430573
313_RTPV_11,S6,7,3.0152884608591575
313_RTPV_11,S6,8,9.758436210895859
313_RTPV_11,S6,9,10.911268650539434
313_RTPV_11,S6,10,9.568559297253639
313_RTPV_11,S6,11,14.955569567472734
313_RTPV_11,S6,12,17.04647730573787
313_RTPV_11,S6,13,23.517085872580076
313_RTPV_11,S6,14,14.874449418292771
313_RTPV_11,S6,15,21.172218116364334
313_RTPV_11,S6,16,18.21999491938339
313_RTPV_11,S6,17,10.98986511362729
313_RTPV_11,S6,18,0.6863283457567524
313_RTPV_11,S6,19,0.0
313_RTPV_11,S6,20,0.0
313_RTPV_11,S6,21,0.0
313_RTPV_11,S6,22,0.0
313_RTPV_11,S6,23,0.0
313_RTPV_11,S6,24,0.0
313_RTPV_11,S7,1,0.0
313_RTPV_11,S7,2,0.0
313_RTPV_11,S7,3,0.0
313_RTPV_11,S7,4,0.0
313_RTPV_11,S7,5,0.0
313_RTPV_11,S7,6,0.0
313_RTPV_11,S7,7,8.230902453218198
313_RTPV_11,S7,8,23.75921865047007
313_RTPV_11,S7,9,38.855887747355105
313_RTPV_11,S7,10,47.38298310908963
313_RTPV_11,S7,11,53.01671236593268
313_RTPV_11,S7,12,56.30333376149492
313_RTPV_11,S7,13,51.94221673593991
313_RTPV_11,S7,14,46.08686164681004
313_RTPV_11,S7,15,40.238674144806296
313_RTPV_11,S7,16,27.13226640059156
313_RTPV_11,S7,17,9.643405866461908
313_RTPV_11,S7,18,0.0
313_RTPV_11,S7,19,0.0
313_RTPV_11,S7,20,0.0
313_RTPV_11,S7,21,0.0
313_RTPV_11,S7,22,0.0
313_RTPV_11,S7,23,0.0
313_RTPV_11,S7,24,0.0
313_RTPV_11,S8,1,0.0
313_RTPV_11,S8,2,0.0
313_RTPV_11,S8,3,0.0
313_RTPV_11,S8,4,0.0
313_RTPV_11,S8,5,0.0
313_RTPV_11,S8,6,0.0
313_RTPV_11,S8,7,0.0
313_RTPV_11,S8,8,9.963693997502567
313_RTPV_11,S8,9,25.419106303601623
313_RTPV_11,S8,10,36.197400358875846
313_RTPV_11,S8,11,41.4230811053382
313_RTPV_11,S8,12,46.548607429435144
313_RTPV_11,S8,13,47.869537982873865
313_RTPV_11,S8,14,42.731826228559356
313_RTPV_11,S8,15,33.17726304679053
313_RTPV_11,S8,16,16.614838434533237
313_RTPV_11,S8,17,0.0
313_RTPV_11,S8,18,0.0
313_RTPV_11,S8,19,0.0
313_RTPV_11,S8,20,0.0
313_RTPV_11,S8,21,0.0
313_RTPV_11,S8,22,0.0
313_RTPV_11,S8,23,0.0
313_RTPV_11,S8,24,0.0
313_RTPV_11,S9,1,0.0
313_RTPV_11,S9,2,0.0
313_RTPV_11,S9,3,0.0
313_RTPV_11,S9,4,0.0
313_RTPV_11,S9,5,0.0
313_RTPV_11,S9,6,0.2013696747772838
313_RTPV_11,S9,7,12.90662518313434
313_RTPV_11,S9,8,30.145260706795202
313_RTPV_11,S9,9,42.79309971634903
313_RTPV_11,S9,10,53.28733276259287
313_RTPV_11,S9,11,63.67998020771163
313_RTPV_11,S9,12,65.81512122404465
313_RTPV_11,S9,13,62.97208722478507
313_RTPV_11,S9,14,57.83839956427082
313_RTPV_11,S9,15,49.93723671321128
313_RTPV_11,S9,16,34.32938861802912
313_RTPV_11,S9,17,19.49494165021246
313_RTPV_11,S9,18,1.0483852664938351
313_RTPV_11,S9,19,0.0
313_RTPV_11,S9,20,0.0
313_RTPV_11,S9,21,0.0
313_RTPV_11,S9,22,0.0
313_RTPV_11,S9,23,0.0
313_RTPV_11,S9,24,0.0
313_RTPV_11,S10,1,0.0
313_RTPV_11,S10,2,0.0
313_RTPV_11,S10,3,0.0
313_RTPV_11,S10,4,0.0
313_RTPV_11,S10,5,0.0
313_RTPV_11,S10,6,0.0
313_RTPV_11,S10,7,0.0
313_RTPV_11,S10,8,16.25555107979364
313_RTPV_11,S10,9,30.801166587238235
313_RTPV_11,S10,10,38.42271626035607
313_RTPV_11,S10,11,44.08518490387301
313_RTPV_11,S10,12,47.88065202494475
313_RTPV_11,S10,13,48.793336890359804
313_RTPV_11,S10,14,41.65516231086825
313_RTPV_11,S10,15,29.409532817994872
313_RTPV_11,S10,16,11.865330222157596
313_RTPV_11,S10,17,0.0
313_RTPV_11,S10,18,0.0
313_RTPV_11,S10,19,0.0
313_RTPV_11,S10,20,0.0
313_RTPV_11,S10,21,0.0
313_RTPV_11,S10,22,0.0
313_RTPV_11,S10,23,0.0
313_RTPV_11,S10,24,0.0
313_RTPV_11,S11,1,0.0
313_RTPV_11,S11,2,0.0
313_RTPV_11,S11,3,0.0
313_RTPV_11,S11,4,0.0
313_RTPV_11,S11,5,0.0
313_RTPV_11,S11,6,0.0
313_RTPV_11,S11,7,0.0
313_RTPV_11,S11,8,11.543992433643291
313_RTPV_11,S11,9,27.710779584315297
313_RTPV_11,S11,10,36.33792446903018
313_RTPV_11,S11,11,49.00619567672293
313_RTPV_11,S11,12,50.3488359036986
313_RTPV_11,S11,13,50.51316018489992
313_RTPV_11,S11,14,48.231806792542066
313_RTPV_11,S11,15,37.928803823111295
313_RTPV_11,S11,16,22.987443814006426
313_RTPV_11,S11,17,2.191937301896614
313_RTPV_11,S11,18,0.0
313_RTPV_11,S11,19,0.0
313_RTPV_11,S11,20,0.0
313_RTPV_11,S11,21,0.0
313_RTPV_11,S11,22,0.0
313_RTPV_11,S11,23,0.0
313_RTPV_11,S11,24,0.0
313_RTPV_11,S12,1,0.0
313_RTPV_11,S12,2,0.0
313_RTPV_11,S12,3,0.0
313_RTPV_11,S12,4,0.0
313_RTPV_11,S12,5,0.0
313_RTPV_11,S12,6,0.12349549285825095
313_RTPV_11,S12,7,6.193037022977415
313_RTPV_11,S12,8,4.121463749394716
313_RTPV_11,S12,9,0.9930687758393816
313_RTPV_11,S12,10,2.759905437484934
313_RTPV_11,S12,11,2.9360461224568493
313_RTPV_11,S12,12,6.771624974214238
313_RTPV_11,S12,13,26.805183728964263
313_RTPV_11,S12,14,3.561963181414433
313_RTPV_11,S12,15,0.8209941005876615
313_RTPV_11,S12,16,6.555447469655253
313_RTPV_11,S12,17,4.807016688530092
313_RTPV_11,S12,18,0.6594461276202909
313_RTPV_11,S12,19,0.0
313_RTPV_11,S12,20,0.0
313_RTPV_11,S12,21,0.0
313_RTPV_11,S12,22,0.0
313_RTPV_11,S12,23,0.0
313_RTPV_11,S12,24,0.0
313_RTPV_12,S1,1,0.0
313_RTPV_12,S1,2,0.0
313_RTPV_12,S1,3,0.0
313_RTPV_12,S1,4,0.0
313_RTPV_12,S1,5,0.0
313_RTPV_12,S1,6,0.10358066014427124
313_RTPV_12,S1,7,3.983187565187264
313_RTPV_12,S1,8,9.240546365383178
313_RTPV_12,S1,9,12.040900324867392
313_RTPV_12,S1,10,16.546347536951288
313_RTPV_12,S1,11,18.905680612564527
313_RTPV_12,S1,12,19.958886558447308
313_RTPV_12,S1,13,11.47516755434675
313_RTPV_12,S1,14,17.17045508888136
313_RTPV_12,S1,15,13.615303638735691
313_RTPV_12,S1,16,10.519981284036554
313_RTPV_12,S1,17,4.844641702192046
313_RTPV_12,S1,18,0.0
313_RTPV_12,S1,19,0.0
313_RTPV_12,S1,20,0.0
313_RTPV_12,S1,21,0.0
313_RTPV_12,S1,22,0.0
313_RTPV_12,S1,23,0.0
313_RTPV_12,S1,24,0.0
313_RTPV_12,S2,1,0.0
313_RTPV_12,S2,2,0.0
313_RTPV_12,S2,3,0.0
313_RTPV_12,S2,4,0.0
313_RTPV_12,S2,5,0.0
313_RTPV_12,S2,6,0.0
313_RTPV_12,S2,7,0.0
313_RTPV_12,S2,8,5.254537944440516
313_RTPV_12,S2,9,12.385849143970434
313_RTPV_12,S2,10,18.037539962400682
313_RTPV_12,S2,11,20.32356125712531
313_RTPV_12,S2,12,21.239423309347874
313_RTPV_12,S2,13,20.645943981863173
313_RTPV_12,S2,14,18.095352531002895
313_RTPV_12,S2,15,12.92999905990973
313_RTPV_12,S2,16,5.416704573221099
313_RTPV_12,S2,17,0.0
313_RTPV_12,S2,18,0.0
313_RTPV_12,S2,19,0.0
313_RTPV_12,S2,20,0.0
313_RTPV_12,S2,21,0.0
313_RTPV_12,S2,22,0.0
313_RTPV_12,S2,23,0.0
313_RTPV_12,S2,24,0.0
313_RTPV_12,S3,1,0.0
313_RTPV_12,S3,2,0.0
313_RTPV_12,S3,3,0.0
313_RTPV_12,S3,4,0.0
313_RTPV_12,S3,5,0.0
313_RTPV_12,S3,6,0.0
313_RTPV_12,S3,7,3.9245976125856052
313_RTPV_12,S3,8,10.15963459215467
313_RTPV_12,S3,9,16.629179685410303
313_RTPV_12,S3,10,22.121451208265256
313_RTPV_12,S3,11,23.274268592412035
313_RTPV_12,S3,12,23.882984323731957
313_RTPV_12,S3,13,23.534624650632004
313_RTPV_12,S3,14,22.650599822187115
313_RTPV_12,S3,15,17.671441643192924
313_RTPV_12,S3,16,12.60653112144225
313_RTPV_12,S3,17,5.203099115004556
313_RTPV_12,S3,18,0.0
313_RTPV_12,S3,19,0.0
313_RTPV_12,S3,20,0.0
313_RTPV_12,S3,21,0.0
313_RTPV_12,S3,22,0.0
313_RTPV_12,S3,23,0.0
313_RTPV_12,S3,24,0.0
313_RTPV_12,S4,1,0.0
313_RTPV_12,S4,2,0.0
313_RTPV_12,S4,3,0.0
313_RTPV_12,S4,4,0.0
313_RTPV_12,S4,5,0.0
313_RTPV_12,S4,6,0.0
313_RTPV_12,S4,7,2.934441226872537
313_RTPV_12,S4,8,9.036183555990183
313_RTPV_12,S4,9,14.923229061300274
313_RTPV_12,S4,10,19.294080374847542
313_RTPV_12,S4,11,21.128884964505172
313_RTPV_12,S4,12,24.66673465868004
313_RTPV_12,S4,13,23.66440564592779
313_RTPV_12,S4,14,21.963846216708507
313_RTPV_12,S4,15,18.79345258090156
313_RTPV_12,S4,16,11.974098602504656
313_RTPV_12,S4,17,4.461458467800458
313_RTPV_12,S4,18,0.0
313_RTPV_12,S4,19,0.0
313_RTPV_12,S4,20,0.0
313_RTPV_12,S4,21,0.0
313_RTPV_12,S4,22,0.0
313_RTPV_12,S4,23,0.0
313_RTPV_12,S4,24,0.0
313_RTPV_12,S5,1,0.0
313_RTPV_12,S5,2,0.0
313_RTPV_12,S5,3,0.0
313_RTPV_12,S5,4,0.0
313_RTPV_12,S5,5,0.0
313_RTPV_12,S5,6,0.0
313_RTPV_12,S5,7,0.0
313_RTPV_12,S5,8,5.538288881125908
313_RTPV_12,S5,9,11.60480474685901
313_RTPV_12,S5,10,15.823156525393912
313_RTPV_12,S5,11,19.574088150431162
313_RTPV_12,S5,12,21.313960167683284
313_RTPV_12,S5,13,20.854743979771737
313_RTPV_12,S5,14,17.29115026480788
313_RTPV_12,S5,15,12.333962184475329
313_RTPV_12,S5,16,4.120846942514318
313_RTPV_12,S5,17,0.0
313_RTPV_12,S5,18,0.0
313_RTPV_12,S5,19,0.0
313_RTPV_12,S5,20,0.0
313_RTPV_12,S5,21,0.0
313_RTPV_12,S5,22,0.0
313_RTPV_12,S5,23,0.0
313_RTPV_12,S5,24,0.0
313_RTPV_12,S6,1,0.0
313_RTPV_12,S6,2,0.0
313_RTPV_12,S6,3,0.0
313_RTPV_12,S6,4,0.0
313_RTPV_12,S6,5,0.0
313_RTPV_12,S6,6,0.12300273845401812
313_RTPV_12,S6,7,2.8266737029120796
313_RTPV_12,S6,8,5.805330646681104
313_RTPV_12,S6,9,9.300179515670873
313_RTPV_12,S6,10,10.545396711758928
313_RTPV_12,S6,11,11.7771376469887
313_RTPV_12,S6,12,12.85202163913233
313_RTPV_12,S6,13,12.389237445048913
313_RTPV_12,S6,14,11.65471012147024
313_RTPV_12,S6,15,10.421601350397019
313_RTPV_12,S6,16,7.725556444151896
313_RTPV_12,S6,17,4.070352866783492
313_RTPV_12,S6,18,0.3628513887550129
313_RTPV_12,S6,19,0.0
313_RTPV_12,S6,20,0.0
313_RTPV_12,S6,21,0.0
313_RTPV_12,S6,22,0.0
313_RTPV_12,S6,23,0.0
313_RTPV_12,S6,24,0.0
313_RTPV_12,S7,1,0.0
313_RTPV_12,S7,2,0.0
313_RTPV_12,S7,3,0.0
313_RTPV_12,S7,4,0.0
313_RTPV_12,S7,5,0.0
313_RTPV_12,S7,6,0.0
313_RTPV_12,S7,7,3.8339874261944376
313_RTPV_12,S7,8,9.040625620492191
313_RTPV_12,S7,9,14.928716886976652
313_RTPV_12,S7,10,18.512305645912676
313_RTPV_12,S7,11,20.816636829499288
313_RTPV_12,S7,12,20.41494600852132
313_RTPV_12,S7,13,19.79610289383389
313_RTPV_12,S7,14,17.864103257720455
313_RTPV_12,S7,15,15.49624343482074
313_RTPV_12,S7,16,10.019386427215808
313_RTPV_12,S7,17,3.002712504841695
313_RTPV_12,S7,18,0.0
313_RTPV_12,S7,19,0.0
313_RTPV_12,S7,20,0.0
313_RTPV_12,S7,21,0.0
313_RTPV_12,S7,22,0.0
313_RTPV_12,S7,23,0.0
313_RTPV_12,S7,24,0.0
313_RTPV_12,S8,1,0.0
313_RTPV_12,S8,2,0.0
313_RTPV_12,S8,3,0.0
313_RTPV_12,S8,4,0.0
313_RTPV_12,S8,5,0.0
313_RTPV_12,S8,6,0.0
313_RTPV_12,S8,7,0.0
313_RTPV_12,S8,8,4.400994716741548
313_RTPV_12,S8,9,10.829349561705621
313_RTPV_12,S8,10,15.587684147013997
313_RTPV_12,S8,11,17.88088236651951
313_RTPV_12,S8,12,19.583702024474096
313_RTPV_12,S8,13,19.391276855074953
313_RTPV_12,S8,14,16.651915742144347
313_RTPV_12,S8,15,12.749513727041728
313_RTPV_12,S8,16,7.12784653450087
313_RTPV_12,S8,17,0.0
313_RTPV_12,S8,18,0.0
313_RTPV_12,S8,19,0.0
313_RTPV_12,S8,20,0.0
313_RTPV_12,S8,21,0.0
313_RTPV_12,S8,22,0.0
313_RTPV_12,S8,23,0.0
313_RTPV_12,S8,24,0.0
313_RTPV_12,S9,1,0.0
313_RTPV_12,S9,2,0.0
313_RTPV_12,S9,3,0.0
313_RTPV_12,S9,4,0.0
313_RTPV_12,S9,5,0.0
313_RTPV_12,S9,6,0.0
313_RTPV_12,S9,7,0.314322002128376
313_RTPV_12,S9,8,5.407274698108154
313_RTPV_12,S9,9,13.876663117647302
313_RTPV_12,S9,10,16.293708803194914
313_RTPV_12,S9,11,20.799673024045465
313_RTPV_12,S9,12,23.761283227586667
313_RTPV_12,S9,13,26.809836806655216
313_RTPV_12,S9,14,23.074378660461917
313_RTPV_12,S9,15,19.13379503454901
313_RTPV_12,S9,16,13.074294890415917
313_RTPV_12,S9,17,7.471038919753261
313_RTPV_12,S9,18,0.28913416757231825
313_RTPV_12,S9,19,0.0
313_RTPV_12,S9,20,0.0
313_RTPV_12,S9,21,0.0
313_RTPV_12,S9,22,0.0
313_RTPV_12,S9,23,0.0
313_RTPV_12,S9,24,0.0
313_RTPV_12,S10,1,0.0
313_RTPV_12,S10,2,0.0
313_RTPV_12,S10,3,0.0
313_RTPV_12,S10,4,0.0
313_RTPV_12,S10,5,0.0
313_RTPV_12,S10,6,0.0
313_RTPV_12,S10,7,0.0
313_RTPV_12,S10,8,6.329843973661062
313_RTPV_12,S10,9,12.314335991358114
313_RTPV_12,S10,10,17.532510082471653
313_RTPV_12,S10,11,19.185988174212866
313_RTPV_12,S10,12,20.835423408310866
313_RTPV_12,S10,13,19.103223990270966
313_RTPV_12,S10,14,16.375219774813797
313_RTPV_12,S10,15,11.513681118059475
313_RTPV_12,S10,16,4.133112897127877
313_RTPV_12,S10,17,0.0
313_RTPV_12,S10,18,0.0
313_RTPV_12,S10,19,0.0
313_RTPV_12,S10,20,0.0
313_RTPV_12,S10,21,0.0
313_RTPV_12,S10,22,0.0
313_RTPV_12,S10,23,0.0
313_RTPV_12,S10,24,0.0
313_RTPV_12,S11,1,0.0
313_RTPV_12,S11,2,0.0
313_RTPV_12,S11,3,0.0
313_RTPV_12,S11,4,0.0
313_RTPV_12,S11,5,0.0
313_RTPV_12,S11,6,0.0
313_RTPV_12,S11,7,0.0
313_RTPV_12,S11,8,4.918580092328051
313_RTPV_12,S11,9,10.848862989672494
313_RTPV_12,S11,10,15.19920796685008
313_RTPV_12,S11,11,19.45368437631179
313_RTPV_12,S11,12,22.06376959967763
313_RTPV_12,S11,13,21.905418552226923
313_RTPV_12,S11,14,19.46234579659657
313_RTPV_12,S11,15,16.386939317828116
313_RTPV_12,S11,16,9.3179964138367
313_RTPV_12,S11,17,0.5982911399035464
313_RTPV_12,S11,18,0.0
313_RTPV_12,S11,19,0.0
313_RTPV_12,S11,20,0.0
313_RTPV_12,S11,21,0.0
313_RTPV_12,S11,22,0.0
313_RTPV_12,S11,23,0.0
313_RTPV_12,S11,24,0.0
313_RTPV_12,S12,1,0.0
313_RTPV_12,S12,2,0.0
313_RTPV_12,S12,3,0.0
313_RTPV_12,S12,4,0.0
313_RTPV_12,S12,5,0.0
313_RTPV_12,S12,6,0.06184860311661047
313_RTPV_12,S12,7,2.608615148107041
313_RTPV_12,S12,8,5.58376656360137
313_RTPV_12,S12,9,8.445037351673687
313_RTPV_12,S12,10,10.319823367819215
313_RTPV_12,S12,11,10.197910343399444
313_RTPV_12,S12,12,1.1797498743476005
313_RTPV_12,S12,13,5.332289404166955
313_RTPV_12,S12,14,8.70044366993202
313_RTPV_12,S12,15,2.602414462165942
313_RTPV_12,S12,16,0.057194472613737564
313_RTPV_12,S12,17,1.9464224272563746
313_RTPV_12,S12,18,0.18630301281464806
313_RTPV_12,S12,19,0.0
313_RTPV_12,S12,20,0.0
313_RTPV_12,S12,21,0.0
313_RTPV_12,S12,22,0.0
313_RTPV_12,S12,23,0.0
313_RTPV_12,S12,24,0.0
320_RTPV_1,S1,1,0.0
320_RTPV_1,S1,2,0.0
320_RTPV_1,S1,3,0.0
320_RTPV_1,S1,4,0.0
320_RTPV_1,S1,5,0.0
320_RTPV_1,S1,6,0.09718221475446748
320_RTPV_1,S1,7,4.176709673015134
320_RTPV_1,S1,8,8.895880951468376
320_RTPV_1,S1,9,12.030397647187803
320_RTPV_1,S1,10,16.037302576813378
320_RTPV_1,S1,11,19.33032333220007
320_RTPV_1,S1,12,19.903238048620278
320_RTPV_1,S1,13,12.076023431309528
320_RTPV_1,S1,14,17.392080176993876
320_RTPV_1,S1,15,14.37181363272099
320_RTPV_1,S1,16,11.11278303266626
320_RTPV_1,S1,17,5.035176307782168
320_RTPV_1,S1,18,0.0
320_RTPV_1,S1,19,0.0
320_RTPV_1,S1,20,0.0
320_RTPV_1,S1,21,0.0
320_RTPV_1,S1,22,0.0
320_RTPV_1,S1,23,0.0
320_RTPV_1,S1,24,0.0
320_RTPV_1,S2,1,0.0
320_RTPV_1,S2,2,0.0
320_RTPV_1,S2,3,0.0
320_RTPV_1,S2,4,0.0
320_RTPV_1,S2,5,0.0
320_RTPV_1,S2,6,0.0
320_RTPV_1,S2,7,0.0
320_RTPV_1,S2,8,5.2871400184880635
320_RTPV_1,S2,9,12.547487751782237
320_RTPV_1,S2,10,17.110750576166637
320_RTPV_1,S2,11,19.7537282933097
320_RTPV_1,S2,12,22.21876567849731
320_RTPV_1,S2,13,20.867181287325593
320_RTPV_1,S2,14,18.28132798803395
320_RTPV_1,S2,15,12.417648278016566
320_RTPV_1,S2,16,5.477199804667383
320_RTPV_1,S2,17,0.0
320_RTPV_1,S2,18,0.0
320_RTPV_1,S2,19,0.0
320_RTPV_1,S2,20,0.0
320_RTPV_1,S2,21,0.0
320_RTPV_1,S2,22,0.0
320_RTPV_1,S2,23,0.0
320_RTPV_1,S2,24,0.0
320_RTPV_1,S3,1,0.0
320_RTPV_1,S3,2,0.0
320_RTPV_1,S3,3,0.0
320_RTPV_1,S3,4,0.0
320_RTPV_1,S3,5,0.0
320_RTPV_1,S3,6,0.0
320_RTPV_1,S3,7,3.9513064473727733
320_RTPV_1,S3,8,10.678019119872197
320_RTPV_1,S3,9,17.57106824024708
320_RTPV_1,S3,10,22.138687237134114
320_RTPV_1,S3,11,24.207198774113994
320_RTPV_1,S3,12,23.35461161435347
320_RTPV_1,S3,13,24.846678652757653
320_RTPV_1,S3,14,21.36269972689568
320_RTPV_1,S3,15,18.753322708621226
320_RTPV_1,S3,16,12.642729903628906
320_RTPV_1,S3,17,5.269804554672983
320_RTPV_1,S3,18,0.0
320_RTPV_1,S3,19,0.0
320_RTPV_1,S3,20,0.0
320_RTPV_1,S3,21,0.0
320_RTPV_1,S3,22,0.0
320_RTPV_1,S3,23,0.0
320_RTPV_1,S3,24,0.0
320_RTPV_1,S4,1,0.0
320_RTPV_1,S4,2,0.0
320_RTPV_1,S4,3,0.0
320_RTPV_1,S4,4,0.0
320_RTPV_1,S4,5,0.0
320_RTPV_1,S4,6,0.0
320_RTPV_1,S4,7,3.12113072959253
320_RTPV_1,S4,8,9.332064695506965
320_RTPV_1,S4,9,14.8825157370379
320_RTPV_1,S4,10,18.959066074135272
320_RTPV_1,S4,11,22.555306141134043
320_RTPV_1,S4,12,24.196678427416234
320_RTPV_1,S4,13,24.624672537499826
320_RTPV_1,S4,14,20.883189323901902
320_RTPV_1,S4,15,17.819886886579884
320_RTPV_1,S4,16,11.701864750875075
320_RTPV_1,S4,17,4.177860654753522
320_RTPV_1,S4,18,0.0
320_RTPV_1,S4,19,0.0
320_RTPV_1,S4,20,0.0
320_RTPV_1,S4,21,0.0
320_RTPV_1,S4,22,0.0
320_RTPV_1,S4,23,0.0
320_RTPV_1,S4,24,0.0
320_RTPV_1,S5,1,0.0
320_RTPV_1,S5,2,0.0
320_RTPV_1,S5,3,0.0
320_RTPV_1,S5,4,0.0
320_RTPV_1,S5,5,0.0
320_RTPV_1,S5,6,0.0
320_RTPV_1,S5,7,0.0
320_RTPV_1,S5,8,5.158323432450787
320_RTPV_1,S5,9,11.229459318872747
320_RTPV_1,S5,10,15.560786814909779
320_RTPV_1,S5,11,19.488251603637174
320_RTPV_1,S5,12,21.4288733661902
320_RTPV_1,S5,13,20.485719275022184
320_RTPV_1,S5,14,18.116337308985003
320_RTPV_1,S5,15,12.320221984678025
320_RTPV_1,S5,16,4.048725245083567
320_RTPV_1,S5,17,0.0
320_RTPV_1,S5,18,0.0
320_RTPV_1,S5,19,0.0
320_RTPV_1,S5,20,0.0
320_RTPV_1,S5,21,0.0
320_RTPV_1,S5,22,0.0
320_RTPV_1,S5,23,0.0
320_RTPV_1,S5,24,0.0
320_RTPV_1,S6,1,0.0
320_RTPV_1,S6,2,0.0
320_RTPV_1,S6,3,0.0
320_RTPV_1,S6,4,0.0
320_RTPV_1,S6,5,0.0
320_RTPV_1,S6,6,0.11969513735747604
320_RTPV_1,S6,7,2.859163071725842
320_RTPV_1,S6,8,5.61491793428216
320_RTPV_1,S6,9,9.271332182184594
320_RTPV_1,S6,10,10.660290062069322
320_RTPV_1,S6,11,12.895035348700269
320_RTPV_1,S6,12,13.378563783479597
320_RTPV_1,S6,13,13.159746384967216
320_RTPV_1,S6,14,11.399691431881056
320_RTPV_1,S6,15,10.761860694217958
320_RTPV_1,S6,16,7.972379411016967
320_RTPV_1,S6,17,4.402668686435487
320_RTPV_1,S6,18,0.36841317281277414
320_RTPV_1,S6,19,0.0
320_RTPV_1,S6,20,0.0
320_RTPV_1,S6,21,0.0
320_RTPV_1,S6,22,0.0
320_RTPV_1,S6,23,0.0
320_RTPV_1,S6,24,0.0
320_RTPV_1,S7,1,0.0
320_RTPV_1,S7,2,0.0
320_RTPV_1,S7,3,0.0
320_RTPV_1,S7,4,0.0
320_RTPV_1,S7,5,0.0
320_RTPV_1,S7,6,0.0
320_RTPV_1,S7,7,3.8594954766796765
320_RTPV_1,S7,8,9.42044420664231
320_RTPV_1,S7,9,15.286055632166292
320_RTPV_1,S7,10,18.58062285710866
320_RTPV_1,S7,11,20.797254048330526
320_RTPV_1,S7,12,20.83615741183029
320_RTPV_1,S7,13,20.272693451256906
320_RTPV_1,S7,14,17.73692087962534
320_RTPV_1,S7,15,15.58463920367738
320_RTPV_1,S7,16,9.775136321210944
320_RTPV_1,S7,17,3.1693140795162886
320_RTPV_1,S7,18,0.0
320_RTPV_1,S7,19,0.0
320_RTPV_1,S7,20,0.0
320_RTPV_1,S7,21,0.0
320_RTPV_1,S7,22,0.0
320_RTPV_1,S7,23,0.0
320_RTPV_1,S7,24,0.0
320_RTPV_1,S8,1,0.0
320_RTPV_1,S8,2,0.0
320_RTPV_1,S8,3,0.0
320_RTPV_1,S8,4,0.0
320_RTPV_1,S8,5,0.0
320_RTPV_1,S8,6,0.0
320_RTPV_1,S8,7,0.0
320_RTPV_1,S8,8,4.3206529966340295
320_RTPV_1,S8,9,11.077506204291051
320_RTPV_1,S8,10,15.898245310883583
320_RTPV_1,S8,11,16.910873886262102
320_RTPV_1,S8,12,19.933128257720295
320_RTPV_1,S8,13,19.33335768847465
320_RTPV_1,S8,14,17.674003114386917
320_RTPV_1,S8,15,12.789524914793919
320_RTPV_1,S8,16,6.809175377835066
320_RTPV_1,S8,17,0.0
320_RTPV_1,S8,18,0.0
320_RTPV_1,S8,19,0.0
320_RTPV_1,S8,20,0.0
320_RTPV_1,S8,21,0.0
320_RTPV_1,S8,22,0.0
320_RTPV_1,S8,23,0.0
320_RTPV_1,S8,24,0.0
320_RTPV_1,S9,1,0.0
320_RTPV_1,S9,2,0.0
320_RTPV_1,S9,3,0.0
320_RTPV_1,S9,4,0.0
320_RTPV_1,S9,5,0.0
320_RTPV_1,S9,6,0.0
320_RTPV_1,S9,7,0.2917787854027243
320_RTPV_1,S9,8,5.571341706063226
320_RTPV_1,S9,9,14.285962963095686
320_RTPV_1,S9,10,16.025302421822822
320_RTPV_1,S9,11,21.435051906776334
320_RTPV_1,S9,12,23.968970509293328
320_RTPV_1,S9,13,25.99765617207554
320_RTPV_1,S9,14,24.132381704649358
320_RTPV_1,S9,15,19.283264339442788
320_RTPV_1,S9,16,13.900687034612366
320_RTPV_1,S9,17,7.07067013742589
320_RTPV_1,S9,18,0.29645656047114727
320_RTPV_1,S9,19,0.0
320_RTPV_1,S9,20,0.0
320_RTPV_1,S9,21,0.0
320_RTPV_1,S9,22,0.0
320_RTPV_1,S9,23,0.0
320_RTPV_1,S9,24,0.0
320_RTPV_1,S10,1,0.0
320_RTPV_1,S10,2,0.0
320_RTPV_1,S10,3,0.0
320_RTPV_1,S10,4,0.0
320_RTPV_1,S10,5,0.0
320_RTPV_1,S10,6,0.0
320_RTPV_1,S10,7,0.0
320_RTPV_1,S10,8,6.936103056082784
320_RTPV_1,S10,9,12.086370513730222
320_RTPV_1,S10,10,16.300712477550384
320_RTPV_1,S10,11,18.24159896230047
320_RTPV_1,S10,12,19.085701747981346
320_RTPV_1,S10,13,19.515481450782712
320_RTPV_1,S10,14,16.945405759598696
320_RTPV_1,S10,15,11.151472983567622
320_RTPV_1,S10,16,4.353970120097145
320_RTPV_1,S10,17,0.0
320_RTPV_1,S10,18,0.0
320_RTPV_1,S10,19,0.0
320_RTPV_1,S10,20,0.0
320_RTPV_1,S10,21,0.0
320_RTPV_1,S10,22,0.0
320_RTPV_1,S10,23,0.0
320_RTPV_1,S10,24,0.0
320_RTPV_1,S11,1,0.0
320_RTPV_1,S11,2,0.0
320_RTPV_1,S11,3,0.0
320_RTPV_1,S11,4,0.0
320_RTPV_1,S11,5,0.0
320_RTPV_1,S11,6,0.0
320_RTPV_1,S11,7,0.0
320_RTPV_1,S11,8,4.811735228569004
320_RTPV_1,S11,9,11.333686485933187
320_RTPV_1,S11,10,16.408761284468525
320_RTPV_1,S11,11,20.47890613862304
320_RTPV_1,S11,12,22.0315610534828
320_RTPV_1,S11,13,21.821173610774576
320_RTPV_1,S11,14,20.42943213750697
320_RTPV_1,S11,15,16.785264573465646
320_RTPV_1,S11,16,8.78811661590218
320_RTPV_1,S11,17,0.5961022743498361
320_RTPV_1,S11,18,0.0
320_RTPV_1,S11,19,0.0
320_RTPV_1,S11,20,0.0
320_RTPV_1,S11,21,0.0
320_RTPV_1,S11,22,0.0
320_RTPV_1,S11,23,0.0
320_RTPV_1,S11,24,0.0
320_RTPV_1,S12,1,0.0
320_RTPV_1,S12,2,0.0
320_RTPV_1,S12,3,0.0
320_RTPV_1,S12,4,0.0
320_RTPV_1,S12,5,0.0
320_RTPV_1,S12,6,0.0593007822600371
320_RTPV_1,S12,7,2.5398707668012093
320_RTPV_1,S12,8,5.780618440687327
320_RTPV_1,S12,9,8.158993909478436
320_RTPV_1,S12,10,9.988340781292345
320_RTPV_1,S12,11,9.92833468037765
320_RTPV_1,S12,12,1.0880685786678577
320_RTPV_1,S12,13,5.248203583332462
320_RTPV_1,S12,14,8.825120739040186
320_RTPV_1,S12,15,2.5632335938866713
320_RTPV_1,S12,16,0.05790607383284231
320_RTPV_1,S12,17,1.8966023817263256
320_RTPV_1,S12,18,0.17944257052200976
320_RTPV_1,S12,19,0.0
320_RTPV_1,S12,20,0.0
320_RTPV_1,S12,21,0.0
320_RTPV_1,S12,22,0.0
320_RTPV_1,S12,23,0.0
320_RTPV_1,S12,24,0.0
320_RTPV_2,S1,1,0.0
320_RTPV_2,S1,2,0.0
320_RTPV_2,S1,3,0.0
320_RTPV_2,S1,4,0.0
320_RTPV_2,S1,5,0.0
320_RTPV_2,S1,6,0.10030064526683713
320_RTPV_2,S1,7,4.02965612368004
320_RTPV_2,S1,8,9.124173522963492
320_RTPV_2,S1,9,12.326161564826123
320_RTPV_2,S1,10,16.028497627401322
320_RTPV_2,S1,11,19.935915565183976
320_RTPV_2,S1,12,18.99158763188534
320_RTPV_2,S1,13,11.497230791741485
320_RTPV_2,S1,14,17.330698189822623
320_RTPV_2,S1,15,14.429978787620417
320_RTPV_2,S1,16,10.539737269739778
320_RTPV_2,S1,17,5.029130426287648
320_RTPV_2,S1,18,0.0
320_RTPV_2,S1,19,0.0
320_RTPV_2,S1,20,0.0
320_RTPV_2,S1,21,0.0
320_RTPV_2,S1,22,0.0
320_RTPV_2,S1,23,0.0
320_RTPV_2,S1,24,0.0
320_RTPV_2,S2,1,0.0
320_RTPV_2,S2,2,0.0
320_RTPV_2,S2,3,0.0
320_RTPV_2,S2,4,0.0
320_RTPV_2,S2,5,0.0
320_RTPV_2,S2,6,0.0
320_RTPV_2,S2,7,0.0
320_RTPV_2,S2,8,5.428943107617158
320_RTPV_2,S2,9,12.60729112507005
320_RTPV_2,S2,10,16.891438908389468
320_RTPV_2,S2,11,21.0518190469722
320_RTPV_2,S2,12,22.18029435217274
320_RTPV_2,S2,13,20.76755424046814
320_RTPV_2,S2,14,17.64726209855791
320_RTPV_2,S2,15,12.854564231515678
320_RTPV_2,S2,16,5.319461258436532
320_RTPV_2,S2,17,0.0
320_RTPV_2,S2,18,0.0
320_RTPV_2,S2,19,0.0
320_RTPV_2,S2,20,0.0
320_RTPV_2,S2,21,0.0
320_RTPV_2,S2,22,0.0
320_RTPV_2,S2,23,0.0
320_RTPV_2,S2,24,0.0
320_RTPV_2,S3,1,0.0
320_RTPV_2,S3,2,0.0
320_RTPV_2,S3,3,0.0
320_RTPV_2,S3,4,0.0
320_RTPV_2,S3,5,0.0
320_RTPV_2,S3,6,0.0
320_RTPV_2,S3,7,3.907231291946813
320_RTPV_2,S3,8,9.95316972605977
320_RTPV_2,S3,9,16.327706807342732
320_RTPV_2,S3,10,22.20454732450952
320_RTPV_2,S3,11,24.289198045907643
320_RTPV_2,S3,12,23.655488574738172
320_RTPV_2,S3,13,24.994879817077866
320_RTPV_2,S3,14,22.997647235696057
320_RTPV_2,S3,15,17.50059897053551
320_RTPV_2,S3,16,12.809033241090681
320_RTPV_2,S3,17,5.465714937093871
320_RTPV_2,S3,18,0.0
320_RTPV_2,S3,19,0.0
320_RTPV_2,S3,20,0.0
320_RTPV_2,S3,21,0.0
320_RTPV_2,S3,22,0.0
320_RTPV_2,S3,23,0.0
320_RTPV_2,S3,24,0.0
320_RTPV_2,S4,1,0.0
320_RTPV_2,S4,2,0.0
320_RTPV_2,S4,3,0.0
320_RTPV_2,S4,4,0.0
320_RTPV_2,S4,5,0.0
320_RTPV_2,S4,6,0.0
320_RTPV_2,S4,7,3.0540130417277647
320_RTPV_2,S4,8,8.913857055386597
320_RTPV_2,S4,9,14.912945632435497
320_RTPV_2,S4,10,19.584417952450533
320_RTPV_2,S4,11,21.455405036508566
320_RTPV_2,S4,12,22.872344441462072
320_RTPV_2,S4,13,23.1794780176441
320_RTPV_2,S4,14,21.56233011072165
320_RTPV_2,S4,15,18.282813648069155
320_RTPV_2,S4,16,10.98672279194533
320_RTPV_2,S4,17,4.378783172931694
320_RTPV_2,S4,18,0.0
320_RTPV_2,S4,19,0.0
320_RTPV_2,S4,20,0.0
320_RTPV_2,S4,21,0.0
320_RTPV_2,S4,22,0.0
320_RTPV_2,S4,23,0.0
320_RTPV_2,S4,24,0.0
320_RTPV_2,S5,1,0.0
320_RTPV_2,S5,2,0.0
320_RTPV_2,S5,3,0.0
320_RTPV_2,S5,4,0.0
320_RTPV_2,S5,5,0.0
320_RTPV_2,S5,6,0.0
320_RTPV_2,S5,7,0.0
320_RTPV_2,S5,8,5.361750554679409
320_RTPV_2,S5,9,10.765400288943624
320_RTPV_2,S5,10,15.77662355168958
320_RTPV_2,S5,11,19.528673019516148
320_RTPV_2,S5,12,19.740240830894994
320_RTPV_2,S5,13,20.784451155654946
320_RTPV_2,S5,14,16.59766990740239
320_RTPV_2,S5,15,11.520648475504952
320_RTPV_2,S5,16,4.088802828367282
320_RTPV_2,S5,17,0.0
320_RTPV_2,S5,18,0.0
320_RTPV_2,S5,19,0.0
320_RTPV_2,S5,20,0.0
320_RTPV_2,S5,21,0.0
320_RTPV_2,S5,22,0.0
320_RTPV_2,S5,23,0.0
320_RTPV_2,S5,24,0.0
320_RTPV_2,S6,1,0.0
320_RTPV_2,S6,2,0.0
320_RTPV_2,S6,3,0.0
320_RTPV_2,S6,4,0.0
320_RTPV_2,S6,5,0.0
320_RTPV_2,S6,6,0.12550405626440347
320_RTPV_2,S6,7,2.7636044318470914
320_RTPV_2,S6,8,5.9425631830480175
320_RTPV_2,S6,9,8.729840580444888
320_RTPV_2,S6,10,11.200974170992895
320_RTPV_2,S6,11,12.361434550140679
320_RTPV_2,S6,12,12.55392939916208
320_RTPV_2,S6,13,12.374643029241335
320_RTPV_2,S6,14,11.903255133227454
320_RTPV_2,S6,15,10.264569130342368
320_RTPV_2,S6,16,7.924003697245553
320_RTPV_2,S6,17,4.084550937070003
320_RTPV_2,S6,18,0.3740742387734718
320_RTPV_2,S6,19,0.0
320_RTPV_2,S6,20,0.0
320_RTPV_2,S6,21,0.0
320_RTPV_2,S6,22,0.0
320_RTPV_2,S6,23,0.0
320_RTPV_2,S6,24,0.0
320_RTPV_2,S7,1,0.0
320_RTPV_2,S7,2,0.0
320_RTPV_2,S7,3,0.0
320_RTPV_2,S7,4,0.0
320_RTPV_2,S7,5,0.0
320_RTPV_2,S7,6,0.0
320_RTPV_2,S7,7,3.688521116832119
320_RTPV_2,S7,8,9.642855506457531
320_RTPV_2,S7,9,15.097777645566627
320_RTPV_2,S7,10,18.822790273664783
320_RTPV_2,S7,11,19.48264949844286
320_RTPV_2,S7,12,21.3919512107076
320_RTPV_2,S7,13,21.12436621543889
320_RTPV_2,S7,14,18.88057930054692
320_RTPV_2,S7,15,15.553937589921222
320_RTPV_2,S7,16,9.658421995280575
320_RTPV_2,S7,17,3.103168105421898
320_RTPV_2,S7,18,0.0
320_RTPV_2,S7,19,0.0
320_RTPV_2,S7,20,0.0
320_RTPV_2,S7,21,0.0
320_RTPV_2,S7,22,0.0
320_RTPV_2,S7,23,0.0
320_RTPV_2,S7,24,0.0
320_RTPV_2,S8,1,0.0
320_RTPV_2,S8,2,0.0
320_RTPV_2,S8,3,0.0
320_RTPV_2,S8,4,0.0
320_RTPV_2,S8,5,0.0
320_RTPV_2,S8,6,0.0
320_RTPV_2,S8,7,0.0
320_RTPV_2,S8,8,4.373688181794237
320_RTPV_2,S8,9,10.388258677403764
320_RTPV_2,S8,10,15.719340969042374
320_RTPV_2,S8,11,17.762841191247134
320_RTPV_2,S8,12,18.518400929573545
320_RTPV_2,S8,13,18.477003063757294
320_RTPV_2,S8,14,16.75988442928849
320_RTPV_2,S8,15,12.88179993039171
320_RTPV_2,S8,16,7.0888906577055515
320_RTPV_2,S8,17,0.0
320_RTPV_2,S8,18,0.0
320_RTPV_2,S8,19,0.0
320_RTPV_2,S8,20,0.0
320_RTPV_2,S8,21,0.0
320_RTPV_2,S8,22,0.0
320_RTPV_2,S8,23,0.0
320_RTPV_2,S8,24,0.0
320_RTPV_2,S9,1,0.0
320_RTPV_2,S9,2,0.0
320_RTPV_2,S9,3,0.0
320_RTPV_2,S9,4,0.0
320_RTPV_2,S9,5,0.0
320_RTPV_2,S9,6,0.0
320_RTPV_2,S9,7,0.2915807470390037
320_RTPV_2,S9,8,5.307646673671107
320_RTPV_2,S9,9,13.938074567785282
320_RTPV_2,S9,10,15.845141351484036
320_RTPV_2,S9,11,20.86278869793851
320_RTPV_2,S9,12,22.763041873299503
320_RTPV_2,S9,13,26.393656243258228
320_RTPV_2,S9,14,24.145502577750072
320_RTPV_2,S9,15,18.647904265953397
320_RTPV_2,S9,16,13.74727672988774
320_RTPV_2,S9,17,7.012164301470402
320_RTPV_2,S9,18,0.28754327767472937
320_RTPV_2,S9,19,0.0
320_RTPV_2,S9,20,0.0
320_RTPV_2,S9,21,0.0
320_RTPV_2,S9,22,0.0
320_RTPV_2,S9,23,0.0
320_RTPV_2,S9,24,0.0
320_RTPV_2,S10,1,0.0
320_RTPV_2,S10,2,0.0
320_RTPV_2,S10,3,0.0
320_RTPV_2,S10,4,0.0
320_RTPV_2,S10,5,0.0
320_RTPV_2,S10,6,0.0
320_RTPV_2,S10,7,0.0
320_RTPV_2,S10,8,6.392296548209308
320_RTPV_2,S10,9,12.985133091275587
320_RTPV_2,S10,10,16.693335688602904
320_RTPV_2,S10,11,18.829271529598405
320_RTPV_2,S10,12,19.963542935211603
320_RTPV_2,S10,13,19.27176039518689
320_RTPV_2,S10,14,16.17891642470419
320_RTPV_2,S10,15,10.596936118860798
320_RTPV_2,S10,16,4.1409724210537275
320_RTPV_2,S10,17,0.0
320_RTPV_2,S10,18,0.0
320_RTPV_2,S10,19,0.0
320_RTPV_2,S10,20,0.0
320_RTPV_2,S10,21,0.0
320_RTPV_2,S10,22,0.0
320_RTPV_2,S10,23,0.0
320_RTPV_2,S10,24,0.0
320_RTPV_2,S11,1,0.0
320_RTPV_2,S11,2,0.0
320_RTPV_2,S11,3,0.0
320_RTPV_2,S11,4,0.0
320_RTPV_2,S11,5,0.0
320_RTPV_2,S11,6,0.0
320_RTPV_2,S11,7,0.0
320_RTPV_2,S11,8,4.649124218001146
320_RTPV_2,S11,9,11.169369659244841
320_RTPV_2,S11,10,16.326397065017364
320_RTPV_2,S11,11,19.358945871706187
320_RTPV_2,S11,12,21.050386657969415
320_RTPV_2,S11,13,22.911457251970226
320_RTPV_2,S11,14,19.29710808699996
320_RTPV_2,S11,15,16.35068818494081
320_RTPV_2,S11,16,9.30994257819447
320_RTPV_2,S11,17,0.5820654722918348
320_RTPV_2,S11,18,0.0
320_RTPV_2,S11,19,0.0
320_RTPV_2,S11,20,0.0
320_RTPV_2,S11,21,0.0
320_RTPV_2,S11,22,0.0
320_RTPV_2,S11,23,0.0
320_RTPV_2,S11,24,0.0
320_RTPV_2,S12,1,0.0
320_RTPV_2,S12,2,0.0
320_RTPV_2,S12,3,0.0
320_RTPV_2,S12,4,0.0
320_RTPV_2,S12,5,0.0
320_RTPV_2,S12,6,0.06155825071539656
320_RTPV_2,S12,7,2.588709312039804
320_RTPV_2,S12,8,5.502861407918512
320_RTPV_2,S12,9,8.847277243809481
320_RTPV_2,S12,10,10.794282629057049
320_RTPV_2,S12,11,10.66273560826557
320_RTPV_2,S12,12,1.1879945715088394
320_RTPV_2,S12,13,5.412382110777424
320_RTPV_2,S12,14,9.010488681891019
320_RTPV_2,S12,15,2.752824167547568
320_RTPV_2,S12,16,0.05963245912974416
320_RTPV_2,S12,17,1.9700193741168384
320_RTPV_2,S12,18,0.17582149404116884
320_RTPV_2,S12,19,0.0
320_RTPV_2,S12,20,0.0
320_RTPV_2,S12,21,0.0
320_RTPV_2,S12,22,0.0
320_RTPV_2,S12,23,0.0
320_RTPV_2,S12,24,0.0
320_RTPV_3,S1,1,0.0
320_RTPV_3,S1,2,0.0
320_RTPV_3,S1,3,0.0
320_RTPV_3,S1,4,0.0
320_RTPV_3,S1,5,0.0
320_RTPV_3,S1,6,0.1005179144050366
320_RTPV_3,S1,7,4.0193365776814405
320_RTPV_3,S1,8,9.62156558777295
320_RTPV_3,S1,9,13.185292603723964
320_RTPV_3,S1,10,16.253902491192992
320_RTPV_3,S1,11,15.489560694717536
320_RTPV_3,S1,12,7.680067783192356
320_RTPV_3,S1,13,16.412113706975326
320_RTPV_3,S1,14,14.060690113249953
320_RTPV_3,S1,15,14.733554777332296
320_RTPV_3,S1,16,6.7103552730645655
320_RTPV_3,S1,17,3.454357769054127
320_RTPV_3,S1,18,0.0
320_RTPV_3,S1,19,0.0
320_RTPV_3,S1,20,0.0
320_RTPV_3,S1,21,0.0
320_RTPV_3,S1,22,0.0
320_RTPV_3,S1,23,0.0
320_RTPV_3,S1,24,0.0
320_RTPV_3,S2,1,0.0
320_RTPV_3,S2,2,0.0
320_RTPV_3,S2,3,0.0
320_RTPV_3,S2,4,0.0
320_RTPV_3,S2,5,0.0
320_RTPV_3,S2,6,0.0
320_RTPV_3,S2,7,0.0
320_RTPV_3,S2,8,5.737981508872824
320_RTPV_3,S2,9,12.475147078872151
320_RTPV_3,S2,10,16.97848749989331
320_RTPV_3,S2,11,20.615124718037077
320_RTPV_3,S2,12,21.97896412224679
320_RTPV_3,S2,13,21.08423033690678
320_RTPV_3,S2,14,18.679585478435797
320_RTPV_3,S2,15,12.146668211964913
320_RTPV_3,S2,16,5.0245848405965035
320_RTPV_3,S2,17,0.0
320_RTPV_3,S2,18,0.0
320_RTPV_3,S2,19,0.0
320_RTPV_3,S2,20,0.0
320_RTPV_3,S2,21,0.0
320_RTPV_3,S2,22,0.0
320_RTPV_3,S2,23,0.0
320_RTPV_3,S2,24,0.0
320_RTPV_3,S3,1,0.0
320_RTPV_3,S3,2,0.0
320_RTPV_3,S3,3,0.0
320_RTPV_3,S3,4,0.0
320_RTPV_3,S3,5,0.0
320_RTPV_3,S3,6,0.0
320_RTPV_3,S3,7,3.8645462998064897
320_RTPV_3,S3,8,11.127934659423845
320_RTPV_3,S3,9,17.38403273218002
320_RTPV_3,S3,10,21.27636023062044
320_RTPV_3,S3,11,23.97051322000823
320_RTPV_3,S3,12,25.399201771644172
320_RTPV_3,S3,13,25.456371963163445
320_RTPV_3,S3,14,22.389633207098193
320_RTPV_3,S3,15,17.74742145069256
320_RTPV_3,S3,16,11.619218666125057
320_RTPV_3,S3,17,5.2000731158059645
320_RTPV_3,S3,18,0.0
320_RTPV_3,S3,19,0.0
320_RTPV_3,S3,20,0.0
320_RTPV_3,S3,21,0.0
320_RTPV_3,S3,22,0.0
320_RTPV_3,S3,23,0.0
320_RTPV_3,S3,24,0.0
320_RTPV_3,S4,1,0.0
320_RTPV_3,S4,2,0.0
320_RTPV_3,S4,3,0.0
320_RTPV_3,S4,4,0.0
320_RTPV_3,S4,5,0.0
320_RTPV_3,S4,6,0.0
320_RTPV_3,S4,7,2.911904403759297
320_RTPV_3,S4,8,9.287019475310412
320_RTPV_3,S4,9,15.555506999956446
320_RTPV_3,S4,10,18.85789533926134
320_RTPV_3,S4,11,21.895616606244026
320_RTPV_3,S4,12,23.546059670423755
320_RTPV_3,S4,13,23.268911457480755
320_RTPV_3,S4,14,21.739557926308667
320_RTPV_3,S4,15,18.58791399977042
320_RTPV_3,S4,16,11.182867705099923
320_RTPV_3,S4,17,4.6135198985811074
320_RTPV_3,S4,18,0.0
320_RTPV_3,S4,19,0.0
320_RTPV_3,S4,20,0.0
320_RTPV_3,S4,21,0.0
320_RTPV_3,S4,22,0.0
320_RTPV_3,S4,23,0.0
320_RTPV_3,S4,24,0.0
320_RTPV_3,S5,1,0.0
320_RTPV_3,S5,2,0.0
320_RTPV_3,S5,3,0.0
320_RTPV_3,S5,4,0.0
320_RTPV_3,S5,5,0.0
320_RTPV_3,S5,6,0.0
320_RTPV_3,S5,7,0.0
320_RTPV_3,S5,8,5.766426849043565
320_RTPV_3,S5,9,11.535192804121074
320_RTPV_3,S5,10,16.00889035135846
320_RTPV_3,S5,11,20.837160046140898
320_RTPV_3,S5,12,21.685058665716564
320_RTPV_3,S5,13,20.879712409365535
320_RTPV_3,S5,14,19.106649009868004
320_RTPV_3,S5,15,12.830328940079639
320_RTPV_3,S5,16,5.1151178071649435
320_RTPV_3,S5,17,0.0
320_RTPV_3,S5,18,0.0
320_RTPV_3,S5,19,0.0
320_RTPV_3,S5,20,0.0
320_RTPV_3,S5,21,0.0
320_RTPV_3,S5,22,0.0
320_RTPV_3,S5,23,0.0
320_RTPV_3,S5,24,0.0
320_RTPV_3,S6,1,0.0
320_RTPV_3,S6,2,0.0
320_RTPV_3,S6,3,0.0
320_RTPV_3,S6,4,0.0
320_RTPV_3,S6,5,0.0
320_RTPV_3,S6,6,0.05940174904859005
320_RTPV_3,S6,7,2.5291151073721028
320_RTPV_3,S6,8,6.003696359125781
320_RTPV_3,S6,9,9.306238610268647
320_RTPV_3,S6,10,10.96723936556341
320_RTPV_3,S6,11,12.752208158136174
320_RTPV_3,S6,12,12.916595311869386
320_RTPV_3,S6,13,12.571850629894241
320_RTPV_3,S6,14,11.721881042427183
320_RTPV_3,S6,15,10.52153272783422
320_RTPV_3,S6,16,8.114479169075283
320_RTPV_3,S6,17,4.408483937157219
320_RTPV_3,S6,18,0.4856826634481658
320_RTPV_3,S6,19,0.0
320_RTPV_3,S6,20,0.0
320_RTPV_3,S6,21,0.0
320_RTPV_3,S6,22,0.0
320_RTPV_3,S6,23,0.0
320_RTPV_3,S6,24,0.0
320_RTPV_3,S7,1,0.0
320_RTPV_3,S7,2,0.0
320_RTPV_3,S7,3,0.0
320_RTPV_3,S7,4,0.0
320_RTPV_3,S7,5,0.0
320_RTPV_3,S7,6,0.0
320_RTPV_3,S7,7,3.460075580340906
320_RTPV_3,S7,8,10.332885639038313
320_RTPV_3,S7,9,16.268534752202612
320_RTPV_3,S7,10,19.175572010112145
320_RTPV_3,S7,11,20.42606889405764
320_RTPV_3,S7,12,22.21416499354268
320_RTPV_3,S7,13,21.50741432482574
320_RTPV_3,S7,14,20.16278916466643
320_RTPV_3,S7,15,16.664883422739052
320_RTPV_3,S7,16,10.52872500799749
320_RTPV_3,S7,17,3.8574302668770843
320_RTPV_3,S7,18,0.0
320_RTPV_3,S7,19,0.0
320_RTPV_3,S7,20,0.0
320_RTPV_3,S7,21,0.0
320_RTPV_3,S7,22,0.0
320_RTPV_3,S7,23,0.0
320_RTPV_3,S7,24,0.0
320_RTPV_3,S8,1,0.0
320_RTPV_3,S8,2,0.0
320_RTPV_3,S8,3,0.0
320_RTPV_3,S8,4,0.0
320_RTPV_3,S8,5,0.0
320_RTPV_3,S8,6,0.0
320_RTPV_3,S8,7,0.0
320_RTPV_3,S8,8,4.545078897754168
320_RTPV_3,S8,9,10.625087576496613
320_RTPV_3,S8,10,14.592844375652021
320_RTPV_3,S8,11,17.753627900367448
320_RTPV_3,S8,12,18.666892686472266
320_RTPV_3,S8,13,18.340129229080695
320_RTPV_3,S8,14,16.912875039403858
320_RTPV_3,S8,15,13.587888474071837
320_RTPV_3,S8,16,6.706039439626641
320_RTPV_3,S8,17,0.0
320_RTPV_3,S8,18,0.0
320_RTPV_3,S8,19,0.0
320_RTPV_3,S8,20,0.0
320_RTPV_3,S8,21,0.0
320_RTPV_3,S8,22,0.0
320_RTPV_3,S8,23,0.0
320_RTPV_3,S8,24,0.0
320_RTPV_3,S9,1,0.0
320_RTPV_3,S9,2,0.0
320_RTPV_3,S9,3,0.0
320_RTPV_3,S9,4,0.0
320_RTPV_3,S9,5,0.0
320_RTPV_3,S9,6,0.0
320_RTPV_3,S9,7,0.199032931021337
320_RTPV_3,S9,8,1.3352133573514735
320_RTPV_3,S9,9,15.240580722394409
320_RTPV_3,S9,10,20.72657831447274
320_RTPV_3,S9,11,26.464606903781373
320_RTPV_3,S9,12,26.92451383758517
320_RTPV_3,S9,13,25.513388534646463
320_RTPV_3,S9,14,24.78466980570214
320_RTPV_3,S9,15,20.754561933439685
320_RTPV_3,S9,16,13.5580462574547
320_RTPV_3,S9,17,7.271251251935633
320_RTPV_3,S9,18,0.38644575032391154
320_RTPV_3,S9,19,0.0
320_RTPV_3,S9,20,0.0
320_RTPV_3,S9,21,0.0
320_RTPV_3,S9,22,0.0
320_RTPV_3,S9,23,0.0
320_RTPV_3,S9,24,0.0
320_RTPV_3,S10,1,0.0
320_RTPV_3,S10,2,0.0
320_RTPV_3,S10,3,0.0
320_RTPV_3,S10,4,0.0
320_RTPV_3,S10,5,0.0
320_RTPV_3,S10,6,0.0
320_RTPV_3,S10,7,0.0
320_RTPV_3,S10,8,7.032727981743455
320_RTPV_3,S10,9,13.637789959995533
320_RTPV_3,S10,10,17.887264388242507
320_RTPV_3,S10,11,19.563496536881747
320_RTPV_3,S10,12,20.002169043908374
320_RTPV_3,S10,13,19.946940656207843
320_RTPV_3,S10,14,16.90725332614761
320_RTPV_3,S10,15,11.723362629356235
320_RTPV_3,S10,16,5.025095747195355
320_RTPV_3,S10,17,0.0
320_RTPV_3,S10,18,0.0
320_RTPV_3,S10,19,0.0
320_RTPV_3,S10,20,0.0
320_RTPV_3,S10,21,0.0
320_RTPV_3,S10,22,0.0
320_RTPV_3,S10,23,0.0
320_RTPV_3,S10,24,0.0
320_RTPV_3,S11,1,0.0
320_RTPV_3,S11,2,0.0
320_RTPV_3,S11,3,0.0
320_RTPV_3,S11,4,0.0
320_RTPV_3,S11,5,0.0
320_RTPV_3,S11,6,0.0
320_RTPV_3,S11,7,0.0
320_RTPV_3,S11,8,4.9541628261435795
320_RTPV_3,S11,9,10.745020502220363
320_RTPV_3,S11,10,15.734307127140218
320_RTPV_3,S11,11,20.43463253507046
320_RTPV_3,S11,12,21.822393060599452
320_RTPV_3,S11,13,20.70461963677325
320_RTPV_3,S11,14,20.22467452120302
320_RTPV_3,S11,15,16.12299269228857
320_RTPV_3,S11,16,9.282959816701426
320_RTPV_3,S11,17,0.6832742632477663
320_RTPV_3,S11,18,0.0
320_RTPV_3,S11,19,0.0
320_RTPV_3,S11,20,0.0
320_RTPV_3,S11,21,0.0
320_RTPV_3,S11,22,0.0
320_RTPV_3,S11,23,0.0
320_RTPV_3,S11,24,0.0
320_RTPV_3,S12,1,0.0
320_RTPV_3,S12,2,0.0
320_RTPV_3,S12,3,0.0
320_RTPV_3,S12,4,0.0
320_RTPV_3,S12,5,0.0
320_RTPV_3,S12,6,0.06123274416756746
320_RTPV_3,S12,7,2.4350445163774657
320_RTPV_3,S12,8,5.357669164951682
320_RTPV_3,S12,9,8.746402763996006
320_RTPV_3,S12,10,8.05509389689538
320_RTPV_3,S12,11,8.095247571636975
320_RTPV_3,S12,12,8.272806792176137
320_RTPV_3,S12,13,10.468404949899753
320_RTPV_3,S12,14,4.13250081992683
320_RTPV_3,S12,15,7.888981505691304
320_RTPV_3,S12,16,4.790384537881097
320_RTPV_3,S12,17,2.570146596136818
320_RTPV_3,S12,18,0.0
320_RTPV_3,S12,19,0.0
320_RTPV_3,S12,20,0.0
320_RTPV_3,S12,21,0.0
320_RTPV_3,S12,22,0.0
320_RTPV_3,S12,23,0.0
320_RTPV_3,S12,24,0.0
313_RTPV_13,S1,1,0.0
313_RTPV_13,S1,2,0.0
313_RTPV_13,S1,3,0.0
313_RTPV_13,S1,4,0.0
313_RTPV_13,S1,5,0.0
313_RTPV_13,S1,6,0.0
313_RTPV_13,S1,7,3.9104547860644447
313_RTPV_13,S1,8,8.790269343814728
313_RTPV_13,S1,9,13.909670547271407
313_RTPV_13,S1,10,15.91888102963326
313_RTPV_13,S1,11,19.445488051375033
313_RTPV_13,S1,12,17.86956382401627
313_RTPV_13,S1,13,16.520647214521684
313_RTPV_13,S1,14,18.326812858026102
313_RTPV_13,S1,15,14.731565309341109
313_RTPV_13,S1,16,11.01035084867142
313_RTPV_13,S1,17,5.7412808184525
313_RTPV_13,S1,18,0.0
313_RTPV_13,S1,19,0.0
313_RTPV_13,S1,20,0.0
313_RTPV_13,S1,21,0.0
313_RTPV_13,S1,22,0.0
313_RTPV_13,S1,23,0.0
313_RTPV_13,S1,24,0.0
313_RTPV_13,S2,1,0.0
313_RTPV_13,S2,2,0.0
313_RTPV_13,S2,3,0.0
313_RTPV_13,S2,4,0.0
313_RTPV_13,S2,5,0.0
313_RTPV_13,S2,6,0.0
313_RTPV_13,S2,7,0.0
313_RTPV_13,S2,8,5.232221149213974
313_RTPV_13,S2,9,12.060198677539042
313_RTPV_13,S2,10,16.817601558228642
313_RTPV_13,S2,11,20.233713336997546
313_RTPV_13,S2,12,22.03950773781286
313_RTPV_13,S2,13,19.35867218752702
313_RTPV_13,S2,14,18.371188199288014
313_RTPV_13,S2,15,12.584149830529915
313_RTPV_13,S2,16,5.0318009565682775
313_RTPV_13,S2,17,0.0
313_RTPV_13,S2,18,0.0
313_RTPV_13,S2,19,0.0
313_RTPV_13,S2,20,0.0
313_RTPV_13,S2,21,0.0
313_RTPV_13,S2,22,0.0
313_RTPV_13,S2,23,0.0
313_RTPV_13,S2,24,0.0
313_RTPV_13,S3,1,0.0
313_RTPV_13,S3,2,0.0
313_RTPV_13,S3,3,0.0
313_RTPV_13,S3,4,0.0
313_RTPV_13,S3,5,0.0
313_RTPV_13,S3,6,0.0
313_RTPV_13,S3,7,3.7104388361768015
313_RTPV_13,S3,8,10.558752189207755
313_RTPV_13,S3,9,16.992040957852954
313_RTPV_13,S3,10,20.78655843986512
313_RTPV_13,S3,11,24.306773224134595
313_RTPV_13,S3,12,23.648724336476217
313_RTPV_13,S3,13,23.789590445099623
313_RTPV_13,S3,14,22.17860893441643
313_RTPV_13,S3,15,19.18543352858688
313_RTPV_13,S3,16,13.434297064590874
313_RTPV_13,S3,17,6.072056694764195
313_RTPV_13,S3,18,0.0
313_RTPV_13,S3,19,0.0
313_RTPV_13,S3,20,0.0
313_RTPV_13,S3,21,0.0
313_RTPV_13,S3,22,0.0
313_RTPV_13,S3,23,0.0
313_RTPV_13,S3,24,0.0
313_RTPV_13,S4,1,0.0
313_RTPV_13,S4,2,0.0
313_RTPV_13,S4,3,0.0
313_RTPV_13,S4,4,0.0
313_RTPV_13,S4,5,0.0
313_RTPV_13,S4,6,0.0
313_RTPV_13,S4,7,2.387827540208948
313_RTPV_13,S4,8,9.129514572080225
313_RTPV_13,S4,9,14.30160426811661
313_RTPV_13,S4,10,19.832171423642688
313_RTPV_13,S4,11,23.074272181478555
313_RTPV_13,S4,12,24.77651480229674
313_RTPV_13,S4,13,23.305262051711455
313_RTPV_13,S4,14,21.356674113784045
313_RTPV_13,S4,15,18.961425608872446
313_RTPV_13,S4,16,12.569417617232887
313_RTPV_13,S4,17,4.951796712631254
313_RTPV_13,S4,18,0.0
313_RTPV_13,S4,19,0.0
313_RTPV_13,S4,20,0.0
313_RTPV_13,S4,21,0.0
313_RTPV_13,S4,22,0.0
313_RTPV_13,S4,23,0.0
313_RTPV_13,S4,24,0.0
313_RTPV_13,S5,1,0.0
313_RTPV_13,S5,2,0.0
313_RTPV_13,S5,3,0.0
313_RTPV_13,S5,4,0.0
313_RTPV_13,S5,5,0.0
313_RTPV_13,S5,6,0.0
313_RTPV_13,S5,7,0.0
313_RTPV_13,S5,8,5.779435982226173
313_RTPV_13,S5,9,12.06398563576517
313_RTPV_13,S5,10,16.486929463739482
313_RTPV_13,S5,11,19.526113584740703
313_RTPV_13,S5,12,21.496441101261237
313_RTPV_13,S5,13,20.67297007384295
313_RTPV_13,S5,14,17.553294646915024
313_RTPV_13,S5,15,12.209584358418583
313_RTPV_13,S5,16,4.385192965437009
313_RTPV_13,S5,17,0.0
313_RTPV_13,S5,18,0.0
313_RTPV_13,S5,19,0.0
313_RTPV_13,S5,20,0.0
313_RTPV_13,S5,21,0.0
313_RTPV_13,S5,22,0.0
313_RTPV_13,S5,23,0.0
313_RTPV_13,S5,24,0.0
313_RTPV_13,S6,1,0.0
313_RTPV_13,S6,2,0.0
313_RTPV_13,S6,3,0.0
313_RTPV_13,S6,4,0.0
313_RTPV_13,S6,5,0.0
313_RTPV_13,S6,6,0.062100040391711006
313_RTPV_13,S6,7,2.8059589832050946
313_RTPV_13,S6,8,5.736568321670938
313_RTPV_13,S6,9,8.726380175585495
313_RTPV_13,S6,10,11.263088304307802
313_RTPV_13,S6,11,12.720150804708569
313_RTPV_13,S6,12,12.427829313692943
313_RTPV_13,S6,13,13.131812311827565
313_RTPV_13,S6,14,11.77233340092888
313_RTPV_13,S6,15,10.527358090630434
313_RTPV_13,S6,16,7.435651991048444
313_RTPV_13,S6,17,4.432560534691711
313_RTPV_13,S6,18,0.5335899085660815
313_RTPV_13,S6,19,0.0
313_RTPV_13,S6,20,0.0
313_RTPV_13,S6,21,0.0
313_RTPV_13,S6,22,0.0
313_RTPV_13,S6,23,0.0
313_RTPV_13,S6,24,0.0
313_RTPV_13,S7,1,0.0
313_RTPV_13,S7,2,0.0
313_RTPV_13,S7,3,0.0
313_RTPV_13,S7,4,0.0
313_RTPV_13,S7,5,0.0
313_RTPV_13,S7,6,0.0
313_RTPV_13,S7,7,3.277889895295953
313_RTPV_13,S7,8,9.232883909415689
313_RTPV_13,S7,9,15.574138108476928
313_RTPV_13,S7,10,19.181274516001324
313_RTPV_13,S7,11,20.640643231562414
313_RTPV_13,S7,12,20.749743160520005
313_RTPV_13,S7,13,19.754394011187728
313_RTPV_13,S7,14,18.94385621124062
313_RTPV_13,S7,15,14.95011641884195
313_RTPV_13,S7,16,10.478130168990468
313_RTPV_13,S7,17,3.75212375261319
313_RTPV_13,S7,18,0.0
313_RTPV_13,S7,19,0.0
313_RTPV_13,S7,20,0.0
313_RTPV_13,S7,21,0.0
313_RTPV_13,S7,22,0.0
313_RTPV_13,S7,23,0.0
313_RTPV_13,S7,24,0.0
313_RTPV_13,S8,1,0.0
313_RTPV_13,S8,2,0.0
313_RTPV_13,S8,3,0.0
313_RTPV_13,S8,4,0.0
313_RTPV_13,S8,5,0.0
313_RTPV_13,S8,6,0.0
313_RTPV_13,S8,7,0.0
313_RTPV_13,S8,8,4.602000448916863
313_RTPV_13,S8,9,10.065862333802965
313_RTPV_13,S8,10,15.180690794328076
313_RTPV_13,S8,11,17.99343432433241
313_RTPV_13,S8,12,19.125398442411903
313_RTPV_13,S8,13,18.31385123375933
313_RTPV_13,S8,14,15.95561020020102
313_RTPV_13,S8,15,13.49111705745646
313_RTPV_13,S8,16,6.737643684381843
313_RTPV_13,S8,17,0.0
313_RTPV_13,S8,18,0.0
313_RTPV_13,S8,19,0.0
313_RTPV_13,S8,20,0.0
313_RTPV_13,S8,21,0.0
313_RTPV_13,S8,22,0.0
313_RTPV_13,S8,23,0.0
313_RTPV_13,S8,24,0.0
313_RTPV_13,S9,1,0.0
313_RTPV_13,S9,2,0.0
313_RTPV_13,S9,3,0.0
313_RTPV_13,S9,4,0.0
313_RTPV_13,S9,5,0.0
313_RTPV_13,S9,6,0.20768565076209802
313_RTPV_13,S9,7,0.19311342021247035
313_RTPV_13,S9,8,8.791167533272773
313_RTPV_13,S9,9,17.45864893379358
313_RTPV_13,S9,10,21.719622468810638
313_RTPV_13,S9,11,26.528415875501093
313_RTPV_13,S9,12,26.999642674344717
313_RTPV_13,S9,13,24.955071005479486
313_RTPV_13,S9,14,24.181117774450232
313_RTPV_13,S9,15,20.039569416291936
313_RTPV_13,S9,16,13.394214170468983
313_RTPV_13,S9,17,7.504248270430939
313_RTPV_13,S9,18,0.4139819056733098
313_RTPV_13,S9,19,0.0
313_RTPV_13,S9,20,0.0
313_RTPV_13,S9,21,0.0
313_RTPV_13,S9,22,0.0
313_RTPV_13,S9,23,0.0
313_RTPV_13,S9,24,0.0
313_RTPV_13,S10,1,0.0
313_RTPV_13,S10,2,0.0
313_RTPV_13,S10,3,0.0
313_RTPV_13,S10,4,0.0
313_RTPV_13,S10,5,0.0
313_RTPV_13,S10,6,0.0
313_RTPV_13,S10,7,0.0
313_RTPV_13,S10,8,6.46145374976879
313_RTPV_13,S10,9,12.379421326691675
313_RTPV_13,S10,10,16.15513001711559
313_RTPV_13,S10,11,18.720267754485004
313_RTPV_13,S10,12,18.699823069462678
313_RTPV_13,S10,13,18.563479298637688
313_RTPV_13,S10,14,16.49101859654799
313_RTPV_13,S10,15,10.98892553746508
313_RTPV_13,S10,16,4.4136681387415315
313_RTPV_13,S10,17,0.0
313_RTPV_13,S10,18,0.0
313_RTPV_13,S10,19,0.0
313_RTPV_13,S10,20,0.0
313_RTPV_13,S10,21,0.0
313_RTPV_13,S10,22,0.0
313_RTPV_13,S10,23,0.0
313_RTPV_13,S10,24,0.0
313_RTPV_13,S11,1,0.0
313_RTPV_13,S11,2,0.0
313_RTPV_13,S11,3,0.0
313_RTPV_13,S11,4,0.0
313_RTPV_13,S11,5,0.0
313_RTPV_13,S11,6,0.0
313_RTPV_13,S11,7,0.0
313_RTPV_13,S11,8,4.900283716224193
313_RTPV_13,S11,9,11.229798672596452
313_RTPV_13,S11,10,16.578808513268534
313_RTPV_13,S11,11,20.66598242096517
313_RTPV_13,S11,12,21.33854844139147
313_RTPV_13,S11,13,23.359654580429293
313_RTPV_13,S11,14,20.046201787822817
313_RTPV_13,S11,15,16.819774802687697
313_RTPV_13,S11,16,9.772936863711529
313_RTPV_13,S11,17,1.2511540170925832
313_RTPV_13,S11,18,0.0
313_RTPV_13,S11,19,0.0
313_RTPV_13,S11,20,0.0
313_RTPV_13,S11,21,0.0
313_RTPV_13,S11,22,0.0
313_RTPV_13,S11,23,0.0
313_RTPV_13,S11,24,0.0
313_RTPV_13,S12,1,0.0
313_RTPV_13,S12,2,0.0
313_RTPV_13,S12,3,0.0
313_RTPV_13,S12,4,0.0
313_RTPV_13,S12,5,0.0
313_RTPV_13,S12,6,0.06251040524914815
313_RTPV_13,S12,7,2.427823713431421
313_RTPV_13,S12,8,5.396064489788505
313_RTPV_13,S12,9,8.20120995851176
313_RTPV_13,S12,10,10.332404401875637
313_RTPV_13,S12,11,2.5383827476765957
313_RTPV_13,S12,12,4.218048762204043
313_RTPV_13,S12,13,9.470075958321365
313_RTPV_13,S12,14,10.912455800767567
313_RTPV_13,S12,15,8.501238241267133
313_RTPV_13,S12,16,5.601389794778873
313_RTPV_13,S12,17,2.2760775852173305
313_RTPV_13,S12,18,0.0
313_RTPV_13,S12,19,0.0
313_RTPV_13,S12,20,0.0
313_RTPV_13,S12,21,0.0
313_RTPV_13,S12,22,0.0
313_RTPV_13,S12,23,0.0
313_RTPV_13,S12,24,0.0
320_RTPV_4,S1,1,0.0
320_RTPV_4,S1,2,0.0
320_RTPV_4,S1,3,0.0
320_RTPV_4,S1,4,0.0
320_RTPV_4,S1,5,0.0
320_RTPV_4,S1,6,0.09542546782792857
320_RTPV_4,S1,7,4.012801458925667
320_RTPV_4,S1,8,9.086878121754221
320_RTPV_4,S1,9,14.421330275097752
320_RTPV_4,S1,10,17.02617778093412
320_RTPV_4,S1,11,20.06936961986668
320_RTPV_4,S1,12,14.860844071726946
320_RTPV_4,S1,13,13.194703394944245
320_RTPV_4,S1,14,18.830093399126667
320_RTPV_4,S1,15,13.779323927433776
320_RTPV_4,S1,16,9.416681433871625
320_RTPV_4,S1,17,5.339726067912997
320_RTPV_4,S1,18,0.0
320_RTPV_4,S1,19,0.0
320_RTPV_4,S1,20,0.0
320_RTPV_4,S1,21,0.0
320_RTPV_4,S1,22,0.0
320_RTPV_4,S1,23,0.0
320_RTPV_4,S1,24,0.0
320_RTPV_4,S2,1,0.0
320_RTPV_4,S2,2,0.0
320_RTPV_4,S2,3,0.0
320_RTPV_4,S2,4,0.0
320_RTPV_4,S2,5,0.0
320_RTPV_4,S2,6,0.0
320_RTPV_4,S2,7,0.0
320_RTPV_4,S2,8,4.713335287642756
320_RTPV_4,S2,9,11.320887314478115
320_RTPV_4,S2,10,16.241566388234762
320_RTPV_4,S2,11,19.87385566335314
320_RTPV_4,S2,12,19.25748449418559
320_RTPV_4,S2,13,19.16886510435281
320_RTPV_4,S2,14,18.338066170324193
320_RTPV_4,S2,15,12.33604116388889
320_RTPV_4,S2,16,4.8772322034765
320_RTPV_4,S2,17,0.0
320_RTPV_4,S2,18,0.0
320_RTPV_4,S2,19,0.0
320_RTPV_4,S2,20,0.0
320_RTPV_4,S2,21,0.0
320_RTPV_4,S2,22,0.0
320_RTPV_4,S2,23,0.0
320_RTPV_4,S2,24,0.0
320_RTPV_4,S3,1,0.0
320_RTPV_4,S3,2,0.0
320_RTPV_4,S3,3,0.0
320_RTPV_4,S3,4,0.0
320_RTPV_4,S3,5,0.0
320_RTPV_4,S3,6,0.0
320_RTPV_4,S3,7,4.212970885534645
320_RTPV_4,S3,8,10.900310561961488
320_RTPV_4,S3,9,16.500073986834487
320_RTPV_4,S3,10,21.53444548650729
320_RTPV_4,S3,11,23.819309447307035
320_RTPV_4,S3,12,25.71930366164407
320_RTPV_4,S3,13,24.054337776871716
320_RTPV_4,S3,14,22.21311270337602
320_RTPV_4,S3,15,18.62381347252597
320_RTPV_4,S3,16,13.08639131732944
320_RTPV_4,S3,17,5.755371719447468
320_RTPV_4,S3,18,0.0
320_RTPV_4,S3,19,0.0
320_RTPV_4,S3,20,0.0
320_RTPV_4,S3,21,0.0
320_RTPV_4,S3,22,0.0
320_RTPV_4,S3,23,0.0
320_RTPV_4,S3,24,0.0
320_RTPV_4,S4,1,0.0
320_RTPV_4,S4,2,0.0
320_RTPV_4,S4,3,0.0
320_RTPV_4,S4,4,0.0
320_RTPV_4,S4,5,0.0
320_RTPV_4,S4,6,0.0
320_RTPV_4,S4,7,2.7072775850599986
320_RTPV_4,S4,8,9.196653829900026
320_RTPV_4,S4,9,15.065093711401687
320_RTPV_4,S4,10,20.793020067474796
320_RTPV_4,S4,11,23.260323851788844
320_RTPV_4,S4,12,24.441678371004443
320_RTPV_4,S4,13,23.78932843610126
320_RTPV_4,S4,14,22.09157630643984
320_RTPV_4,S4,15,18.358980822569468
320_RTPV_4,S4,16,10.929248538890574
320_RTPV_4,S4,17,4.623955815194612
320_RTPV_4,S4,18,0.0
320_RTPV_4,S4,19,0.0
320_RTPV_4,S4,20,0.0
320_RTPV_4,S4,21,0.0
320_RTPV_4,S4,22,0.0
320_RTPV_4,S4,23,0.0
320_RTPV_4,S4,24,0.0
320_RTPV_4,S5,1,0.0
320_RTPV_4,S5,2,0.0
320_RTPV_4,S5,3,0.0
320_RTPV_4,S5,4,0.0
320_RTPV_4,S5,5,0.0
320_RTPV_4,S5,6,0.0
320_RTPV_4,S5,7,0.0
320_RTPV_4,S5,8,5.514588963064751
320_RTPV_4,S5,9,10.39467325910415
320_RTPV_4,S5,10,14.866114881794815
320_RTPV_4,S5,11,19.718845552782405
320_RTPV_4,S5,12,20.354432082198382
320_RTPV_4,S5,13,21.28961128268079
320_RTPV_4,S5,14,18.21953162705438
320_RTPV_4,S5,15,13.06772863263502
320_RTPV_4,S5,16,4.636174012653633
320_RTPV_4,S5,17,0.0
320_RTPV_4,S5,18,0.0
320_RTPV_4,S5,19,0.0
320_RTPV_4,S5,20,0.0
320_RTPV_4,S5,21,0.0
320_RTPV_4,S5,22,0.0
320_RTPV_4,S5,23,0.0
320_RTPV_4,S5,24,0.0
320_RTPV_4,S6,1,0.0
320_RTPV_4,S6,2,0.0
320_RTPV_4,S6,3,0.0
320_RTPV_4,S6,4,0.0
320_RTPV_4,S6,5,0.0
320_RTPV_4,S6,6,0.11432105653349642
320_RTPV_4,S6,7,2.8511570264386803
320_RTPV_4,S6,8,5.63626016680282
320_RTPV_4,S6,9,8.716414901834312
320_RTPV_4,S6,10,10.386918597168185
320_RTPV_4,S6,11,12.598044469907203
320_RTPV_4,S6,12,12.707215332842429
320_RTPV_4,S6,13,13.2710267543907
320_RTPV_4,S6,14,11.964797543763362
320_RTPV_4,S6,15,10.17552720288948
320_RTPV_4,S6,16,7.8481768904283316
320_RTPV_4,S6,17,4.41604264762908
320_RTPV_4,S6,18,0.541664573125535
320_RTPV_4,S6,19,0.0
320_RTPV_4,S6,20,0.0
320_RTPV_4,S6,21,0.0
320_RTPV_4,S6,22,0.0
320_RTPV_4,S6,23,0.0
320_RTPV_4,S6,24,0.0
320_RTPV_4,S7,1,0.0
320_RTPV_4,S7,2,0.0
320_RTPV_4,S7,3,0.0
320_RTPV_4,S7,4,0.0
320_RTPV_4,S7,5,0.0
320_RTPV_4,S7,6,0.0
320_RTPV_4,S7,7,3.4200812912884717
320_RTPV_4,S7,8,9.632339231924194
320_RTPV_4,S7,9,15.752286209578514
320_RTPV_4,S7,10,18.52446835827898
320_RTPV_4,S7,11,19.856824092210044
320_RTPV_4,S7,12,20.488995865840657
320_RTPV_4,S7,13,19.8811582972339
320_RTPV_4,S7,14,18.181686324067133
320_RTPV_4,S7,15,15.9837092552673
320_RTPV_4,S7,16,10.481812483460823
320_RTPV_4,S7,17,3.709304374091363
320_RTPV_4,S7,18,0.0
320_RTPV_4,S7,19,0.0
320_RTPV_4,S7,20,0.0
320_RTPV_4,S7,21,0.0
320_RTPV_4,S7,22,0.0
320_RTPV_4,S7,23,0.0
320_RTPV_4,S7,24,0.0
320_RTPV_4,S8,1,0.0
320_RTPV_4,S8,2,0.0
320_RTPV_4,S8,3,0.0
320_RTPV_4,S8,4,0.0
320_RTPV_4,S8,5,0.0
320_RTPV_4,S8,6,0.0
320_RTPV_4,S8,7,0.0
320_RTPV_4,S8,8,4.211389451331813
320_RTPV_4,S8,9,10.540295790338241
320_RTPV_4,S8,10,14.649344419206717
320_RTPV_4,S8,11,17.038688862269026
320_RTPV_4,S8,12,19.10242105889157
320_RTPV_4,S8,13,17.847344601846793
320_RTPV_4,S8,14,17.607261610227813
320_RTPV_4,S8,15,12.601256936955517
320_RTPV_4,S8,16,6.798194813078991
320_RTPV_4,S8,17,0.0
320_RTPV_4,S8,18,0.0
320_RTPV_4,S8,19,0.0
320_RTPV_4,S8,20,0.0
320_RTPV_4,S8,21,0.0
320_RTPV_4,S8,22,0.0
320_RTPV_4,S8,23,0.0
320_RTPV_4,S8,24,0.0
320_RTPV_4,S9,1,0.0
320_RTPV_4,S9,2,0.0
320_RTPV_4,S9,3,0.0
320_RTPV_4,S9,4,0.0
320_RTPV_4,S9,5,0.0
320_RTPV_4,S9,6,0.0
320_RTPV_4,S9,7,0.502722924854801
320_RTPV_4,S9,8,1.6314194413906193
320_RTPV_4,S9,9,11.72958236982631
320_RTPV_4,S9,10,20.127927605985896
320_RTPV_4,S9,11,26.106438316777634
320_RTPV_4,S9,12,27.543194989969795
320_RTPV_4,S9,13,26.999724368224822
320_RTPV_4,S9,14,23.527967755445278
320_RTPV_4,S9,15,19.638720445219146
320_RTPV_4,S9,16,13.605464185151943
320_RTPV_4,S9,17,7.347782478449312
320_RTPV_4,S9,18,0.5048015680807824
320_RTPV_4,S9,19,0.0
320_RTPV_4,S9,20,0.0
320_RTPV_4,S9,21,0.0
320_RTPV_4,S9,22,0.0
320_RTPV_4,S9,23,0.0
320_RTPV_4,S9,24,0.0
320_RTPV_4,S10,1,0.0
320_RTPV_4,S10,2,0.0
320_RTPV_4,S10,3,0.0
320_RTPV_4,S10,4,0.0
320_RTPV_4,S10,5,0.0
320_RTPV_4,S10,6,0.0
320_RTPV_4,S10,7,0.0
320_RTPV_4,S10,8,6.890000343400061
320_RTPV_4,S10,9,12.875220862136247
320_RTPV_4,S10,10,15.846015703325994
320_RTPV_4,S10,11,18.788324446959564
320_RTPV_4,S10,12,19.464741982724828
320_RTPV_4,S10,13,18.432298981869554
320_RTPV_4,S10,14,15.823112338777456
320_RTPV_4,S10,15,11.333560643978855
320_RTPV_4,S10,16,4.8639046566229
320_RTPV_4,S10,17,0.0
320_RTPV_4,S10,18,0.0
320_RTPV_4,S10,19,0.0
320_RTPV_4,S10,20,0.0
320_RTPV_4,S10,21,0.0
320_RTPV_4,S10,22,0.0
320_RTPV_4,S10,23,0.0
320_RTPV_4,S10,24,0.0
320_RTPV_4,S11,1,0.0
320_RTPV_4,S11,2,0.0
320_RTPV_4,S11,3,0.0
320_RTPV_4,S11,4,0.0
320_RTPV_4,S11,5,0.0
320_RTPV_4,S11,6,0.0
320_RTPV_4,S11,7,0.0
320_RTPV_4,S11,8,4.91621011448752
320_RTPV_4,S11,9,11.201237281054718
320_RTPV_4,S11,10,16.55084708613462
320_RTPV_4,S11,11,20.859913017929525
320_RTPV_4,S11,12,21.01699110661861
320_RTPV_4,S11,13,20.38011414579395
320_RTPV_4,S11,14,20.17083572196443
320_RTPV_4,S11,15,15.4142335073561
320_RTPV_4,S11,16,9.195739956948984
320_RTPV_4,S11,17,0.9399966394336049
320_RTPV_4,S11,18,0.0
320_RTPV_4,S11,19,0.0
320_RTPV_4,S11,20,0.0
320_RTPV_4,S11,21,0.0
320_RTPV_4,S11,22,0.0
320_RTPV_4,S11,23,0.0
320_RTPV_4,S11,24,0.0
320_RTPV_4,S12,1,0.0
320_RTPV_4,S12,2,0.0
320_RTPV_4,S12,3,0.0
320_RTPV_4,S12,4,0.0
320_RTPV_4,S12,5,0.0
320_RTPV_4,S12,6,0.06251511405757541
320_RTPV_4,S12,7,2.887572943036213
320_RTPV_4,S12,8,5.623316330058909
320_RTPV_4,S12,9,8.021383300620869
320_RTPV_4,S12,10,9.841366622155201
320_RTPV_4,S12,11,5.028486361472343
320_RTPV_4,S12,12,11.975783047063741
320_RTPV_4,S12,13,12.70672548021802
320_RTPV_4,S12,14,11.619482386000241
320_RTPV_4,S12,15,6.947551079489978
320_RTPV_4,S12,16,6.853363622762187
320_RTPV_4,S12,17,0.9325220433782282
320_RTPV_4,S12,18,0.24292067706686288
320_RTPV_4,S12,19,0.0
320_RTPV_4,S12,20,0.0
320_RTPV_4,S12,21,0.0
320_RTPV_4,S12,22,0.0
320_RTPV_4,S12,23,0.0
320_RTPV_4,S12,24,0.0
320_RTPV_5,S1,1,0.0
320_RTPV_5,S1,2,0.0
320_RTPV_5,S1,3,0.0
320_RTPV_5,S1,4,0.0
320_RTPV_5,S1,5,0.0
320_RTPV_5,S1,6,0.09989335043812056
320_RTPV_5,S1,7,3.7016581899899967
320_RTPV_5,S1,8,9.639566836445606
320_RTPV_5,S1,9,14.023867315998222
320_RTPV_5,S1,10,18.244062225546582
320_RTPV_5,S1,11,20.841598467833244
320_RTPV_5,S1,12,21.210183085199557
320_RTPV_5,S1,13,20.807088084735664
320_RTPV_5,S1,14,18.591803620938336
320_RTPV_5,S1,15,15.70616583466266
320_RTPV_5,S1,16,8.66528078295408
320_RTPV_5,S1,17,5.429266411362091
320_RTPV_5,S1,18,0.0
320_RTPV_5,S1,19,0.0
320_RTPV_5,S1,20,0.0
320_RTPV_5,S1,21,0.0
320_RTPV_5,S1,22,0.0
320_RTPV_5,S1,23,0.0
320_RTPV_5,S1,24,0.0
320_RTPV_5,S2,1,0.0
320_RTPV_5,S2,2,0.0
320_RTPV_5,S2,3,0.0
320_RTPV_5,S2,4,0.0
320_RTPV_5,S2,5,0.0
320_RTPV_5,S2,6,0.0
320_RTPV_5,S2,7,0.0
320_RTPV_5,S2,8,5.683343575978497
320_RTPV_5,S2,9,13.093349265019327
320_RTPV_5,S2,10,18.395592451267
320_RTPV_5,S2,11,21.13227439969648
320_RTPV_5,S2,12,21.96843188772685
320_RTPV_5,S2,13,20.853146608818864
320_RTPV_5,S2,14,19.350451532618017
320_RTPV_5,S2,15,12.658098469034837
320_RTPV_5,S2,16,5.435976441223912
320_RTPV_5,S2,17,0.0
320_RTPV_5,S2,18,0.0
320_RTPV_5,S2,19,0.0
320_RTPV_5,S2,20,0.0
320_RTPV_5,S2,21,0.0
320_RTPV_5,S2,22,0.0
320_RTPV_5,S2,23,0.0
320_RTPV_5,S2,24,0.0
320_RTPV_5,S3,1,0.0
320_RTPV_5,S3,2,0.0
320_RTPV_5,S3,3,0.0
320_RTPV_5,S3,4,0.0
320_RTPV_5,S3,5,0.0
320_RTPV_5,S3,6,0.0
320_RTPV_5,S3,7,3.6308893876808703
320_RTPV_5,S3,8,10.571646392778653
320_RTPV_5,S3,9,17.263860059586655
320_RTPV_5,S3,10,22.487997751978167
320_RTPV_5,S3,11,25.22612142346296
320_RTPV_5,S3,12,25.658025984177613
320_RTPV_5,S3,13,25.463784577965605
320_RTPV_5,S3,14,22.317915825371035
320_RTPV_5,S3,15,18.90744446212517
320_RTPV_5,S3,16,12.09578122112354
320_RTPV_5,S3,17,5.361338929489954
320_RTPV_5,S3,18,0.0
320_RTPV_5,S3,19,0.0
320_RTPV_5,S3,20,0.0
320_RTPV_5,S3,21,0.0
320_RTPV_5,S3,22,0.0
320_RTPV_5,S3,23,0.0
320_RTPV_5,S3,24,0.0
320_RTPV_5,S4,1,0.0
320_RTPV_5,S4,2,0.0
320_RTPV_5,S4,3,0.0
320_RTPV_5,S4,4,0.0
320_RTPV_5,S4,5,0.0
320_RTPV_5,S4,6,0.0
320_RTPV_5,S4,7,2.6677866168657607
320_RTPV_5,S4,8,9.342971586394896
320_RTPV_5,S4,9,16.460192883669755
320_RTPV_5,S4,10,20.835318196995225
320_RTPV_5,S4,11,23.56632301368248
320_RTPV_5,S4,12,25.73260468837726
320_RTPV_5,S4,13,24.317642569376055
320_RTPV_5,S4,14,23.273411696256584
320_RTPV_5,S4,15,20.011794752360842
320_RTPV_5,S4,16,12.589942505438222
320_RTPV_5,S4,17,5.468331916135392
320_RTPV_5,S4,18,0.0
320_RTPV_5,S4,19,0.0
320_RTPV_5,S4,20,0.0
320_RTPV_5,S4,21,0.0
320_RTPV_5,S4,22,0.0
320_RTPV_5,S4,23,0.0
320_RTPV_5,S4,24,0.0
320_RTPV_5,S5,1,0.0
320_RTPV_5,S5,2,0.0
320_RTPV_5,S5,3,0.0
320_RTPV_5,S5,4,0.0
320_RTPV_5,S5,5,0.0
320_RTPV_5,S5,6,0.0
320_RTPV_5,S5,7,0.0
320_RTPV_5,S5,8,6.858838510939756
320_RTPV_5,S5,9,14.007242455222631
320_RTPV_5,S5,10,18.036802550928552
320_RTPV_5,S5,11,21.664863139695903
320_RTPV_5,S5,12,21.63234522516233
320_RTPV_5,S5,13,22.776853531906617
320_RTPV_5,S5,14,19.376229688641942
320_RTPV_5,S5,15,13.851977349683814
320_RTPV_5,S5,16,5.3028782662974265
320_RTPV_5,S5,17,0.0
320_RTPV_5,S5,18,0.0
320_RTPV_5,S5,19,0.0
320_RTPV_5,S5,20,0.0
320_RTPV_5,S5,21,0.0
320_RTPV_5,S5,22,0.0
320_RTPV_5,S5,23,0.0
320_RTPV_5,S5,24,0.0
320_RTPV_5,S6,1,0.0
320_RTPV_5,S6,2,0.0
320_RTPV_5,S6,3,0.0
320_RTPV_5,S6,4,0.0
320_RTPV_5,S6,5,0.0
320_RTPV_5,S6,6,0.0
320_RTPV_5,S6,7,0.0
320_RTPV_5,S6,8,2.6134896333081556
320_RTPV_5,S6,9,8.11685884382299
320_RTPV_5,S6,10,9.112710575106687
320_RTPV_5,S6,11,1.9544246049764673
320_RTPV_5,S6,12,3.7848446475290825
320_RTPV_5,S6,13,3.3799988503205176
320_RTPV_5,S6,14,6.022494892416448
320_RTPV_5,S6,15,2.6582593152796004
320_RTPV_5,S6,16,6.967417389317659
320_RTPV_5,S6,17,4.512622383935813
320_RTPV_5,S6,18,0.6058051054598385
320_RTPV_5,S6,19,0.0
320_RTPV_5,S6,20,0.0
320_RTPV_5,S6,21,0.0
320_RTPV_5,S6,22,0.0
320_RTPV_5,S6,23,0.0
320_RTPV_5,S6,24,0.0
320_RTPV_5,S7,1,0.0
320_RTPV_5,S7,2,0.0
320_RTPV_5,S7,3,0.0
320_RTPV_5,S7,4,0.0
320_RTPV_5,S7,5,0.0
320_RTPV_5,S7,6,0.0
320_RTPV_5,S7,7,3.661332683009416
320_RTPV_5,S7,8,9.961327048768268
320_RTPV_5,S7,9,16.390885608422707
320_RTPV_5,S7,10,19.939116780376665
320_RTPV_5,S7,11,20.642264508645454
320_RTPV_5,S7,12,21.488277463066545
320_RTPV_5,S7,13,20.79235538907613
320_RTPV_5,S7,14,19.125872695692625
320_RTPV_5,S7,15,16.933505269505503
320_RTPV_5,S7,16,10.457466195559338
320_RTPV_5,S7,17,4.196695872865997
320_RTPV_5,S7,18,0.0
320_RTPV_5,S7,19,0.0
320_RTPV_5,S7,20,0.0
320_RTPV_5,S7,21,0.0
320_RTPV_5,S7,22,0.0
320_RTPV_5,S7,23,0.0
320_RTPV_5,S7,24,0.0
320_RTPV_5,S8,1,0.0
320_RTPV_5,S8,2,0.0
320_RTPV_5,S8,3,0.0
320_RTPV_5,S8,4,0.0
320_RTPV_5,S8,5,0.0
320_RTPV_5,S8,6,0.0
320_RTPV_5,S8,7,0.0
320_RTPV_5,S8,8,4.368607212510052
320_RTPV_5,S8,9,11.061872660280603
320_RTPV_5,S8,10,15.688012019239018
320_RTPV_5,S8,11,18.197781116368038
320_RTPV_5,S8,12,19.89666689810591
320_RTPV_5,S8,13,19.909432971154533
320_RTPV_5,S8,14,18.157796389906178
320_RTPV_5,S8,15,14.407522922876064
320_RTPV_5,S8,16,7.133993780192575
320_RTPV_5,S8,17,0.0
320_RTPV_5,S8,18,0.0
320_RTPV_5,S8,19,0.0
320_RTPV_5,S8,20,0.0
320_RTPV_5,S8,21,0.0
320_RTPV_5,S8,22,0.0
320_RTPV_5,S8,23,0.0
320_RTPV_5,S8,24,0.0
320_RTPV_5,S9,1,0.0
320_RTPV_5,S9,2,0.0
320_RTPV_5,S9,3,0.0
320_RTPV_5,S9,4,0.0
320_RTPV_5,S9,5,0.0
320_RTPV_5,S9,6,0.39341504509853764
320_RTPV_5,S9,7,5.680826077544101
320_RTPV_5,S9,8,11.846970128108817
320_RTPV_5,S9,9,16.57846423381294
320_RTPV_5,S9,10,21.341140694858584
320_RTPV_5,S9,11,25.395446328431245
320_RTPV_5,S9,12,26.918143274839053
320_RTPV_5,S9,13,26.737892868160824
320_RTPV_5,S9,14,24.06787198501556
320_RTPV_5,S9,15,20.019267817569006
320_RTPV_5,S9,16,14.181466760285918
320_RTPV_5,S9,17,8.140561779257448
320_RTPV_5,S9,18,0.40823228439170756
320_RTPV_5,S9,19,0.0
320_RTPV_5,S9,20,0.0
320_RTPV_5,S9,21,0.0
320_RTPV_5,S9,22,0.0
320_RTPV_5,S9,23,0.0
320_RTPV_5,S9,24,0.0
320_RTPV_5,S10,1,0.0
320_RTPV_5,S10,2,0.0
320_RTPV_5,S10,3,0.0
320_RTPV_5,S10,4,0.0
320_RTPV_5,S10,5,0.0
320_RTPV_5,S10,6,0.0
320_RTPV_5,S10,7,0.0
320_RTPV_5,S10,8,7.30467069483016
320_RTPV_5,S10,9,14.052818478038049
320_RTPV_5,S10,10,18.341653272240386
320_RTPV_5,S10,11,20.775539567654942
320_RTPV_5,S10,12,21.536177584012208
320_RTPV_5,S10,13,20.6807187304967
320_RTPV_5,S10,14,18.139114021619836
320_RTPV_5,S10,15,12.889913096762642
320_RTPV_5,S10,16,4.861153709752302
320_RTPV_5,S10,17,0.0
320_RTPV_5,S10,18,0.0
320_RTPV_5,S10,19,0.0
320_RTPV_5,S10,20,0.0
320_RTPV_5,S10,21,0.0
320_RTPV_5,S10,22,0.0
320_RTPV_5,S10,23,0.0
320_RTPV_5,S10,24,0.0
320_RTPV_5,S11,1,0.0
320_RTPV_5,S11,2,0.0
320_RTPV_5,S11,3,0.0
320_RTPV_5,S11,4,0.0
320_RTPV_5,S11,5,0.0
320_RTPV_5,S11,6,0.0
320_RTPV_5,S11,7,0.0
320_RTPV_5,S11,8,5.217813488368528
320_RTPV_5,S11,9,11.625381164653264
320_RTPV_5,S11,10,17.66209043250265
320_RTPV_5,S11,11,22.199878286986305
320_RTPV_5,S11,12,23.73816503736194
320_RTPV_5,S11,13,23.201673725656295
320_RTPV_5,S11,14,21.296933634532515
320_RTPV_5,S11,15,17.22274788118027
320_RTPV_5,S11,16,9.504107626345881
320_RTPV_5,S11,17,0.8078267640714034
320_RTPV_5,S11,18,0.0
320_RTPV_5,S11,19,0.0
320_RTPV_5,S11,20,0.0
320_RTPV_5,S11,21,0.0
320_RTPV_5,S11,22,0.0
320_RTPV_5,S11,23,0.0
320_RTPV_5,S11,24,0.0
320_RTPV_5,S12,1,0.0
320_RTPV_5,S12,2,0.0
320_RTPV_5,S12,3,0.0
320_RTPV_5,S12,4,0.0
320_RTPV_5,S12,5,0.0
320_RTPV_5,S12,6,0.058703339606552114
320_RTPV_5,S12,7,2.0604824766977288
320_RTPV_5,S12,8,4.9215465528798985
320_RTPV_5,S12,9,7.834492404127807
320_RTPV_5,S12,10,9.204049980428335
320_RTPV_5,S12,11,3.021339648507832
320_RTPV_5,S12,12,11.455879839918452
320_RTPV_5,S12,13,11.558226500308539
320_RTPV_5,S12,14,10.99875523581735
320_RTPV_5,S12,15,10.36150213774192
320_RTPV_5,S12,16,1.7008534453696076
320_RTPV_5,S12,17,3.141565531243744
320_RTPV_5,S12,18,0.3703789011536634
320_RTPV_5,S12,19,0.0
320_RTPV_5,S12,20,0.0
320_RTPV_5,S12,21,0.0
320_RTPV_5,S12,22,0.0
320_RTPV_5,S12,23,0.0
320_RTPV_5,S12,24,0.0
118_RTPV_1,S1,1,0.0
118_RTPV_1,S1,2,0.0
118_RTPV_1,S1,3,0.0
118_RTPV_1,S1,4,0.0
118_RTPV_1,S1,5,0.0
118_RTPV_1,S1,6,0.0
118_RTPV_1,S1,7,1.541756606446806
118_RTPV_1,S1,8,3.3626301611874854
118_RTPV_1,S1,9,4.656114464218178
118_RTPV_1,S1,10,6.168920657926849
118_RTPV_1,S1,11,6.6908779352959655
118_RTPV_1,S1,12,7.160346898420751
118_RTPV_1,S1,13,6.619014918571135
118_RTPV_1,S1,14,5.629370249153481
118_RTPV_1,S1,15,4.241897594052711
118_RTPV_1,S1,16,3.55334195217322
118_RTPV_1,S1,17,1.5614298473481536
118_RTPV_1,S1,18,0.0
118_RTPV_1,S1,19,0.0
118_RTPV_1,S1,20,0.0
118_RTPV_1,S1,21,0.0
118_RTPV_1,S1,22,0.0
118_RTPV_1,S1,23,0.0
118_RTPV_1,S1,24,0.0
118_RTPV_1,S2,1,0.0
118_RTPV_1,S2,2,0.0
118_RTPV_1,S2,3,0.0
118_RTPV_1,S2,4,0.0
118_RTPV_1,S2,5,0.0
118_RTPV_1,S2,6,0.0
118_RTPV_1,S2,7,0.0
118_RTPV_1,S2,8,1.9931184315748063
118_RTPV_1,S2,9,4.257294560781764
118_RTPV_1,S2,10,6.0651264285338575
118_RTPV_1,S2,11,6.48771277320972
118_RTPV_1,S2,12,6.96426913484885
118_RTPV_1,S2,13,6.309421211400715
118_RTPV_1,S2,14,5.407333242967102
118_RTPV_1,S2,15,3.8660064366842093
118_RTPV_1,S2,16,1.5354921496988556
118_RTPV_1,S2,17,0.0
118_RTPV_1,S2,18,0.0
118_RTPV_1,S2,19,0.0
118_RTPV_1,S2,20,0.0
118_RTPV_1,S2,21,0.0
118_RTPV_1,S2,22,0.0
118_RTPV_1,S2,23,0.0
118_RTPV_1,S2,24,0.0
118_RTPV_1,S3,1,0.0
118_RTPV_1,S3,2,0.0
118_RTPV_1,S3,3,0.0
118_RTPV_1,S3,4,0.0
118_RTPV_1,S3,5,0.0
118_RTPV_1,S3,6,0.0
118_RTPV_1,S3,7,1.5414002501784294
118_RTPV_1,S3,8,3.421286831126549
118_RTPV_1,S3,9,5.440908317449855
118_RTPV_1,S3,10,7.174972138884478
118_RTPV_1,S3,11,7.92826805541054
118_RTPV_1,S3,12,7.9128923525691635
118_RTPV_1,S3,13,8.192103448291018
118_RTPV_1,S3,14,7.46465110985685
118_RTPV_1,S3,15,6.064824113808328
118_RTPV_1,S3,16,3.947899423111744
118_RTPV_1,S3,17,1.6014665247137463
118_RTPV_1,S3,18,0.0
118_RTPV_1,S3,19,0.0
118_RTPV_1,S3,20,0.0
118_RTPV_1,S3,21,0.0
118_RTPV_1,S3,22,0.0
118_RTPV_1,S3,23,0.0
118_RTPV_1,S3,24,0.0
118_RTPV_1,S4,1,0.0
118_RTPV_1,S4,2,0.0
118_RTPV_1,S4,3,0.0
118_RTPV_1,S4,4,0.0
118_RTPV_1,S4,5,0.0
118_RTPV_1,S4,6,0.0
118_RTPV_1,S4,7,1.2363017763233606
118_RTPV_1,S4,8,3.412332742830556
118_RTPV_1,S4,9,5.576753216774595
118_RTPV_1,S4,10,7.053399774846049
118_RTPV_1,S4,11,7.623822180195467
118_RTPV_1,S4,12,7.95861547653304
118_RTPV_1,S4,13,7.966574530193547
118_RTPV_1,S4,14,6.810913106107148
118_RTPV_1,S4,15,5.8694988442944425
118_RTPV_1,S4,16,3.475023300394147
118_RTPV_1,S4,17,1.3566262114484535
118_RTPV_1,S4,18,0.0
118_RTPV_1,S4,19,0.0
118_RTPV_1,S4,20,0.0
118_RTPV_1,S4,21,0.0
118_RTPV_1,S4,22,0.0
118_RTPV_1,S4,23,0.0
118_RTPV_1,S4,24,0.0
118_RTPV_1,S5,1,0.0
118_RTPV_1,S5,2,0.0
118_RTPV_1,S5,3,0.0
118_RTPV_1,S5,4,0.0
118_RTPV_1,S5,5,0.0
118_RTPV_1,S5,6,0.0
118_RTPV_1,S5,7,0.10187987951514793
118_RTPV_1,S5,8,2.1844106408520783
118_RTPV_1,S5,9,3.9844694486009655
118_RTPV_1,S5,10,5.253855241270057
118_RTPV_1,S5,11,6.39080824635804
118_RTPV_1,S5,12,6.706918085907552
118_RTPV_1,S5,13,6.323048419053749
118_RTPV_1,S5,14,5.562872000195533
118_RTPV_1,S5,15,4.15002692485508
118_RTPV_1,S5,16,1.2075705928264826
118_RTPV_1,S5,17,0.0
118_RTPV_1,S5,18,0.0
118_RTPV_1,S5,19,0.0
118_RTPV_1,S5,20,0.0
118_RTPV_1,S5,21,0.0
118_RTPV_1,S5,22,0.0
118_RTPV_1,S5,23,0.0
118_RTPV_1,S5,24,0.0
118_RTPV_1,S6,1,0.0
118_RTPV_1,S6,2,0.0
118_RTPV_1,S6,3,0.0
118_RTPV_1,S6,4,0.0
118_RTPV_1,S6,5,0.0
118_RTPV_1,S6,6,0.05973435026366301
118_RTPV_1,S6,7,0.9937223618543669
118_RTPV_1,S6,8,2.0501131243590804
118_RTPV_1,S6,9,2.8157467956147135
118_RTPV_1,S6,10,3.692311962711202
118_RTPV_1,S6,11,3.794461914956735
118_RTPV_1,S6,12,4.105884805559297
118_RTPV_1,S6,13,4.102310061460266
118_RTPV_1,S6,14,3.810254717522165
118_RTPV_1,S6,15,3.2057372956290378
118_RTPV_1,S6,16,2.297820797556927
118_RTPV_1,S6,17,1.3000552637262057
118_RTPV_1,S6,18,0.05950222954713439
118_RTPV_1,S6,19,0.0
118_RTPV_1,S6,20,0.0
118_RTPV_1,S6,21,0.0
118_RTPV_1,S6,22,0.0
118_RTPV_1,S6,23,0.0
118_RTPV_1,S6,24,0.0
118_RTPV_1,S7,1,0.0
118_RTPV_1,S7,2,0.0
118_RTPV_1,S7,3,0.0
118_RTPV_1,S7,4,0.0
118_RTPV_1,S7,5,0.0
118_RTPV_1,S7,6,0.0
118_RTPV_1,S7,7,1.5239566894108485
118_RTPV_1,S7,8,3.560932519762475
118_RTPV_1,S7,9,5.570211698322516
118_RTPV_1,S7,10,7.009908172995531
118_RTPV_1,S7,11,7.290441063781516
118_RTPV_1,S7,12,7.29443978649922
118_RTPV_1,S7,13,7.1723339358523175
118_RTPV_1,S7,14,6.2117855188009585
118_RTPV_1,S7,15,5.436877330545797
118_RTPV_1,S7,16,3.1763203597422596
118_RTPV_1,S7,17,0.8719257632379649
118_RTPV_1,S7,18,0.0
118_RTPV_1,S7,19,0.0
118_RTPV_1,S7,20,0.0
118_RTPV_1,S7,21,0.0
118_RTPV_1,S7,22,0.0
118_RTPV_1,S7,23,0.0
118_RTPV_1,S7,24,0.0
118_RTPV_1,S8,1,0.0
118_RTPV_1,S8,2,0.0
118_RTPV_1,S8,3,0.0
118_RTPV_1,S8,4,0.0
118_RTPV_1,S8,5,0.0
118_RTPV_1,S8,6,0.0
118_RTPV_1,S8,7,0.0
118_RTPV_1,S8,8,1.5593676778226684
118_RTPV_1,S8,9,3.6720110532158783
118_RTPV_1,S8,10,5.240817150705039
118_RTPV_1,S8,11,5.793176226175017
118_RTPV_1,S8,12,6.4912197017324385
118_RTPV_1,S8,13,6.063278252131523
118_RTPV_1,S8,14,5.589084093238339
118_RTPV_1,S8,15,4.008389104237875
118_RTPV_1,S8,16,2.0594859540560435
118_RTPV_1,S8,17,0.0
118_RTPV_1,S8,18,0.0
118_RTPV_1,S8,19,0.0
118_RTPV_1,S8,20,0.0
118_RTPV_1,S8,21,0.0
118_RTPV_1,S8,22,0.0
118_RTPV_1,S8,23,0.0
118_RTPV_1,S8,24,0.0
118_RTPV_1,S9,1,0.0
118_RTPV_1,S9,2,0.0
118_RTPV_1,S9,3,0.0
118_RTPV_1,S9,4,0.0
118_RTPV_1,S9,5,0.0
118_RTPV_1,S9,6,0.19560099664482766
118_RTPV_1,S9,7,2.0182351121238855
118_RTPV_1,S9,8,4.131351701187788
118_RTPV_1,S9,9,5.687800375618112
118_RTPV_1,S9,10,7.094214954171396
118_RTPV_1,S9,11,8.407028463347988
118_RTPV_1,S9,12,9.239133986493819
118_RTPV_1,S9,13,9.083281908194694
118_RTPV_1,S9,14,7.424165351309803
118_RTPV_1,S9,15,6.250998835020124
118_RTPV_1,S9,16,4.311632764507617
118_RTPV_1,S9,17,2.1634424070891582
118_RTPV_1,S9,18,0.10310264653896198
118_RTPV_1,S9,19,0.0
118_RTPV_1,S9,20,0.0
118_RTPV_1,S9,21,0.0
118_RTPV_1,S9,22,0.0
118_RTPV_1,S9,23,0.0
118_RTPV_1,S9,24,0.0
118_RTPV_1,S10,1,0.0
118_RTPV_1,S10,2,0.0
118_RTPV_1,S10,3,0.0
118_RTPV_1,S10,4,0.0
118_RTPV_1,S10,5,0.0
118_RTPV_1,S10,6,0.0
118_RTPV_1,S10,7,0.10160756600084397
118_RTPV_1,S10,8,2.5193966731052835
118_RTPV_1,S10,9,4.551593753332635
118_RTPV_1,S10,10,5.756314463813299
118_RTPV_1,S10,11,6.305545848646641
118_RTPV_1,S10,12,6.574433676719169
118_RTPV_1,S10,13,5.933985502144254
118_RTPV_1,S10,14,5.537497136327143
118_RTPV_1,S10,15,3.594715535230285
118_RTPV_1,S10,16,1.3187934613490946
118_RTPV_1,S10,17,0.0
118_RTPV_1,S10,18,0.0
118_RTPV_1,S10,19,0.0
118_RTPV_1,S10,20,0.0
118_RTPV_1,S10,21,0.0
118_RTPV_1,S10,22,0.0
118_RTPV_1,S10,23,0.0
118_RTPV_1,S10,24,0.0
118_RTPV_1,S11,1,0.0
118_RTPV_1,S11,2,0.0
118_RTPV_1,S11,3,0.0
118_RTPV_1,S11,4,0.0
118_RTPV_1,S11,5,0.0
118_RTPV_1,S11,6,0.0
118_RTPV_1,S11,7,0.0
118_RTPV_1,S11,8,1.8386647810499057
118_RTPV_1,S11,9,4.102376245644175
118_RTPV_1,S11,10,5.364692971674036
118_RTPV_1,S11,11,7.3744995006542
118_RTPV_1,S11,12,7.988050626478441
118_RTPV_1,S11,13,7.378158011070551
118_RTPV_1,S11,14,7.207424061098813
118_RTPV_1,S11,15,5.371305191390413
118_RTPV_1,S11,16,3.146850947114859
118_RTPV_1,S11,17,0.0
118_RTPV_1,S11,18,0.0
118_RTPV_1,S11,19,0.0
118_RTPV_1,S11,20,0.0
118_RTPV_1,S11,21,0.0
118_RTPV_1,S11,22,0.0
118_RTPV_1,S11,23,0.0
118_RTPV_1,S11,24,0.0
118_RTPV_1,S12,1,0.0
118_RTPV_1,S12,2,0.0
118_RTPV_1,S12,3,0.0
118_RTPV_1,S12,4,0.0
118_RTPV_1,S12,5,0.0
118_RTPV_1,S12,6,0.0616464343612369
118_RTPV_1,S12,7,0.990681180008425
118_RTPV_1,S12,8,1.4511457898486737
118_RTPV_1,S12,9,1.6968310747317032
118_RTPV_1,S12,10,2.307987489743576
118_RTPV_1,S12,11,0.5558240965852962
118_RTPV_1,S12,12,2.744609824142484
118_RTPV_1,S12,13,1.1498199948572505
118_RTPV_1,S12,14,2.610686759747382
118_RTPV_1,S12,15,2.822937481643437
118_RTPV_1,S12,16,1.6610375110872326
118_RTPV_1,S12,17,0.7229576086707542
118_RTPV_1,S12,18,0.0
118_RTPV_1,S12,19,0.0
118_RTPV_1,S12,20,0.0
118_RTPV_1,S12,21,0.0
118_RTPV_1,S12,22,0.0
118_RTPV_1,S12,23,0.0
118_RTPV_1,S12,24,0.0
118_RTPV_2,S1,1,0.0
118_RTPV_2,S1,2,0.0
118_RTPV_2,S1,3,0.0
118_RTPV_2,S1,4,0.0
118_RTPV_2,S1,5,0.0
118_RTPV_2,S1,6,0.0
118_RTPV_2,S1,7,1.4255973477767112
118_RTPV_2,S1,8,3.409361738770749
118_RTPV_2,S1,9,5.077297963841243
118_RTPV_2,S1,10,6.079561261365102
118_RTPV_2,S1,11,6.470007817738326
118_RTPV_2,S1,12,7.271048465082651
118_RTPV_2,S1,13,6.905237415055929
118_RTPV_2,S1,14,5.974411093574054
118_RTPV_2,S1,15,4.028093399680248
118_RTPV_2,S1,16,3.3637493689542772
118_RTPV_2,S1,17,1.6535481506314333
118_RTPV_2,S1,18,0.0
118_RTPV_2,S1,19,0.0
118_RTPV_2,S1,20,0.0
118_RTPV_2,S1,21,0.0
118_RTPV_2,S1,22,0.0
118_RTPV_2,S1,23,0.0
118_RTPV_2,S1,24,0.0
118_RTPV_2,S2,1,0.0
118_RTPV_2,S2,2,0.0
118_RTPV_2,S2,3,0.0
118_RTPV_2,S2,4,0.0
118_RTPV_2,S2,5,0.0
118_RTPV_2,S2,6,0.0
118_RTPV_2,S2,7,0.0
118_RTPV_2,S2,8,1.9221893702117412
118_RTPV_2,S2,9,4.084878855795676
118_RTPV_2,S2,10,6.069937990594362
118_RTPV_2,S2,11,6.807708898848039
118_RTPV_2,S2,12,6.564813532312107
118_RTPV_2,S2,13,6.54775940122579
118_RTPV_2,S2,14,5.674061499773822
118_RTPV_2,S2,15,3.75920791959262
118_RTPV_2,S2,16,1.4942527445349962
118_RTPV_2,S2,17,0.0
118_RTPV_2,S2,18,0.0
118_RTPV_2,S2,19,0.0
118_RTPV_2,S2,20,0.0
118_RTPV_2,S2,21,0.0
118_RTPV_2,S2,22,0.0
118_RTPV_2,S2,23,0.0
118_RTPV_2,S2,24,0.0
118_RTPV_2,S3,1,0.0
118_RTPV_2,S3,2,0.0
118_RTPV_2,S3,3,0.0
118_RTPV_2,S3,4,0.0
118_RTPV_2,S3,5,0.0
118_RTPV_2,S3,6,0.0
118_RTPV_2,S3,7,1.5314788281559621
118_RTPV_2,S3,8,3.768117393906974
118_RTPV_2,S3,9,5.443165334719006
118_RTPV_2,S3,10,7.406449186566275
118_RTPV_2,S3,11,8.15531145745281
118_RTPV_2,S3,12,8.054679220241951
118_RTPV_2,S3,13,8.092081955120639
118_RTPV_2,S3,14,6.990697317442081
118_RTPV_2,S3,15,6.246889539785053
118_RTPV_2,S3,16,4.073957039998996
118_RTPV_2,S3,17,1.5772915143951074
118_RTPV_2,S3,18,0.0
118_RTPV_2,S3,19,0.0
118_RTPV_2,S3,20,0.0
118_RTPV_2,S3,21,0.0
118_RTPV_2,S3,22,0.0
118_RTPV_2,S3,23,0.0
118_RTPV_2,S3,24,0.0
118_RTPV_2,S4,1,0.0
118_RTPV_2,S4,2,0.0
118_RTPV_2,S4,3,0.0
118_RTPV_2,S4,4,0.0
118_RTPV_2,S4,5,0.0
118_RTPV_2,S4,6,0.0
118_RTPV_2,S4,7,1.254943004292932
118_RTPV_2,S4,8,3.5294801931292095
118_RTPV_2,S4,9,5.542508759501224
118_RTPV_2,S4,10,6.603943936813113
118_RTPV_2,S4,11,7.814356963827679
118_RTPV_2,S4,12,8.146859227750193
118_RTPV_2,S4,13,7.466999345616967
118_RTPV_2,S4,14,7.080541348122128
118_RTPV_2,S4,15,5.599184050907986
118_RTPV_2,S4,16,3.523059315971299
118_RTPV_2,S4,17,1.459544892410386
118_RTPV_2,S4,18,0.0
118_RTPV_2,S4,19,0.0
118_RTPV_2,S4,20,0.0
118_RTPV_2,S4,21,0.0
118_RTPV_2,S4,22,0.0
118_RTPV_2,S4,23,0.0
118_RTPV_2,S4,24,0.0
118_RTPV_2,S5,1,0.0
118_RTPV_2,S5,2,0.0
118_RTPV_2,S5,3,0.0
118_RTPV_2,S5,4,0.0
118_RTPV_2,S5,5,0.0
118_RTPV_2,S5,6,0.0
118_RTPV_2,S5,7,0.1008324133997183
118_RTPV_2,S5,8,2.135593578523859
118_RTPV_2,S5,9,3.9321485524091333
118_RTPV_2,S5,10,5.258683237733009
118_RTPV_2,S5,11,6.89891287310863
118_RTPV_2,S5,12,7.0440494383142385
118_RTPV_2,S5,13,6.2717841458618295
118_RTPV_2,S5,14,5.732452377312151
118_RTPV_2,S5,15,3.8781348397681867
118_RTPV_2,S5,16,1.1583139053472344
118_RTPV_2,S5,17,0.0
118_RTPV_2,S5,18,0.0
118_RTPV_2,S5,19,0.0
118_RTPV_2,S5,20,0.0
118_RTPV_2,S5,21,0.0
118_RTPV_2,S5,22,0.0
118_RTPV_2,S5,23,0.0
118_RTPV_2,S5,24,0.0
118_RTPV_2,S6,1,0.0
118_RTPV_2,S6,2,0.0
118_RTPV_2,S6,3,0.0
118_RTPV_2,S6,4,0.0
118_RTPV_2,S6,5,0.0
118_RTPV_2,S6,6,0.06170094549394302
118_RTPV_2,S6,7,0.9613653583648063
118_RTPV_2,S6,8,2.078340983624665
118_RTPV_2,S6,9,3.048226309770972
118_RTPV_2,S6,10,3.7081399257911993
118_RTPV_2,S6,11,3.9526164085752713
118_RTPV_2,S6,12,4.139120980594378
118_RTPV_2,S6,13,4.023711819219003
118_RTPV_2,S6,14,3.6029431528165694
118_RTPV_2,S6,15,3.1436143658043694
118_RTPV_2,S6,16,2.2179271498865454
118_RTPV_2,S6,17,1.2087359772320074
118_RTPV_2,S6,18,0.06123567239602886
118_RTPV_2,S6,19,0.0
118_RTPV_2,S6,20,0.0
118_RTPV_2,S6,21,0.0
118_RTPV_2,S6,22,0.0
118_RTPV_2,S6,23,0.0
118_RTPV_2,S6,24,0.0
118_RTPV_2,S7,1,0.0
118_RTPV_2,S7,2,0.0
118_RTPV_2,S7,3,0.0
118_RTPV_2,S7,4,0.0
118_RTPV_2,S7,5,0.0
118_RTPV_2,S7,6,0.0
118_RTPV_2,S7,7,1.5452030825879874
118_RTPV_2,S7,8,3.6254095587256705
118_RTPV_2,S7,9,5.731156200279447
118_RTPV_2,S7,10,6.681113051438553
118_RTPV_2,S7,11,7.104321308199064
118_RTPV_2,S7,12,7.637095809852954
118_RTPV_2,S7,13,7.328515404192001
118_RTPV_2,S7,14,6.611703800678491
118_RTPV_2,S7,15,5.263280864719717
118_RTPV_2,S7,16,3.167778189059555
118_RTPV_2,S7,17,0.859123510967018
118_RTPV_2,S7,18,0.0
118_RTPV_2,S7,19,0.0
118_RTPV_2,S7,20,0.0
118_RTPV_2,S7,21,0.0
118_RTPV_2,S7,22,0.0
118_RTPV_2,S7,23,0.0
118_RTPV_2,S7,24,0.0
118_RTPV_2,S8,1,0.0
118_RTPV_2,S8,2,0.0
118_RTPV_2,S8,3,0.0
118_RTPV_2,S8,4,0.0
118_RTPV_2,S8,5,0.0
118_RTPV_2,S8,6,0.0
118_RTPV_2,S8,7,0.0
118_RTPV_2,S8,8,1.6374564249017696
118_RTPV_2,S8,9,3.813819414255892
118_RTPV_2,S8,10,5.106833695515737
118_RTPV_2,S8,11,5.605912461871225
118_RTPV_2,S8,12,6.079803412027974
118_RTPV_2,S8,13,6.073574265922207
118_RTPV_2,S8,14,5.3722678444241385
118_RTPV_2,S8,15,4.1407923887361555
118_RTPV_2,S8,16,2.0584014445150793
118_RTPV_2,S8,17,0.0
118_RTPV_2,S8,18,0.0
118_RTPV_2,S8,19,0.0
118_RTPV_2,S8,20,0.0
118_RTPV_2,S8,21,0.0
118_RTPV_2,S8,22,0.0
118_RTPV_2,S8,23,0.0
118_RTPV_2,S8,24,0.0
118_RTPV_2,S9,1,0.0
118_RTPV_2,S9,2,0.0
118_RTPV_2,S9,3,0.0
118_RTPV_2,S9,4,0.0
118_RTPV_2,S9,5,0.0
118_RTPV_2,S9,6,0.19606399996712948
118_RTPV_2,S9,7,2.0712138672882547
118_RTPV_2,S9,8,4.106562765332981
118_RTPV_2,S9,9,5.750206946191392
118_RTPV_2,S9,10,7.108945939979055
118_RTPV_2,S9,11,8.660034154889164
118_RTPV_2,S9,12,8.64754272566519
118_RTPV_2,S9,13,9.063559688862009
118_RTPV_2,S9,14,8.116949652422953
118_RTPV_2,S9,15,6.424416201401089
118_RTPV_2,S9,16,4.036579348519329
118_RTPV_2,S9,17,2.137732813920315
118_RTPV_2,S9,18,0.0979036816577483
118_RTPV_2,S9,19,0.0
118_RTPV_2,S9,20,0.0
118_RTPV_2,S9,21,0.0
118_RTPV_2,S9,22,0.0
118_RTPV_2,S9,23,0.0
118_RTPV_2,S9,24,0.0
118_RTPV_2,S10,1,0.0
118_RTPV_2,S10,2,0.0
118_RTPV_2,S10,3,0.0
118_RTPV_2,S10,4,0.0
118_RTPV_2,S10,5,0.0
118_RTPV_2,S10,6,0.0
118_RTPV_2,S10,7,0.09571988219118455
118_RTPV_2,S10,8,2.282117421665495
118_RTPV_2,S10,9,4.294379007214161
118_RTPV_2,S10,10,5.9682980239126735
118_RTPV_2,S10,11,6.4606467922982205
118_RTPV_2,S10,12,6.920042709666247
118_RTPV_2,S10,13,5.958558788976171
118_RTPV_2,S10,14,5.524920179911939
118_RTPV_2,S10,15,3.588017674882523
118_RTPV_2,S10,16,1.279708459735797
118_RTPV_2,S10,17,0.0
118_RTPV_2,S10,18,0.0
118_RTPV_2,S10,19,0.0
118_RTPV_2,S10,20,0.0
118_RTPV_2,S10,21,0.0
118_RTPV_2,S10,22,0.0
118_RTPV_2,S10,23,0.0
118_RTPV_2,S10,24,0.0
118_RTPV_2,S11,1,0.0
118_RTPV_2,S11,2,0.0
118_RTPV_2,S11,3,0.0
118_RTPV_2,S11,4,0.0
118_RTPV_2,S11,5,0.0
118_RTPV_2,S11,6,0.0
118_RTPV_2,S11,7,0.0
118_RTPV_2,S11,8,1.940375362461157
118_RTPV_2,S11,9,3.8784497372161444
118_RTPV_2,S11,10,5.615544133721645
118_RTPV_2,S11,11,7.271667677863401
118_RTPV_2,S11,12,7.840285421697965
118_RTPV_2,S11,13,7.939294815611842
118_RTPV_2,S11,14,6.788869086636557
118_RTPV_2,S11,15,5.6218570279914815
118_RTPV_2,S11,16,2.9106214272310895
118_RTPV_2,S11,17,0.0
118_RTPV_2,S11,18,0.0
118_RTPV_2,S11,19,0.0
118_RTPV_2,S11,20,0.0
118_RTPV_2,S11,21,0.0
118_RTPV_2,S11,22,0.0
118_RTPV_2,S11,23,0.0
118_RTPV_2,S11,24,0.0
118_RTPV_2,S12,1,0.0
118_RTPV_2,S12,2,0.0
118_RTPV_2,S12,3,0.0
118_RTPV_2,S12,4,0.0
118_RTPV_2,S12,5,0.0
118_RTPV_2,S12,6,0.060394766487452504
118_RTPV_2,S12,7,0.9861485610839318
118_RTPV_2,S12,8,1.4940349306010805
118_RTPV_2,S12,9,1.6412887787983372
118_RTPV_2,S12,10,2.422134100314647
118_RTPV_2,S12,11,0.5149941663301242
118_RTPV_2,S12,12,2.846997437339174
118_RTPV_2,S12,13,1.2333396721505727
118_RTPV_2,S12,14,2.6431540803459033
118_RTPV_2,S12,15,2.9209946104974693
118_RTPV_2,S12,16,1.751387130842442
118_RTPV_2,S12,17,0.7085503614359391
118_RTPV_2,S12,18,0.0
118_RTPV_2,S12,19,0.0
118_RTPV_2,S12,20,0.0
118_RTPV_2,S12,21,0.0
118_RTPV_2,S12,22,0.0
118_RTPV_2,S12,23,0.0
118_RTPV_2,S12,24,0.0
118_RTPV_3,S1,1,0.0
118_RTPV_3,S1,2,0.0
118_RTPV_3,S1,3,0.0
118_RTPV_3,S1,4,0.0
118_RTPV_3,S1,5,0.0
118_RTPV_3,S1,6,0.0
118_RTPV_3,S1,7,1.380066227455836
118_RTPV_3,S1,8,2.896256064957107
118_RTPV_3,S1,9,3.5260977400548494
118_RTPV_3,S1,10,5.35539022869409
118_RTPV_3,S1,11,5.453528371143686
118_RTPV_3,S1,12,2.4908751611171516
118_RTPV_3,S1,13,0.5124549547695979
118_RTPV_3,S1,14,4.5608057539278875
118_RTPV_3,S1,15,5.118959187764878
118_RTPV_3,S1,16,3.4696353838889404
118_RTPV_3,S1,17,1.649632323260982
118_RTPV_3,S1,18,0.0
118_RTPV_3,S1,19,0.0
118_RTPV_3,S1,20,0.0
118_RTPV_3,S1,21,0.0
118_RTPV_3,S1,22,0.0
118_RTPV_3,S1,23,0.0
118_RTPV_3,S1,24,0.0
118_RTPV_3,S2,1,0.0
118_RTPV_3,S2,2,0.0
118_RTPV_3,S2,3,0.0
118_RTPV_3,S2,4,0.0
118_RTPV_3,S2,5,0.0
118_RTPV_3,S2,6,0.0
118_RTPV_3,S2,7,0.0
118_RTPV_3,S2,8,2.028834483752641
118_RTPV_3,S2,9,4.506996204255775
118_RTPV_3,S2,10,5.849470687047274
118_RTPV_3,S2,11,6.731179475639134
118_RTPV_3,S2,12,6.762823277338808
118_RTPV_3,S2,13,6.609024473121842
118_RTPV_3,S2,14,6.280588723500943
118_RTPV_3,S2,15,4.282283564124606
118_RTPV_3,S2,16,1.721556920776722
118_RTPV_3,S2,17,0.0
118_RTPV_3,S2,18,0.0
118_RTPV_3,S2,19,0.0
118_RTPV_3,S2,20,0.0
118_RTPV_3,S2,21,0.0
118_RTPV_3,S2,22,0.0
118_RTPV_3,S2,23,0.0
118_RTPV_3,S2,24,0.0
118_RTPV_3,S3,1,0.0
118_RTPV_3,S3,2,0.0
118_RTPV_3,S3,3,0.0
118_RTPV_3,S3,4,0.0
118_RTPV_3,S3,5,0.0
118_RTPV_3,S3,6,0.0
118_RTPV_3,S3,7,1.2528253005164791
118_RTPV_3,S3,8,3.594840875817243
118_RTPV_3,S3,9,5.753591875098697
118_RTPV_3,S3,10,6.80105902862773
118_RTPV_3,S3,11,7.44853199646919
118_RTPV_3,S3,12,7.963920103797255
118_RTPV_3,S3,13,7.648528043705808
118_RTPV_3,S3,14,7.467876228258364
118_RTPV_3,S3,15,6.452959165445224
118_RTPV_3,S3,16,4.721779904427536
118_RTPV_3,S3,17,1.9144345000747724
118_RTPV_3,S3,18,0.0
118_RTPV_3,S3,19,0.0
118_RTPV_3,S3,20,0.0
118_RTPV_3,S3,21,0.0
118_RTPV_3,S3,22,0.0
118_RTPV_3,S3,23,0.0
118_RTPV_3,S3,24,0.0
118_RTPV_3,S4,1,0.0
118_RTPV_3,S4,2,0.0
118_RTPV_3,S4,3,0.0
118_RTPV_3,S4,4,0.0
118_RTPV_3,S4,5,0.0
118_RTPV_3,S4,6,0.0
118_RTPV_3,S4,7,1.0894147342792733
118_RTPV_3,S4,8,3.532118350640582
118_RTPV_3,S4,9,5.488584064733886
118_RTPV_3,S4,10,6.95759991036073
118_RTPV_3,S4,11,7.357075503808696
118_RTPV_3,S4,12,7.854992201585051
118_RTPV_3,S4,13,7.548293297736987
118_RTPV_3,S4,14,7.647569045420244
118_RTPV_3,S4,15,6.067485753029497
118_RTPV_3,S4,16,4.172136596234572
118_RTPV_3,S4,17,1.6600683357607442
118_RTPV_3,S4,18,0.0
118_RTPV_3,S4,19,0.0
118_RTPV_3,S4,20,0.0
118_RTPV_3,S4,21,0.0
118_RTPV_3,S4,22,0.0
118_RTPV_3,S4,23,0.0
118_RTPV_3,S4,24,0.0
118_RTPV_3,S5,1,0.0
118_RTPV_3,S5,2,0.0
118_RTPV_3,S5,3,0.0
118_RTPV_3,S5,4,0.0
118_RTPV_3,S5,5,0.0
118_RTPV_3,S5,6,0.0
118_RTPV_3,S5,7,0.0
118_RTPV_3,S5,8,0.0
118_RTPV_3,S5,9,2.59878024712137
118_RTPV_3,S5,10,5.294531357813893
118_RTPV_3,S5,11,7.487755124155533
118_RTPV_3,S5,12,7.6927095506116725
118_RTPV_3,S5,13,6.981432965363094
118_RTPV_3,S5,14,6.047656301232078
118_RTPV_3,S5,15,4.434527335549178
118_RTPV_3,S5,16,1.4655977248856855
118_RTPV_3,S5,17,0.0
118_RTPV_3,S5,18,0.0
118_RTPV_3,S5,19,0.0
118_RTPV_3,S5,20,0.0
118_RTPV_3,S5,21,0.0
118_RTPV_3,S5,22,0.0
118_RTPV_3,S5,23,0.0
118_RTPV_3,S5,24,0.0
118_RTPV_3,S6,1,0.0
118_RTPV_3,S6,2,0.0
118_RTPV_3,S6,3,0.0
118_RTPV_3,S6,4,0.0
118_RTPV_3,S6,5,0.0
118_RTPV_3,S6,6,0.0
118_RTPV_3,S6,7,0.8071158541878547
118_RTPV_3,S6,8,1.8530184379666406
118_RTPV_3,S6,9,2.8126194105387397
118_RTPV_3,S6,10,3.5728526816811987
118_RTPV_3,S6,11,3.800257518039318
118_RTPV_3,S6,12,3.8580402086191783
118_RTPV_3,S6,13,3.965620783722032
118_RTPV_3,S6,14,3.6042232041646205
118_RTPV_3,S6,15,3.321268173615294
118_RTPV_3,S6,16,2.4970020302286886
118_RTPV_3,S6,17,1.3263906560167484
118_RTPV_3,S6,18,0.06029419399560889
118_RTPV_3,S6,19,0.0
118_RTPV_3,S6,20,0.0
118_RTPV_3,S6,21,0.0
118_RTPV_3,S6,22,0.0
118_RTPV_3,S6,23,0.0
118_RTPV_3,S6,24,0.0
118_RTPV_3,S7,1,0.0
118_RTPV_3,S7,2,0.0
118_RTPV_3,S7,3,0.0
118_RTPV_3,S7,4,0.0
118_RTPV_3,S7,5,0.0
118_RTPV_3,S7,6,0.0
118_RTPV_3,S7,7,1.2550781294270348
118_RTPV_3,S7,8,3.397025946093711
118_RTPV_3,S7,9,5.144676280860453
118_RTPV_3,S7,10,6.091841831397188
118_RTPV_3,S7,11,6.3188056506414885
118_RTPV_3,S7,12,7.04151883687
118_RTPV_3,S7,13,6.74830224873368
118_RTPV_3,S7,14,6.694151825508254
118_RTPV_3,S7,15,5.049460627878767
118_RTPV_3,S7,16,3.258091814425656
118_RTPV_3,S7,17,1.1887062860905162
118_RTPV_3,S7,18,0.0
118_RTPV_3,S7,19,0.0
118_RTPV_3,S7,20,0.0
118_RTPV_3,S7,21,0.0
118_RTPV_3,S7,22,0.0
118_RTPV_3,S7,23,0.0
118_RTPV_3,S7,24,0.0
118_RTPV_3,S8,1,0.0
118_RTPV_3,S8,2,0.0
118_RTPV_3,S8,3,0.0
118_RTPV_3,S8,4,0.0
118_RTPV_3,S8,5,0.0
118_RTPV_3,S8,6,0.0
118_RTPV_3,S8,7,0.0
118_RTPV_3,S8,8,1.5671812758954164
118_RTPV_3,S8,9,3.5923805876779573
118_RTPV_3,S8,10,5.234124297997197
118_RTPV_3,S8,11,5.870382124191952
118_RTPV_3,S8,12,6.289605938637041
118_RTPV_3,S8,13,6.291518832671599
118_RTPV_3,S8,14,5.738304822626008
118_RTPV_3,S8,15,4.567286923991564
118_RTPV_3,S8,16,2.005885732394588
118_RTPV_3,S8,17,0.0
118_RTPV_3,S8,18,0.0
118_RTPV_3,S8,19,0.0
118_RTPV_3,S8,20,0.0
118_RTPV_3,S8,21,0.0
118_RTPV_3,S8,22,0.0
118_RTPV_3,S8,23,0.0
118_RTPV_3,S8,24,0.0
118_RTPV_3,S9,1,0.0
118_RTPV_3,S9,2,0.0
118_RTPV_3,S9,3,0.0
118_RTPV_3,S9,4,0.0
118_RTPV_3,S9,5,0.0
118_RTPV_3,S9,6,0.0
118_RTPV_3,S9,7,1.9156767815980438
118_RTPV_3,S9,8,3.9875278928086813
118_RTPV_3,S9,9,6.00509506779885
118_RTPV_3,S9,10,6.8075465041941365
118_RTPV_3,S9,11,8.43894911178872
118_RTPV_3,S9,12,9.329255137867444
118_RTPV_3,S9,13,8.90862216445906
118_RTPV_3,S9,14,7.796349722226767
118_RTPV_3,S9,15,6.507909371123506
118_RTPV_3,S9,16,1.2401392621224798
118_RTPV_3,S9,17,0.19218413966894177
118_RTPV_3,S9,18,0.0
118_RTPV_3,S9,19,0.0
118_RTPV_3,S9,20,0.0
118_RTPV_3,S9,21,0.0
118_RTPV_3,S9,22,0.0
118_RTPV_3,S9,23,0.0
118_RTPV_3,S9,24,0.0
118_RTPV_3,S10,1,0.0
118_RTPV_3,S10,2,0.0
118_RTPV_3,S10,3,0.0
118_RTPV_3,S10,4,0.0
118_RTPV_3,S10,5,0.0
118_RTPV_3,S10,6,0.0
118_RTPV_3,S10,7,0.0
118_RTPV_3,S10,8,2.6182108218694777
118_RTPV_3,S10,9,4.739691546638288
118_RTPV_3,S10,10,5.833481175421836
118_RTPV_3,S10,11,6.57728417740848
118_RTPV_3,S10,12,7.116217415667813
118_RTPV_3,S10,13,6.333170394210123
118_RTPV_3,S10,14,5.695025957379579
118_RTPV_3,S10,15,3.952334782445372
118_RTPV_3,S10,16,1.5577592399069826
118_RTPV_3,S10,17,0.0
118_RTPV_3,S10,18,0.0
118_RTPV_3,S10,19,0.0
118_RTPV_3,S10,20,0.0
118_RTPV_3,S10,21,0.0
118_RTPV_3,S10,22,0.0
118_RTPV_3,S10,23,0.0
118_RTPV_3,S10,24,0.0
118_RTPV_3,S11,1,0.0
118_RTPV_3,S11,2,0.0
118_RTPV_3,S11,3,0.0
118_RTPV_3,S11,4,0.0
118_RTPV_3,S11,5,0.0
118_RTPV_3,S11,6,0.0
118_RTPV_3,S11,7,0.0
118_RTPV_3,S11,8,1.7723722048013297
118_RTPV_3,S11,9,4.011542310688926
118_RTPV_3,S11,10,5.4317769999344385
118_RTPV_3,S11,11,7.054391385234915
118_RTPV_3,S11,12,7.419005259487029
118_RTPV_3,S11,13,7.597108020459683
118_RTPV_3,S11,14,7.011772489836993
118_RTPV_3,S11,15,5.448368814337768
118_RTPV_3,S11,16,3.002514728555764
118_RTPV_3,S11,17,0.10344431007871782
118_RTPV_3,S11,18,0.0
118_RTPV_3,S11,19,0.0
118_RTPV_3,S11,20,0.0
118_RTPV_3,S11,21,0.0
118_RTPV_3,S11,22,0.0
118_RTPV_3,S11,23,0.0
118_RTPV_3,S11,24,0.0
118_RTPV_3,S12,1,0.0
118_RTPV_3,S12,2,0.0
118_RTPV_3,S12,3,0.0
118_RTPV_3,S12,4,0.0
118_RTPV_3,S12,5,0.0
118_RTPV_3,S12,6,0.0
118_RTPV_3,S12,7,0.8813667267562451
118_RTPV_3,S12,8,2.0203836195241625
118_RTPV_3,S12,9,1.9933327240095144
118_RTPV_3,S12,10,0.8399341076457555
118_RTPV_3,S12,11,2.9548501219998378
118_RTPV_3,S12,12,3.2861955988915756
118_RTPV_3,S12,13,1.9318369791547634
118_RTPV_3,S12,14,2.943815646349189
118_RTPV_3,S12,15,1.1450615921108152
118_RTPV_3,S12,16,1.3545734537674443
118_RTPV_3,S12,17,0.313905210752065
118_RTPV_3,S12,18,0.0
118_RTPV_3,S12,19,0.0
118_RTPV_3,S12,20,0.0
118_RTPV_3,S12,21,0.0
118_RTPV_3,S12,22,0.0
118_RTPV_3,S12,23,0.0
118_RTPV_3,S12,24,0.0
118_RTPV_4,S1,1,0.0
118_RTPV_4,S1,2,0.0
118_RTPV_4,S1,3,0.0
118_RTPV_4,S1,4,0.0
118_RTPV_4,S1,5,0.0
118_RTPV_4,S1,6,0.0
118_RTPV_4,S1,7,1.4565938993628258
118_RTPV_4,S1,8,3.376079181452255
118_RTPV_4,S1,9,4.823191044111114
118_RTPV_4,S1,10,5.7396675025893025
118_RTPV_4,S1,11,6.639565600773196
118_RTPV_4,S1,12,7.121441837549359
118_RTPV_4,S1,13,6.48751329910908
118_RTPV_4,S1,14,5.4237930028216725
118_RTPV_4,S1,15,5.111227927555936
118_RTPV_4,S1,16,3.3401532108914953
118_RTPV_4,S1,17,1.5622793054654058
118_RTPV_4,S1,18,0.0
118_RTPV_4,S1,19,0.0
118_RTPV_4,S1,20,0.0
118_RTPV_4,S1,21,0.0
118_RTPV_4,S1,22,0.0
118_RTPV_4,S1,23,0.0
118_RTPV_4,S1,24,0.0
118_RTPV_4,S2,1,0.0
118_RTPV_4,S2,2,0.0
118_RTPV_4,S2,3,0.0
118_RTPV_4,S2,4,0.0
118_RTPV_4,S2,5,0.0
118_RTPV_4,S2,6,0.0
118_RTPV_4,S2,7,0.0
118_RTPV_4,S2,8,1.9543306021937084
118_RTPV_4,S2,9,3.9581835324974857
118_RTPV_4,S2,10,5.772203165230631
118_RTPV_4,S2,11,6.77031544496712
118_RTPV_4,S2,12,7.074308025410846
118_RTPV_4,S2,13,6.270150731888285
118_RTPV_4,S2,14,5.677449761197082
118_RTPV_4,S2,15,3.9488992649868067
118_RTPV_4,S2,16,1.6012733770745624
118_RTPV_4,S2,17,0.0
118_RTPV_4,S2,18,0.0
118_RTPV_4,S2,19,0.0
118_RTPV_4,S2,20,0.0
118_RTPV_4,S2,21,0.0
118_RTPV_4,S2,22,0.0
118_RTPV_4,S2,23,0.0
118_RTPV_4,S2,24,0.0
118_RTPV_4,S3,1,0.0
118_RTPV_4,S3,2,0.0
118_RTPV_4,S3,3,0.0
118_RTPV_4,S3,4,0.0
118_RTPV_4,S3,5,0.0
118_RTPV_4,S3,6,0.0
118_RTPV_4,S3,7,1.4874421679745928
118_RTPV_4,S3,8,3.473827355324814
118_RTPV_4,S3,9,5.848224701295857
118_RTPV_4,S3,10,6.91662438483555
118_RTPV_4,S3,11,7.724776227016274
118_RTPV_4,S3,12,8.409412288484917
118_RTPV_4,S3,13,7.593544599682994
118_RTPV_4,S3,14,7.069046382261698
118_RTPV_4,S3,15,5.842418940427567
118_RTPV_4,S3,16,4.19526660169368
118_RTPV_4,S3,17,1.602469263224716
118_RTPV_4,S3,18,0.0
118_RTPV_4,S3,19,0.0
118_RTPV_4,S3,20,0.0
118_RTPV_4,S3,21,0.0
118_RTPV_4,S3,22,0.0
118_RTPV_4,S3,23,0.0
118_RTPV_4,S3,24,0.0
118_RTPV_4,S4,1,0.0
118_RTPV_4,S4,2,0.0
118_RTPV_4,S4,3,0.0
118_RTPV_4,S4,4,0.0
118_RTPV_4,S4,5,0.0
118_RTPV_4,S4,6,0.0
118_RTPV_4,S4,7,1.2323794946390956
118_RTPV_4,S4,8,3.3885860969942105
118_RTPV_4,S4,9,5.471589296298915
118_RTPV_4,S4,10,6.5885913487552505
118_RTPV_4,S4,11,7.468168343395847
118_RTPV_4,S4,12,8.189387358822508
118_RTPV_4,S4,13,7.879407872735078
118_RTPV_4,S4,14,6.615576699464139
118_RTPV_4,S4,15,5.5766048033514535
118_RTPV_4,S4,16,3.449729724585354
118_RTPV_4,S4,17,1.4099619036561524
118_RTPV_4,S4,18,0.0
118_RTPV_4,S4,19,0.0
118_RTPV_4,S4,20,0.0
118_RTPV_4,S4,21,0.0
118_RTPV_4,S4,22,0.0
118_RTPV_4,S4,23,0.0
118_RTPV_4,S4,24,0.0
118_RTPV_4,S5,1,0.0
118_RTPV_4,S5,2,0.0
118_RTPV_4,S5,3,0.0
118_RTPV_4,S5,4,0.0
118_RTPV_4,S5,5,0.0
118_RTPV_4,S5,6,0.0
118_RTPV_4,S5,7,0.09654336227069832
118_RTPV_4,S5,8,2.3960088836515023
118_RTPV_4,S5,9,4.168400321123001
118_RTPV_4,S5,10,5.536781497503673
118_RTPV_4,S5,11,7.237514601838116
118_RTPV_4,S5,12,6.912493760827361
118_RTPV_4,S5,13,6.498463853459585
118_RTPV_4,S5,14,5.851795970736708
118_RTPV_4,S5,15,4.034944039732078
118_RTPV_4,S5,16,1.139128975243459
118_RTPV_4,S5,17,0.0
118_RTPV_4,S5,18,0.0
118_RTPV_4,S5,19,0.0
118_RTPV_4,S5,20,0.0
118_RTPV_4,S5,21,0.0
118_RTPV_4,S5,22,0.0
118_RTPV_4,S5,23,0.0
118_RTPV_4,S5,24,0.0
118_RTPV_4,S6,1,0.0
118_RTPV_4,S6,2,0.0
118_RTPV_4,S6,3,0.0
118_RTPV_4,S6,4,0.0
118_RTPV_4,S6,5,0.0
118_RTPV_4,S6,6,0.05761159313386746
118_RTPV_4,S6,7,0.9985313182311439
118_RTPV_4,S6,8,1.9460670765054882
118_RTPV_4,S6,9,3.047161453812406
118_RTPV_4,S6,10,3.6051049516846936
118_RTPV_4,S6,11,4.028297320882738
118_RTPV_4,S6,12,3.9072470268797526
118_RTPV_4,S6,13,4.187600972511947
118_RTPV_4,S6,14,3.690672379792713
118_RTPV_4,S6,15,3.1764306006488154
118_RTPV_4,S6,16,2.189780681914329
118_RTPV_4,S6,17,1.2248325378668248
118_RTPV_4,S6,18,0.05919060303774978
118_RTPV_4,S6,19,0.0
118_RTPV_4,S6,20,0.0
118_RTPV_4,S6,21,0.0
118_RTPV_4,S6,22,0.0
118_RTPV_4,S6,23,0.0
118_RTPV_4,S6,24,0.0
118_RTPV_4,S7,1,0.0
118_RTPV_4,S7,2,0.0
118_RTPV_4,S7,3,0.0
118_RTPV_4,S7,4,0.0
118_RTPV_4,S7,5,0.0
118_RTPV_4,S7,6,0.0
118_RTPV_4,S7,7,1.4565916090051356
118_RTPV_4,S7,8,3.243494300382323
118_RTPV_4,S7,9,5.422926762487732
118_RTPV_4,S7,10,6.579363012461474
118_RTPV_4,S7,11,7.375355900241583
118_RTPV_4,S7,12,7.389332691430377
118_RTPV_4,S7,13,7.189083154273484
118_RTPV_4,S7,14,6.288718837415442
118_RTPV_4,S7,15,5.35154239235479
118_RTPV_4,S7,16,2.872527289266109
118_RTPV_4,S7,17,0.7855421135679275
118_RTPV_4,S7,18,0.0
118_RTPV_4,S7,19,0.0
118_RTPV_4,S7,20,0.0
118_RTPV_4,S7,21,0.0
118_RTPV_4,S7,22,0.0
118_RTPV_4,S7,23,0.0
118_RTPV_4,S7,24,0.0
118_RTPV_4,S8,1,0.0
118_RTPV_4,S8,2,0.0
118_RTPV_4,S8,3,0.0
118_RTPV_4,S8,4,0.0
118_RTPV_4,S8,5,0.0
118_RTPV_4,S8,6,0.0
118_RTPV_4,S8,7,0.0
118_RTPV_4,S8,8,1.5236289965496272
118_RTPV_4,S8,9,3.7340097380718937
118_RTPV_4,S8,10,5.282420425240476
118_RTPV_4,S8,11,5.659251272295749
118_RTPV_4,S8,12,6.472029993565092
118_RTPV_4,S8,13,6.2625368416279725
118_RTPV_4,S8,14,5.4618490234321575
118_RTPV_4,S8,15,4.000429480764233
118_RTPV_4,S8,16,2.1243558231577215
118_RTPV_4,S8,17,0.0
118_RTPV_4,S8,18,0.0
118_RTPV_4,S8,19,0.0
118_RTPV_4,S8,20,0.0
118_RTPV_4,S8,21,0.0
118_RTPV_4,S8,22,0.0
118_RTPV_4,S8,23,0.0
118_RTPV_4,S8,24,0.0
118_RTPV_4,S9,1,0.0
118_RTPV_4,S9,2,0.0
118_RTPV_4,S9,3,0.0
118_RTPV_4,S9,4,0.0
118_RTPV_4,S9,5,0.0
118_RTPV_4,S9,6,0.19636627453192373
118_RTPV_4,S9,7,2.23612101167264
118_RTPV_4,S9,8,4.165594066465412
118_RTPV_4,S9,9,5.773851537364706
118_RTPV_4,S9,10,6.99378776214894
118_RTPV_4,S9,11,8.915009472900246
118_RTPV_4,S9,12,9.035396423017414
118_RTPV_4,S9,13,8.406775086988283
118_RTPV_4,S9,14,7.992986472879726
118_RTPV_4,S9,15,6.656354299012025
118_RTPV_4,S9,16,4.183151772562974
118_RTPV_4,S9,17,2.1961518473606247
118_RTPV_4,S9,18,0.09553933567006512
118_RTPV_4,S9,19,0.0
118_RTPV_4,S9,20,0.0
118_RTPV_4,S9,21,0.0
118_RTPV_4,S9,22,0.0
118_RTPV_4,S9,23,0.0
118_RTPV_4,S9,24,0.0
118_RTPV_4,S10,1,0.0
118_RTPV_4,S10,2,0.0
118_RTPV_4,S10,3,0.0
118_RTPV_4,S10,4,0.0
118_RTPV_4,S10,5,0.0
118_RTPV_4,S10,6,0.0
118_RTPV_4,S10,7,0.0
118_RTPV_4,S10,8,2.2571061651165802
118_RTPV_4,S10,9,4.346827380126261
118_RTPV_4,S10,10,5.529086097474524
118_RTPV_4,S10,11,6.2786697425918
118_RTPV_4,S10,12,6.621077166084475
118_RTPV_4,S10,13,6.018450764344308
118_RTPV_4,S10,14,5.322737137128152
118_RTPV_4,S10,15,3.333340118639684
118_RTPV_4,S10,16,1.1068629707724242
118_RTPV_4,S10,17,0.0
118_RTPV_4,S10,18,0.0
118_RTPV_4,S10,19,0.0
118_RTPV_4,S10,20,0.0
118_RTPV_4,S10,21,0.0
118_RTPV_4,S10,22,0.0
118_RTPV_4,S10,23,0.0
118_RTPV_4,S10,24,0.0
118_RTPV_4,S11,1,0.0
118_RTPV_4,S11,2,0.0
118_RTPV_4,S11,3,0.0
118_RTPV_4,S11,4,0.0
118_RTPV_4,S11,5,0.0
118_RTPV_4,S11,6,0.0
118_RTPV_4,S11,7,0.0
118_RTPV_4,S11,8,1.8124397126048835
118_RTPV_4,S11,9,3.6353749772775337
118_RTPV_4,S11,10,5.323416382047275
118_RTPV_4,S11,11,7.323623009488815
118_RTPV_4,S11,12,7.509918058696308
118_RTPV_4,S11,13,7.665762854683222
118_RTPV_4,S11,14,7.132348709236053
118_RTPV_4,S11,15,5.64566285798957
118_RTPV_4,S11,16,2.9991670047599936
118_RTPV_4,S11,17,0.0
118_RTPV_4,S11,18,0.0
118_RTPV_4,S11,19,0.0
118_RTPV_4,S11,20,0.0
118_RTPV_4,S11,21,0.0
118_RTPV_4,S11,22,0.0
118_RTPV_4,S11,23,0.0
118_RTPV_4,S11,24,0.0
118_RTPV_4,S12,1,0.0
118_RTPV_4,S12,2,0.0
118_RTPV_4,S12,3,0.0
118_RTPV_4,S12,4,0.0
118_RTPV_4,S12,5,0.0
118_RTPV_4,S12,6,0.05829089313923799
118_RTPV_4,S12,7,0.9129740283146915
118_RTPV_4,S12,8,1.9520815894013315
118_RTPV_4,S12,9,1.5982724352701472
118_RTPV_4,S12,10,2.744927448234104
118_RTPV_4,S12,11,2.795590872557204
118_RTPV_4,S12,12,1.4092974273692394
118_RTPV_4,S12,13,0.23589395163304044
118_RTPV_4,S12,14,1.9395230601279547
118_RTPV_4,S12,15,2.6517789794596403
118_RTPV_4,S12,16,1.3148381812661498
118_RTPV_4,S12,17,0.874628428840809
118_RTPV_4,S12,18,0.0
118_RTPV_4,S12,19,0.0
118_RTPV_4,S12,20,0.0
118_RTPV_4,S12,21,0.0
118_RTPV_4,S12,22,0.0
118_RTPV_4,S12,23,0.0
118_RTPV_4,S12,24,0.0
118_RTPV_5,S1,1,0.0
118_RTPV_5,S1,2,0.0
118_RTPV_5,S1,3,0.0
118_RTPV_5,S1,4,0.0
118_RTPV_5,S1,5,0.0
118_RTPV_5,S1,6,0.0
118_RTPV_5,S1,7,1.556162742193551
118_RTPV_5,S1,8,3.4614621497325113
118_RTPV_5,S1,9,4.658609913734092
118_RTPV_5,S1,10,5.865579958354584
118_RTPV_5,S1,11,5.927670736165255
118_RTPV_5,S1,12,6.658958312814258
118_RTPV_5,S1,13,6.638112644733745
118_RTPV_5,S1,14,6.632488555297154
118_RTPV_5,S1,15,4.76573332928785
118_RTPV_5,S1,16,3.5577079574537445
118_RTPV_5,S1,17,1.6358928867040654
118_RTPV_5,S1,18,0.0
118_RTPV_5,S1,19,0.0
118_RTPV_5,S1,20,0.0
118_RTPV_5,S1,21,0.0
118_RTPV_5,S1,22,0.0
118_RTPV_5,S1,23,0.0
118_RTPV_5,S1,24,0.0
118_RTPV_5,S2,1,0.0
118_RTPV_5,S2,2,0.0
118_RTPV_5,S2,3,0.0
118_RTPV_5,S2,4,0.0
118_RTPV_5,S2,5,0.0
118_RTPV_5,S2,6,0.0
118_RTPV_5,S2,7,0.0
118_RTPV_5,S2,8,1.9733849638036225
118_RTPV_5,S2,9,3.9579707126416017
118_RTPV_5,S2,10,5.578543878251572
118_RTPV_5,S2,11,6.601916256002745
118_RTPV_5,S2,12,6.996120313390199
118_RTPV_5,S2,13,6.566812087489822
118_RTPV_5,S2,14,5.769330308767132
118_RTPV_5,S2,15,3.9198031906941133
118_RTPV_5,S2,16,1.6657691529124847
118_RTPV_5,S2,17,0.0
118_RTPV_5,S2,18,0.0
118_RTPV_5,S2,19,0.0
118_RTPV_5,S2,20,0.0
118_RTPV_5,S2,21,0.0
118_RTPV_5,S2,22,0.0
118_RTPV_5,S2,23,0.0
118_RTPV_5,S2,24,0.0
118_RTPV_5,S3,1,0.0
118_RTPV_5,S3,2,0.0
118_RTPV_5,S3,3,0.0
118_RTPV_5,S3,4,0.0
118_RTPV_5,S3,5,0.0
118_RTPV_5,S3,6,0.0
118_RTPV_5,S3,7,1.4980587630886268
118_RTPV_5,S3,8,3.585797724917842
118_RTPV_5,S3,9,5.5840008558216665
118_RTPV_5,S3,10,7.252667411149253
118_RTPV_5,S3,11,7.82258617330516
118_RTPV_5,S3,12,8.37332225938817
118_RTPV_5,S3,13,8.25516185615987
118_RTPV_5,S3,14,7.139389742651522
118_RTPV_5,S3,15,6.297975321571906
118_RTPV_5,S3,16,4.265022556919084
118_RTPV_5,S3,17,1.6552672127520769
118_RTPV_5,S3,18,0.0
118_RTPV_5,S3,19,0.0
118_RTPV_5,S3,20,0.0
118_RTPV_5,S3,21,0.0
118_RTPV_5,S3,22,0.0
118_RTPV_5,S3,23,0.0
118_RTPV_5,S3,24,0.0
118_RTPV_5,S4,1,0.0
118_RTPV_5,S4,2,0.0
118_RTPV_5,S4,3,0.0
118_RTPV_5,S4,4,0.0
118_RTPV_5,S4,5,0.0
118_RTPV_5,S4,6,0.0
118_RTPV_5,S4,7,1.0626574760261789
118_RTPV_5,S4,8,3.4103414926602085
118_RTPV_5,S4,9,5.485353692175355
118_RTPV_5,S4,10,6.68961920650139
118_RTPV_5,S4,11,7.344138657234056
118_RTPV_5,S4,12,8.121774818069635
118_RTPV_5,S4,13,7.044982370140971
118_RTPV_5,S4,14,7.232068478726841
118_RTPV_5,S4,15,6.267107381237491
118_RTPV_5,S4,16,4.087078616416344
118_RTPV_5,S4,17,1.695940485420011
118_RTPV_5,S4,18,0.0
118_RTPV_5,S4,19,0.0
118_RTPV_5,S4,20,0.0
118_RTPV_5,S4,21,0.0
118_RTPV_5,S4,22,0.0
118_RTPV_5,S4,23,0.0
118_RTPV_5,S4,24,0.0
118_RTPV_5,S5,1,0.0
118_RTPV_5,S5,2,0.0
118_RTPV_5,S5,3,0.0
118_RTPV_5,S5,4,0.0
118_RTPV_5,S5,5,0.0
118_RTPV_5,S5,6,0.0
118_RTPV_5,S5,7,0.0
118_RTPV_5,S5,8,0.9505445701949642
118_RTPV_5,S5,9,4.191441948231919
118_RTPV_5,S5,10,5.52738233104915
118_RTPV_5,S5,11,6.976756649484919
118_RTPV_5,S5,12,7.274681024235848
118_RTPV_5,S5,13,6.695035559484841
118_RTPV_5,S5,14,5.795325446765967
118_RTPV_5,S5,15,4.018197801863045
118_RTPV_5,S5,16,1.4880778879490133
118_RTPV_5,S5,17,0.0
118_RTPV_5,S5,18,0.0
118_RTPV_5,S5,19,0.0
118_RTPV_5,S5,20,0.0
118_RTPV_5,S5,21,0.0
118_RTPV_5,S5,22,0.0
118_RTPV_5,S5,23,0.0
118_RTPV_5,S5,24,0.0
118_RTPV_5,S6,1,0.0
118_RTPV_5,S6,2,0.0
118_RTPV_5,S6,3,0.0
118_RTPV_5,S6,4,0.0
118_RTPV_5,S6,5,0.0
118_RTPV_5,S6,6,0.0
118_RTPV_5,S6,7,0.8971544862486082
118_RTPV_5,S6,8,1.9294780543169905
118_RTPV_5,S6,9,2.9048893285486797
118_RTPV_5,S6,10,3.5762782107477364
118_RTPV_5,S6,11,4.000213671322555
118_RTPV_5,S6,12,3.998171137508274
118_RTPV_5,S6,13,3.8826425878013926
118_RTPV_5,S6,14,3.7823169899509184
118_RTPV_5,S6,15,3.195998206567811
118_RTPV_5,S6,16,2.386347072744489
118_RTPV_5,S6,17,1.3722939125820124
118_RTPV_5,S6,18,0.05804126418907566
118_RTPV_5,S6,19,0.0
118_RTPV_5,S6,20,0.0
118_RTPV_5,S6,21,0.0
118_RTPV_5,S6,22,0.0
118_RTPV_5,S6,23,0.0
118_RTPV_5,S6,24,0.0
118_RTPV_5,S7,1,0.0
118_RTPV_5,S7,2,0.0
118_RTPV_5,S7,3,0.0
118_RTPV_5,S7,4,0.0
118_RTPV_5,S7,5,0.0
118_RTPV_5,S7,6,0.0
118_RTPV_5,S7,7,1.3486869923016722
118_RTPV_5,S7,8,3.4165342707755357
118_RTPV_5,S7,9,4.957337402279665
118_RTPV_5,S7,10,6.329096968622056
118_RTPV_5,S7,11,6.8260227718220365
118_RTPV_5,S7,12,7.340967617997218
118_RTPV_5,S7,13,6.934882466743634
118_RTPV_5,S7,14,6.553032845241326
118_RTPV_5,S7,15,5.0579771410777346
118_RTPV_5,S7,16,3.303716411720738
118_RTPV_5,S7,17,1.0248259848805013
118_RTPV_5,S7,18,0.0
118_RTPV_5,S7,19,0.0
118_RTPV_5,S7,20,0.0
118_RTPV_5,S7,21,0.0
118_RTPV_5,S7,22,0.0
118_RTPV_5,S7,23,0.0
118_RTPV_5,S7,24,0.0
118_RTPV_5,S8,1,0.0
118_RTPV_5,S8,2,0.0
118_RTPV_5,S8,3,0.0
118_RTPV_5,S8,4,0.0
118_RTPV_5,S8,5,0.0
118_RTPV_5,S8,6,0.0
118_RTPV_5,S8,7,0.0
118_RTPV_5,S8,8,1.4326830844197442
118_RTPV_5,S8,9,3.334282544395142
118_RTPV_5,S8,10,5.035708631232476
118_RTPV_5,S8,11,5.7300274647877245
118_RTPV_5,S8,12,6.125331895931296
118_RTPV_5,S8,13,6.401997175908458
118_RTPV_5,S8,14,5.859287948912994
118_RTPV_5,S8,15,4.372113147509673
118_RTPV_5,S8,16,2.2799720868347078
118_RTPV_5,S8,17,0.0
118_RTPV_5,S8,18,0.0
118_RTPV_5,S8,19,0.0
118_RTPV_5,S8,20,0.0
118_RTPV_5,S8,21,0.0
118_RTPV_5,S8,22,0.0
118_RTPV_5,S8,23,0.0
118_RTPV_5,S8,24,0.0
118_RTPV_5,S9,1,0.0
118_RTPV_5,S9,2,0.0
118_RTPV_5,S9,3,0.0
118_RTPV_5,S9,4,0.0
118_RTPV_5,S9,5,0.0
118_RTPV_5,S9,6,0.19364115237556642
118_RTPV_5,S9,7,2.2738103965744294
118_RTPV_5,S9,8,4.158830635108026
118_RTPV_5,S9,9,5.94007187371323
118_RTPV_5,S9,10,7.2338908270155695
118_RTPV_5,S9,11,8.920711259032275
118_RTPV_5,S9,12,9.400073687267104
118_RTPV_5,S9,13,8.428989506905097
118_RTPV_5,S9,14,7.929098069929371
118_RTPV_5,S9,15,6.291931020104039
118_RTPV_5,S9,16,4.239960629319796
118_RTPV_5,S9,17,2.1602528712320583
118_RTPV_5,S9,18,0.10200888266101121
118_RTPV_5,S9,19,0.0
118_RTPV_5,S9,20,0.0
118_RTPV_5,S9,21,0.0
118_RTPV_5,S9,22,0.0
118_RTPV_5,S9,23,0.0
118_RTPV_5,S9,24,0.0
118_RTPV_5,S10,1,0.0
118_RTPV_5,S10,2,0.0
118_RTPV_5,S10,3,0.0
118_RTPV_5,S10,4,0.0
118_RTPV_5,S10,5,0.0
118_RTPV_5,S10,6,0.0
118_RTPV_5,S10,7,0.0
118_RTPV_5,S10,8,2.37417985576257
118_RTPV_5,S10,9,4.531610439710626
118_RTPV_5,S10,10,5.545659785956065
118_RTPV_5,S10,11,6.531628389264279
118_RTPV_5,S10,12,6.4437631355344775
118_RTPV_5,S10,13,6.521748510524945
118_RTPV_5,S10,14,5.5257917737867865
118_RTPV_5,S10,15,3.612888551855376
118_RTPV_5,S10,16,1.439546120443667
118_RTPV_5,S10,17,0.0
118_RTPV_5,S10,18,0.0
118_RTPV_5,S10,19,0.0
118_RTPV_5,S10,20,0.0
118_RTPV_5,S10,21,0.0
118_RTPV_5,S10,22,0.0
118_RTPV_5,S10,23,0.0
118_RTPV_5,S10,24,0.0
118_RTPV_5,S11,1,0.0
118_RTPV_5,S11,2,0.0
118_RTPV_5,S11,3,0.0
118_RTPV_5,S11,4,0.0
118_RTPV_5,S11,5,0.0
118_RTPV_5,S11,6,0.0
118_RTPV_5,S11,7,0.0
118_RTPV_5,S11,8,1.7837873427948954
118_RTPV_5,S11,9,3.876258213052839
118_RTPV_5,S11,10,5.270073080729039
118_RTPV_5,S11,11,6.562736188378402
118_RTPV_5,S11,12,6.980486161220653
118_RTPV_5,S11,13,7.479210175584686
118_RTPV_5,S11,14,6.629551603682308
118_RTPV_5,S11,15,5.533552008805941
118_RTPV_5,S11,16,2.9458647044612407
118_RTPV_5,S11,17,0.10103132214221243
118_RTPV_5,S11,18,0.0
118_RTPV_5,S11,19,0.0
118_RTPV_5,S11,20,0.0
118_RTPV_5,S11,21,0.0
118_RTPV_5,S11,22,0.0
118_RTPV_5,S11,23,0.0
118_RTPV_5,S11,24,0.0
118_RTPV_5,S12,1,0.0
118_RTPV_5,S12,2,0.0
118_RTPV_5,S12,3,0.0
118_RTPV_5,S12,4,0.0
118_RTPV_5,S12,5,0.0
118_RTPV_5,S12,6,0.0
118_RTPV_5,S12,7,0.9469452389529326
118_RTPV_5,S12,8,1.6850249428969992
118_RTPV_5,S12,9,1.440167129726512
118_RTPV_5,S12,10,0.8272636754928211
118_RTPV_5,S12,11,3.1049301236116085
118_RTPV_5,S12,12,1.7864711208544017
118_RTPV_5,S12,13,1.7559395878918567
118_RTPV_5,S12,14,2.776813977127291
118_RTPV_5,S12,15,1.9088240741418523
118_RTPV_5,S12,16,0.9402344227811974
118_RTPV_5,S12,17,0.6983316576630615
118_RTPV_5,S12,18,0.060637321773658145
118_RTPV_5,S12,19,0.0
118_RTPV_5,S12,20,0.0
118_RTPV_5,S12,21,0.0
118_RTPV_5,S12,22,0.0
118_RTPV_5,S12,23,0.0
118_RTPV_5,S12,24,0.0
118_RTPV_6,S1,1,0.0
118_RTPV_6,S1,2,0.0
118_RTPV_6,S1,3,0.0
118_RTPV_6,S1,4,0.0
118_RTPV_6,S1,5,0.0
118_RTPV_6,S1,6,0.0
118_RTPV_6,S1,7,1.5517294529089487
118_RTPV_6,S1,8,3.2269622903095745
118_RTPV_6,S1,9,4.878548233965354
118_RTPV_6,S1,10,5.753468037627792
118_RTPV_6,S1,11,6.8964372191666214
118_RTPV_6,S1,12,6.626755469879055
118_RTPV_6,S1,13,6.8926881571279415
118_RTPV_6,S1,14,5.3919900727674275
118_RTPV_6,S1,15,4.857603902575873
118_RTPV_6,S1,16,3.4827106455802364
118_RTPV_6,S1,17,1.372550924288173
118_RTPV_6,S1,18,0.0
118_RTPV_6,S1,19,0.0
118_RTPV_6,S1,20,0.0
118_RTPV_6,S1,21,0.0
118_RTPV_6,S1,22,0.0
118_RTPV_6,S1,23,0.0
118_RTPV_6,S1,24,0.0
118_RTPV_6,S2,1,0.0
118_RTPV_6,S2,2,0.0
118_RTPV_6,S2,3,0.0
118_RTPV_6,S2,4,0.0
118_RTPV_6,S2,5,0.0
118_RTPV_6,S2,6,0.0
118_RTPV_6,S2,7,0.0
118_RTPV_6,S2,8,2.0106625196042263
118_RTPV_6,S2,9,4.457915843635586
118_RTPV_6,S2,10,6.007882388068557
118_RTPV_6,S2,11,6.966709406988003
118_RTPV_6,S2,12,7.01672167886266
118_RTPV_6,S2,13,6.652971504565957
118_RTPV_6,S2,14,5.755802476837693
118_RTPV_6,S2,15,3.9677141900050437
118_RTPV_6,S2,16,1.5871418263448627
118_RTPV_6,S2,17,0.0
118_RTPV_6,S2,18,0.0
118_RTPV_6,S2,19,0.0
118_RTPV_6,S2,20,0.0
118_RTPV_6,S2,21,0.0
118_RTPV_6,S2,22,0.0
118_RTPV_6,S2,23,0.0
118_RTPV_6,S2,24,0.0
118_RTPV_6,S3,1,0.0
118_RTPV_6,S3,2,0.0
118_RTPV_6,S3,3,0.0
118_RTPV_6,S3,4,0.0
118_RTPV_6,S3,5,0.0
118_RTPV_6,S3,6,0.0
118_RTPV_6,S3,7,1.4327406654216004
118_RTPV_6,S3,8,3.5023812332610764
118_RTPV_6,S3,9,5.38728657022872
118_RTPV_6,S3,10,6.887464755313129
118_RTPV_6,S3,11,7.984165116742857
118_RTPV_6,S3,12,8.017992596491197
118_RTPV_6,S3,13,7.610228850002608
118_RTPV_6,S3,14,7.528135854803002
118_RTPV_6,S3,15,6.10743209076254
118_RTPV_6,S3,16,3.8317371628423285
118_RTPV_6,S3,17,1.5312822557763808
118_RTPV_6,S3,18,0.0
118_RTPV_6,S3,19,0.0
118_RTPV_6,S3,20,0.0
118_RTPV_6,S3,21,0.0
118_RTPV_6,S3,22,0.0
118_RTPV_6,S3,23,0.0
118_RTPV_6,S3,24,0.0
118_RTPV_6,S4,1,0.0
118_RTPV_6,S4,2,0.0
118_RTPV_6,S4,3,0.0
118_RTPV_6,S4,4,0.0
118_RTPV_6,S4,5,0.0
118_RTPV_6,S4,6,0.0
118_RTPV_6,S4,7,1.2246294424338537
118_RTPV_6,S4,8,3.3788959694390965
118_RTPV_6,S4,9,5.5211614625712615
118_RTPV_6,S4,10,6.537405657385933
118_RTPV_6,S4,11,7.772314710147422
118_RTPV_6,S4,12,8.133045836381386
118_RTPV_6,S4,13,7.881980612261042
118_RTPV_6,S4,14,6.830212992510328
118_RTPV_6,S4,15,5.465458548205756
118_RTPV_6,S4,16,3.791941731618896
118_RTPV_6,S4,17,1.4554764236196511
118_RTPV_6,S4,18,0.0
118_RTPV_6,S4,19,0.0
118_RTPV_6,S4,20,0.0
118_RTPV_6,S4,21,0.0
118_RTPV_6,S4,22,0.0
118_RTPV_6,S4,23,0.0
118_RTPV_6,S4,24,0.0
118_RTPV_6,S5,1,0.0
118_RTPV_6,S5,2,0.0
118_RTPV_6,S5,3,0.0
118_RTPV_6,S5,4,0.0
118_RTPV_6,S5,5,0.0
118_RTPV_6,S5,6,0.0
118_RTPV_6,S5,7,0.0
118_RTPV_6,S5,8,2.008468463305804
118_RTPV_6,S5,9,4.18495459388152
118_RTPV_6,S5,10,5.6384433123035755
118_RTPV_6,S5,11,6.675554229736632
118_RTPV_6,S5,12,6.861000540799874
118_RTPV_6,S5,13,6.983786288831404
118_RTPV_6,S5,14,5.625730184008101
118_RTPV_6,S5,15,3.886914249568981
118_RTPV_6,S5,16,1.022355740590732
118_RTPV_6,S5,17,0.0
118_RTPV_6,S5,18,0.0
118_RTPV_6,S5,19,0.0
118_RTPV_6,S5,20,0.0
118_RTPV_6,S5,21,0.0
118_RTPV_6,S5,22,0.0
118_RTPV_6,S5,23,0.0
118_RTPV_6,S5,24,0.0
118_RTPV_6,S6,1,0.0
118_RTPV_6,S6,2,0.0
118_RTPV_6,S6,3,0.0
118_RTPV_6,S6,4,0.0
118_RTPV_6,S6,5,0.0
118_RTPV_6,S6,6,0.0607530109747906
118_RTPV_6,S6,7,1.0562580632229175
118_RTPV_6,S6,8,1.9638032923201834
118_RTPV_6,S6,9,2.968353436560517
118_RTPV_6,S6,10,3.4253420122934313
118_RTPV_6,S6,11,3.9705289533730075
118_RTPV_6,S6,12,4.250957397610689
118_RTPV_6,S6,13,4.0719808599935465
118_RTPV_6,S6,14,3.480711982245719
118_RTPV_6,S6,15,3.317132645070318
118_RTPV_6,S6,16,2.203929930957595
118_RTPV_6,S6,17,1.2417810579114792
118_RTPV_6,S6,18,0.05911821941581564
118_RTPV_6,S6,19,0.0
118_RTPV_6,S6,20,0.0
118_RTPV_6,S6,21,0.0
118_RTPV_6,S6,22,0.0
118_RTPV_6,S6,23,0.0
118_RTPV_6,S6,24,0.0
118_RTPV_6,S7,1,0.0
118_RTPV_6,S7,2,0.0
118_RTPV_6,S7,3,0.0
118_RTPV_6,S7,4,0.0
118_RTPV_6,S7,5,0.0
118_RTPV_6,S7,6,0.0
118_RTPV_6,S7,7,1.3467006049517873
118_RTPV_6,S7,8,3.5153107301371636
118_RTPV_6,S7,9,5.526271716646177
118_RTPV_6,S7,10,6.730942000995814
118_RTPV_6,S7,11,6.971477569707622
118_RTPV_6,S7,12,7.37402561460998
118_RTPV_6,S7,13,6.949474333280903
118_RTPV_6,S7,14,6.254774430235223
118_RTPV_6,S7,15,5.2686101158473395
118_RTPV_6,S7,16,2.9072000208828905
118_RTPV_6,S7,17,0.5751419108007524
118_RTPV_6,S7,18,0.0
118_RTPV_6,S7,19,0.0
118_RTPV_6,S7,20,0.0
118_RTPV_6,S7,21,0.0
118_RTPV_6,S7,22,0.0
118_RTPV_6,S7,23,0.0
118_RTPV_6,S7,24,0.0
118_RTPV_6,S8,1,0.0
118_RTPV_6,S8,2,0.0
118_RTPV_6,S8,3,0.0
118_RTPV_6,S8,4,0.0
118_RTPV_6,S8,5,0.0
118_RTPV_6,S8,6,0.0
118_RTPV_6,S8,7,0.0
118_RTPV_6,S8,8,1.6452449922070884
118_RTPV_6,S8,9,3.843518739772924
118_RTPV_6,S8,10,5.261499771821955
118_RTPV_6,S8,11,6.278537845238585
118_RTPV_6,S8,12,6.4908057820476
118_RTPV_6,S8,13,6.307878996706059
118_RTPV_6,S8,14,5.953141081600291
118_RTPV_6,S8,15,4.103754857067305
118_RTPV_6,S8,16,2.1800540029077995
118_RTPV_6,S8,17,0.0
118_RTPV_6,S8,18,0.0
118_RTPV_6,S8,19,0.0
118_RTPV_6,S8,20,0.0
118_RTPV_6,S8,21,0.0
118_RTPV_6,S8,22,0.0
118_RTPV_6,S8,23,0.0
118_RTPV_6,S8,24,0.0
118_RTPV_6,S9,1,0.0
118_RTPV_6,S9,2,0.0
118_RTPV_6,S9,3,0.0
118_RTPV_6,S9,4,0.0
118_RTPV_6,S9,5,0.0
118_RTPV_6,S9,6,0.1950893082158387
118_RTPV_6,S9,7,2.3584550892356524
118_RTPV_6,S9,8,4.025390911796235
118_RTPV_6,S9,9,5.800378639410658
118_RTPV_6,S9,10,7.116486721084751
118_RTPV_6,S9,11,8.477313577168951
118_RTPV_6,S9,12,8.770357219549181
118_RTPV_6,S9,13,8.596376263544883
118_RTPV_6,S9,14,8.298274864793864
118_RTPV_6,S9,15,6.660480130370665
118_RTPV_6,S9,16,4.376106915872831
118_RTPV_6,S9,17,1.9975855289799767
118_RTPV_6,S9,18,0.10302044838005929
118_RTPV_6,S9,19,0.0
118_RTPV_6,S9,20,0.0
118_RTPV_6,S9,21,0.0
118_RTPV_6,S9,22,0.0
118_RTPV_6,S9,23,0.0
118_RTPV_6,S9,24,0.0
118_RTPV_6,S10,1,0.0
118_RTPV_6,S10,2,0.0
118_RTPV_6,S10,3,0.0
118_RTPV_6,S10,4,0.0
118_RTPV_6,S10,5,0.0
118_RTPV_6,S10,6,0.0
118_RTPV_6,S10,7,0.0
118_RTPV_6,S10,8,2.379458078983326
118_RTPV_6,S10,9,4.455323567811766
118_RTPV_6,S10,10,5.942317953525022
118_RTPV_6,S10,11,6.316041853208697
118_RTPV_6,S10,12,6.440855884486618
118_RTPV_6,S10,13,6.133001928430482
118_RTPV_6,S10,14,5.1117706312035365
118_RTPV_6,S10,15,3.3599667684060557
118_RTPV_6,S10,16,0.9954651309845888
118_RTPV_6,S10,17,0.0
118_RTPV_6,S10,18,0.0
118_RTPV_6,S10,19,0.0
118_RTPV_6,S10,20,0.0
118_RTPV_6,S10,21,0.0
118_RTPV_6,S10,22,0.0
118_RTPV_6,S10,23,0.0
118_RTPV_6,S10,24,0.0
118_RTPV_6,S11,1,0.0
118_RTPV_6,S11,2,0.0
118_RTPV_6,S11,3,0.0
118_RTPV_6,S11,4,0.0
118_RTPV_6,S11,5,0.0
118_RTPV_6,S11,6,0.0
118_RTPV_6,S11,7,0.0
118_RTPV_6,S11,8,1.6881515974038164
118_RTPV_6,S11,9,3.838224344579771
118_RTPV_6,S11,10,5.180932742577171
118_RTPV_6,S11,11,6.929020781970921
118_RTPV_6,S11,12,7.641126434617569
118_RTPV_6,S11,13,7.040688133431274
118_RTPV_6,S11,14,6.487888431501366
118_RTPV_6,S11,15,5.517729368877889
118_RTPV_6,S11,16,2.8300921558377246
118_RTPV_6,S11,17,0.0
118_RTPV_6,S11,18,0.0
118_RTPV_6,S11,19,0.0
118_RTPV_6,S11,20,0.0
118_RTPV_6,S11,21,0.0
118_RTPV_6,S11,22,0.0
118_RTPV_6,S11,23,0.0
118_RTPV_6,S11,24,0.0
118_RTPV_6,S12,1,0.0
118_RTPV_6,S12,2,0.0
118_RTPV_6,S12,3,0.0
118_RTPV_6,S12,4,0.0
118_RTPV_6,S12,5,0.0
118_RTPV_6,S12,6,0.05751035015901378
118_RTPV_6,S12,7,0.9222720336662418
118_RTPV_6,S12,8,1.5841259917242485
118_RTPV_6,S12,9,1.0314380292499048
118_RTPV_6,S12,10,1.9982781732569221
118_RTPV_6,S12,11,2.592098082846953
118_RTPV_6,S12,12,2.3293880455728955
118_RTPV_6,S12,13,0.9688171819815566
118_RTPV_6,S12,14,2.476351627469303
118_RTPV_6,S12,15,2.0149128573230706
118_RTPV_6,S12,16,1.2813480200317389
118_RTPV_6,S12,17,0.6840339028964059
118_RTPV_6,S12,18,0.06227904893732633
118_RTPV_6,S12,19,0.0
118_RTPV_6,S12,20,0.0
118_RTPV_6,S12,21,0.0
118_RTPV_6,S12,22,0.0
118_RTPV_6,S12,23,0.0
118_RTPV_6,S12,24,0.0
320_RTPV_6,S1,1,0.0
320_RTPV_6,S1,2,0.0
320_RTPV_6,S1,3,0.0
320_RTPV_6,S1,4,0.0
320_RTPV_6,S1,5,0.0
320_RTPV_6,S1,6,0.0
320_RTPV_6,S1,7,1.282526507890708
320_RTPV_6,S1,8,2.528092790262806
320_RTPV_6,S1,9,2.7470671566809624
320_RTPV_6,S1,10,4.030979292406544
320_RTPV_6,S1,11,4.580940192425311
320_RTPV_6,S1,12,6.702817698064139
320_RTPV_6,S1,13,2.666512649094482
320_RTPV_6,S1,14,1.6618853865466103
320_RTPV_6,S1,15,5.447253788386574
320_RTPV_6,S1,16,3.4227034512390655
320_RTPV_6,S1,17,2.009029122475271
320_RTPV_6,S1,18,0.0
320_RTPV_6,S1,19,0.0
320_RTPV_6,S1,20,0.0
320_RTPV_6,S1,21,0.0
320_RTPV_6,S1,22,0.0
320_RTPV_6,S1,23,0.0
320_RTPV_6,S1,24,0.0
320_RTPV_6,S2,1,0.0
320_RTPV_6,S2,2,0.0
320_RTPV_6,S2,3,0.0
320_RTPV_6,S2,4,0.0
320_RTPV_6,S2,5,0.0
320_RTPV_6,S2,6,0.0
320_RTPV_6,S2,7,0.0
320_RTPV_6,S2,8,1.927373492816933
320_RTPV_6,S2,9,4.356224923346067
320_RTPV_6,S2,10,5.781938010025866
320_RTPV_6,S2,11,6.79064149910256
320_RTPV_6,S2,12,6.835911395515236
320_RTPV_6,S2,13,7.111839875214185
320_RTPV_6,S2,14,6.316794089518334
320_RTPV_6,S2,15,4.278592202193175
320_RTPV_6,S2,16,1.6701303030993309
320_RTPV_6,S2,17,0.0
320_RTPV_6,S2,18,0.0
320_RTPV_6,S2,19,0.0
320_RTPV_6,S2,20,0.0
320_RTPV_6,S2,21,0.0
320_RTPV_6,S2,22,0.0
320_RTPV_6,S2,23,0.0
320_RTPV_6,S2,24,0.0
320_RTPV_6,S3,1,0.0
320_RTPV_6,S3,2,0.0
320_RTPV_6,S3,3,0.0
320_RTPV_6,S3,4,0.0
320_RTPV_6,S3,5,0.0
320_RTPV_6,S3,6,0.0
320_RTPV_6,S3,7,1.294134187389803
320_RTPV_6,S3,8,3.6093173829453122
320_RTPV_6,S3,9,5.735861945024858
320_RTPV_6,S3,10,7.249358197374667
320_RTPV_6,S3,11,7.568987620138041
320_RTPV_6,S3,12,7.8974198826214845
320_RTPV_6,S3,13,8.013820892146537
320_RTPV_6,S3,14,7.279517295661121
320_RTPV_6,S3,15,6.410574903114694
320_RTPV_6,S3,16,4.745002069416454
320_RTPV_6,S3,17,2.1960111736330363
320_RTPV_6,S3,18,0.0
320_RTPV_6,S3,19,0.0
320_RTPV_6,S3,20,0.0
320_RTPV_6,S3,21,0.0
320_RTPV_6,S3,22,0.0
320_RTPV_6,S3,23,0.0
320_RTPV_6,S3,24,0.0
320_RTPV_6,S4,1,0.0
320_RTPV_6,S4,2,0.0
320_RTPV_6,S4,3,0.0
320_RTPV_6,S4,4,0.0
320_RTPV_6,S4,5,0.0
320_RTPV_6,S4,6,0.0
320_RTPV_6,S4,7,1.1277703721417873
320_RTPV_6,S4,8,3.4259219761089548
320_RTPV_6,S4,9,6.000673034997602
320_RTPV_6,S4,10,7.070222383113324
320_RTPV_6,S4,11,7.453554283323307
320_RTPV_6,S4,12,8.531035447377947
320_RTPV_6,S4,13,7.829689476280522
320_RTPV_6,S4,14,7.896799003845293
320_RTPV_6,S4,15,6.6244556280006845
320_RTPV_6,S4,16,3.967238229384463
320_RTPV_6,S4,17,1.7602370122374964
320_RTPV_6,S4,18,0.0
320_RTPV_6,S4,19,0.0
320_RTPV_6,S4,20,0.0
320_RTPV_6,S4,21,0.0
320_RTPV_6,S4,22,0.0
320_RTPV_6,S4,23,0.0
320_RTPV_6,S4,24,0.0
320_RTPV_6,S5,1,0.0
320_RTPV_6,S5,2,0.0
320_RTPV_6,S5,3,0.0
320_RTPV_6,S5,4,0.0
320_RTPV_6,S5,5,0.0
320_RTPV_6,S5,6,0.0
320_RTPV_6,S5,7,0.0
320_RTPV_6,S5,8,2.2017645539949515
320_RTPV_6,S5,9,4.185651594690659
320_RTPV_6,S5,10,5.089152295058508
320_RTPV_6,S5,11,6.946487051887147
320_RTPV_6,S5,12,6.872333118034715
320_RTPV_6,S5,13,6.3084764702550515
320_RTPV_6,S5,14,5.54141554940778
320_RTPV_6,S5,15,4.261270429174605
320_RTPV_6,S5,16,1.3858972728780086
320_RTPV_6,S5,17,0.0
320_RTPV_6,S5,18,0.0
320_RTPV_6,S5,19,0.0
320_RTPV_6,S5,20,0.0
320_RTPV_6,S5,21,0.0
320_RTPV_6,S5,22,0.0
320_RTPV_6,S5,23,0.0
320_RTPV_6,S5,24,0.0
320_RTPV_6,S6,1,0.0
320_RTPV_6,S6,2,0.0
320_RTPV_6,S6,3,0.0
320_RTPV_6,S6,4,0.0
320_RTPV_6,S6,5,0.0
320_RTPV_6,S6,6,0.0
320_RTPV_6,S6,7,0.823777678150727
320_RTPV_6,S6,8,1.9963594235224345
320_RTPV_6,S6,9,2.8815581945469035
320_RTPV_6,S6,10,3.6086765043465903
320_RTPV_6,S6,11,3.8986422461338726
320_RTPV_6,S6,12,3.5872996484425057
320_RTPV_6,S6,13,4.0904375545115705
320_RTPV_6,S6,14,3.6689408811388358
320_RTPV_6,S6,15,3.361664848490275
320_RTPV_6,S6,16,2.2255963152432843
320_RTPV_6,S6,17,1.437873885017829
320_RTPV_6,S6,18,0.11656875416577892
320_RTPV_6,S6,19,0.0
320_RTPV_6,S6,20,0.0
320_RTPV_6,S6,21,0.0
320_RTPV_6,S6,22,0.0
320_RTPV_6,S6,23,0.0
320_RTPV_6,S6,24,0.0
320_RTPV_6,S7,1,0.0
320_RTPV_6,S7,2,0.0
320_RTPV_6,S7,3,0.0
320_RTPV_6,S7,4,0.0
320_RTPV_6,S7,5,0.0
320_RTPV_6,S7,6,0.0
320_RTPV_6,S7,7,1.3946741215016114
320_RTPV_6,S7,8,3.695835387830746
320_RTPV_6,S7,9,5.173396650840449
320_RTPV_6,S7,10,6.463543328972044
320_RTPV_6,S7,11,7.248015921070596
320_RTPV_6,S7,12,7.673479786801231
320_RTPV_6,S7,13,7.573778073526853
320_RTPV_6,S7,14,6.759724400341558
320_RTPV_6,S7,15,5.657906221421619
320_RTPV_6,S7,16,3.6374003276111426
320_RTPV_6,S7,17,1.3776132668951344
320_RTPV_6,S7,18,0.0
320_RTPV_6,S7,19,0.0
320_RTPV_6,S7,20,0.0
320_RTPV_6,S7,21,0.0
320_RTPV_6,S7,22,0.0
320_RTPV_6,S7,23,0.0
320_RTPV_6,S7,24,0.0
320_RTPV_6,S8,1,0.0
320_RTPV_6,S8,2,0.0
320_RTPV_6,S8,3,0.0
320_RTPV_6,S8,4,0.0
320_RTPV_6,S8,5,0.0
320_RTPV_6,S8,6,0.0
320_RTPV_6,S8,7,0.0
320_RTPV_6,S8,8,1.6645190129350895
320_RTPV_6,S8,9,3.4609815926763092
320_RTPV_6,S8,10,4.94378499499894
320_RTPV_6,S8,11,5.92514155533715
320_RTPV_6,S8,12,6.8709099323018235
320_RTPV_6,S8,13,6.277768102292369
320_RTPV_6,S8,14,5.923942038743093
320_RTPV_6,S8,15,4.190058352305431
320_RTPV_6,S8,16,2.0271875310211818
320_RTPV_6,S8,17,0.0
320_RTPV_6,S8,18,0.0
320_RTPV_6,S8,19,0.0
320_RTPV_6,S8,20,0.0
320_RTPV_6,S8,21,0.0
320_RTPV_6,S8,22,0.0
320_RTPV_6,S8,23,0.0
320_RTPV_6,S8,24,0.0
320_RTPV_6,S9,1,0.0
320_RTPV_6,S9,2,0.0
320_RTPV_6,S9,3,0.0
320_RTPV_6,S9,4,0.0
320_RTPV_6,S9,5,0.0
320_RTPV_6,S9,6,0.0
320_RTPV_6,S9,7,1.9166684418159459
320_RTPV_6,S9,8,4.025716189597383
320_RTPV_6,S9,9,5.7344721094154085
320_RTPV_6,S9,10,6.695747671408646
320_RTPV_6,S9,11,8.237132423010287
320_RTPV_6,S9,12,9.101688199021787
320_RTPV_6,S9,13,8.701139269588255
320_RTPV_6,S9,14,7.962540846274413
320_RTPV_6,S9,15,6.278422368650652
320_RTPV_6,S9,16,4.605027520740407
320_RTPV_6,S9,17,2.3594757829598496
320_RTPV_6,S9,18,0.10085108280141647
320_RTPV_6,S9,19,0.0
320_RTPV_6,S9,20,0.0
320_RTPV_6,S9,21,0.0
320_RTPV_6,S9,22,0.0
320_RTPV_6,S9,23,0.0
320_RTPV_6,S9,24,0.0
320_RTPV_6,S10,1,0.0
320_RTPV_6,S10,2,0.0
320_RTPV_6,S10,3,0.0
320_RTPV_6,S10,4,0.0
320_RTPV_6,S10,5,0.0
320_RTPV_6,S10,6,0.0
320_RTPV_6,S10,7,0.0
320_RTPV_6,S10,8,2.4101284198516586
320_RTPV_6,S10,9,4.318095330926513
320_RTPV_6,S10,10,5.828675721697478
320_RTPV_6,S10,11,5.8194699618046695
320_RTPV_6,S10,12,6.4245668333519745
320_RTPV_6,S10,13,5.907751214125541
320_RTPV_6,S10,14,5.068873863975284
320_RTPV_6,S10,15,3.704951852148564
320_RTPV_6,S10,16,1.448648179630429
320_RTPV_6,S10,17,0.0
320_RTPV_6,S10,18,0.0
320_RTPV_6,S10,19,0.0
320_RTPV_6,S10,20,0.0
320_RTPV_6,S10,21,0.0
320_RTPV_6,S10,22,0.0
320_RTPV_6,S10,23,0.0
320_RTPV_6,S10,24,0.0
320_RTPV_6,S11,1,0.0
320_RTPV_6,S11,2,0.0
320_RTPV_6,S11,3,0.0
320_RTPV_6,S11,4,0.0
320_RTPV_6,S11,5,0.0
320_RTPV_6,S11,6,0.0
320_RTPV_6,S11,7,0.0
320_RTPV_6,S11,8,1.684447587000967
320_RTPV_6,S11,9,3.7755217637322387
320_RTPV_6,S11,10,5.163718855253484
320_RTPV_6,S11,11,6.758794830750124
320_RTPV_6,S11,12,7.0540271386268625
320_RTPV_6,S11,13,7.18916298005856
320_RTPV_6,S11,14,6.496007743933742
320_RTPV_6,S11,15,5.229578917430616
320_RTPV_6,S11,16,2.857995970629948
320_RTPV_6,S11,17,0.10412102956123517
320_RTPV_6,S11,18,0.0
320_RTPV_6,S11,19,0.0
320_RTPV_6,S11,20,0.0
320_RTPV_6,S11,21,0.0
320_RTPV_6,S11,22,0.0
320_RTPV_6,S11,23,0.0
320_RTPV_6,S11,24,0.0
320_RTPV_6,S12,1,0.0
320_RTPV_6,S12,2,0.0
320_RTPV_6,S12,3,0.0
320_RTPV_6,S12,4,0.0
320_RTPV_6,S12,5,0.0
320_RTPV_6,S12,6,0.0
320_RTPV_6,S12,7,0.8670637076195532
320_RTPV_6,S12,8,1.9853076396947364
320_RTPV_6,S12,9,1.6575274385044672
320_RTPV_6,S12,10,1.6432504220194464
320_RTPV_6,S12,11,2.6877817280348903
320_RTPV_6,S12,12,2.8567346009046384
320_RTPV_6,S12,13,2.6883352077109066
320_RTPV_6,S12,14,1.4114113068459635
320_RTPV_6,S12,15,2.253725946402984
320_RTPV_6,S12,16,1.9672373314346467
320_RTPV_6,S12,17,1.2156407781955647
320_RTPV_6,S12,18,0.05997970803220425
320_RTPV_6,S12,19,0.0
320_RTPV_6,S12,20,0.0
320_RTPV_6,S12,21,0.0
320_RTPV_6,S12,22,0.0
320_RTPV_6,S12,23,0.0
320_RTPV_6,S12,24,0.0
118_RTPV_7,S1,1,0.0
118_RTPV_7,S1,2,0.0
118_RTPV_7,S1,3,0.0
118_RTPV_7,S1,4,0.0
118_RTPV_7,S1,5,0.0
118_RTPV_7,S1,6,0.0
118_RTPV_7,S1,7,1.7478157151126619
118_RTPV_7,S1,8,3.969725004135508
118_RTPV_7,S1,9,5.596903728917085
118_RTPV_7,S1,10,7.045100303058114
118_RTPV_7,S1,11,8.534943761014675
118_RTPV_7,S1,12,9.045485972952642
118_RTPV_7,S1,13,8.429194317229356
118_RTPV_7,S1,14,8.20486947349855
118_RTPV_7,S1,15,7.001512879469934
118_RTPV_7,S1,16,5.058339285088343
118_RTPV_7,S1,17,2.4036489524628326
118_RTPV_7,S1,18,0.0
118_RTPV_7,S1,19,0.0
118_RTPV_7,S1,20,0.0
118_RTPV_7,S1,21,0.0
118_RTPV_7,S1,22,0.0
118_RTPV_7,S1,23,0.0
118_RTPV_7,S1,24,0.0
118_RTPV_7,S2,1,0.0
118_RTPV_7,S2,2,0.0
118_RTPV_7,S2,3,0.0
118_RTPV_7,S2,4,0.0
118_RTPV_7,S2,5,0.0
118_RTPV_7,S2,6,0.0
118_RTPV_7,S2,7,0.0
118_RTPV_7,S2,8,2.4808979319711346
118_RTPV_7,S2,9,4.892747168470935
118_RTPV_7,S2,10,6.3174290034270335
118_RTPV_7,S2,11,7.5667502262899236
118_RTPV_7,S2,12,7.978918085050648
118_RTPV_7,S2,13,7.884112415219679
118_RTPV_7,S2,14,6.7273899683632195
118_RTPV_7,S2,15,5.081681232631969
118_RTPV_7,S2,16,2.3911795391672874
118_RTPV_7,S2,17,0.0
118_RTPV_7,S2,18,0.0
118_RTPV_7,S2,19,0.0
118_RTPV_7,S2,20,0.0
118_RTPV_7,S2,21,0.0
118_RTPV_7,S2,22,0.0
118_RTPV_7,S2,23,0.0
118_RTPV_7,S2,24,0.0
118_RTPV_7,S3,1,0.0
118_RTPV_7,S3,2,0.0
118_RTPV_7,S3,3,0.0
118_RTPV_7,S3,4,0.0
118_RTPV_7,S3,5,0.0
118_RTPV_7,S3,6,0.0
118_RTPV_7,S3,7,1.6990477612037123
118_RTPV_7,S3,8,4.233208184145936
118_RTPV_7,S3,9,6.971661487096317
118_RTPV_7,S3,10,8.237894805229644
118_RTPV_7,S3,11,8.807847628075205
118_RTPV_7,S3,12,9.579485222997118
118_RTPV_7,S3,13,9.842024214075535
118_RTPV_7,S3,14,9.07664814949453
118_RTPV_7,S3,15,7.076737657688256
118_RTPV_7,S3,16,4.452434799759005
118_RTPV_7,S3,17,1.726075092164306
118_RTPV_7,S3,18,0.0
118_RTPV_7,S3,19,0.0
118_RTPV_7,S3,20,0.0
118_RTPV_7,S3,21,0.0
118_RTPV_7,S3,22,0.0
118_RTPV_7,S3,23,0.0
118_RTPV_7,S3,24,0.0
118_RTPV_7,S4,1,0.0
118_RTPV_7,S4,2,0.0
118_RTPV_7,S4,3,0.0
118_RTPV_7,S4,4,0.0
118_RTPV_7,S4,5,0.0
118_RTPV_7,S4,6,0.0
118_RTPV_7,S4,7,0.39974146092780155
118_RTPV_7,S4,8,3.546374224089481
118_RTPV_7,S4,9,5.744054552835409
118_RTPV_7,S4,10,7.202885942587745
118_RTPV_7,S4,11,7.726980065287045
118_RTPV_7,S4,12,7.812031451166477
118_RTPV_7,S4,13,7.435195871318393
118_RTPV_7,S4,14,6.881007524829757
118_RTPV_7,S4,15,5.982036215404611
118_RTPV_7,S4,16,4.060578063366664
118_RTPV_7,S4,17,1.6997214476498017
118_RTPV_7,S4,18,0.0
118_RTPV_7,S4,19,0.0
118_RTPV_7,S4,20,0.0
118_RTPV_7,S4,21,0.0
118_RTPV_7,S4,22,0.0
118_RTPV_7,S4,23,0.0
118_RTPV_7,S4,24,0.0
118_RTPV_7,S5,1,0.0
118_RTPV_7,S5,2,0.0
118_RTPV_7,S5,3,0.0
118_RTPV_7,S5,4,0.0
118_RTPV_7,S5,5,0.0
118_RTPV_7,S5,6,0.0
118_RTPV_7,S5,7,0.0
118_RTPV_7,S5,8,1.5233388902145233
118_RTPV_7,S5,9,3.802371585507361
118_RTPV_7,S5,10,5.403184543018854
118_RTPV_7,S5,11,7.475763478156228
118_RTPV_7,S5,12,7.536358123637855
118_RTPV_7,S5,13,7.212246643175058
118_RTPV_7,S5,14,6.200290896209861
118_RTPV_7,S5,15,4.936397796195871
118_RTPV_7,S5,16,1.5720611991538276
118_RTPV_7,S5,17,0.0
118_RTPV_7,S5,18,0.0
118_RTPV_7,S5,19,0.0
118_RTPV_7,S5,20,0.0
118_RTPV_7,S5,21,0.0
118_RTPV_7,S5,22,0.0
118_RTPV_7,S5,23,0.0
118_RTPV_7,S5,24,0.0
118_RTPV_7,S6,1,0.0
118_RTPV_7,S6,2,0.0
118_RTPV_7,S6,3,0.0
118_RTPV_7,S6,4,0.0
118_RTPV_7,S6,5,0.0
118_RTPV_7,S6,6,0.05840729208842481
118_RTPV_7,S6,7,1.178225668544486
118_RTPV_7,S6,8,2.303211245442025
118_RTPV_7,S6,9,3.6583344371310202
118_RTPV_7,S6,10,4.338378572072919
118_RTPV_7,S6,11,4.879455874660239
118_RTPV_7,S6,12,5.1819551250992335
118_RTPV_7,S6,13,5.3953781924632676
118_RTPV_7,S6,14,4.551084371555726
118_RTPV_7,S6,15,3.882303973986648
118_RTPV_7,S6,16,3.057159604862751
118_RTPV_7,S6,17,1.7235950839804728
118_RTPV_7,S6,18,0.18200145600004147
118_RTPV_7,S6,19,0.0
118_RTPV_7,S6,20,0.0
118_RTPV_7,S6,21,0.0
118_RTPV_7,S6,22,0.0
118_RTPV_7,S6,23,0.0
118_RTPV_7,S6,24,0.0
118_RTPV_7,S7,1,0.0
118_RTPV_7,S7,2,0.0
118_RTPV_7,S7,3,0.0
118_RTPV_7,S7,4,0.0
118_RTPV_7,S7,5,0.0
118_RTPV_7,S7,6,0.0
118_RTPV_7,S7,7,1.4291987236841561
118_RTPV_7,S7,8,4.182534488340562
118_RTPV_7,S7,9,6.2222064456024615
118_RTPV_7,S7,10,7.899968016561145
118_RTPV_7,S7,11,8.9674503207942
118_RTPV_7,S7,12,9.527989282591689
118_RTPV_7,S7,13,9.155330143690364
118_RTPV_7,S7,14,8.374297036705407
118_RTPV_7,S7,15,6.387350262972528
118_RTPV_7,S7,16,4.354220908610874
118_RTPV_7,S7,17,1.3941637130556939
118_RTPV_7,S7,18,0.0
118_RTPV_7,S7,19,0.0
118_RTPV_7,S7,20,0.0
118_RTPV_7,S7,21,0.0
118_RTPV_7,S7,22,0.0
118_RTPV_7,S7,23,0.0
118_RTPV_7,S7,24,0.0
118_RTPV_7,S8,1,0.0
118_RTPV_7,S8,2,0.0
118_RTPV_7,S8,3,0.0
118_RTPV_7,S8,4,0.0
118_RTPV_7,S8,5,0.0
118_RTPV_7,S8,6,0.0
118_RTPV_7,S8,7,0.0
118_RTPV_7,S8,8,1.772713203070389
118_RTPV_7,S8,9,4.178529376492365
118_RTPV_7,S8,10,5.616233016047027
118_RTPV_7,S8,11,7.2579684065400585
118_RTPV_7,S8,12,7.5415407764346405
118_RTPV_7,S8,13,7.44930274182448
118_RTPV_7,S8,14,7.023061215826239
118_RTPV_7,S8,15,5.34823770685509
118_RTPV_7,S8,16,3.0630355676199037
118_RTPV_7,S8,17,0.0
118_RTPV_7,S8,18,0.0
118_RTPV_7,S8,19,0.0
118_RTPV_7,S8,20,0.0
118_RTPV_7,S8,21,0.0
118_RTPV_7,S8,22,0.0
118_RTPV_7,S8,23,0.0
118_RTPV_7,S8,24,0.0
118_RTPV_7,S9,1,0.0
118_RTPV_7,S9,2,0.0
118_RTPV_7,S9,3,0.0
118_RTPV_7,S9,4,0.0
118_RTPV_7,S9,5,0.0
118_RTPV_7,S9,6,0.0
118_RTPV_7,S9,7,1.3453305676893863
118_RTPV_7,S9,8,0.6927447162192707
118_RTPV_7,S9,9,0.4958613689068937
118_RTPV_7,S9,10,3.8912515081222767
118_RTPV_7,S9,11,8.007116039464323
118_RTPV_7,S9,12,9.056534967325177
118_RTPV_7,S9,13,7.71629605370394
118_RTPV_7,S9,14,6.552404504201289
118_RTPV_7,S9,15,4.853132014759056
118_RTPV_7,S9,16,5.2633998190184315
118_RTPV_7,S9,17,2.8252660326877197
118_RTPV_7,S9,18,0.09503718009381146
118_RTPV_7,S9,19,0.0
118_RTPV_7,S9,20,0.0
118_RTPV_7,S9,21,0.0
118_RTPV_7,S9,22,0.0
118_RTPV_7,S9,23,0.0
118_RTPV_7,S9,24,0.0
118_RTPV_7,S10,1,0.0
118_RTPV_7,S10,2,0.0
118_RTPV_7,S10,3,0.0
118_RTPV_7,S10,4,0.0
118_RTPV_7,S10,5,0.0
118_RTPV_7,S10,6,0.0
118_RTPV_7,S10,7,0.0
118_RTPV_7,S10,8,2.8388307844763334
118_RTPV_7,S10,9,5.240268499890893
118_RTPV_7,S10,10,6.87253008971409
118_RTPV_7,S10,11,8.111685234765504
118_RTPV_7,S10,12,7.374932582335013
118_RTPV_7,S10,13,6.665170121948743
118_RTPV_7,S10,14,5.850177070190701
118_RTPV_7,S10,15,4.0422599726652475
118_RTPV_7,S10,16,1.9058528706250808
118_RTPV_7,S10,17,0.0
118_RTPV_7,S10,18,0.0
118_RTPV_7,S10,19,0.0
118_RTPV_7,S10,20,0.0
118_RTPV_7,S10,21,0.0
118_RTPV_7,S10,22,0.0
118_RTPV_7,S10,23,0.0
118_RTPV_7,S10,24,0.0
118_RTPV_7,S11,1,0.0
118_RTPV_7,S11,2,0.0
118_RTPV_7,S11,3,0.0
118_RTPV_7,S11,4,0.0
118_RTPV_7,S11,5,0.0
118_RTPV_7,S11,6,0.0
118_RTPV_7,S11,7,0.0
118_RTPV_7,S11,8,2.1922795672040336
118_RTPV_7,S11,9,5.112918791408713
118_RTPV_7,S11,10,4.8716416196963515
118_RTPV_7,S11,11,7.459705096569451
118_RTPV_7,S11,12,7.868727232969095
118_RTPV_7,S11,13,7.530818158583409
118_RTPV_7,S11,14,6.638972377273388
118_RTPV_7,S11,15,4.630699057573279
118_RTPV_7,S11,16,3.9450112047345596
118_RTPV_7,S11,17,0.6046763031480309
118_RTPV_7,S11,18,0.0
118_RTPV_7,S11,19,0.0
118_RTPV_7,S11,20,0.0
118_RTPV_7,S11,21,0.0
118_RTPV_7,S11,22,0.0
118_RTPV_7,S11,23,0.0
118_RTPV_7,S11,24,0.0
118_RTPV_7,S12,1,0.0
118_RTPV_7,S12,2,0.0
118_RTPV_7,S12,3,0.0
118_RTPV_7,S12,4,0.0
118_RTPV_7,S12,5,0.0
118_RTPV_7,S12,6,0.0
118_RTPV_7,S12,7,1.0340439207430938
118_RTPV_7,S12,8,1.130827823391948
118_RTPV_7,S12,9,2.8915842695872613
118_RTPV_7,S12,10,3.9244800850040753
118_RTPV_7,S12,11,4.35980166847473
118_RTPV_7,S12,12,4.284017094939206
118_RTPV_7,S12,13,2.465458616917935
118_RTPV_7,S12,14,4.190499067075011
118_RTPV_7,S12,15,2.449402603621531
118_RTPV_7,S12,16,2.7630475816140727
118_RTPV_7,S12,17,1.3846026806099394
118_RTPV_7,S12,18,0.12346826293147682
118_RTPV_7,S12,19,0.0
118_RTPV_7,S12,20,0.0
118_RTPV_7,S12,21,0.0
118_RTPV_7,S12,22,0.0
118_RTPV_7,S12,23,0.0
118_RTPV_7,S12,24,0.0
118_RTPV_8,S1,1,0.0
118_RTPV_8,S1,2,0.0
118_RTPV_8,S1,3,0.0
118_RTPV_8,S1,4,0.0
118_RTPV_8,S1,5,0.0
118_RTPV_8,S1,6,0.0
118_RTPV_8,S1,7,1.6537913100203885
118_RTPV_8,S1,8,3.637117521269207
118_RTPV_8,S1,9,5.179345484003191
118_RTPV_8,S1,10,7.085933234212825
118_RTPV_8,S1,11,7.953928911378577
118_RTPV_8,S1,12,8.609728614028853
118_RTPV_8,S1,13,7.69990652969774
118_RTPV_8,S1,14,7.040317673001415
118_RTPV_8,S1,15,5.919985686044603
118_RTPV_8,S1,16,4.9442051096301265
118_RTPV_8,S1,17,2.2926485684564457
118_RTPV_8,S1,18,0.0
118_RTPV_8,S1,19,0.0
118_RTPV_8,S1,20,0.0
118_RTPV_8,S1,21,0.0
118_RTPV_8,S1,22,0.0
118_RTPV_8,S1,23,0.0
118_RTPV_8,S1,24,0.0
118_RTPV_8,S2,1,0.0
118_RTPV_8,S2,2,0.0
118_RTPV_8,S2,3,0.0
118_RTPV_8,S2,4,0.0
118_RTPV_8,S2,5,0.0
118_RTPV_8,S2,6,0.0
118_RTPV_8,S2,7,0.0
118_RTPV_8,S2,8,2.3364714437549305
118_RTPV_8,S2,9,4.649803272469943
118_RTPV_8,S2,10,6.421060885434857
118_RTPV_8,S2,11,7.6594836909938415
118_RTPV_8,S2,12,8.248365341925618
118_RTPV_8,S2,13,7.833523834764374
118_RTPV_8,S2,14,6.9776900130796635
118_RTPV_8,S2,15,5.254123253995663
118_RTPV_8,S2,16,2.281500008095288
118_RTPV_8,S2,17,0.0
118_RTPV_8,S2,18,0.0
118_RTPV_8,S2,19,0.0
118_RTPV_8,S2,20,0.0
118_RTPV_8,S2,21,0.0
118_RTPV_8,S2,22,0.0
118_RTPV_8,S2,23,0.0
118_RTPV_8,S2,24,0.0
118_RTPV_8,S3,1,0.0
118_RTPV_8,S3,2,0.0
118_RTPV_8,S3,3,0.0
118_RTPV_8,S3,4,0.0
118_RTPV_8,S3,5,0.0
118_RTPV_8,S3,6,0.0
118_RTPV_8,S3,7,1.6772156574358867
118_RTPV_8,S3,8,4.334411706686079
118_RTPV_8,S3,9,6.9651664167205825
118_RTPV_8,S3,10,8.843524550934056
118_RTPV_8,S3,11,8.959193640634775
118_RTPV_8,S3,12,9.31640180054829
118_RTPV_8,S3,13,9.822361957091042
118_RTPV_8,S3,14,9.456465648714662
118_RTPV_8,S3,15,7.57211724332383
118_RTPV_8,S3,16,5.0599494225559
118_RTPV_8,S3,17,2.1377868089635412
118_RTPV_8,S3,18,0.0
118_RTPV_8,S3,19,0.0
118_RTPV_8,S3,20,0.0
118_RTPV_8,S3,21,0.0
118_RTPV_8,S3,22,0.0
118_RTPV_8,S3,23,0.0
118_RTPV_8,S3,24,0.0
118_RTPV_8,S4,1,0.0
118_RTPV_8,S4,2,0.0
118_RTPV_8,S4,3,0.0
118_RTPV_8,S4,4,0.0
118_RTPV_8,S4,5,0.0
118_RTPV_8,S4,6,0.0
118_RTPV_8,S4,7,1.2534194081067362
118_RTPV_8,S4,8,3.789482348968325
118_RTPV_8,S4,9,6.239432672493259
118_RTPV_8,S4,10,8.211066761152427
118_RTPV_8,S4,11,8.760256120490633
118_RTPV_8,S4,12,9.952413230680706
118_RTPV_8,S4,13,10.050037311797965
118_RTPV_8,S4,14,9.244248249140735
118_RTPV_8,S4,15,7.3558584872496855
118_RTPV_8,S4,16,4.351303084549472
118_RTPV_8,S4,17,1.682523016431656
118_RTPV_8,S4,18,0.0
118_RTPV_8,S4,19,0.0
118_RTPV_8,S4,20,0.0
118_RTPV_8,S4,21,0.0
118_RTPV_8,S4,22,0.0
118_RTPV_8,S4,23,0.0
118_RTPV_8,S4,24,0.0
118_RTPV_8,S5,1,0.0
118_RTPV_8,S5,2,0.0
118_RTPV_8,S5,3,0.0
118_RTPV_8,S5,4,0.0
118_RTPV_8,S5,5,0.0
118_RTPV_8,S5,6,0.0
118_RTPV_8,S5,7,0.0
118_RTPV_8,S5,8,2.745316258105686
118_RTPV_8,S5,9,4.8389679194137845
118_RTPV_8,S5,10,6.838637593250648
118_RTPV_8,S5,11,8.170183403855162
118_RTPV_8,S5,12,8.62874535964966
118_RTPV_8,S5,13,8.043960881157872
118_RTPV_8,S5,14,7.572206577063166
118_RTPV_8,S5,15,5.128534311623907
118_RTPV_8,S5,16,2.0077951963303273
118_RTPV_8,S5,17,0.0
118_RTPV_8,S5,18,0.0
118_RTPV_8,S5,19,0.0
118_RTPV_8,S5,20,0.0
118_RTPV_8,S5,21,0.0
118_RTPV_8,S5,22,0.0
118_RTPV_8,S5,23,0.0
118_RTPV_8,S5,24,0.0
118_RTPV_8,S6,1,0.0
118_RTPV_8,S6,2,0.0
118_RTPV_8,S6,3,0.0
118_RTPV_8,S6,4,0.0
118_RTPV_8,S6,5,0.0
118_RTPV_8,S6,6,0.06235986227301506
118_RTPV_8,S6,7,1.038991105734041
118_RTPV_8,S6,8,2.373961863596162
118_RTPV_8,S6,9,3.8988078949676637
118_RTPV_8,S6,10,4.63814467934043
118_RTPV_8,S6,11,5.191301505588703
118_RTPV_8,S6,12,5.209727348691599
118_RTPV_8,S6,13,5.394712985810973
118_RTPV_8,S6,14,4.998520881444939
118_RTPV_8,S6,15,4.257447037681812
118_RTPV_8,S6,16,3.3274420271356004
118_RTPV_8,S6,17,1.716865161267354
118_RTPV_8,S6,18,0.1252476933109831
118_RTPV_8,S6,19,0.0
118_RTPV_8,S6,20,0.0
118_RTPV_8,S6,21,0.0
118_RTPV_8,S6,22,0.0
118_RTPV_8,S6,23,0.0
118_RTPV_8,S6,24,0.0
118_RTPV_8,S7,1,0.0
118_RTPV_8,S7,2,0.0
118_RTPV_8,S7,3,0.0
118_RTPV_8,S7,4,0.0
118_RTPV_8,S7,5,0.0
118_RTPV_8,S7,6,0.0
118_RTPV_8,S7,7,1.4474530627243292
118_RTPV_8,S7,8,3.9669479997191055
118_RTPV_8,S7,9,5.9702048330756154
118_RTPV_8,S7,10,7.663423012628206
118_RTPV_8,S7,11,8.802355317544405
118_RTPV_8,S7,12,8.996880351286773
118_RTPV_8,S7,13,8.610158820641788
118_RTPV_8,S7,14,8.101949361825122
118_RTPV_8,S7,15,6.7365129980430805
118_RTPV_8,S7,16,4.406162799022787
118_RTPV_8,S7,17,1.3544850079998008
118_RTPV_8,S7,18,0.0
118_RTPV_8,S7,19,0.0
118_RTPV_8,S7,20,0.0
118_RTPV_8,S7,21,0.0
118_RTPV_8,S7,22,0.0
118_RTPV_8,S7,23,0.0
118_RTPV_8,S7,24,0.0
118_RTPV_8,S8,1,0.0
118_RTPV_8,S8,2,0.0
118_RTPV_8,S8,3,0.0
118_RTPV_8,S8,4,0.0
118_RTPV_8,S8,5,0.0
118_RTPV_8,S8,6,0.0
118_RTPV_8,S8,7,0.0
118_RTPV_8,S8,8,1.7821451227008616
118_RTPV_8,S8,9,4.217192179048971
118_RTPV_8,S8,10,5.813860384559385
118_RTPV_8,S8,11,7.091549089682491
118_RTPV_8,S8,12,7.784698964964544
118_RTPV_8,S8,13,7.675057341014267
118_RTPV_8,S8,14,7.234181129225765
118_RTPV_8,S8,15,5.416702034588284
118_RTPV_8,S8,16,2.8974647380288894
118_RTPV_8,S8,17,0.0
118_RTPV_8,S8,18,0.0
118_RTPV_8,S8,19,0.0
118_RTPV_8,S8,20,0.0
118_RTPV_8,S8,21,0.0
118_RTPV_8,S8,22,0.0
118_RTPV_8,S8,23,0.0
118_RTPV_8,S8,24,0.0
118_RTPV_8,S9,1,0.0
118_RTPV_8,S9,2,0.0
118_RTPV_8,S9,3,0.0
118_RTPV_8,S9,4,0.0
118_RTPV_8,S9,5,0.0
118_RTPV_8,S9,6,0.0
118_RTPV_8,S9,7,0.0
118_RTPV_8,S9,8,0.1915577577238855
118_RTPV_8,S9,9,3.151422062543816
118_RTPV_8,S9,10,6.92180045940831
118_RTPV_8,S9,11,9.488138731764439
118_RTPV_8,S9,12,10.30297404725788
118_RTPV_8,S9,13,9.914123575936317
118_RTPV_8,S9,14,8.88647902464067
118_RTPV_8,S9,15,7.437709039653514
118_RTPV_8,S9,16,5.524607020621935
118_RTPV_8,S9,17,2.669239579454244
118_RTPV_8,S9,18,0.0977419660028277
118_RTPV_8,S9,19,0.0
118_RTPV_8,S9,20,0.0
118_RTPV_8,S9,21,0.0
118_RTPV_8,S9,22,0.0
118_RTPV_8,S9,23,0.0
118_RTPV_8,S9,24,0.0
118_RTPV_8,S10,1,0.0
118_RTPV_8,S10,2,0.0
118_RTPV_8,S10,3,0.0
118_RTPV_8,S10,4,0.0
118_RTPV_8,S10,5,0.0
118_RTPV_8,S10,6,0.0
118_RTPV_8,S10,7,0.0
118_RTPV_8,S10,8,3.010760444245825
118_RTPV_8,S10,9,5.430192304044445
118_RTPV_8,S10,10,6.489753460216882
118_RTPV_8,S10,11,7.533581130487906
118_RTPV_8,S10,12,7.616419410077608
118_RTPV_8,S10,13,7.8205281389857015
118_RTPV_8,S10,14,6.627963436292016
118_RTPV_8,S10,15,4.56017676948877
118_RTPV_8,S10,16,2.0739955826131955
118_RTPV_8,S10,17,0.0
118_RTPV_8,S10,18,0.0
118_RTPV_8,S10,19,0.0
118_RTPV_8,S10,20,0.0
118_RTPV_8,S10,21,0.0
118_RTPV_8,S10,22,0.0
118_RTPV_8,S10,23,0.0
118_RTPV_8,S10,24,0.0
118_RTPV_8,S11,1,0.0
118_RTPV_8,S11,2,0.0
118_RTPV_8,S11,3,0.0
118_RTPV_8,S11,4,0.0
118_RTPV_8,S11,5,0.0
118_RTPV_8,S11,6,0.0
118_RTPV_8,S11,7,0.0
118_RTPV_8,S11,8,2.2332754141529856
118_RTPV_8,S11,9,4.985775637919976
118_RTPV_8,S11,10,6.980091626119417
118_RTPV_8,S11,11,8.928646132586316
118_RTPV_8,S11,12,9.989916789728047
118_RTPV_8,S11,13,9.136732874463904
118_RTPV_8,S11,14,8.274271401116563
118_RTPV_8,S11,15,6.981432157493722
118_RTPV_8,S11,16,3.9137420315443614
118_RTPV_8,S11,17,0.5801659255371319
118_RTPV_8,S11,18,0.0
118_RTPV_8,S11,19,0.0
118_RTPV_8,S11,20,0.0
118_RTPV_8,S11,21,0.0
118_RTPV_8,S11,22,0.0
118_RTPV_8,S11,23,0.0
118_RTPV_8,S11,24,0.0
118_RTPV_8,S12,1,0.0
118_RTPV_8,S12,2,0.0
118_RTPV_8,S12,3,0.0
118_RTPV_8,S12,4,0.0
118_RTPV_8,S12,5,0.0
118_RTPV_8,S12,6,0.0
118_RTPV_8,S12,7,0.8844201972943292
118_RTPV_8,S12,8,1.0480458979158003
118_RTPV_8,S12,9,2.7823707520932928
118_RTPV_8,S12,10,4.066529347420063
118_RTPV_8,S12,11,3.4530707894598107
118_RTPV_8,S12,12,3.047459096532918
118_RTPV_8,S12,13,1.8198940271132176
118_RTPV_8,S12,14,4.250549428583184
118_RTPV_8,S12,15,2.3004932588157674
118_RTPV_8,S12,16,2.875519362876329
118_RTPV_8,S12,17,1.5772307840379
118_RTPV_8,S12,18,0.12207116072247202
118_RTPV_8,S12,19,0.0
118_RTPV_8,S12,20,0.0
118_RTPV_8,S12,21,0.0
118_RTPV_8,S12,22,0.0
118_RTPV_8,S12,23,0.0
118_RTPV_8,S12,24,0.0
118_RTPV_9,S1,1,0.0
118_RTPV_9,S1,2,0.0
118_RTPV_9,S1,3,0.0
118_RTPV_9,S1,4,0.0
118_RTPV_9,S1,5,0.0
118_RTPV_9,S1,6,0.0
118_RTPV_9,S1,7,1.4797453197858839
118_RTPV_9,S1,8,3.130510619468346
118_RTPV_9,S1,9,4.9037423425045255
118_RTPV_9,S1,10,6.242804309970687
118_RTPV_9,S1,11,7.404913655445699
118_RTPV_9,S1,12,7.486160475539169
118_RTPV_9,S1,13,7.595397311919393
118_RTPV_9,S1,14,6.795450014762956
118_RTPV_9,S1,15,5.6284668515379375
118_RTPV_9,S1,16,4.307859383359522
118_RTPV_9,S1,17,1.9452153742494356
118_RTPV_9,S1,18,0.0
118_RTPV_9,S1,19,0.0
118_RTPV_9,S1,20,0.0
118_RTPV_9,S1,21,0.0
118_RTPV_9,S1,22,0.0
118_RTPV_9,S1,23,0.0
118_RTPV_9,S1,24,0.0
118_RTPV_9,S2,1,0.0
118_RTPV_9,S2,2,0.0
118_RTPV_9,S2,3,0.0
118_RTPV_9,S2,4,0.0
118_RTPV_9,S2,5,0.0
118_RTPV_9,S2,6,0.0
118_RTPV_9,S2,7,0.0
118_RTPV_9,S2,8,2.023771683219769
118_RTPV_9,S2,9,4.16603041930779
118_RTPV_9,S2,10,5.875665915226961
118_RTPV_9,S2,11,6.939986135943599
118_RTPV_9,S2,12,7.314571643498485
118_RTPV_9,S2,13,7.081899915080237
118_RTPV_9,S2,14,6.233926179101864
118_RTPV_9,S2,15,4.463344113578996
118_RTPV_9,S2,16,1.9997460378132588
118_RTPV_9,S2,17,0.0
118_RTPV_9,S2,18,0.0
118_RTPV_9,S2,19,0.0
118_RTPV_9,S2,20,0.0
118_RTPV_9,S2,21,0.0
118_RTPV_9,S2,22,0.0
118_RTPV_9,S2,23,0.0
118_RTPV_9,S2,24,0.0
118_RTPV_9,S3,1,0.0
118_RTPV_9,S3,2,0.0
118_RTPV_9,S3,3,0.0
118_RTPV_9,S3,4,0.0
118_RTPV_9,S3,5,0.0
118_RTPV_9,S3,6,0.0
118_RTPV_9,S3,7,1.370434313123106
118_RTPV_9,S3,8,3.6362536959416025
118_RTPV_9,S3,9,5.985188896156344
118_RTPV_9,S3,10,7.245928770015097
118_RTPV_9,S3,11,8.033814459430205
118_RTPV_9,S3,12,8.92048042734887
118_RTPV_9,S3,13,8.930952589507829
118_RTPV_9,S3,14,7.902002004048025
118_RTPV_9,S3,15,6.722552849806363
118_RTPV_9,S3,16,4.093825982450209
118_RTPV_9,S3,17,1.722405552443609
118_RTPV_9,S3,18,0.0
118_RTPV_9,S3,19,0.0
118_RTPV_9,S3,20,0.0
118_RTPV_9,S3,21,0.0
118_RTPV_9,S3,22,0.0
118_RTPV_9,S3,23,0.0
118_RTPV_9,S3,24,0.0
118_RTPV_9,S4,1,0.0
118_RTPV_9,S4,2,0.0
118_RTPV_9,S4,3,0.0
118_RTPV_9,S4,4,0.0
118_RTPV_9,S4,5,0.0
118_RTPV_9,S4,6,0.0
118_RTPV_9,S4,7,0.9083043085201533
118_RTPV_9,S4,8,2.8342581318574016
118_RTPV_9,S4,9,5.019173625601367
118_RTPV_9,S4,10,7.26536561206813
118_RTPV_9,S4,11,7.957408045567501
118_RTPV_9,S4,12,8.311772311531934
118_RTPV_9,S4,13,8.798918241629424
118_RTPV_9,S4,14,8.248658156553258
118_RTPV_9,S4,15,6.929530105865255
118_RTPV_9,S4,16,3.86070545053268
118_RTPV_9,S4,17,1.4639902168761325
118_RTPV_9,S4,18,0.0
118_RTPV_9,S4,19,0.0
118_RTPV_9,S4,20,0.0
118_RTPV_9,S4,21,0.0
118_RTPV_9,S4,22,0.0
118_RTPV_9,S4,23,0.0
118_RTPV_9,S4,24,0.0
118_RTPV_9,S5,1,0.0
118_RTPV_9,S5,2,0.0
118_RTPV_9,S5,3,0.0
118_RTPV_9,S5,4,0.0
118_RTPV_9,S5,5,0.0
118_RTPV_9,S5,6,0.0
118_RTPV_9,S5,7,0.0
118_RTPV_9,S5,8,2.1181407400105554
118_RTPV_9,S5,9,4.300359121473332
118_RTPV_9,S5,10,5.829081381185366
118_RTPV_9,S5,11,7.459767165065761
118_RTPV_9,S5,12,8.07290774965995
118_RTPV_9,S5,13,7.247090384071679
118_RTPV_9,S5,14,6.206647341161206
118_RTPV_9,S5,15,4.698785835543797
118_RTPV_9,S5,16,1.6159245384146506
118_RTPV_9,S5,17,0.0
118_RTPV_9,S5,18,0.0
118_RTPV_9,S5,19,0.0
118_RTPV_9,S5,20,0.0
118_RTPV_9,S5,21,0.0
118_RTPV_9,S5,22,0.0
118_RTPV_9,S5,23,0.0
118_RTPV_9,S5,24,0.0
118_RTPV_9,S6,1,0.0
118_RTPV_9,S6,2,0.0
118_RTPV_9,S6,3,0.0
118_RTPV_9,S6,4,0.0
118_RTPV_9,S6,5,0.0
118_RTPV_9,S6,6,0.06070530484301959
118_RTPV_9,S6,7,1.0124144450139216
118_RTPV_9,S6,8,2.0948545964027745
118_RTPV_9,S6,9,3.3527742344875504
118_RTPV_9,S6,10,3.9881371693442276
118_RTPV_9,S6,11,4.555310389188421
118_RTPV_9,S6,12,4.7891607667186165
118_RTPV_9,S6,13,4.611451264661133
118_RTPV_9,S6,14,4.389617023881812
118_RTPV_9,S6,15,3.7598016158991623
118_RTPV_9,S6,16,2.8377967083700293
118_RTPV_9,S6,17,1.6247560907621745
118_RTPV_9,S6,18,0.1220890724533184
118_RTPV_9,S6,19,0.0
118_RTPV_9,S6,20,0.0
118_RTPV_9,S6,21,0.0
118_RTPV_9,S6,22,0.0
118_RTPV_9,S6,23,0.0
118_RTPV_9,S6,24,0.0
118_RTPV_9,S7,1,0.0
118_RTPV_9,S7,2,0.0
118_RTPV_9,S7,3,0.0
118_RTPV_9,S7,4,0.0
118_RTPV_9,S7,5,0.0
118_RTPV_9,S7,6,0.0
118_RTPV_9,S7,7,1.2645826078253952
118_RTPV_9,S7,8,3.777586308663622
118_RTPV_9,S7,9,5.9083734206737075
118_RTPV_9,S7,10,6.9228544765541695
118_RTPV_9,S7,11,8.078242099260802
118_RTPV_9,S7,12,8.004509146890612
118_RTPV_9,S7,13,8.072650027436858
118_RTPV_9,S7,14,6.936820201820375
118_RTPV_9,S7,15,5.68527592109029
118_RTPV_9,S7,16,3.6984409134225893
118_RTPV_9,S7,17,1.2093635891800216
118_RTPV_9,S7,18,0.0
118_RTPV_9,S7,19,0.0
118_RTPV_9,S7,20,0.0
118_RTPV_9,S7,21,0.0
118_RTPV_9,S7,22,0.0
118_RTPV_9,S7,23,0.0
118_RTPV_9,S7,24,0.0
118_RTPV_9,S8,1,0.0
118_RTPV_9,S8,2,0.0
118_RTPV_9,S8,3,0.0
118_RTPV_9,S8,4,0.0
118_RTPV_9,S8,5,0.0
118_RTPV_9,S8,6,0.0
118_RTPV_9,S8,7,0.0
118_RTPV_9,S8,8,1.5469377756958755
118_RTPV_9,S8,9,3.549310439782922
118_RTPV_9,S8,10,5.387625102380366
118_RTPV_9,S8,11,6.385812710951586
118_RTPV_9,S8,12,7.0618146602776
118_RTPV_9,S8,13,6.607237451502053
118_RTPV_9,S8,14,6.171571110556539
118_RTPV_9,S8,15,4.767701415559744
118_RTPV_9,S8,16,2.567322711668697
118_RTPV_9,S8,17,0.0
118_RTPV_9,S8,18,0.0
118_RTPV_9,S8,19,0.0
118_RTPV_9,S8,20,0.0
118_RTPV_9,S8,21,0.0
118_RTPV_9,S8,22,0.0
118_RTPV_9,S8,23,0.0
118_RTPV_9,S8,24,0.0
118_RTPV_9,S9,1,0.0
118_RTPV_9,S9,2,0.0
118_RTPV_9,S9,3,0.0
118_RTPV_9,S9,4,0.0
118_RTPV_9,S9,5,0.0
118_RTPV_9,S9,6,0.0
118_RTPV_9,S9,7,0.47686596312882584
118_RTPV_9,S9,8,0.09997622135476043
118_RTPV_9,S9,9,0.2889999030572921
118_RTPV_9,S9,10,3.667785245934973
118_RTPV_9,S9,11,7.039536429532563
118_RTPV_9,S9,12,7.202018881952745
118_RTPV_9,S9,13,6.102106792183436
118_RTPV_9,S9,14,6.4056790569088955
118_RTPV_9,S9,15,5.7631137898445095
118_RTPV_9,S9,16,4.458002485157247
118_RTPV_9,S9,17,2.445118014783284
118_RTPV_9,S9,18,0.09675675814908229
118_RTPV_9,S9,19,0.0
118_RTPV_9,S9,20,0.0
118_RTPV_9,S9,21,0.0
118_RTPV_9,S9,22,0.0
118_RTPV_9,S9,23,0.0
118_RTPV_9,S9,24,0.0
118_RTPV_9,S10,1,0.0
118_RTPV_9,S10,2,0.0
118_RTPV_9,S10,3,0.0
118_RTPV_9,S10,4,0.0
118_RTPV_9,S10,5,0.0
118_RTPV_9,S10,6,0.0
118_RTPV_9,S10,7,0.0
118_RTPV_9,S10,8,2.5621311889546
118_RTPV_9,S10,9,4.657403071856845
118_RTPV_9,S10,10,6.460198563560347
118_RTPV_9,S10,11,6.767589629305048
118_RTPV_9,S10,12,7.255777390538277
118_RTPV_9,S10,13,6.819002336502589
118_RTPV_9,S10,14,5.722471159682931
118_RTPV_9,S10,15,3.6331199798185065
118_RTPV_9,S10,16,1.5983496222722147
118_RTPV_9,S10,17,0.0
118_RTPV_9,S10,18,0.0
118_RTPV_9,S10,19,0.0
118_RTPV_9,S10,20,0.0
118_RTPV_9,S10,21,0.0
118_RTPV_9,S10,22,0.0
118_RTPV_9,S10,23,0.0
118_RTPV_9,S10,24,0.0
118_RTPV_9,S11,1,0.0
118_RTPV_9,S11,2,0.0
118_RTPV_9,S11,3,0.0
118_RTPV_9,S11,4,0.0
118_RTPV_9,S11,5,0.0
118_RTPV_9,S11,6,0.0
118_RTPV_9,S11,7,0.0
118_RTPV_9,S11,8,1.734580510603184
118_RTPV_9,S11,9,3.9469446706587434
118_RTPV_9,S11,10,5.953102887166047
118_RTPV_9,S11,11,7.344092167369096
118_RTPV_9,S11,12,8.374432081015039
118_RTPV_9,S11,13,7.746373595182265
118_RTPV_9,S11,14,7.732889612627534
118_RTPV_9,S11,15,5.753800841581667
118_RTPV_9,S11,16,3.4206325578820844
118_RTPV_9,S11,17,0.48046413828484047
118_RTPV_9,S11,18,0.0
118_RTPV_9,S11,19,0.0
118_RTPV_9,S11,20,0.0
118_RTPV_9,S11,21,0.0
118_RTPV_9,S11,22,0.0
118_RTPV_9,S11,23,0.0
118_RTPV_9,S11,24,0.0
118_RTPV_9,S12,1,0.0
118_RTPV_9,S12,2,0.0
118_RTPV_9,S12,3,0.0
118_RTPV_9,S12,4,0.0
118_RTPV_9,S12,5,0.0
118_RTPV_9,S12,6,0.0
118_RTPV_9,S12,7,0.9372667958945394
118_RTPV_9,S12,8,1.8690781305237014
118_RTPV_9,S12,9,2.701411922531006
118_RTPV_9,S12,10,3.5609604971868425
118_RTPV_9,S12,11,3.935880392763797
118_RTPV_9,S12,12,3.3148795103815107
118_RTPV_9,S12,13,3.753904615570122
118_RTPV_9,S12,14,2.800613983336862
118_RTPV_9,S12,15,2.601838641629561
118_RTPV_9,S12,16,1.3270490092852758
118_RTPV_9,S12,17,1.0004943269645514
118_RTPV_9,S12,18,0.05784487548915614
118_RTPV_9,S12,19,0.0
118_RTPV_9,S12,20,0.0
118_RTPV_9,S12,21,0.0
118_RTPV_9,S12,22,0.0
118_RTPV_9,S12,23,0.0
118_RTPV_9,S12,24,0.0
118_RTPV_10,S1,1,0.0
118_RTPV_10,S1,2,0.0
118_RTPV_10,S1,3,0.0
118_RTPV_10,S1,4,0.0
118_RTPV_10,S1,5,0.0
118_RTPV_10,S1,6,0.0
118_RTPV_10,S1,7,0.7228888414336169
118_RTPV_10,S1,8,1.4909058441807228
118_RTPV_10,S1,9,2.176778712328621
118_RTPV_10,S1,10,2.848676739619621
118_RTPV_10,S1,11,3.2511400378962434
118_RTPV_10,S1,12,3.423112260875971
118_RTPV_10,S1,13,3.4244656511728357
118_RTPV_10,S1,14,2.946535797985744
118_RTPV_10,S1,15,2.55837111108117
118_RTPV_10,S1,16,1.9440363072675908
118_RTPV_10,S1,17,0.9144358720574994
118_RTPV_10,S1,18,0.0
118_RTPV_10,S1,19,0.0
118_RTPV_10,S1,20,0.0
118_RTPV_10,S1,21,0.0
118_RTPV_10,S1,22,0.0
118_RTPV_10,S1,23,0.0
118_RTPV_10,S1,24,0.0
118_RTPV_10,S2,1,0.0
118_RTPV_10,S2,2,0.0
118_RTPV_10,S2,3,0.0
118_RTPV_10,S2,4,0.0
118_RTPV_10,S2,5,0.0
118_RTPV_10,S2,6,0.0
118_RTPV_10,S2,7,0.0
118_RTPV_10,S2,8,0.9856737765674624
118_RTPV_10,S2,9,1.9188225003298898
118_RTPV_10,S2,10,2.66700089668588
118_RTPV_10,S2,11,3.028747545914952
118_RTPV_10,S2,12,3.2646050281362915
118_RTPV_10,S2,13,3.2955500692017994
118_RTPV_10,S2,14,3.004560999322742
118_RTPV_10,S2,15,2.04191693031743
118_RTPV_10,S2,16,0.9329536596614345
118_RTPV_10,S2,17,0.0
118_RTPV_10,S2,18,0.0
118_RTPV_10,S2,19,0.0
118_RTPV_10,S2,20,0.0
118_RTPV_10,S2,21,0.0
118_RTPV_10,S2,22,0.0
118_RTPV_10,S2,23,0.0
118_RTPV_10,S2,24,0.0
118_RTPV_10,S3,1,0.0
118_RTPV_10,S3,2,0.0
118_RTPV_10,S3,3,0.0
118_RTPV_10,S3,4,0.0
118_RTPV_10,S3,5,0.0
118_RTPV_10,S3,6,0.0
118_RTPV_10,S3,7,0.7119023290760889
118_RTPV_10,S3,8,1.7617168983007123
118_RTPV_10,S3,9,2.768173512448562
118_RTPV_10,S3,10,3.4963059159460768
118_RTPV_10,S3,11,3.8618039448943446
118_RTPV_10,S3,12,4.084720512202805
118_RTPV_10,S3,13,4.290667687666167
118_RTPV_10,S3,14,3.8828561826289603
118_RTPV_10,S3,15,3.0728151545444833
118_RTPV_10,S3,16,1.944144105804858
118_RTPV_10,S3,17,0.8805415380982661
118_RTPV_10,S3,18,0.0
118_RTPV_10,S3,19,0.0
118_RTPV_10,S3,20,0.0
118_RTPV_10,S3,21,0.0
118_RTPV_10,S3,22,0.0
118_RTPV_10,S3,23,0.0
118_RTPV_10,S3,24,0.0
118_RTPV_10,S4,1,0.0
118_RTPV_10,S4,2,0.0
118_RTPV_10,S4,3,0.0
118_RTPV_10,S4,4,0.0
118_RTPV_10,S4,5,0.0
118_RTPV_10,S4,6,0.0
118_RTPV_10,S4,7,0.5163309829866018
118_RTPV_10,S4,8,1.5426819463741106
118_RTPV_10,S4,9,2.473520016019277
118_RTPV_10,S4,10,3.1024539533158033
118_RTPV_10,S4,11,3.6019780879034915
118_RTPV_10,S4,12,3.729796406914917
118_RTPV_10,S4,13,4.022852849034862
118_RTPV_10,S4,14,3.8634439967942478
118_RTPV_10,S4,15,2.9104800423119546
118_RTPV_10,S4,16,1.8396946581548972
118_RTPV_10,S4,17,0.6873219161594067
118_RTPV_10,S4,18,0.0
118_RTPV_10,S4,19,0.0
118_RTPV_10,S4,20,0.0
118_RTPV_10,S4,21,0.0
118_RTPV_10,S4,22,0.0
118_RTPV_10,S4,23,0.0
118_RTPV_10,S4,24,0.0
118_RTPV_10,S5,1,0.0
118_RTPV_10,S5,2,0.0
118_RTPV_10,S5,3,0.0
118_RTPV_10,S5,4,0.0
118_RTPV_10,S5,5,0.0
118_RTPV_10,S5,6,0.0
118_RTPV_10,S5,7,0.0
118_RTPV_10,S5,8,1.1133882514945264
118_RTPV_10,S5,9,2.046851577913277
118_RTPV_10,S5,10,2.6838411141478318
118_RTPV_10,S5,11,3.5749881062166304
118_RTPV_10,S5,12,3.6052156738282766
118_RTPV_10,S5,13,3.3233707487634647
118_RTPV_10,S5,14,2.8677754502668464
118_RTPV_10,S5,15,2.0241274665810933
118_RTPV_10,S5,16,0.799078284901022
118_RTPV_10,S5,17,0.0
118_RTPV_10,S5,18,0.0
118_RTPV_10,S5,19,0.0
118_RTPV_10,S5,20,0.0
118_RTPV_10,S5,21,0.0
118_RTPV_10,S5,22,0.0
118_RTPV_10,S5,23,0.0
118_RTPV_10,S5,24,0.0
118_RTPV_10,S6,1,0.0
118_RTPV_10,S6,2,0.0
118_RTPV_10,S6,3,0.0
118_RTPV_10,S6,4,0.0
118_RTPV_10,S6,5,0.0
118_RTPV_10,S6,6,0.0
118_RTPV_10,S6,7,0.4359430914219951
118_RTPV_10,S6,8,1.0328449401870445
118_RTPV_10,S6,9,1.5206861705757975
118_RTPV_10,S6,10,1.940819755268153
118_RTPV_10,S6,11,2.139417540333401
118_RTPV_10,S6,12,2.264291780419636
118_RTPV_10,S6,13,2.084332246636816
118_RTPV_10,S6,14,1.9622028778572813
118_RTPV_10,S6,15,1.6942157622571286
118_RTPV_10,S6,16,1.3774710452022618
118_RTPV_10,S6,17,0.7108346213519998
118_RTPV_10,S6,18,0.05985296737221521
118_RTPV_10,S6,19,0.0
118_RTPV_10,S6,20,0.0
118_RTPV_10,S6,21,0.0
118_RTPV_10,S6,22,0.0
118_RTPV_10,S6,23,0.0
118_RTPV_10,S6,24,0.0
118_RTPV_10,S7,1,0.0
118_RTPV_10,S7,2,0.0
118_RTPV_10,S7,3,0.0
118_RTPV_10,S7,4,0.0
118_RTPV_10,S7,5,0.0
118_RTPV_10,S7,6,0.0
118_RTPV_10,S7,7,0.616017711128802
118_RTPV_10,S7,8,1.5769431831409553
118_RTPV_10,S7,9,2.4872203691284764
118_RTPV_10,S7,10,3.2889614751155865
118_RTPV_10,S7,11,3.6030730301179177
118_RTPV_10,S7,12,3.6841891642835374
118_RTPV_10,S7,13,3.6660515417801056
118_RTPV_10,S7,14,3.2097324120017214
118_RTPV_10,S7,15,2.73071233202154
118_RTPV_10,S7,16,1.7313611259838044
118_RTPV_10,S7,17,0.48516876499079414
118_RTPV_10,S7,18,0.0
118_RTPV_10,S7,19,0.0
118_RTPV_10,S7,20,0.0
118_RTPV_10,S7,21,0.0
118_RTPV_10,S7,22,0.0
118_RTPV_10,S7,23,0.0
118_RTPV_10,S7,24,0.0
118_RTPV_10,S8,1,0.0
118_RTPV_10,S8,2,0.0
118_RTPV_10,S8,3,0.0
118_RTPV_10,S8,4,0.0
118_RTPV_10,S8,5,0.0
118_RTPV_10,S8,6,0.0
118_RTPV_10,S8,7,0.0
118_RTPV_10,S8,8,0.7806676429934443
118_RTPV_10,S8,9,1.7500561002895663
118_RTPV_10,S8,10,2.469990931334986
118_RTPV_10,S8,11,2.882686009551724
118_RTPV_10,S8,12,3.335421608790682
118_RTPV_10,S8,13,3.307902308318381
118_RTPV_10,S8,14,2.660535866037116
118_RTPV_10,S8,15,2.124480451479359
118_RTPV_10,S8,16,1.1751495512893004
118_RTPV_10,S8,17,0.0
118_RTPV_10,S8,18,0.0
118_RTPV_10,S8,19,0.0
118_RTPV_10,S8,20,0.0
118_RTPV_10,S8,21,0.0
118_RTPV_10,S8,22,0.0
118_RTPV_10,S8,23,0.0
118_RTPV_10,S8,24,0.0
118_RTPV_10,S9,1,0.0
118_RTPV_10,S9,2,0.0
118_RTPV_10,S9,3,0.0
118_RTPV_10,S9,4,0.0
118_RTPV_10,S9,5,0.0
118_RTPV_10,S9,6,0.0
118_RTPV_10,S9,7,0.0
118_RTPV_10,S9,8,0.0961216956114459
118_RTPV_10,S9,9,1.34348475894082
118_RTPV_10,S9,10,2.891414112307067
118_RTPV_10,S9,11,3.970964022169288
118_RTPV_10,S9,12,4.087896557822243
118_RTPV_10,S9,13,3.9681121804634807
118_RTPV_10,S9,14,3.6593008630989234
118_RTPV_10,S9,15,2.9437557421047247
118_RTPV_10,S9,16,2.145385258150475
118_RTPV_10,S9,17,1.1470890779497342
118_RTPV_10,S9,18,0.0
118_RTPV_10,S9,19,0.0
118_RTPV_10,S9,20,0.0
118_RTPV_10,S9,21,0.0
118_RTPV_10,S9,22,0.0
118_RTPV_10,S9,23,0.0
118_RTPV_10,S9,24,0.0
118_RTPV_10,S10,1,0.0
118_RTPV_10,S10,2,0.0
118_RTPV_10,S10,3,0.0
118_RTPV_10,S10,4,0.0
118_RTPV_10,S10,5,0.0
118_RTPV_10,S10,6,0.0
118_RTPV_10,S10,7,0.0
118_RTPV_10,S10,8,1.2558242540527031
118_RTPV_10,S10,9,2.159790803328184
118_RTPV_10,S10,10,2.7653387871870097
118_RTPV_10,S10,11,3.224843607019689
118_RTPV_10,S10,12,3.1455263254736776
118_RTPV_10,S10,13,2.967373033916377
118_RTPV_10,S10,14,2.7108533241189052
118_RTPV_10,S10,15,1.9064044274377652
118_RTPV_10,S10,16,0.8063231106336941
118_RTPV_10,S10,17,0.0
118_RTPV_10,S10,18,0.0
118_RTPV_10,S10,19,0.0
118_RTPV_10,S10,20,0.0
118_RTPV_10,S10,21,0.0
118_RTPV_10,S10,22,0.0
118_RTPV_10,S10,23,0.0
118_RTPV_10,S10,24,0.0
118_RTPV_10,S11,1,0.0
118_RTPV_10,S11,2,0.0
118_RTPV_10,S11,3,0.0
118_RTPV_10,S11,4,0.0
118_RTPV_10,S11,5,0.0
118_RTPV_10,S11,6,0.0
118_RTPV_10,S11,7,0.0
118_RTPV_10,S11,8,0.8659092949394179
118_RTPV_10,S11,9,2.01227756970172
118_RTPV_10,S11,10,2.9868821727722557
118_RTPV_10,S11,11,3.5834729828219882
118_RTPV_10,S11,12,3.9821239744322705
118_RTPV_10,S11,13,3.846303142500975
118_RTPV_10,S11,14,3.6405545501294827
118_RTPV_10,S11,15,2.7575292328074097
118_RTPV_10,S11,16,1.7792820897062456
118_RTPV_10,S11,17,0.20697156177072273
118_RTPV_10,S11,18,0.0
118_RTPV_10,S11,19,0.0
118_RTPV_10,S11,20,0.0
118_RTPV_10,S11,21,0.0
118_RTPV_10,S11,22,0.0
118_RTPV_10,S11,23,0.0
118_RTPV_10,S11,24,0.0
118_RTPV_10,S12,1,0.0
118_RTPV_10,S12,2,0.0
118_RTPV_10,S12,3,0.0
118_RTPV_10,S12,4,0.0
118_RTPV_10,S12,5,0.0
118_RTPV_10,S12,6,0.0
118_RTPV_10,S12,7,0.34669795896718064
118_RTPV_10,S12,8,0.4162429649364044
118_RTPV_10,S12,9,1.2202102897179417
118_RTPV_10,S12,10,1.6404036523375187
118_RTPV_10,S12,11,1.5235143845055907
118_RTPV_10,S12,12,1.1732920838238428
118_RTPV_10,S12,13,0.7101447022240384
118_RTPV_10,S12,14,1.812528175121044
118_RTPV_10,S12,15,0.8613736511701903
118_RTPV_10,S12,16,1.2276767149762462
118_RTPV_10,S12,17,0.6846310648807591
118_RTPV_10,S12,18,0.05965029838001188
118_RTPV_10,S12,19,0.0
118_RTPV_10,S12,20,0.0
118_RTPV_10,S12,21,0.0
118_RTPV_10,S12,22,0.0
118_RTPV_10,S12,23,0.0
118_RTPV_10,S12,24,0.0
213_RTPV_1,S1,1,0.0
213_RTPV_1,S1,2,0.0
213_RTPV_1,S1,3,0.0
213_RTPV_1,S1,4,0.0
213_RTPV_1,S1,5,0.0
213_RTPV_1,S1,6,0.0
213_RTPV_1,S1,7,2.0013618385752374
213_RTPV_1,S1,8,4.720561395046618
213_RTPV_1,S1,9,6.937271755053189
213_RTPV_1,S1,10,8.55061739926252
213_RTPV_1,S1,11,9.111835948979222
213_RTPV_1,S1,12,9.397007916915506
213_RTPV_1,S1,13,8.501224193892048
213_RTPV_1,S1,14,3.1375080327154947
213_RTPV_1,S1,15,2.142847243290222
213_RTPV_1,S1,16,2.701558031627099
213_RTPV_1,S1,17,0.29507109955628913
213_RTPV_1,S1,18,0.0
213_RTPV_1,S1,19,0.0
213_RTPV_1,S1,20,0.0
213_RTPV_1,S1,21,0.0
213_RTPV_1,S1,22,0.0
213_RTPV_1,S1,23,0.0
213_RTPV_1,S1,24,0.0
213_RTPV_1,S2,1,0.0
213_RTPV_1,S2,2,0.0
213_RTPV_1,S2,3,0.0
213_RTPV_1,S2,4,0.0
213_RTPV_1,S2,5,0.0
213_RTPV_1,S2,6,0.0
213_RTPV_1,S2,7,0.0
213_RTPV_1,S2,8,1.9634561089171294
213_RTPV_1,S2,9,4.771444460295712
213_RTPV_1,S2,10,7.825168455296484
213_RTPV_1,S2,11,9.204241626268312
213_RTPV_1,S2,12,9.993414908116016
213_RTPV_1,S2,13,9.346692056073584
213_RTPV_1,S2,14,7.576369474153415
213_RTPV_1,S2,15,5.157964174130584
213_RTPV_1,S2,16,1.7888524643953
213_RTPV_1,S2,17,0.0
213_RTPV_1,S2,18,0.0
213_RTPV_1,S2,19,0.0
213_RTPV_1,S2,20,0.0
213_RTPV_1,S2,21,0.0
213_RTPV_1,S2,22,0.0
213_RTPV_1,S2,23,0.0
213_RTPV_1,S2,24,0.0
213_RTPV_1,S3,1,0.0
213_RTPV_1,S3,2,0.0
213_RTPV_1,S3,3,0.0
213_RTPV_1,S3,4,0.0
213_RTPV_1,S3,5,0.0
213_RTPV_1,S3,6,0.0
213_RTPV_1,S3,7,2.039899048784537
213_RTPV_1,S3,8,4.979539708986675
213_RTPV_1,S3,9,7.643026669144976
213_RTPV_1,S3,10,8.600984547290492
213_RTPV_1,S3,11,10.48169338569367
213_RTPV_1,S3,12,11.103451329105516
213_RTPV_1,S3,13,10.642505053019727
213_RTPV_1,S3,14,9.640109212794453
213_RTPV_1,S3,15,7.7742397003454915
213_RTPV_1,S3,16,5.742021245697005
213_RTPV_1,S3,17,2.1395696155182167
213_RTPV_1,S3,18,0.0
213_RTPV_1,S3,19,0.0
213_RTPV_1,S3,20,0.0
213_RTPV_1,S3,21,0.0
213_RTPV_1,S3,22,0.0
213_RTPV_1,S3,23,0.0
213_RTPV_1,S3,24,0.0
213_RTPV_1,S4,1,0.0
213_RTPV_1,S4,2,0.0
213_RTPV_1,S4,3,0.0
213_RTPV_1,S4,4,0.0
213_RTPV_1,S4,5,0.0
213_RTPV_1,S4,6,0.0
213_RTPV_1,S4,7,1.6504618000531472
213_RTPV_1,S4,8,5.214618705512999
213_RTPV_1,S4,9,7.950453515575178
213_RTPV_1,S4,10,10.140141433681316
213_RTPV_1,S4,11,10.761199060289423
213_RTPV_1,S4,12,11.382756172102283
213_RTPV_1,S4,13,10.757968164593926
213_RTPV_1,S4,14,9.590788315034919
213_RTPV_1,S4,15,8.06277531294294
213_RTPV_1,S4,16,5.306815241424627
213_RTPV_1,S4,17,2.1692507938367576
213_RTPV_1,S4,18,0.0
213_RTPV_1,S4,19,0.0
213_RTPV_1,S4,20,0.0
213_RTPV_1,S4,21,0.0
213_RTPV_1,S4,22,0.0
213_RTPV_1,S4,23,0.0
213_RTPV_1,S4,24,0.0
213_RTPV_1,S5,1,0.0
213_RTPV_1,S5,2,0.0
213_RTPV_1,S5,3,0.0
213_RTPV_1,S5,4,0.0
213_RTPV_1,S5,5,0.0
213_RTPV_1,S5,6,0.0
213_RTPV_1,S5,7,0.09650597848127676
213_RTPV_1,S5,8,3.440717542291644
213_RTPV_1,S5,9,5.958751154602709
213_RTPV_1,S5,10,7.684618514408769
213_RTPV_1,S5,11,9.223944545623283
213_RTPV_1,S5,12,9.770539318962953
213_RTPV_1,S5,13,9.305693621059719
213_RTPV_1,S5,14,7.450403371971004
213_RTPV_1,S5,15,5.168940344153879
213_RTPV_1,S5,16,1.1838848436125389
213_RTPV_1,S5,17,0.0
213_RTPV_1,S5,18,0.0
213_RTPV_1,S5,19,0.0
213_RTPV_1,S5,20,0.0
213_RTPV_1,S5,21,0.0
213_RTPV_1,S5,22,0.0
213_RTPV_1,S5,23,0.0
213_RTPV_1,S5,24,0.0
213_RTPV_1,S6,1,0.0
213_RTPV_1,S6,2,0.0
213_RTPV_1,S6,3,0.0
213_RTPV_1,S6,4,0.0
213_RTPV_1,S6,5,0.0
213_RTPV_1,S6,6,0.06116951177540397
213_RTPV_1,S6,7,1.3511671791140292
213_RTPV_1,S6,8,2.9181302382415084
213_RTPV_1,S6,9,3.95033095784733
213_RTPV_1,S6,10,4.832734805992475
213_RTPV_1,S6,11,5.150190155190773
213_RTPV_1,S6,12,5.577592230054903
213_RTPV_1,S6,13,5.3238742691983205
213_RTPV_1,S6,14,4.87693950202518
213_RTPV_1,S6,15,4.50848721330063
213_RTPV_1,S6,16,3.241497213259429
213_RTPV_1,S6,17,1.720845656158015
213_RTPV_1,S6,18,0.12349104979581955
213_RTPV_1,S6,19,0.0
213_RTPV_1,S6,20,0.0
213_RTPV_1,S6,21,0.0
213_RTPV_1,S6,22,0.0
213_RTPV_1,S6,23,0.0
213_RTPV_1,S6,24,0.0
213_RTPV_1,S7,1,0.0
213_RTPV_1,S7,2,0.0
213_RTPV_1,S7,3,0.0
213_RTPV_1,S7,4,0.0
213_RTPV_1,S7,5,0.0
213_RTPV_1,S7,6,0.0
213_RTPV_1,S7,7,1.9214673860687062
213_RTPV_1,S7,8,5.055387669437898
213_RTPV_1,S7,9,7.634125083896174
213_RTPV_1,S7,10,8.911363641537598
213_RTPV_1,S7,11,9.697323331307594
213_RTPV_1,S7,12,9.637802570568182
213_RTPV_1,S7,13,9.379346762885374
213_RTPV_1,S7,14,9.060430014602412
213_RTPV_1,S7,15,7.2095023544574195
213_RTPV_1,S7,16,4.226361848546317
213_RTPV_1,S7,17,1.298410145036322
213_RTPV_1,S7,18,0.0
213_RTPV_1,S7,19,0.0
213_RTPV_1,S7,20,0.0
213_RTPV_1,S7,21,0.0
213_RTPV_1,S7,22,0.0
213_RTPV_1,S7,23,0.0
213_RTPV_1,S7,24,0.0
213_RTPV_1,S8,1,0.0
213_RTPV_1,S8,2,0.0
213_RTPV_1,S8,3,0.0
213_RTPV_1,S8,4,0.0
213_RTPV_1,S8,5,0.0
213_RTPV_1,S8,6,0.0
213_RTPV_1,S8,7,0.0
213_RTPV_1,S8,8,2.407216785388992
213_RTPV_1,S8,9,4.916532067458727
213_RTPV_1,S8,10,7.388933439601658
213_RTPV_1,S8,11,8.149850404527761
213_RTPV_1,S8,12,9.113372224840555
213_RTPV_1,S8,13,8.721767602024656
213_RTPV_1,S8,14,7.229100948934035
213_RTPV_1,S8,15,5.874637691527557
213_RTPV_1,S8,16,2.476009400997025
213_RTPV_1,S8,17,0.0
213_RTPV_1,S8,18,0.0
213_RTPV_1,S8,19,0.0
213_RTPV_1,S8,20,0.0
213_RTPV_1,S8,21,0.0
213_RTPV_1,S8,22,0.0
213_RTPV_1,S8,23,0.0
213_RTPV_1,S8,24,0.0
213_RTPV_1,S9,1,0.0
213_RTPV_1,S9,2,0.0
213_RTPV_1,S9,3,0.0
213_RTPV_1,S9,4,0.0
213_RTPV_1,S9,5,0.0
213_RTPV_1,S9,6,0.5115377636047705
213_RTPV_1,S9,7,2.857728445520325
213_RTPV_1,S9,8,5.806155418791595
213_RTPV_1,S9,9,8.066105002532481
213_RTPV_1,S9,10,10.060123084437986
213_RTPV_1,S9,11,11.45775036405856
213_RTPV_1,S9,12,11.704132755999648
213_RTPV_1,S9,13,11.884536829761169
213_RTPV_1,S9,14,9.86967204821659
213_RTPV_1,S9,15,7.477173287301963
213_RTPV_1,S9,16,5.946442160537095
213_RTPV_1,S9,17,2.7902136282085688
213_RTPV_1,S9,18,0.1013979388397378
213_RTPV_1,S9,19,0.0
213_RTPV_1,S9,20,0.0
213_RTPV_1,S9,21,0.0
213_RTPV_1,S9,22,0.0
213_RTPV_1,S9,23,0.0
213_RTPV_1,S9,24,0.0
213_RTPV_1,S10,1,0.0
213_RTPV_1,S10,2,0.0
213_RTPV_1,S10,3,0.0
213_RTPV_1,S10,4,0.0
213_RTPV_1,S10,5,0.0
213_RTPV_1,S10,6,0.0
213_RTPV_1,S10,7,0.10190633538239391
213_RTPV_1,S10,8,3.295837666399244
213_RTPV_1,S10,9,6.289474779954712
213_RTPV_1,S10,10,7.5878581155551235
213_RTPV_1,S10,11,8.722338895626713
213_RTPV_1,S10,12,8.775061531134188
213_RTPV_1,S10,13,7.894663565003496
213_RTPV_1,S10,14,6.73016801020937
213_RTPV_1,S10,15,4.3771761664034745
213_RTPV_1,S10,16,1.150473519384261
213_RTPV_1,S10,17,0.0
213_RTPV_1,S10,18,0.0
213_RTPV_1,S10,19,0.0
213_RTPV_1,S10,20,0.0
213_RTPV_1,S10,21,0.0
213_RTPV_1,S10,22,0.0
213_RTPV_1,S10,23,0.0
213_RTPV_1,S10,24,0.0
213_RTPV_1,S11,1,0.0
213_RTPV_1,S11,2,0.0
213_RTPV_1,S11,3,0.0
213_RTPV_1,S11,4,0.0
213_RTPV_1,S11,5,0.0
213_RTPV_1,S11,6,0.0
213_RTPV_1,S11,7,0.0
213_RTPV_1,S11,8,2.673814028258149
213_RTPV_1,S11,9,5.509706802929806
213_RTPV_1,S11,10,7.644425461745733
213_RTPV_1,S11,11,10.321831835122318
213_RTPV_1,S11,12,10.748191103630406
213_RTPV_1,S11,13,10.503376272326951
213_RTPV_1,S11,14,8.802342074516476
213_RTPV_1,S11,15,7.317362672052264
213_RTPV_1,S11,16,3.734453570450248
213_RTPV_1,S11,17,0.0
213_RTPV_1,S11,18,0.0
213_RTPV_1,S11,19,0.0
213_RTPV_1,S11,20,0.0
213_RTPV_1,S11,21,0.0
213_RTPV_1,S11,22,0.0
213_RTPV_1,S11,23,0.0
213_RTPV_1,S11,24,0.0
213_RTPV_1,S12,1,0.0
213_RTPV_1,S12,2,0.0
213_RTPV_1,S12,3,0.0
213_RTPV_1,S12,4,0.0
213_RTPV_1,S12,5,0.0
213_RTPV_1,S12,6,0.11422524664140053
213_RTPV_1,S12,7,1.3215516959212514
213_RTPV_1,S12,8,2.606364511503997
213_RTPV_1,S12,9,3.8623090186169335
213_RTPV_1,S12,10,4.803935621235331
213_RTPV_1,S12,11,4.925239139701708
213_RTPV_1,S12,12,5.848929211174437
213_RTPV_1,S12,13,5.4725194227032485
213_RTPV_1,S12,14,4.626275254158356
213_RTPV_1,S12,15,4.239646341679826
213_RTPV_1,S12,16,3.14672441236271
213_RTPV_1,S12,17,1.7571650301505046
213_RTPV_1,S12,18,0.06216671595509666
213_RTPV_1,S12,19,0.0
213_RTPV_1,S12,20,0.0
213_RTPV_1,S12,21,0.0
213_RTPV_1,S12,22,0.0
213_RTPV_1,S12,23,0.0
213_RTPV_1,S12,24,0.0
309_WIND_1,S1,1,25.232329003099952
309_WIND_1,S1,2,21.18472029250834
309_WIND_1,S1,3,17.240120659909646
309_WIND_1,S1,4,17.215684137177966
309_WIND_1,S1,5,22.34917515897734
309_WIND_1,S1,6,19.08082472665938
309_WIND_1,S1,7,29.83667666994698
309_WIND_1,S1,8,45.20937985263475
309_WIND_1,S1,9,34.13635431816429
309_WIND_1,S1,10,21.554065522605768
309_WIND_1,S1,11,12.746522115374267
309_WIND_1,S1,12,10.540763534477414
309_WIND_1,S1,13,11.890695933173124
309_WIND_1,S1,14,18.208296983917005
309_WIND_1,S1,15,21.64340869250543
309_WIND_1,S1,16,9.83165468546948
309_WIND_1,S1,17,17.515523548486936
309_WIND_1,S1,18,22.085026516283822
309_WIND_1,S1,19,14.173789263872091
309_WIND_1,S1,20,21.323808250427756
309_WIND_1,S1,21,65.22342234282509
309_WIND_1,S1,22,55.49122678896321
309_WIND_1,S1,23,39.20509963172566
309_WIND_1,S1,24,24.27261525216369
309_WIND_1,S2,1,0.4150015284897579
309_WIND_1,S2,2,0.29475209219235704
309_WIND_1,S2,3,1.732092354154885
309_WIND_1,S2,4,4.253104410678067
309_WIND_1,S2,5,4.2248620471227545
309_WIND_1,S2,6,4.757621768071624
309_WIND_1,S2,7,4.269598193739794
309_WIND_1,S2,8,2.23696594309664
309_WIND_1,S2,9,0.20220548716167688
309_WIND_1,S2,10,0.20466033698992958
309_WIND_1,S2,11,0.5221669677187508
309_WIND_1,S2,12,0.20106252994401005
309_WIND_1,S2,13,0.0
309_WIND_1,S2,14,0.0
309_WIND_1,S2,15,0.0
309_WIND_1,S2,16,0.0
309_WIND_1,S2,17,0.0
309_WIND_1,S2,18,0.0
309_WIND_1,S2,19,4.4295033627601255
309_WIND_1,S2,20,1.066545032499649
309_WIND_1,S2,21,2.2705185909793193
309_WIND_1,S2,22,0.6914608264557065
309_WIND_1,S2,23,1.2390452707368933
309_WIND_1,S2,24,0.5809908711550862
309_WIND_1,S3,1,1.1523867598612916
309_WIND_1,S3,2,0.20535645254130952
309_WIND_1,S3,3,0.0
309_WIND_1,S3,4,0.0
309_WIND_1,S3,5,0.0
309_WIND_1,S3,6,0.0
309_WIND_1,S3,7,0.0
309_WIND_1,S3,8,0.0
309_WIND_1,S3,9,0.0
309_WIND_1,S3,10,0.0
309_WIND_1,S3,11,0.0
309_WIND_1,S3,12,0.5124163139446724
309_WIND_1,S3,13,0.8087772767142067
309_WIND_1,S3,14,2.6603188019767656
309_WIND_1,S3,15,2.892234949896963
309_WIND_1,S3,16,2.5234663462095197
309_WIND_1,S3,17,3.6347761789858613
309_WIND_1,S3,18,2.5489434890892437
309_WIND_1,S3,19,1.0960819782666977
309_WIND_1,S3,20,1.180228228780026
309_WIND_1,S3,21,0.207997904283662
309_WIND_1,S3,22,0.8977479726124649
309_WIND_1,S3,23,1.7783278323554956
309_WIND_1,S3,24,6.28811372352201
309_WIND_1,S4,1,96.39245408830644
309_WIND_1,S4,2,104.33356325235127
309_WIND_1,S4,3,108.17063248181317
309_WIND_1,S4,4,118.51206263239592
309_WIND_1,S4,5,122.28129001916395
309_WIND_1,S4,6,127.28631394308589
309_WIND_1,S4,7,130.95856962685892
309_WIND_1,S4,8,117.56271637264237
309_WIND_1,S4,9,93.2530143087439
309_WIND_1,S4,10,83.67223570018868
309_WIND_1,S4,11,105.31281527675101
309_WIND_1,S4,12,97.3582531494807
309_WIND_1,S4,13,65.24888385124248
309_WIND_1,S4,14,37.27420658516611
309_WIND_1,S4,15,61.21656326213203
309_WIND_1,S4,16,85.61234077157542
309_WIND_1,S4,17,41.90041060947603
309_WIND_1,S4,18,32.70557432376635
309_WIND_1,S4,19,30.095832399353046
309_WIND_1,S4,20,24.85182735474223
309_WIND_1,S4,21,26.096555897137808
309_WIND_1,S4,22,8.153356411959516
309_WIND_1,S4,23,10.624473457410845
309_WIND_1,S4,24,22.24619609735797
309_WIND_1,S5,1,145.62426252797374
309_WIND_1,S5,2,116.34992001911628
309_WIND_1,S5,3,142.7168040275271
309_WIND_1,S5,4,152.79876431142557
309_WIND_1,S5,5,141.4630850119432
309_WIND_1,S5,6,140.36322645116726
309_WIND_1,S5,7,145.89164212988607
309_WIND_1,S5,8,150.63062405949032
309_WIND_1,S5,9,155.01614464484902
309_WIND_1,S5,10,148.64104809045324
309_WIND_1,S5,11,155.71500000000003
309_WIND_1,S5,12,151.7340507673108
309_WIND_1,S5,13,151.81271712372654
309_WIND_1,S5,14,130.0112770194853
309_WIND_1,S5,15,131.3039928752024
309_WIND_1,S5,16,144.0552886872963
309_WIND_1,S5,17,128.52767425946791
309_WIND_1,S5,18,108.06138798432856
309_WIND_1,S5,19,141.62353740035422
309_WIND_1,S5,20,137.185896365463
309_WIND_1,S5,21,139.1389614098971
309_WIND_1,S5,22,150.78317428052796
309_WIND_1,S5,23,144.7162906402692
309_WIND_1,S5,24,137.35048598354805
309_WIND_1,S6,1,4.330006555731664
309_WIND_1,S6,2,8.247742524247762
309_WIND_1,S6,3,13.757120518745573
309_WIND_1,S6,4,16.871568792477444
309_WIND_1,S6,5,15.210655293100636
309_WIND_1,S6,6,13.706429968973259
309_WIND_1,S6,7,16.03997172981152
309_WIND_1,S6,8,15.102275761098243
309_WIND_1,S6,9,7.944297705463261
309_WIND_1,S6,10,5.998668314891471
309_WIND_1,S6,11,4.450538535077976
309_WIND_1,S6,12,3.2610864680947556
309_WIND_1,S6,13,1.8190280588154946
309_WIND_1,S6,14,0.6753805684482311
309_WIND_1,S6,15,0.23405632787444075
309_WIND_1,S6,16,0.4156023818628702
309_WIND_1,S6,17,0.18539171930023152
309_WIND_1,S6,18,0.5525249041180176
309_WIND_1,S6,19,2.7836681475554426
309_WIND_1,S6,20,6.281674911489964
309_WIND_1,S6,21,2.9641044284063236
309_WIND_1,S6,22,0.058823151480939063
309_WIND_1,S6,23,1.1484272915846003
309_WIND_1,S6,24,5.139168025000376
309_WIND_1,S7,1,0.0
309_WIND_1,S7,2,1.0980499505149288
309_WIND_1,S7,3,7.6481215685907245
309_WIND_1,S7,4,11.547844355816633
309_WIND_1,S7,5,31.246198206321353
309_WIND_1,S7,6,48.22685794842024
309_WIND_1,S7,7,70.8624859776686
309_WIND_1,S7,8,107.09546060948878
309_WIND_1,S7,9,131.28913145662148
309_WIND_1,S7,10,48.78145554508532
309_WIND_1,S7,11,22.69145331065065
309_WIND_1,S7,12,7.186280814898652
309_WIND_1,S7,13,1.0067327199971061
309_WIND_1,S7,14,0.6980733078558958
309_WIND_1,S7,15,0.10253858957892069
309_WIND_1,S7,16,0.0
309_WIND_1,S7,17,0.0
309_WIND_1,S7,18,0.0
309_WIND_1,S7,19,0.0
309_WIND_1,S7,20,0.0
309_WIND_1,S7,21,0.09958285110143526
309_WIND_1,S7,22,1.597353029229797
309_WIND_1,S7,23,2.6161817954846978
309_WIND_1,S7,24,2.0981383523510626
309_WIND_1,S8,1,147.81085484469477
309_WIND_1,S8,2,141.06836353051608
309_WIND_1,S8,3,141.71853740993595
309_WIND_1,S8,4,145.80249427625242
309_WIND_1,S8,5,142.57016831336017
309_WIND_1,S8,6,142.21858095197356
309_WIND_1,S8,7,152.19633846163055
309_WIND_1,S8,8,146.2988942808326
309_WIND_1,S8,9,146.74457603370863
309_WIND_1,S8,10,146.00735907790073
309_WIND_1,S8,11,136.8580076931053
309_WIND_1,S8,12,139.39452811851694
309_WIND_1,S8,13,154.06903804039982
309_WIND_1,S8,14,145.4415327673815
309_WIND_1,S8,15,137.99660808193474
309_WIND_1,S8,16,143.47560226422272
309_WIND_1,S8,17,145.6509188217222
309_WIND_1,S8,18,142.77805001973607
309_WIND_1,S8,19,143.72434859657616
309_WIND_1,S8,20,146.45309234234165
309_WIND_1,S8,21,146.52946294255
309_WIND_1,S8,22,139.04287072220984
309_WIND_1,S8,23,149.05340713590192
309_WIND_1,S8,24,140.65214136734116
309_WIND_1,S9,1,16.552218400917567
309_WIND_1,S9,2,40.59168715829526
309_WIND_1,S9,3,44.94470974819949
309_WIND_1,S9,4,43.776478741557334
309_WIND_1,S9,5,79.14294774415009
309_WIND_1,S9,6,97.27791808794447
309_WIND_1,S9,7,90.94606695166743
309_WIND_1,S9,8,67.8102977445848
309_WIND_1,S9,9,55.200771077189614
309_WIND_1,S9,10,24.687250760093043
309_WIND_1,S9,11,19.999871479068048
309_WIND_1,S9,12,13.814663648858764
309_WIND_1,S9,13,6.593161845133933
309_WIND_1,S9,14,3.981580154744426
309_WIND_1,S9,15,23.647787130578422
309_WIND_1,S9,16,27.20015589305828
309_WIND_1,S9,17,50.49483350724565
309_WIND_1,S9,18,83.23706577363707
309_WIND_1,S9,19,74.60612192957464
309_WIND_1,S9,20,95.77624330437679
309_WIND_1,S9,21,75.8474274177741
309_WIND_1,S9,22,91.65865298317699
309_WIND_1,S9,23,136.824483120878
309_WIND_1,S9,24,138.18939355881443
309_WIND_1,S10,1,140.47956081994846
309_WIND_1,S10,2,148.75407547953878
309_WIND_1,S10,3,144.2297699257063
309_WIND_1,S10,4,154.41467202479822
309_WIND_1,S10,5,135.92284118615675
309_WIND_1,S10,6,146.7081709213183
309_WIND_1,S10,7,137.89817399918596
309_WIND_1,S10,8,152.4471513868541
309_WIND_1,S10,9,141.7401028804168
309_WIND_1,S10,10,152.01755983309062
309_WIND_1,S10,11,151.5056963495915
309_WIND_1,S10,12,132.35016369321784
309_WIND_1,S10,13,141.19076785257573
309_WIND_1,S10,14,105.43107600225203
309_WIND_1,S10,15,106.79767980444113
309_WIND_1,S10,16,101.50472199810524
309_WIND_1,S10,17,133.21130255068124
309_WIND_1,S10,18,119.27988363662685
309_WIND_1,S10,19,110.0942121335975
309_WIND_1,S10,20,132.58346916439982
309_WIND_1,S10,21,144.48416262783934
309_WIND_1,S10,22,141.4078280544331
309_WIND_1,S10,23,145.51231660535996
309_WIND_1,S10,24,141.03950198926555
309_WIND_1,S11,1,147.21355544306587
309_WIND_1,S11,2,129.8010927965175
309_WIND_1,S11,3,126.71520377523899
309_WIND_1,S11,4,133.82056086948361
309_WIND_1,S11,5,127.6964067549423
309_WIND_1,S11,6,148.9804698558553
309_WIND_1,S11,7,149.8333312339563
309_WIND_1,S11,8,145.25381045299952
309_WIND_1,S11,9,143.20912571607494
309_WIND_1,S11,10,148.91800314369257
309_WIND_1,S11,11,155.71500000000003
309_WIND_1,S11,12,155.71500000000003
309_WIND_1,S11,13,101.52739555427783
309_WIND_1,S11,14,155.71500000000003
309_WIND_1,S11,15,155.71500000000003
309_WIND_1,S11,16,142.90123089883326
309_WIND_1,S11,17,154.00316957347323
309_WIND_1,S11,18,143.4925524743329
309_WIND_1,S11,19,144.62042133219782
309_WIND_1,S11,20,114.89225807622083
309_WIND_1,S11,21,63.05411248035638
309_WIND_1,S11,22,71.85758345755572
309_WIND_1,S11,23,101.22504359995833
309_WIND_1,S11,24,88.76101845129318
309_WIND_1,S12,1,31.66286852438557
309_WIND_1,S12,2,17.276757417383468
309_WIND_1,S12,3,12.54535960708441
309_WIND_1,S12,4,14.821079394650475
309_WIND_1,S12,5,21.86825175343278
309_WIND_1,S12,6,12.452706038565017
309_WIND_1,S12,7,6.8802395995795385
309_WIND_1,S12,8,6.906640396856117
309_WIND_1,S12,9,2.4648895940321696
309_WIND_1,S12,10,2.922167831614996
309_WIND_1,S12,11,5.085754236717264
309_WIND_1,S12,12,1.8208599818029736
309_WIND_1,S12,13,1.2721235845720582
309_WIND_1,S12,14,1.0969126333157095
309_WIND_1,S12,15,0.35822708088620275
309_WIND_1,S12,16,0.4206478546969911
309_WIND_1,S12,17,0.5378758153193037
309_WIND_1,S12,18,0.0
309_WIND_1,S12,19,0.0
309_WIND_1,S12,20,0.0
309_WIND_1,S12,21,0.06147969025860726
309_WIND_1,S12,22,0.7682221634201616
309_WIND_1,S12,23,0.697085496546778
309_WIND_1,S12,24,31.49778732076527
317_WIND_1,S1,1,401.1407546225446
317_WIND_1,S1,2,372.9407521639672
317_WIND_1,S1,3,423.72674478350734
317_WIND_1,S1,4,469.91172466139795
317_WIND_1,S1,5,545.0974959052775
317_WIND_1,S1,6,621.4160125493402
317_WIND_1,S1,7,657.9993205263311
317_WIND_1,S1,8,604.2681056819827
317_WIND_1,S1,9,319.6167452556005
317_WIND_1,S1,10,365.7259455839638
317_WIND_1,S1,11,268.5432290548652
317_WIND_1,S1,12,180.51537880702742
317_WIND_1,S1,13,168.68901087890205
317_WIND_1,S1,14,189.35867580108743
317_WIND_1,S1,15,218.9063157532537
317_WIND_1,S1,16,241.51291394540868
317_WIND_1,S1,17,224.21708094748925
317_WIND_1,S1,18,228.34057119274263
317_WIND_1,S1,19,216.72316074812457
317_WIND_1,S1,20,160.57189779309138
317_WIND_1,S1,21,351.912943584649
317_WIND_1,S1,22,364.0154005366183
317_WIND_1,S1,23,628.2864511225035
317_WIND_1,S1,24,603.0873434740076
317_WIND_1,S2,1,16.34137203326159
317_WIND_1,S2,2,15.109823782524192
317_WIND_1,S2,3,10.636350015904895
317_WIND_1,S2,4,25.2104805248595
317_WIND_1,S2,5,16.69143965624652
317_WIND_1,S2,6,2.414147842679345
317_WIND_1,S2,7,15.202434911442879
317_WIND_1,S2,8,24.786485327516072
317_WIND_1,S2,9,30.29742132361456
317_WIND_1,S2,10,27.360373745004257
317_WIND_1,S2,11,26.860601718966716
317_WIND_1,S2,12,11.48256207455056
317_WIND_1,S2,13,0.0
317_WIND_1,S2,14,0.0
317_WIND_1,S2,15,0.0
317_WIND_1,S2,16,0.0
317_WIND_1,S2,17,0.0
317_WIND_1,S2,18,5.512193897729049
317_WIND_1,S2,19,14.39951110988441
317_WIND_1,S2,20,7.35055291986987
317_WIND_1,S2,21,22.394684893060482
317_WIND_1,S2,22,48.62837671061229
317_WIND_1,S2,23,34.1109676724975
317_WIND_1,S2,24,2.8596641320431133
317_WIND_1,S3,1,121.16703645710311
317_WIND_1,S3,2,81.97416402731177
317_WIND_1,S3,3,50.3823616552867
317_WIND_1,S3,4,63.15678269232331
317_WIND_1,S3,5,56.100265591847645
317_WIND_1,S3,6,14.519999770582684
317_WIND_1,S3,7,0.0
317_WIND_1,S3,8,0.0
317_WIND_1,S3,9,0.0
317_WIND_1,S3,10,0.0
317_WIND_1,S3,11,0.0
317_WIND_1,S3,12,0.0
317_WIND_1,S3,13,0.8110018771727576
317_WIND_1,S3,14,0.993428718107899
317_WIND_1,S3,15,3.987460111039604
317_WIND_1,S3,16,20.422762719837337
317_WIND_1,S3,17,18.079563386561706
317_WIND_1,S3,18,43.144283930366505
317_WIND_1,S3,19,14.682425952932764
317_WIND_1,S3,20,9.0962378554649
317_WIND_1,S3,21,48.186520829416835
317_WIND_1,S3,22,202.18493310044465
317_WIND_1,S3,23,317.1547397518068
317_WIND_1,S3,24,387.05964492644506
317_WIND_1,S4,1,753.3269259233456
317_WIND_1,S4,2,757.5039999859499
317_WIND_1,S4,3,703.1040136366556
317_WIND_1,S4,4,682.8342755114786
317_WIND_1,S4,5,561.3587077291346
317_WIND_1,S4,6,666.6061735809728
317_WIND_1,S4,7,679.1012677245295
317_WIND_1,S4,8,746.6901462338947
317_WIND_1,S4,9,673.2778637413023
317_WIND_1,S4,10,702.7570834511374
317_WIND_1,S4,11,597.9910378455504
317_WIND_1,S4,12,622.716044908258
317_WIND_1,S4,13,380.6453096774016
317_WIND_1,S4,14,423.53166772086325
317_WIND_1,S4,15,280.9207911276752
317_WIND_1,S4,16,246.46255825829707
317_WIND_1,S4,17,291.78800805043176
317_WIND_1,S4,18,21.15231331833265
317_WIND_1,S4,19,4.882289595470145
317_WIND_1,S4,20,40.941608636217886
317_WIND_1,S4,21,40.8688285589436
317_WIND_1,S4,22,0.0
317_WIND_1,S4,23,0.0
317_WIND_1,S4,24,3.3363293519003223
317_WIND_1,S5,1,738.4237130717104
317_WIND_1,S5,2,710.9571524347472
317_WIND_1,S5,3,783.2126920190599
317_WIND_1,S5,4,764.8912611313092
317_WIND_1,S5,5,819.9554958240739
317_WIND_1,S5,6,764.8386869145306
317_WIND_1,S5,7,783.6878562449921
317_WIND_1,S5,8,828.5831745826592
317_WIND_1,S5,9,818.9201001643654
317_WIND_1,S5,10,817.9556762982119
317_WIND_1,S5,11,818.8966770238883
317_WIND_1,S5,12,839.0550000000001
317_WIND_1,S5,13,839.0550000000001
317_WIND_1,S5,14,805.1104975159143
317_WIND_1,S5,15,839.0550000000001
317_WIND_1,S5,16,725.6947387131587
317_WIND_1,S5,17,713.3869124041046
317_WIND_1,S5,18,725.3178547055234
317_WIND_1,S5,19,720.7405626356968
317_WIND_1,S5,20,781.8855663716356
317_WIND_1,S5,21,810.8730298166649
317_WIND_1,S5,22,803.831313992195
317_WIND_1,S5,23,824.1335158043697
317_WIND_1,S5,24,767.7846229656753
317_WIND_1,S6,1,8.533093443281835
317_WIND_1,S6,2,25.869743679528906
317_WIND_1,S6,3,26.318164162073092
317_WIND_1,S6,4,40.52555878756304
317_WIND_1,S6,5,37.76650295026825
317_WIND_1,S6,6,7.276864347289334
317_WIND_1,S6,7,17.59950502019317
317_WIND_1,S6,8,19.417304117823228
317_WIND_1,S6,9,0.671631475917229
317_WIND_1,S6,10,1.7329987136408946
317_WIND_1,S6,11,0.0
317_WIND_1,S6,12,0.0
317_WIND_1,S6,13,0.0
317_WIND_1,S6,14,0.0
317_WIND_1,S6,15,0.0
317_WIND_1,S6,16,0.12416883880810586
317_WIND_1,S6,17,2.8258754156593935
317_WIND_1,S6,18,19.4975982752117
317_WIND_1,S6,19,27.174171430757557
317_WIND_1,S6,20,11.257697410743713
317_WIND_1,S6,21,2.1204022754264615
317_WIND_1,S6,22,8.154654920453419
317_WIND_1,S6,23,21.068690878654706
317_WIND_1,S6,24,37.810316982006846
317_WIND_1,S7,1,489.71509804225997
317_WIND_1,S7,2,531.7754850425188
317_WIND_1,S7,3,466.15866169435435
317_WIND_1,S7,4,440.11656893408
317_WIND_1,S7,5,468.85847507860905
317_WIND_1,S7,6,492.61455122587114
317_WIND_1,S7,7,471.848467331566
317_WIND_1,S7,8,549.2345793450552
317_WIND_1,S7,9,414.26087653304523
317_WIND_1,S7,10,149.93297274527913
317_WIND_1,S7,11,34.99510301056716
317_WIND_1,S7,12,3.430219290479097
317_WIND_1,S7,13,0.0
317_WIND_1,S7,14,0.5096132864533072
317_WIND_1,S7,15,3.1070474099081444
317_WIND_1,S7,16,51.4947732848591
317_WIND_1,S7,17,44.349270584583195
317_WIND_1,S7,18,0.0
317_WIND_1,S7,19,0.0
317_WIND_1,S7,20,0.0
317_WIND_1,S7,21,3.239492730865018
317_WIND_1,S7,22,2.8817002603604256
317_WIND_1,S7,23,7.460628783904914
317_WIND_1,S7,24,15.087025084741416
317_WIND_1,S8,1,772.1987140913241
317_WIND_1,S8,2,787.9306369879242
317_WIND_1,S8,3,801.9666045302314
317_WIND_1,S8,4,792.7499169202847
317_WIND_1,S8,5,813.1659757329506
317_WIND_1,S8,6,758.9465079853344
317_WIND_1,S8,7,761.6509952693287
317_WIND_1,S8,8,800.7467923113796
317_WIND_1,S8,9,822.4338733160732
317_WIND_1,S8,10,806.5485470143302
317_WIND_1,S8,11,799.617683631041
317_WIND_1,S8,12,751.3341811169175
317_WIND_1,S8,13,739.9282882325249
317_WIND_1,S8,14,750.200012023893
317_WIND_1,S8,15,770.8821983084935
317_WIND_1,S8,16,760.0951739894074
317_WIND_1,S8,17,782.9485521834843
317_WIND_1,S8,18,765.6232676785357
317_WIND_1,S8,19,773.7250934906792
317_WIND_1,S8,20,833.3850657821557
317_WIND_1,S8,21,799.9015026102888
317_WIND_1,S8,22,720.5174831567346
317_WIND_1,S8,23,798.4374588073742
317_WIND_1,S8,24,795.4627482099506
317_WIND_1,S9,1,410.6176661989372
317_WIND_1,S9,2,507.0187404924722
317_WIND_1,S9,3,568.5091755817465
317_WIND_1,S9,4,434.28769881740624
317_WIND_1,S9,5,407.9257219875877
317_WIND_1,S9,6,461.1930474501311
317_WIND_1,S9,7,437.20708149765375
317_WIND_1,S9,8,339.71564910013393
317_WIND_1,S9,9,370.348950527773
317_WIND_1,S9,10,366.7074784802446
317_WIND_1,S9,11,297.91221346752695
317_WIND_1,S9,12,322.2428396335465
317_WIND_1,S9,13,171.6353640708892
317_WIND_1,S9,14,192.65896618557395
317_WIND_1,S9,15,180.9072585669634
317_WIND_1,S9,16,122.22622928535283
317_WIND_1,S9,17,82.22282629571599
317_WIND_1,S9,18,147.3686765606807
317_WIND_1,S9,19,290.4336926923533
317_WIND_1,S9,20,244.54142762550765
317_WIND_1,S9,21,318.5448980086141
317_WIND_1,S9,22,641.9372446110782
317_WIND_1,S9,23,716.7264793850408
317_WIND_1,S9,24,695.254973895418
317_WIND_1,S10,1,718.5028823839284
317_WIND_1,S10,2,631.4833029029653
317_WIND_1,S10,3,797.021023731772
317_WIND_1,S10,4,795.0712121082173
317_WIND_1,S10,5,771.4589740944482
317_WIND_1,S10,6,793.7713972832613
317_WIND_1,S10,7,811.1039845267841
317_WIND_1,S10,8,759.9130351105899
317_WIND_1,S10,9,809.3004183261451
317_WIND_1,S10,10,706.5373125168875
317_WIND_1,S10,11,609.8377972465883
317_WIND_1,S10,12,712.0736870140485
317_WIND_1,S10,13,658.475505900477
317_WIND_1,S10,14,532.4844933486212
317_WIND_1,S10,15,388.23457811759954
317_WIND_1,S10,16,396.7138038100894
317_WIND_1,S10,17,316.49123750921905
317_WIND_1,S10,18,414.333150682728
317_WIND_1,S10,19,403.5183607822925
317_WIND_1,S10,20,513.4457647165827
317_WIND_1,S10,21,663.3214734993926
317_WIND_1,S10,22,767.0967580634657
317_WIND_1,S10,23,789.5030126982788
317_WIND_1,S10,24,745.8640798521618
317_WIND_1,S11,1,779.5663664190497
317_WIND_1,S11,2,735.3383774496491
317_WIND_1,S11,3,769.3401961805386
317_WIND_1,S11,4,815.9303492897477
317_WIND_1,S11,5,822.5526629107036
317_WIND_1,S11,6,758.7379257260146
317_WIND_1,S11,7,821.67017593568
317_WIND_1,S11,8,815.1159817493441
317_WIND_1,S11,9,822.396774071434
317_WIND_1,S11,10,785.8264338842567
317_WIND_1,S11,11,839.0550000000001
317_WIND_1,S11,12,839.0550000000001
317_WIND_1,S11,13,839.0550000000001
317_WIND_1,S11,14,839.0550000000001
317_WIND_1,S11,15,839.0550000000001
317_WIND_1,S11,16,810.5990471970134
317_WIND_1,S11,17,715.3312393739692
317_WIND_1,S11,18,632.4318052299343
317_WIND_1,S11,19,605.7081598572194
317_WIND_1,S11,20,663.42484071332
317_WIND_1,S11,21,633.2787557680414
317_WIND_1,S11,22,635.5066457445548
317_WIND_1,S11,23,614.0174951854575
317_WIND_1,S11,24,574.4914014910594
317_WIND_1,S12,1,20.119426626464872
317_WIND_1,S12,2,19.328221044323843
317_WIND_1,S12,3,18.403234197211813
317_WIND_1,S12,4,16.19332138066722
317_WIND_1,S12,5,23.521320253873203
317_WIND_1,S12,6,53.55354622110467
317_WIND_1,S12,7,47.789502190827264
317_WIND_1,S12,8,98.88574019305236
317_WIND_1,S12,9,4.899483720514191
317_WIND_1,S12,10,22.118893282554797
317_WIND_1,S12,11,0.0
317_WIND_1,S12,12,1.9771897729872592
317_WIND_1,S12,13,2.1265665516119836
317_WIND_1,S12,14,0.6369011159471454
317_WIND_1,S12,15,0.4733899923530621
317_WIND_1,S12,16,6.995107621765445
317_WIND_1,S12,17,2.067298901100744
317_WIND_1,S12,18,2.116046303148034
317_WIND_1,S12,19,6.95108434918906
317_WIND_1,S12,20,8.751554627720251
317_WIND_1,S12,21,17.644219279537314
317_WIND_1,S12,22,49.365664823672056
317_WIND_1,S12,23,37.3294007572127
317_WIND_1,S12,24,22.962114833614276
303_WIND_1,S1,1,63.76948996769824
303_WIND_1,S1,2,18.893897196642925
303_WIND_1,S1,3,56.66148696994905
303_WIND_1,S1,4,26.714088248506418
303_WIND_1,S1,5,2.410120632332804
303_WIND_1,S1,6,2.5154504526246724
303_WIND_1,S1,7,8.849361624408603
303_WIND_1,S1,8,15.496212822119425
303_WIND_1,S1,9,19.95478727064117
303_WIND_1,S1,10,7.487596940737707
303_WIND_1,S1,11,0.0
303_WIND_1,S1,12,0.0
303_WIND_1,S1,13,0.7763760022639906
303_WIND_1,S1,14,5.540937842939487
303_WIND_1,S1,15,6.57229760358322
303_WIND_1,S1,16,44.91645354600483
303_WIND_1,S1,17,69.9799766267023
303_WIND_1,S1,18,124.35828341960587
303_WIND_1,S1,19,44.27238059865884
303_WIND_1,S1,20,45.42968752910335
303_WIND_1,S1,21,273.1551190562697
303_WIND_1,S1,22,601.227872903832
303_WIND_1,S1,23,604.8716397067232
303_WIND_1,S1,24,568.8493053255057
303_WIND_1,S2,1,33.0505557544056
303_WIND_1,S2,2,22.6777282028974
303_WIND_1,S2,3,17.407292144012157
303_WIND_1,S2,4,31.966538321386334
303_WIND_1,S2,5,46.23014820089165
303_WIND_1,S2,6,64.41222962794086
303_WIND_1,S2,7,73.94764732041706
303_WIND_1,S2,8,80.18719367300297
303_WIND_1,S2,9,70.55926935891539
303_WIND_1,S2,10,57.66489793065905
303_WIND_1,S2,11,57.25471338929508
303_WIND_1,S2,12,38.645714775740984
303_WIND_1,S2,13,27.4996026043986
303_WIND_1,S2,14,29.781964653172484
303_WIND_1,S2,15,25.312461476718873
303_WIND_1,S2,16,13.985361869922942
303_WIND_1,S2,17,16.58607991397267
303_WIND_1,S2,18,0.0
303_WIND_1,S2,19,0.7622000367693746
303_WIND_1,S2,20,0.9856115609943569
303_WIND_1,S2,21,29.429381093546986
303_WIND_1,S2,22,5.023836222959704
303_WIND_1,S2,23,4.020807975215521
303_WIND_1,S2,24,1.4619303741396512
303_WIND_1,S3,1,125.34651305550142
303_WIND_1,S3,2,19.46939366639858
303_WIND_1,S3,3,0.0
303_WIND_1,S3,4,0.0
303_WIND_1,S3,5,0.0
303_WIND_1,S3,6,0.0
303_WIND_1,S3,7,0.0
303_WIND_1,S3,8,0.0
303_WIND_1,S3,9,3.448370244992594
303_WIND_1,S3,10,2.608164451529597
303_WIND_1,S3,11,0.10231568126484974
303_WIND_1,S3,12,19.29314084514672
303_WIND_1,S3,13,50.20822846362584
303_WIND_1,S3,14,61.23384231432587
303_WIND_1,S3,15,94.66601493551592
303_WIND_1,S3,16,77.956470686629
303_WIND_1,S3,17,65.58662814497696
303_WIND_1,S3,18,83.28241208386757
303_WIND_1,S3,19,48.82839513731606
303_WIND_1,S3,20,53.02119829811823
303_WIND_1,S3,21,22.129205451152536
303_WIND_1,S3,22,165.36469094261358
303_WIND_1,S3,23,316.7075247039976
303_WIND_1,S3,24,246.78219874696316
303_WIND_1,S4,1,717.3592078083332
303_WIND_1,S4,2,340.8038476419892
303_WIND_1,S4,3,371.1861497264382
303_WIND_1,S4,4,629.4360079547967
303_WIND_1,S4,5,708.5404433165944
303_WIND_1,S4,6,679.1065997131152
303_WIND_1,S4,7,754.1410640377591
303_WIND_1,S4,8,740.9067854248897
303_WIND_1,S4,9,643.9116951727502
303_WIND_1,S4,10,532.9404978265366
303_WIND_1,S4,11,628.0614604797722
303_WIND_1,S4,12,533.7649439764517
303_WIND_1,S4,13,451.49109349871185
303_WIND_1,S4,14,422.97213202076904
303_WIND_1,S4,15,429.0948683699618
303_WIND_1,S4,16,417.9547738015106
303_WIND_1,S4,17,316.42819429857303
303_WIND_1,S4,18,77.2165850342684
303_WIND_1,S4,19,128.91926199862846
303_WIND_1,S4,20,128.5015686706552
303_WIND_1,S4,21,151.55468752140646
303_WIND_1,S4,22,76.3518365222249
303_WIND_1,S4,23,35.101297942395284
303_WIND_1,S4,24,98.82079683075777
303_WIND_1,S5,1,811.0953524820801
303_WIND_1,S5,2,849.6662891337644
303_WIND_1,S5,3,830.8735321907218
303_WIND_1,S5,4,823.1929175397486
303_WIND_1,S5,5,822.9831406046726
303_WIND_1,S5,6,836.1118108927792
303_WIND_1,S5,7,882.1856920538771
303_WIND_1,S5,8,867.6743985584822
303_WIND_1,S5,9,843.3051274092569
303_WIND_1,S5,10,846.1890709905583
303_WIND_1,S5,11,889.35
303_WIND_1,S5,12,830.2730822785654
303_WIND_1,S5,13,837.1311906654637
303_WIND_1,S5,14,855.443935966485
303_WIND_1,S5,15,802.9303032099339
303_WIND_1,S5,16,788.5753715966034
303_WIND_1,S5,17,750.4295905539088
303_WIND_1,S5,18,732.7590930138152
303_WIND_1,S5,19,786.2191741219533
303_WIND_1,S5,20,877.148075405554
303_WIND_1,S5,21,834.3836111271451
303_WIND_1,S5,22,813.7051881579672
303_WIND_1,S5,23,717.5646694892378
303_WIND_1,S5,24,848.7918272109926
303_WIND_1,S6,1,54.527568978054965
303_WIND_1,S6,2,39.69274453097661
303_WIND_1,S6,3,42.243446040829944
303_WIND_1,S6,4,58.10615435869245
303_WIND_1,S6,5,63.02357616378172
303_WIND_1,S6,6,53.16205973581088
303_WIND_1,S6,7,58.07089637151018
303_WIND_1,S6,8,60.56371480597765
303_WIND_1,S6,9,40.48073244079631
303_WIND_1,S6,10,34.093582360023014
303_WIND_1,S6,11,25.60354495909728
303_WIND_1,S6,12,21.92027968250824
303_WIND_1,S6,13,22.83330420654723
303_WIND_1,S6,14,17.928510025800616
303_WIND_1,S6,15,17.581868899916294
303_WIND_1,S6,16,14.537245731895752
303_WIND_1,S6,17,17.263519302404767
303_WIND_1,S6,18,20.3178141232151
303_WIND_1,S6,19,31.73974974999497
303_WIND_1,S6,20,55.96809761676277
303_WIND_1,S6,21,105.4595327340438
303_WIND_1,S6,22,49.831900438251324
303_WIND_1,S6,23,54.7314142110727
303_WIND_1,S6,24,48.419422040640356
303_WIND_1,S7,1,37.445781639641375
303_WIND_1,S7,2,1.728760586609264
303_WIND_1,S7,3,0.20566075071652407
303_WIND_1,S7,4,6.1602686450920086
303_WIND_1,S7,5,59.84992697736154
303_WIND_1,S7,6,198.30047142536594
303_WIND_1,S7,7,221.04646919414054
303_WIND_1,S7,8,206.44361261537838
303_WIND_1,S7,9,207.8425906321572
303_WIND_1,S7,10,91.25970523604056
303_WIND_1,S7,11,88.63246702177152
303_WIND_1,S7,12,80.89595291488816
303_WIND_1,S7,13,81.47186636717143
303_WIND_1,S7,14,60.0897188707413
303_WIND_1,S7,15,21.276496012998255
303_WIND_1,S7,16,12.226043612846848
303_WIND_1,S7,17,1.2864632456187046
303_WIND_1,S7,18,12.555774965234606
303_WIND_1,S7,19,4.608817167509826
303_WIND_1,S7,20,5.488507249907812
303_WIND_1,S7,21,10.24494245903352
303_WIND_1,S7,22,9.987573939014505
303_WIND_1,S7,23,6.837370577862927
303_WIND_1,S7,24,5.380562753684094
303_WIND_1,S8,1,635.812067239018
303_WIND_1,S8,2,764.0791569555855
303_WIND_1,S8,3,827.595247065503
303_WIND_1,S8,4,858.8936610647064
303_WIND_1,S8,5,845.8541753552819
303_WIND_1,S8,6,827.5148077833583
303_WIND_1,S8,7,836.9211401459364
303_WIND_1,S8,8,839.5957255442867
303_WIND_1,S8,9,839.8330015438434
303_WIND_1,S8,10,796.6904097561711
303_WIND_1,S8,11,746.2642423545705
303_WIND_1,S8,12,783.2888983317696
303_WIND_1,S8,13,783.6269090300098
303_WIND_1,S8,14,759.3316088193995
303_WIND_1,S8,15,770.5739210844547
303_WIND_1,S8,16,834.1358456510728
303_WIND_1,S8,17,801.4946674738354
303_WIND_1,S8,18,772.1787691608341
303_WIND_1,S8,19,830.5370848908565
303_WIND_1,S8,20,820.509146411278
303_WIND_1,S8,21,832.9424275580255
303_WIND_1,S8,22,808.4211571316891
303_WIND_1,S8,23,858.9894627772021
303_WIND_1,S8,24,685.5759450433222
303_WIND_1,S9,1,170.14002032815696
303_WIND_1,S9,2,124.82487929827904
303_WIND_1,S9,3,124.13933538449108
303_WIND_1,S9,4,93.54155132825035
303_WIND_1,S9,5,69.77939741565585
303_WIND_1,S9,6,141.759564370876
303_WIND_1,S9,7,125.53060052008261
303_WIND_1,S9,8,38.98928146750585
303_WIND_1,S9,9,38.2773187507267
303_WIND_1,S9,10,11.188887111332836
303_WIND_1,S9,11,35.746181200976956
303_WIND_1,S9,12,89.49385403789219
303_WIND_1,S9,13,266.86442949199596
303_WIND_1,S9,14,250.1607390429462
303_WIND_1,S9,15,299.9504697999617
303_WIND_1,S9,16,159.07724028039252
303_WIND_1,S9,17,258.0507385971589
303_WIND_1,S9,18,428.86289362530954
303_WIND_1,S9,19,286.479756905777
303_WIND_1,S9,20,366.91951370639566
303_WIND_1,S9,21,398.4915921003704
303_WIND_1,S9,22,517.0846180214088
303_WIND_1,S9,23,524.9994479691882
303_WIND_1,S9,24,551.6504414736435
303_WIND_1,S10,1,823.9475122543848
303_WIND_1,S10,2,687.2023085018327
303_WIND_1,S10,3,824.1305068094482
303_WIND_1,S10,4,693.0367710461412
303_WIND_1,S10,5,454.203622620716
303_WIND_1,S10,6,695.8421781008591
303_WIND_1,S10,7,721.102465713779
303_WIND_1,S10,8,833.3575997821074
303_WIND_1,S10,9,826.1711089247034
303_WIND_1,S10,10,792.9195344028036
303_WIND_1,S10,11,755.9533224357908
303_WIND_1,S10,12,671.4860700145911
303_WIND_1,S10,13,777.0508817554545
303_WIND_1,S10,14,715.2395255826183
303_WIND_1,S10,15,696.8170316546945
303_WIND_1,S10,16,637.6601733193058
303_WIND_1,S10,17,550.5510956565166
303_WIND_1,S10,18,398.2791796835022
303_WIND_1,S10,19,342.2041485046763
303_WIND_1,S10,20,697.9453182264988
303_WIND_1,S10,21,796.8148508694334
303_WIND_1,S10,22,750.3577001254035
303_WIND_1,S10,23,797.9091038136071
303_WIND_1,S10,24,686.1504048646116
303_WIND_1,S11,1,333.40595723038115
303_WIND_1,S11,2,533.9581755202398
303_WIND_1,S11,3,590.6157086437844
303_WIND_1,S11,4,341.79692964107505
303_WIND_1,S11,5,514.0925944591974
303_WIND_1,S11,6,818.7897269654118
303_WIND_1,S11,7,850.2947388978066
303_WIND_1,S11,8,840.6264084782125
303_WIND_1,S11,9,846.4958504764419
303_WIND_1,S11,10,833.5486430712654
303_WIND_1,S11,11,889.35
303_WIND_1,S11,12,750.0558007383473
303_WIND_1,S11,13,484.4501472142388
303_WIND_1,S11,14,889.35
303_WIND_1,S11,15,877.9153391065937
303_WIND_1,S11,16,818.4638006573653
303_WIND_1,S11,17,433.80686605884364
303_WIND_1,S11,18,733.2204563060409
303_WIND_1,S11,19,777.5831585637403
303_WIND_1,S11,20,613.4097776604693
303_WIND_1,S11,21,324.5047755678387
303_WIND_1,S11,22,463.33953250933286
303_WIND_1,S11,23,586.3813617814288
303_WIND_1,S11,24,766.2573318004314
303_WIND_1,S12,1,299.77948137881026
303_WIND_1,S12,2,308.6115775703619
303_WIND_1,S12,3,278.03988254554133
303_WIND_1,S12,4,212.80230620915074
303_WIND_1,S12,5,151.10514168417248
303_WIND_1,S12,6,40.680116758525884
303_WIND_1,S12,7,50.47092853226784
303_WIND_1,S12,8,46.20780144700422
303_WIND_1,S12,9,11.46414692655459
303_WIND_1,S12,10,2.6960626004261257
303_WIND_1,S12,11,0.0
303_WIND_1,S12,12,0.0
303_WIND_1,S12,13,0.0
303_WIND_1,S12,14,0.9312241192233013
303_WIND_1,S12,15,3.5628611323458417
303_WIND_1,S12,16,4.439420527388255
303_WIND_1,S12,17,1.5579806237129272
303_WIND_1,S12,18,2.1262447270833524
303_WIND_1,S12,19,3.913194502598904
303_WIND_1,S12,20,7.719699516966369
303_WIND_1,S12,21,11.430319521382685
303_WIND_1,S12,22,4.561376764545778
303_WIND_1,S12,23,350.1441244043672
303_WIND_1,S12,24,312.04775463729305
122_WIND_1,S1,1,373.4061287131491
122_WIND_1,S1,2,137.1896978990953
122_WIND_1,S1,3,110.4515112331344
122_WIND_1,S1,4,144.6415246047871
122_WIND_1,S1,5,163.35756045471987
122_WIND_1,S1,6,152.96942779672452
122_WIND_1,S1,7,165.64468762269829
122_WIND_1,S1,8,168.07071941683705
122_WIND_1,S1,9,42.15175777208998
122_WIND_1,S1,10,28.23422880711466
122_WIND_1,S1,11,55.657407280047835
122_WIND_1,S1,12,123.91132405389101
122_WIND_1,S1,13,261.7084673142759
122_WIND_1,S1,14,364.4801172482071
122_WIND_1,S1,15,445.8951192470961
122_WIND_1,S1,16,420.56909687225334
122_WIND_1,S1,17,417.65470595751964
122_WIND_1,S1,18,379.7113606209342
122_WIND_1,S1,19,367.6209877063291
122_WIND_1,S1,20,293.80567298027074
122_WIND_1,S1,21,425.00028337498924
122_WIND_1,S1,22,458.3398907669369
122_WIND_1,S1,23,626.4767149060957
122_WIND_1,S1,24,590.0262501611286
122_WIND_1,S2,1,31.205200179065063
122_WIND_1,S2,2,20.742059024562607
122_WIND_1,S2,3,5.25225803386144
122_WIND_1,S2,4,3.5183873732362057
122_WIND_1,S2,5,1.4868867320929886
122_WIND_1,S2,6,3.857159697116179
122_WIND_1,S2,7,0.1909592499707859
122_WIND_1,S2,8,0.0
122_WIND_1,S2,9,0.30985993417314267
122_WIND_1,S2,10,0.09867113584566012
122_WIND_1,S2,11,2.88324948239162
122_WIND_1,S2,12,0.0
122_WIND_1,S2,13,1.3843156080957375
122_WIND_1,S2,14,8.959490894033788
122_WIND_1,S2,15,11.550462573174633
122_WIND_1,S2,16,10.067842424187125
122_WIND_1,S2,17,43.09008074083297
122_WIND_1,S2,18,82.74989559344895
122_WIND_1,S2,19,71.4379777860317
122_WIND_1,S2,20,225.103234989517
122_WIND_1,S2,21,323.6732131008501
122_WIND_1,S2,22,245.80861645645896
122_WIND_1,S2,23,194.0144000372984
122_WIND_1,S2,24,168.5555859453421
122_WIND_1,S3,1,83.48137384936048
122_WIND_1,S3,2,11.94786977266757
122_WIND_1,S3,3,0.0
122_WIND_1,S3,4,0.0
122_WIND_1,S3,5,0.19167060104448133
122_WIND_1,S3,6,4.865440560005846
122_WIND_1,S3,7,1.5782634295864113
122_WIND_1,S3,8,1.1847409515846392
122_WIND_1,S3,9,0.2918672774811914
122_WIND_1,S3,10,0.0
122_WIND_1,S3,11,0.0
122_WIND_1,S3,12,6.686002584197915
122_WIND_1,S3,13,29.01129660738033
122_WIND_1,S3,14,72.14298625312945
122_WIND_1,S3,15,80.96100235013351
122_WIND_1,S3,16,49.17435720051859
122_WIND_1,S3,17,60.98591002911533
122_WIND_1,S3,18,42.0376680737133
122_WIND_1,S3,19,10.701810620206865
122_WIND_1,S3,20,29.35824292803791
122_WIND_1,S3,21,27.68089881453394
122_WIND_1,S3,22,153.29778901337747
122_WIND_1,S3,23,279.55047008240507
122_WIND_1,S3,24,388.7471100535519
122_WIND_1,S4,1,708.1788125974517
122_WIND_1,S4,2,668.30000271717
122_WIND_1,S4,3,725.574593367125
122_WIND_1,S4,4,719.7946626080867
122_WIND_1,S4,5,659.2575849082239
122_WIND_1,S4,6,678.3270073756897
122_WIND_1,S4,7,665.2446996599401
122_WIND_1,S4,8,573.5798174885413
122_WIND_1,S4,9,628.5268641718995
122_WIND_1,S4,10,545.1112429514852
122_WIND_1,S4,11,591.9807178772901
122_WIND_1,S4,12,483.5919308510894
122_WIND_1,S4,13,435.6288122112457
122_WIND_1,S4,14,338.97642902477867
122_WIND_1,S4,15,335.1496247255683
122_WIND_1,S4,16,247.830738339074
122_WIND_1,S4,17,300.49084476182304
122_WIND_1,S4,18,23.251096152076503
122_WIND_1,S4,19,8.398558017824309
122_WIND_1,S4,20,13.356244592817111
122_WIND_1,S4,21,10.899966217966295
122_WIND_1,S4,22,67.71218441496106
122_WIND_1,S4,23,11.121570374480164
122_WIND_1,S4,24,30.304769730035535
122_WIND_1,S5,1,683.6649274150749
122_WIND_1,S5,2,739.5582570541965
122_WIND_1,S5,3,741.996956892839
122_WIND_1,S5,4,704.0694783660947
122_WIND_1,S5,5,736.196276373938
122_WIND_1,S5,6,706.2553323572971
122_WIND_1,S5,7,685.2824187587148
122_WIND_1,S5,8,702.6210531535068
122_WIND_1,S5,9,714.9109292980895
122_WIND_1,S5,10,715.1651903756045
122_WIND_1,S5,11,749.1750000000001
122_WIND_1,S5,12,694.3674673334423
122_WIND_1,S5,13,746.5869175240078
122_WIND_1,S5,14,738.5286600307836
122_WIND_1,S5,15,749.1750000000001
122_WIND_1,S5,16,654.5942886265143
122_WIND_1,S5,17,661.0454158968361
122_WIND_1,S5,18,513.8524474787484
122_WIND_1,S5,19,607.549712033707
122_WIND_1,S5,20,664.4047590448735
122_WIND_1,S5,21,663.6814716384753
122_WIND_1,S5,22,696.6172152953649
122_WIND_1,S5,23,736.8034771854997
122_WIND_1,S5,24,731.9888139243452
122_WIND_1,S6,1,13.054156442783757
122_WIND_1,S6,2,17.666169363521174
122_WIND_1,S6,3,23.494252467277114
122_WIND_1,S6,4,21.85024703763638
122_WIND_1,S6,5,15.579631097478783
122_WIND_1,S6,6,10.851246468375203
122_WIND_1,S6,7,19.273218923168525
122_WIND_1,S6,8,15.980616350419933
122_WIND_1,S6,9,0.0
122_WIND_1,S6,10,0.0
122_WIND_1,S6,11,0.0
122_WIND_1,S6,12,0.0
122_WIND_1,S6,13,0.2452277357235239
122_WIND_1,S6,14,2.1613087389555585
122_WIND_1,S6,15,7.512274871593976
122_WIND_1,S6,16,2.0317874186224083
122_WIND_1,S6,17,4.94656293239244
122_WIND_1,S6,18,1.4832712561664527
122_WIND_1,S6,19,0.5138949938877054
122_WIND_1,S6,20,1.751952037055606
122_WIND_1,S6,21,2.820007385843572
122_WIND_1,S6,22,1.7001275849976971
122_WIND_1,S6,23,1.9178672543161404
122_WIND_1,S6,24,1.4281140005629642
122_WIND_1,S7,1,451.8320553543391
122_WIND_1,S7,2,379.85296384950846
122_WIND_1,S7,3,319.30787432783245
122_WIND_1,S7,4,254.29364249515478
122_WIND_1,S7,5,232.18016607090755
122_WIND_1,S7,6,328.08908426083485
122_WIND_1,S7,7,320.03240684638166
122_WIND_1,S7,8,301.2240728883443
122_WIND_1,S7,9,146.83100271353428
122_WIND_1,S7,10,0.0
122_WIND_1,S7,11,0.0
122_WIND_1,S7,12,0.0
122_WIND_1,S7,13,0.0
122_WIND_1,S7,14,0.0
122_WIND_1,S7,15,0.09612771584677961
122_WIND_1,S7,16,15.199083301417422
122_WIND_1,S7,17,20.78228074771419
122_WIND_1,S7,18,0.0
122_WIND_1,S7,19,0.0
122_WIND_1,S7,20,5.321056861649806
122_WIND_1,S7,21,17.62082977174014
122_WIND_1,S7,22,24.944719468090266
122_WIND_1,S7,23,20.54259027910455
122_WIND_1,S7,24,46.96264871386301
122_WIND_1,S8,1,743.4047277477089
122_WIND_1,S8,2,688.4598371685895
122_WIND_1,S8,3,689.2631247495133
122_WIND_1,S8,4,739.9661082047512
122_WIND_1,S8,5,681.2625685666084
122_WIND_1,S8,6,706.4935460896194
122_WIND_1,S8,7,744.7793173180592
122_WIND_1,S8,8,739.1494882237502
122_WIND_1,S8,9,681.918451270744
122_WIND_1,S8,10,726.5534329763698
122_WIND_1,S8,11,716.2640122582679
122_WIND_1,S8,12,718.5175812688237
122_WIND_1,S8,13,723.7133996377439
122_WIND_1,S8,14,721.066572572117
122_WIND_1,S8,15,717.315106991295
122_WIND_1,S8,16,715.5314053671937
122_WIND_1,S8,17,717.6138089595607
122_WIND_1,S8,18,739.1492213230902
122_WIND_1,S8,19,704.2179790764939
122_WIND_1,S8,20,691.7540871699732
122_WIND_1,S8,21,706.0864590029654
122_WIND_1,S8,22,700.0491454173559
122_WIND_1,S8,23,684.0022570676862
122_WIND_1,S8,24,732.177338052283
122_WIND_1,S9,1,442.9356644802105
122_WIND_1,S9,2,417.80972003103216
122_WIND_1,S9,3,236.41593328748525
122_WIND_1,S9,4,226.35463250479833
122_WIND_1,S9,5,179.3005695728333
122_WIND_1,S9,6,152.35502620438777
122_WIND_1,S9,7,165.55588445434782
122_WIND_1,S9,8,108.80970847539258
122_WIND_1,S9,9,194.97609157168287
122_WIND_1,S9,10,292.11006007130874
122_WIND_1,S9,11,315.6037661280732
122_WIND_1,S9,12,342.70803919919274
122_WIND_1,S9,13,308.5997697864178
122_WIND_1,S9,14,299.1933661521906
122_WIND_1,S9,15,235.08065253239
122_WIND_1,S9,16,140.53734327057126
122_WIND_1,S9,17,187.51869744554563
122_WIND_1,S9,18,304.9937713922424
122_WIND_1,S9,19,325.63009172449887
122_WIND_1,S9,20,415.22552403416034
122_WIND_1,S9,21,438.7538920951519
122_WIND_1,S9,22,654.6314583103159
122_WIND_1,S9,23,628.53268075381
122_WIND_1,S9,24,712.8327432031846
122_WIND_1,S10,1,683.0010917918219
122_WIND_1,S10,2,678.9354449343637
122_WIND_1,S10,3,733.6615345287518
122_WIND_1,S10,4,681.3186180130011
122_WIND_1,S10,5,747.6636070886216
122_WIND_1,S10,6,725.4761944904635
122_WIND_1,S10,7,742.9867121499989
122_WIND_1,S10,8,683.645845690206
122_WIND_1,S10,9,685.7769626931531
122_WIND_1,S10,10,631.5405187459205
122_WIND_1,S10,11,566.3093040799248
122_WIND_1,S10,12,549.2235276101575
122_WIND_1,S10,13,484.57996612169865
122_WIND_1,S10,14,404.8591638280002
122_WIND_1,S10,15,113.78672004990729
122_WIND_1,S10,16,168.11647636758406
122_WIND_1,S10,17,278.324091229083
122_WIND_1,S10,18,288.20098545194816
122_WIND_1,S10,19,436.91373449739274
122_WIND_1,S10,20,523.4942621834928
122_WIND_1,S10,21,579.2363027246072
122_WIND_1,S10,22,527.0245141274553
122_WIND_1,S10,23,585.3377956102258
122_WIND_1,S10,24,701.8827905761506
122_WIND_1,S11,1,741.7448074611873
122_WIND_1,S11,2,682.9369155325288
122_WIND_1,S11,3,694.4727227886757
122_WIND_1,S11,4,730.6461815597984
122_WIND_1,S11,5,742.2215443187772
122_WIND_1,S11,6,712.6800246242132
122_WIND_1,S11,7,706.1675728216908
122_WIND_1,S11,8,682.4548533596591
122_WIND_1,S11,9,740.7070164181388
122_WIND_1,S11,10,724.9174229325512
122_WIND_1,S11,11,740.6656900623194
122_WIND_1,S11,12,728.5625976691963
122_WIND_1,S11,13,740.0777660645493
122_WIND_1,S11,14,749.1750000000001
122_WIND_1,S11,15,749.1750000000001
122_WIND_1,S11,16,645.0556724216883
122_WIND_1,S11,17,676.8619834540957
122_WIND_1,S11,18,694.124223347546
122_WIND_1,S11,19,642.401132218037
122_WIND_1,S11,20,637.1285608319956
122_WIND_1,S11,21,632.2033239608909
122_WIND_1,S11,22,634.5744892927955
122_WIND_1,S11,23,628.622728567215
122_WIND_1,S11,24,599.7006855834177
122_WIND_1,S12,1,1.4905397773337987
122_WIND_1,S12,2,0.1835287872234626
122_WIND_1,S12,3,0.5541990058463228
122_WIND_1,S12,4,8.056606811887324
122_WIND_1,S12,5,14.60774406181969
122_WIND_1,S12,6,20.609972727473423
122_WIND_1,S12,7,0.8711598546803437
122_WIND_1,S12,8,0.0
122_WIND_1,S12,9,0.0
122_WIND_1,S12,10,0.0
122_WIND_1,S12,11,0.0
122_WIND_1,S12,12,0.12432495179211232
122_WIND_1,S12,13,0.6219178574764505
122_WIND_1,S12,14,1.4279941092030495
122_WIND_1,S12,15,5.08753032312807
122_WIND_1,S12,16,2.6596063286382643
122_WIND_1,S12,17,2.231246783254196
122_WIND_1,S12,18,22.031224651475725
122_WIND_1,S12,19,19.57056324966741
122_WIND_1,S12,20,17.61296600871202
122_WIND_1,S12,21,18.848717539741717
122_WIND_1,S12,22,43.369378313174934
122_WIND_1,S12,23,45.579726998294596
122_WIND_1,S12,24,37.637137386620424
